rainfall_mm,rainfall_7day_avg,rainfall_intensity,river_level_m,river_level_change,soil_moisture_percent,elevation_m,temperature_celsius,humidity_percent,wind_speed_kmh,distance_to_river_km,month,flood_risk
-0.7219851892347248,-1.062189915731891,-0.95983395602268,-0.5777223323043682,-1.008903792879583,-1.5067048184653733,-0.4204930744713057,1.0573447544779981,0.43320224572657556,0.844785669951714,2.18175035324379,-0.2551551815399144,0
0.1022453718109675,-0.11550786123574601,-0.4476837814543111,0.010011207496989194,-0.0014377380157952018,0.34564810728097095,-0.16921487323633055,1.393739036033301,0.8755148756186785,0.771454482333068,-0.6161374994724993,1.105672453339629,1
-0.7506043059377001,-0.7792263595114821,-1.0475728305503287,-1.1625318246440275,-0.7570372791636361,-1.0569681445360635,2.1103271494410625,-1.1508876459157047,-1.4867695040723254,0.47519648435373824,1.528546963504578,-1.9561897251393436,0
0.26934084617500664,0.651633987504144,0.5041809852235535,0.9690987749340301,1.341850335135922,1.1172275884909437,-0.837367972018827,-1.1240586541352207,-1.6246843552636268,-1.0227152414031366,-0.6560554844010067,0.08505172717997146,2
-0.7582360703918269,-0.8773590765360509,-0.9720765896777006,-0.723924705389283,-0.9921126919651866,-1.2846473357127766,0.6859737798634614,-0.2118729335987561,-0.09776993135993449,0.824252937418493,0.24935699193195593,1.105672453339629,0
-0.40275651555486897,-0.10287860721867115,-0.15284035426256096,-0.27069734882604723,-0.4715885636188962,0.2988005370800012,-0.22746942533199407,-0.9259368686793369,0.5681617786780637,-1.4490138787595317,-0.44376438273576296,1.4458793620595147,1
-0.3978360358410241,-0.41656197050764077,-0.32321700596159997,0.3930614249794661,-0.3036775544749315,0.5681740657355774,-0.4333563892741553,1.4040578790257945,-0.14308481103707574,0.7059452880604108,-0.6614988459821668,1.7860862707794007,1
0.8374052082407328,0.3601371515424683,0.4439880364197014,1.3053642330293342,1.3166636837643273,0.7335459885450007,-0.9843350399962116,-0.327443975114688,-0.20908691839291293,0.3950210525573519,-0.8592743167643169,0.7654655446197431,2
0.5410718279232573,1.0631087366280318,0.4358262806496876,0.7702635475385461,1.199125977363552,0.9031341926725115,-0.7848797334554753,-0.7525803064054387,0.5317128537203621,-1.3131067443729747,-0.8356864165792899,0.7654655446197431,2
-0.052197440431755976,-0.14588633711465615,0.1348615366304271,0.17375786535209392,0.023748913355799515,0.36532408676537836,-0.24861257495047093,-0.6576469508744943,0.969099953212776,-0.7078800092270832,-0.5907351454270855,-0.5953620902598002,1
-1.0456322528617066,-0.5440491698421676,-0.5711303374757705,-1.1596077771823292,-1.160023701109151,-0.6372139155353742,2.0349215109415995,-1.2478847700451474,1.1050445922442012,1.4324129200691305,-0.11716268786615724,-0.5953620902598002,0
0.656452056315253,0.9728266369654286,0.7061844405313964,0.9486304427021425,0.24203322524295343,1.1467415577175544,-0.649814928025555,1.15640564720594,0.5159511564413567,-1.0158709972253963,-0.7304480926768613,-0.2551551815399144,2
2.7419321113587394,2.7274396173647193,1.1979302256747302,1.586072789352371,1.4425969406223007,1.2713560944521338,-0.8707830196676086,0.25041123246497204,-1.7094034781382832,0.715722779742897,-1.002616171734866,-0.2551551815399144,3
-0.8228048143918731,-1.052120645637196,-0.7843562069673822,-1.454936570813857,-0.538752967276482,-0.38892179347023464,0.03763314296121585,0.0749909015925755,0.9346212404149499,-0.9728500338224574,0.0279936209647786,1.4458793620595147,0
-0.7718929120465801,-0.6298939640393122,-0.9475913223676591,-0.57479828484267,-1.160023701109151,-0.6273759257931709,2.3369137004222917,-0.18298017321977297,-1.5754290512667333,1.4255686758913901,1.523103601923418,-0.2551551815399144,0
-0.8823526607247308,-0.9971663241034375,-0.8200638884611927,-1.22686086880139,-1.0508815451655742,-1.420036813593579,2.4604458787875885,-0.16234248723478553,0.2578533634976366,1.642628991242582,0.7646618882817783,-0.935568998979686,0
0.4010892009620371,0.5879757206342935,0.809226607127821,0.5246435607558892,1.165543775534759,0.7953847812102811,-1.013166607657771,-1.4088587207280532,-1.411901441997048,0.6482580871337427,-0.8719754937870239,-0.2551551815399144,2
2.245064078213749,2.040339932597912,2.077359409893722,1.9311103898327697,2.0974498762837626,1.1233177726170696,-0.8969532118527164,-1.4625167042890213,0.0953108603078881,0.4927959693822132,-0.9209657480174647,-0.2551551815399144,3
-0.9221181702488652,-1.1352347903171351,-1.01288536852777,-1.1946963467227087,-0.6646862241344554,-0.8606768253940001,-0.11909230176315809,0.38661995996589205,1.5828210410140657,0.5710159028421024,2.1255022835718016,-0.5953620902598002,0
-0.8416833896205027,-0.7188107389433128,-1.06593678103286,-0.911063742937974,-0.7654328296208343,-0.8049282168548463,0.29327304289370904,-1.4026674149325566,-1.0434717681002856,1.2798840498223465,1.699105626380928,-0.935568998979686,0
-0.9559590205257168,-0.5812542695140911,-0.8843377151500519,-1.4812529979691418,-0.7066639764204466,-1.438775841673967,0.3725968175112813,1.2884868375098633,-0.32335922366570513,1.6318737503918472,2.575486840947703,1.105672453339629,0
-0.3126816114055042,-0.23360845285487944,-0.3211765670190966,-0.1361911655879256,-0.18613984807415626,0.008814077535998792,-0.39476644486560664,-0.7092411658369641,0.817393616902344,-1.6210977323712876,-0.5979929608686323,0.4252586358998573,1
-0.9185031239284892,-0.6164113820481105,-0.6303030668083709,-0.9753927870953365,-1.160023701109151,-1.5722914167467312,1.4672353363951522,0.7353968531121875,-1.6887162504595878,0.6130591170767926,-0.19155529614201192,0.7654655446197431,0
-0.5456512631630586,0.02989922555544113,0.06752705152781287,0.3199602384370087,-0.28688645356053505,0.19854673684992655,-0.7828837018481365,-0.10662073507531836,1.396635991905809,1.336593501580766,-0.521785898732391,0.4252586358998573,1
-0.2568492293463663,-0.3075066554142504,-0.09978894175747102,-0.31748210821322,-0.0853932425877775,0.5630208330134707,-0.19723324283564075,-0.4615889340171096,-0.6100250929276239,0.04694234866084592,-0.22965882721013256,-0.2551551815399144,1
-0.4982539891847975,-0.11584919242539686,0.06854727099906457,0.3433526181305951,-0.11897544441657044,0.022399872894279985,-0.15405981843986977,-1.0332528358012738,0.8124680865026549,-0.7421012301157848,-0.21332874246665232,0.7654655446197431,1
0.7670122229467474,0.4413739746793289,0.38787596550085635,1.2410351888719722,0.5358774912448916,0.6211118200626736,-0.7473986954954482,1.0717911346674898,0.4824575497234689,1.2710843073081086,-0.9118934787155312,0.4252586358998573,2
-0.5752745593994718,-1.0413687131632,-0.7262036971060336,-0.773633512238154,-0.7654328296208343,-1.4134781537654433,0.37925025620241043,1.3153158292903466,1.5345508430971109,-1.360038704448908,1.3398437620243617,1.105672453339629,0
-0.97493801370769,-0.8940843048289339,-1.020026904826532,-1.2093165840312001,-0.9249482883076007,-1.127707975539528,0.9574340784615278,1.2595940771308802,-0.5046187423742728,-0.9366733145972588,0.2892749768604633,-1.2757759076995718,0
0.006245808414320091,-0.33771446569833496,-0.11407201435499512,-0.0718621214305629,-0.37084195813251736,0.23508784160668236,-0.202482066691976,1.247211465539887,-0.5627400010906073,0.9924257943572546,-0.2478033658139995,-0.935568998979686,1
-0.3890996739001158,-0.4660549930069885,-0.4303400504430317,0.3872133300560694,-0.12737099487376868,0.23696174441472143,-0.3062757102735898,0.8385852830371269,-1.5655779904673546,0.21413745643135845,-0.5000124524077506,-1.2757759076995718,1
-0.2541379446060843,-0.14998231139046414,-0.14569881796379883,0.3199602384370087,-0.320468655389328,0.4515236159351629,-0.3736972223436978,-0.6865397112534775,-0.48491662077551523,0.4077317917445838,-0.5852917838459255,1.105672453339629,1
-0.41420416223605916,-0.501212105541008,-0.14671903743505052,-0.03384950442848509,0.04893556472739414,-0.08347563575991193,-0.2853543419448171,-1.1219948855367217,-0.16574225087564703,-0.16620697001735163,-0.7594793544430485,-0.935568998979686,1
3.0756209703200987,2.888889270069488,1.3315789764087071,1.507123507886517,2.357711940456908,1.3505284880917727,-1.04746878046537,1.439141945200274,-0.7242973982004175,-1.1899103491736494,-0.804840700952716,-0.2551551815399144,3
0.7638992663930907,0.3809583541111594,0.6561936864400614,0.659149743994011,1.3250592342215253,1.2455899308416005,-0.7639583651267028,1.0883012834554804,0.7553319338662589,0.6717240671717092,-0.7032312847710609,0.7654655446197431,2
-0.9016329077667354,-0.6723896971508211,-0.6037773605558259,-1.1800761094142171,-0.9669260405935917,-1.634130209412011,1.5839662218761834,1.7425159291795957,-0.6070697746878102,-0.3744675428543064,0.4924938092237735,1.7860862707794007,0
0.7120836024677034,0.7437934087098261,0.8796217506441906,1.0597442462466775,0.33438428027213407,0.8787734561680074,-0.7947120372990327,1.6269448876636632,-1.2867929698449385,0.6639020738257204,-0.9372958327609449,0.08505172717997146,2
-0.9710217135272828,-0.6222140122721719,-0.7843562069673822,-0.4900009084534194,-1.1264414992803582,-1.4467399286081322,0.14992840264816118,-0.37903819007715767,-1.188282361851152,0.4771519826902354,1.205574176355746,-0.2551551815399144,0
1.6954766195632767,1.3344670324003178,0.9826639172406152,1.6825663555884147,2.399689692742899,1.247463833649639,-0.9081901305310678,-0.4946092315930903,0.8016319196233385,1.49596661600529,-0.8483875936019968,-0.2551551815399144,3
-0.081419064854794,-0.27542152358708694,0.11139648879163726,-0.28531758613453867,-0.211326499445751,0.3592339026392525,-0.2767048716463494,-0.7567078436024363,-1.1912376800909656,0.4536860026522688,-0.3639284128787482,-0.935568998979686,1
-0.19238090329966376,-0.06464951397779573,-0.23955900931895804,-0.2180644945154777,-0.5051707654476891,0.26741266504535205,-0.3553633023948088,-0.4533338596231147,-0.37162942158266005,-1.0324927330856226,-0.15889512665505123,1.4458793620595147,1
-0.7300186255022266,-0.5515584560144824,-0.7629315980710959,-1.5104934725861248,-1.1264414992803582,-0.2169912108326755,0.45672585340578015,0.37836488557189707,0.4203958666873837,0.4967069660552076,-0.21877210404781228,-0.5953620902598002,0
-0.708127511673284,-0.7329759833138157,-0.7914977432661443,-1.4958732352776332,-0.9417393892219972,-1.9044406894716066,0.9898880738549245,-1.7142964733058739,-0.8109867332349493,1.0149140252269724,2.2924320387273784,-1.2757759076995718,0
-0.6071070506094479,-1.0973470282659104,-0.6211210915671054,-0.931532075169862,-0.5975218204768696,-1.1117798016711982,2.32064973917731,0.223582240684488,-1.2966440306443165,-0.19260619756006447,0.14956202961068737,0.4252586358998573,0
-0.8408800459937525,-1.1055389768175266,-0.5874538490157982,-0.7034563731573948,-1.0005082424223846,-0.8930016488326692,1.7109729737801809,1.3710375814498146,0.04605555631099478,0.9278943492528459,2.3994848164901934,1.4458793620595147,0
0.42900539199160614,0.4562218814291333,0.4388869390634429,1.12407329040404,0.9136772618188119,0.7068428735304483,-0.9365781356132185,0.59506058841427,0.9050680580168141,-0.8154324177344308,-0.9209657480174647,-0.2551551815399144,2
-0.9008295641399853,-1.017646195482478,-1.0241077827115388,-1.2327089637247866,-1.151628150651953,-0.5364916396032893,0.7551695422512039,1.4123129534197894,0.538608596279928,-1.6954066691581822,0.8662713044634335,0.4252586358998573,0
-1.0073730126377287,-1.1613466263254117,-0.8935196903913174,-0.881823268320991,-0.614312921391266,-1.6561485674064667,0.8333104833236866,0.07911843878957299,1.0616999247269352,0.1720942421966681,0.7047849108890172,-0.5953620902598002,0
1.6912590655228381,1.1786493443247852,1.6631503045655196,1.5129716028099136,2.450062995486088,1.4311063088374405,-0.9711760168070896,0.8344577458401293,-0.6149506233273143,0.5534164178136273,-1.026204071919893,0.08505172717997146,3
-1.0456322528617066,-0.6288699704703601,-0.8884185930350589,-0.8642789835508012,-0.6982684259632485,-1.1947000009269149,0.4837831707497053,1.662028953838143,-0.7321782468399202,-0.08114279237972258,2.4648051554641146,-1.9561897251393436,0
-0.9722267289674081,-0.8106288289593441,-0.9414700055401488,-1.297038007882149,-0.8493883341928166,-0.7768196747342644,-0.06372090643365041,-0.8557687363303781,1.62715081461127,-0.36371230200357174,0.03706589026671222,0.4252586358998573,0
0.9443503285518515,0.9750452896981578,0.6898609289913687,1.232263046486877,1.2243126287351465,1.2605811533059106,-0.6694056086161017,0.7684171506881681,-1.4710078067933192,-0.6345488216084374,-0.8864911246701175,-0.2551551815399144,2
-0.4736515906155731,-0.04314564902980317,-0.01715116458608078,0.0597200143458602,-0.051811040758984635,0.22103357054639156,-0.4056337280611174,-1.633809497964421,-1.3577206076004649,-1.6152312373617959,-0.503641360128524,0.08505172717997146,1
0.4264949431580118,0.23794058564752701,0.7449527804389621,0.7176306932279768,1.0647971700483803,0.8876744945061915,-0.798556246320574,-0.38110195867565677,-0.20219117583334714,-0.4350879912857201,-0.6742000230048737,0.08505172717997146,2
2.0396089456723883,2.092904935804116,3.3352900179471057,1.7790599218244585,2.1646142799413486,1.3973760582927424,-0.9464104394567758,1.158469415804439,-0.22878903999167055,-1.4754131063022442,-1.002616171734866,0.4252586358998573,3
-0.8606623828024759,-1.1367707806705631,-1.0547143668490908,-0.83211446147212,-0.7654328296208343,-0.6728180688881116,1.5303690768643103,-0.7009860914429691,-1.2838376516051249,1.1615764004642644,-0.15163731121350443,1.4458793620595147,0
-0.68593514398431,-1.196333073264606,-0.7394665502323061,-1.355518957116115,-0.7066639764204466,-1.4195683378915696,2.159119033176009,0.450596786519355,-0.7439995197991737,1.4157911842089037,0.5360407018730543,1.4458793620595147,0
0.05926648777983247,-0.4617883531363551,-0.3772886379379417,0.22931476712436138,-0.44640191224730147,0.09922988802387044,-0.5058049439108943,-1.1673977947036946,1.2370488069558756,-0.19162844839181573,-0.38025849762222846,-0.5953620902598002,1
-0.4060703080152136,0.06113102940847779,-0.1426381595500437,0.39598547244116433,-0.1693487471597599,-0.038970444068990515,-0.6657092537876965,0.8220751342491361,-1.5606524600676654,0.6854125555271898,-0.14800840349273112,-0.935568998979686,1
-0.9028379232068607,-1.099224349808989,-1.0006427348727491,-1.2063925365695016,-0.6394995727628607,-1.6233552682657881,1.1490531127660457,-0.8764064223153656,1.4567274627820188,1.242729581428899,1.8061584041437433,-0.935568998979686,0
-0.7472905134773556,-0.5428545106783902,-0.9741170286202042,-0.6742158985404121,-0.5639396186480767,-0.23151395759497623,2.416754964715841,1.7053680944066176,0.8814255120983059,-1.1693776166404284,1.1039647601740907,0.4252586358998573,0
0.055651441459456635,-0.3633143049221355,-0.23955900931895804,0.3813652351326729,-0.11897544441657044,0.1470144096288594,-0.6949104569320964,0.3164518276169333,0.7464659791468177,-1.2974627576809967,-0.6088796840309525,-1.2757759076995718,1
-0.8399762844136585,-1.055192626344052,-0.9220858355863658,-0.6976082782339984,-1.1264414992803582,-0.4493551590294856,0.8422556620084267,-1.4088587207280532,-0.566680425410358,-1.4157704070390789,1.3344004004432017,-1.9561897251393436,0
-0.7333324179625711,-0.9835130765174106,-0.8833174956788001,-0.6859120883872052,-0.8074105819068254,-0.2137118809186076,0.6400650528946706,0.86747804341611,1.3394998392694129,1.551698318595461,2.049295221435561,0.7654655446197431,0
-0.45999474896081993,0.09441082039941857,0.1022145135503717,0.1679097704286972,-0.49677521499049093,0.25148449117702215,-0.3269013702160899,1.7714086895585788,1.227197746156496,-1.5047455813497026,-0.14437949577195763,-0.5953620902598002,1
0.6683013748098183,0.7885077945540646,0.44092737800594634,1.1825542396380058,0.6786018490172615,1.264797434623998,-0.7325393490852599,0.6507823405737372,-0.6090399868476869,0.6257698562640245,-0.9118934787155312,-0.2551551815399144,2
-0.8802438837045117,-1.2120343079885367,-0.6609096509459229,-0.5601780475341785,-0.5219618663620855,-0.6522051379996846,1.2004324448808756,1.783791301149572,0.30316824317477786,0.6081703712355495,0.3273785079285839,-0.2551551815399144,0
-0.35335088250973257,-0.2441897197340503,-0.24261966773271335,0.3667449978241815,-0.44640191224730147,0.0706528702012789,-0.39461859067247035,0.4898083898908315,1.5168189336582285,1.0002477877032434,-0.3330826972521744,-0.5953620902598002,1
-0.7957923849423981,-1.0533153048009734,-0.6588692120034194,-1.147911587335536,-0.614312921391266,-1.2851158114147865,2.01466548648194,-0.17885263602277549,0.3918277903691864,-1.4822573504799845,0.525153978710734,-1.2757759076995718,0
0.0480196770053298,-0.12711312168386904,-0.3997334663054798,-0.0952545011241493,-0.2365131508173457,0.2809984604036329,-0.23064829048442245,1.3978665732302977,-1.68773114437965,-0.45659847298718986,-0.7123035540729943,-0.2551551815399144,1
0.9190450043092205,0.876912572673589,0.21851953327306906,0.7995040221555294,0.8968861609044154,0.8230248476288534,-0.8925915131551984,1.552649218117707,-1.6099077640645587,0.9093171150561224,-0.7485926312807283,0.4252586358998573,2
-0.027293788002500267,-0.4597403659984511,-0.17732562157260254,-0.09817854858584779,-0.2365131508173457,0.29833206137799195,-0.42071485576101,-0.01581491674137142,-0.3204039054258914,0.9190946067386087,-0.43287765957344276,1.4458793620595147,1
-0.08262408029491933,-0.22780582263081792,-0.24261966773271335,0.20299833996907676,-0.49677521499049093,0.11375263478617116,-0.18680952221953853,-0.5400121407600633,1.39171046150612,0.9210501050751055,-0.3929596746449354,-0.935568998979686,1
-1.0260507519596707,-0.7544798482618081,-0.834346961058717,-0.6303551866149375,-1.1096503983659618,-1.72876230121797,0.4837831707497053,-0.6493918764804993,-0.32237411758576673,-0.6902805241986082,1.8587775660949573,0.7654655446197431,0
-0.1980043086869151,-0.4228765975161782,-0.29159020235279637,-0.4285959117577552,0.006957812441403036,-0.0666105104875625,-0.3504841140213141,0.15960541413102583,1.4557423567020817,-0.9151628328957893,-0.14982285735311776,1.7860862707794007,1
-0.5346052882952436,-0.21022726636380817,0.07160792941281971,-0.11572283335603745,0.0405400142701959,0.3170710894583795,-0.10142372568338207,-1.359328274364082,-0.9331398871472442,-0.3734897936860576,-0.2949791661840536,-1.6159828164194576,1
-0.520647192780459,-0.024372433599016183,-0.48237124347687,0.156213580581904,-0.043415490301786396,0.38406311484576655,-0.08833862959082812,0.7085678613317035,-0.8277335365938931,1.442190411751616,-0.3076803432067606,-0.5953620902598002,1
3.1297462471723922,2.8074817813378026,1.131615960043368,2.065616573070891,2.357711940456908,1.2769778028762504,-1.1100850312585515,-0.5709686697375456,-0.1174720529586907,0.6101258695720467,-0.8574598629039303,0.7654655446197431,3
2.463874798549831,2.9298490128275687,1.4886927749814736,1.4515666061142491,2.7774894633168192,1.4596833266600322,-1.0764482023200654,1.0862375148569812,-0.1647571447957087,0.5719936520103507,-0.960883732945972,0.08505172717997146,3
0.09782698186384149,-0.09827063615838712,-0.3548438095704037,0.12989715342661937,-0.33725975630372446,0.08002238424147298,-0.49663798393644976,0.033715529622599896,0.6105213401153926,-0.3813117870320467,-0.23510218879129255,1.7860862707794007,1
-0.8538339619750992,-0.910809533121817,-0.6282626278658675,-0.8847473157826893,-1.160023701109151,-1.0274541753094526,1.8322134121518667,-0.24076569397773925,-0.17460820559508677,1.5419208269129747,-0.329453789531401,-0.5953620902598002,0
1.1622572873078398,1.9005648104359607,1.1510001299971508,1.507123507886517,1.7280456561670405,1.3308525086073653,-1.0552311256050204,-1.134377497127714,-1.2227610746489768,1.607430021185632,-1.0044306255952526,0.4252586358998573,3
-0.2047323115609478,-0.1322330895286291,0.039981125804016186,0.40183356736456083,-0.17774429761695812,0.0013184663038434555,-0.31906509797987115,0.5063185386788221,1.0577595004071831,-0.5133079247456093,-0.726819184956088,1.7860862707794007,1
-0.23676563867761163,0.02853390079683846,-0.17018408527384038,0.34627666559229336,-0.0853932425877775,0.2622594323232454,-0.23427071821625936,-1.6276181921689246,-1.4424397304751213,-0.2258496692805173,-0.7522215390015017,0.4252586358998573,1
-0.08041488532135632,0.038091174107057375,-0.2334376924914476,0.08896048896284332,-0.3456553067609227,0.32784603060460266,-0.06312948966110572,1.3875477302378045,0.2085980595007433,-0.8604088794738668,-0.7449637235599549,1.7860862707794007,1
-0.9392896402706504,-0.8324740250969872,-1.0159460269415252,-0.5104692406853073,-0.9501349396791954,-1.5896250177210896,1.045924813053545,0.15341410833552924,-0.5282612882927812,-1.2710635301382842,0.35096640811361096,-0.935568998979686,0
-0.009118138447277255,-0.2049366329242228,-0.20589176676765092,-0.2531530640558573,-0.16095319670256164,0.0045977962179113525,-0.5469084096027583,-0.9961050010282957,-1.4847992919124495,-1.486168347152979,-0.2332877349309059,-1.2757759076995718,1
0.4157502221502281,0.8057450196314234,0.8296309965528555,1.2264149515634803,0.09091331701338533,1.1481469848235835,-0.8584371945407357,-0.420313562047134,0.36030439581117396,0.49084047104571604,-0.6959734693295141,0.08505172717997146,2
0.4344279614721701,0.23111396185451344,0.5011203268097985,0.8345925916959087,0.9220728122760103,0.7981956354223394,-0.7110265639839424,-0.8887890339063588,1.6448827240501522,-0.4008667703970189,-0.6415398535179131,-0.2551551815399144,2
0.651129904788033,0.37413173031814606,0.5766165676824263,0.9690987749340301,0.7457662526748474,0.7593121521555346,-0.7853232960348839,1.7734724581570773,1.3641274912678596,-0.13687449496989354,-0.7794383469073021,0.4252586358998573,2
0.7306609238363018,0.387272981119697,0.933693382620532,0.46908665898362173,0.5022952894160987,0.7593121521555346,-0.992467020618703,0.46297939811034744,1.3129019751110909,1.6641394729440513,-0.810284062533876,0.4252586358998573,2
-0.8571477544354439,-0.822746086191943,-1.0669570005041118,-0.8379625563955166,-0.7318506277920414,-0.777288150436274,0.06099410547673573,-0.853704967731879,1.579865722774252,-1.4920348421624707,0.28564606913968976,0.4252586358998573,0
-0.13363640059355622,-0.24777369722538237,-0.2946508607665515,0.0626440618075587,-0.4715885636188962,0.4894701477979485,-0.1819303338460439,0.2669213812529627,1.4843104330202792,-0.7929441868647126,-0.5562605220797383,-0.2551551815399144,1
3.2782644001678336,1.4872127397689943,0.9755223809418531,2.1855025190005213,2.861444967888801,1.0788125809261482,-0.909151182786453,-0.8144933643604025,1.3000955960718992,-1.0500922181140977,-0.9137079325759179,0.7654655446197431,3
-0.8640765932161641,-0.885039028303191,-1.0006427348727491,-1.5075694251244263,-0.6227084718484643,-0.16967516492969612,0.77439058735891,-1.4914094646680045,1.343440263589165,-0.13589674580164476,-0.2332877349309059,1.105672453339629,0
0.7563679198923078,0.21404740237197972,0.16852877918173423,1.2995161381059377,0.3259887298149358,1.1542371689497093,-0.7646237089958156,-1.2664586874316366,-0.01797633888496709,-0.32851333194662136,-0.8610887706247036,0.4252586358998573,2
-0.5307894060681801,-0.49694546567037456,-0.3579044679841588,0.12112501104152441,-0.16095319670256164,0.31941346796842846,-0.26177159813959294,-1.3531369685685861,-0.49082725725514265,-1.1928435966783952,-0.7631082621638219,0.08505172717997146,1
-0.531291495834899,-0.19401403485540122,0.08078990465408527,-0.26484925390265046,0.07412221609898885,0.44168562619295954,-0.2673161303822005,0.33708951360192146,0.7543468277863205,-0.27864812436594233,-0.3457838742748812,-0.935568998979686,1
-0.832244102006188,-1.1060509736020026,-0.5823527516595396,-0.6917601833106017,-0.681477325048852,-0.7065483194328097,0.8293923472055771,-1.4666442414860195,1.039042484888364,-0.986538522177938,2.3450512006785926,1.7860862707794007,0
-0.658922714534835,-1.0910324012573729,-1.031249319010301,-0.6215830442298428,-0.5219618663620855,-1.8351062855741715,1.9844293039855865,-1.305670290803114,-0.7538505805985531,0.7880762181932942,2.1472757298964424,-1.6159828164194576,0
-0.8608632187091634,-0.5548011023161639,-0.796598840622403,-1.264873485803468,-1.0928592974515652,-0.6817191072262957,1.4844603498955198,1.6145622760726714,-1.6532524315818247,-0.6834362800208679,0.6503512950774161,0.4252586358998573,0
-0.9671054133468756,-0.6938935620988136,-0.9659552728501903,-0.7882537495466456,-1.0592770956227724,-1.829484577150055,0.32010857894792966,0.5475939106487977,-1.17547598281196,1.46076764594834,0.37455430829863806,1.7860862707794007,0
-0.15763629144271807,0.10345609692516146,-0.18242671892886106,-0.12157092827943418,-0.035019939844588156,0.18496094149164502,-0.5565928592531796,1.0903650520539787,0.9996382416908487,1.6230740078776094,-0.316752612508694,-1.6159828164194576,1
-0.026490444375749954,-0.3105786361211064,-0.21099286412390963,0.3989095199028626,0.04893556472739414,0.08986037398367634,-0.19324117962096335,1.699176788611121,-0.08299334016086593,0.9278943492528459,-0.39840303622609546,0.4252586358998573,1
-0.3310580968674149,-0.013108504340543751,0.0052936637814573586,0.1796059602754904,-0.4883796645332927,0.28849407163578794,-0.5355236367312708,0.7126953985287009,-0.8040909906753835,1.4011249466851747,-0.6506121228198466,-1.9561897251393436,1
3.318833253318718,2.8574868006216265,0.9775628198843564,2.141641807075047,1.5685301974802741,1.069443066885954,-1.1103807396448238,0.45472432371635246,-0.3430613452644627,-1.6357639698950168,-0.9409247404817184,0.08505172717997146,3
0.698627596719638,0.28896959850030274,0.5633537145561539,1.1299213853274366,0.3595709316437288,1.1889043708984268,-0.9903231348182279,0.43821417492836173,-0.6435186996455117,0.7440775056221067,-0.6742000230048737,0.4252586358998573,2
0.07061371650767882,0.060960363813652364,-0.2477207650889719,-0.09817854858584779,0.0405400142701959,0.3765675036136115,-0.10585935147746808,0.4155127203448752,-1.3311227434421429,-0.7254794942555584,-0.2695768121386399,1.105672453339629,1
0.7903091881225031,0.885957849199332,0.3195212609269904,0.6620737914557093,1.333454784678724,0.6492203621832553,-0.9336949788470625,-0.573032438336044,-1.0050526309827088,-0.01954459478005972,-0.9100790248551445,0.08505172717997146,2
-0.6134333816701056,-1.1751705395062642,-0.9812585649189662,-0.960772549786845,-0.8577838846500148,-1.9142786792138105,-0.400976320977327,0.5888692826187734,-0.4701400295764467,-0.1124307657636782,2.5446411253211294,1.105672453339629,0
2.109299005292967,1.316205813754007,3.461797232382321,2.062692525609193,1.6440901515950581,1.5960097559448547,-1.036601497269859,1.4577158625867626,0.09728107246776345,-1.251508546773312,-0.9336669250401716,0.08505172717997146,3
-0.5869230419873495,-0.6326246135565174,-0.6405052615208883,-0.5192413830704022,-0.8409927837356184,-1.5366872633939939,0.7644104293222166,1.3503998954648264,-0.2297741460716075,0.10951829542875685,1.7136212572640217,-0.2551551815399144,0
0.6322513295594037,1.018735681973444,0.3950175017996183,1.2468832837953685,1.0228194177623893,0.8544127196635033,-0.9715456522899303,1.6351999620576596,-0.6602655030044555,-0.5934833565419955,-0.8647176783454771,-0.2551551815399144,2
-0.5114087410728319,-0.08973735641712026,0.14200307292918926,0.3404285706688966,-0.16095319670256164,0.5021189917522102,-0.7060734485138798,-0.2180642393942527,-0.5696357436501717,-1.721805896700895,-0.48731127538504376,-0.935568998979686,1
-0.9525448101120286,-0.5921768675829127,-0.6170402136820984,-1.057266116022889,-1.084463746994367,-1.975180520475071,0.8741921677258463,0.4155127203448752,0.3672001383707397,1.3532152374409925,-0.38025849762222846,1.7860862707794007,0
0.5304275248688175,0.751302694882141,0.9602190888730772,0.9749468698574271,1.0731927205055787,1.087245143562323,-0.702672802071747,-0.1293221896588049,-0.09481461312012078,-0.12123050827791572,-0.6977879231899008,-0.2551551815399144,2
0.5951971047755513,0.5449679907383084,0.48785747368352583,0.8521368764660987,0.1748688215853677,0.7696186175997479,-0.6360644880638882,0.25453876966196953,-0.07314227936148783,-0.8369428994359002,-0.6869012000275805,0.08505172717997146,2
-0.890687350852264,-0.974638465586493,-0.9700361507351972,-0.5163173356087041,-1.0592770956227724,-0.34582202888534236,0.7749820041314551,-1.0270615300057773,0.008621525273356311,0.5671049061691079,0.3273785079285839,-1.2757759076995718,0
-0.9969295454899764,-0.8889643369841739,-1.01288536852777,-1.0338737363293025,-0.5555440681908785,-1.0241748453953847,1.4006270223872934,-1.569832671410959,-1.347869546801086,0.3256008616117004,-0.02099663326566218,0.7654655446197431,0
-0.18756084153916258,-0.4042740476802165,0.0695674904703163,-0.13034307066452888,-0.2784909031033369,0.34658505868499084,-0.4306950137977037,-0.3625280412891677,-1.4040205933575445,-1.06964720147907,-0.7195613695145411,0.4252586358998573,1
1.2738216334727719,1.386178707632395,2.14061301711133,1.901869915215787,1.9379344175969961,1.1622012558838744,-0.9128475376148582,-1.0415079101952687,-0.4711251356563851,-0.9884940205144351,-0.9372958327609449,0.08505172717997146,3
-0.9539506614588413,-0.6998668579177004,-0.9945214180452387,-0.665443756155317,-0.7990150314496273,-0.44092259639331105,-0.4083690306341371,-1.5409399110319757,1.5453870099764273,0.6824793080224443,1.8079728580041299,1.7860862707794007,0
-0.39412057156730446,-0.2610856136217587,-0.17732562157260254,-0.26484925390265046,-0.35405085721812096,-0.038501968366980915,-0.26465475490574886,-0.9507020918613226,0.019457692152672786,-1.4891015946577248,-0.5453737989174181,-1.9561897251393436,1
0.47429388894964813,0.8234942414932586,0.3654311371333182,0.5860485574515537,0.2840109775289446,0.6262650527847803,-0.9314771659500195,1.3710375814498146,1.0764765159260024,0.6218588595910302,-0.7159324617937677,-0.2551551815399144,2
1.8015179782943016,2.0319773184514704,2.6986730678860265,1.7995282540563466,1.9211433166825997,1.3102395777189386,-0.9191313408231466,-1.223119546863162,-0.6504144422050775,1.1840646313339822,-0.9590692790855853,-0.2551551815399144,3
0.36363330436480973,1.1134550871015065,0.6970024652901305,0.48663094375381166,0.25042877570015165,0.7105906791465257,-0.9051591195717755,-1.4109224893265515,-0.5213655457332168,1.3962362008439313,-0.6923445616087407,0.08505172717997146,2
-1.0202265106657318,-1.0236194913013648,-0.944530663953904,-1.3262784824991318,-1.0508815451655742,-0.9229840937612899,0.5478040363776807,-1.0765919763697485,-0.12830821983800716,-1.67585168579321,2.02752177511092,0.08505172717997146,0
0.4416580541129218,1.027780958499187,0.8082063876565695,0.7527192627683567,0.9556550141048032,0.68857232115207,-0.6162520261836371,-0.1231308838633083,0.7031213116295518,1.0862897145091208,-0.810284062533876,-0.2551551815399144,2
-0.6511905321273646,-0.5706730026349202,-0.7404867697035578,-0.4841528135300227,-1.0760681965371688,-1.1052211418430624,1.35715788960525,-0.3150613635236955,-0.5647102132504827,-1.2886630151667593,1.290853507793921,-0.5953620902598002,0
-0.1857533183789746,0.06812831879631655,-0.23037703407769247,-0.18589997243679662,-0.37084195813251736,0.48806472069191936,-0.6656353266911286,-1.0662731333772544,0.9365914525748252,-0.09972002657644599,-0.5054558139889107,-0.5953620902598002,1
-0.29179467710999935,-0.3383971280776364,-0.08754630810245015,0.4281499945198457,-0.13576654533096694,0.493217953414026,-0.5487565870169608,1.4577158625867626,0.8794552999384291,1.6357847470648417,-0.5181569910116176,0.08505172717997146,1
-0.6387387059127366,-1.088984414119469,-0.7619113785998443,-1.0865065906398719,-0.8661794351072131,-1.1483209064279547,2.238812443276422,1.0243244569020176,1.1493743658414055,1.503788609351279,-0.23510218879129255,1.7860862707794007,0
-0.6085129019562608,-0.8075568482524881,-0.9649350533789387,-1.2941139604204508,-0.8829705360216095,-1.7713935901008526,-0.18961875188912636,-0.29442367753870735,0.7740489493850781,-1.3463502160934275,1.5938673024784995,0.08505172717997146,0
-0.9855823167621299,-0.9976783208879135,-0.7690529148986063,-1.1830001568759154,-1.160023701109151,-1.8182411603018225,0.4366176831392567,-1.377902191750571,0.20268742302111586,-1.3121289952047261,1.5303614173649651,1.4458793620595147,0
0.17022832622470208,1.0436528588179437,0.2664698484219003,0.5568080828345708,0.3008020784433411,1.251211639265717,-0.7063691569001521,-0.327443975114688,-0.5706208497301101,-0.9200515787370321,-0.6669422075633269,0.08505172717997146,2
0.9234633942563466,0.8187156048381492,0.7051642210601445,0.9954152020893152,0.8633039590756224,0.6801397585158951,-0.7726817625217386,-0.1705975616287805,0.0756087387091305,-1.283774269325516,-0.8175418779754229,0.08505172717997146,2
-0.13162804152668073,-0.5233986328683018,-0.003888311459808203,0.28779571635832735,0.06572666564179061,0.0008499906018338511,-0.3524801456286529,-0.5482672151540583,0.22041933245999673,0.9542935767955587,-0.5054558139889107,-1.2757759076995718,1
-0.9889965271758183,-0.8203567678643884,-0.7629315980710959,-0.7970258919317404,-0.9165527378504025,-0.5496089592595609,2.4588194826630905,0.7436519275061825,1.4715040539810873,0.6257698562640245,0.3328218695097441,-0.5953620902598002,0
-0.6108225148831675,-1.0818164591368047,-0.905762324046338,-1.3350506248842269,-0.9417393892219972,-1.8697734875228889,1.1124591999648357,1.0862375148569812,-0.924273932427803,0.12516228212073466,-0.2949791661840536,-0.2551551815399144,0
-1.0524606736890831,-0.9734438064227158,-0.770073134369858,-1.1420634924121393,-0.8829705360216095,-0.30553311851250836,0.6073892762115701,1.0263882255005166,-0.3627634668632203,0.40577629340808663,1.0821913138494506,-1.2757759076995718,0
2.0456340228730148,1.74577111592938,1.6600896461517645,1.3433768500314123,2.2149875826845378,1.6470736074639112,-0.9138085898702434,0.4567880923148508,-0.07018696112167412,1.6670727204487974,-0.8012117932319425,0.08505172717997146,3
-0.31920877837284956,-0.36007165862045415,-0.06918235761991902,0.41937785213475076,-0.0686021416733811,0.21915966773835313,-0.34811844693113486,1.129576655425456,0.35340865325160953,1.5820085428111677,-0.6850867461671939,-0.2551551815399144,1
-1.0161093745786371,-1.0604832597836376,-0.975137248091456,-1.1011268279483633,-0.7318506277920414,-1.5057678670613541,-0.3867083913396836,0.4031301087538827,1.5897167835736317,0.2943128882277447,1.0967069447325442,-0.935568998979686,0
-0.6011823913621653,-0.7080588064693165,-0.8853579346213035,-1.2502532484949762,-0.7150595268776448,-1.205006466371128,0.2557180778371137,1.3338897466768365,-1.4936652466318907,-0.4624649679966814,0.8227244118141527,-0.5953620902598002,0
-0.9745363418943149,-0.7672797678737084,-0.7588507201860889,-0.6800639934638085,-1.008903792879583,-0.5688164630419587,1.611984591475494,0.19056194310850735,-1.2227610746489768,-0.17402896336334073,0.4924938092237735,-1.6159828164194576,0
0.22786823144402796,0.28163097792281333,0.9520573331030632,1.036351866553091,1.1487526746203625,0.8042858195484653,-0.7137618665569622,0.39281126576138864,0.6233277191545844,0.24640317898356284,-0.7413348158391816,0.08505172717997146,2
-0.7752067045069246,-0.9727611440434143,-0.7598709396573408,-1.5718984692817888,-1.1012548479087636,-1.7620240760606587,0.1372868691350161,0.9170084897800806,1.39171046150612,1.1361549220898006,0.9134471048334876,1.105672453339629,0
-0.562320643418125,-1.0437580314907546,-0.8129223521624308,-0.6128109018447478,-1.0172993433367812,-1.2218715916434773,1.3964871049794798,-0.11074827227231583,-0.4799910903758262,0.2845353965452588,0.9805818976677952,-1.6159828164194576,0
-0.2417865363448003,0.08109890400304226,0.0022330053677020504,-0.3204061556749182,-0.14416209578816516,0.573795774159694,-0.35174087466297177,0.9747940105380469,-0.5223506518131538,-0.450731977977698,-0.2768346275801867,0.08505172717997146,1
0.27064627956847565,1.095193868455195,0.6786385148075994,0.6825421236875975,0.2336376747857552,0.6820136613239343,-0.666670306043082,-0.38729326447115336,-0.5824421226893635,1.2055751130354522,-0.7431492696995683,0.7654655446197431,2
3.3863141179657337,2.9493048906376576,2.179381357018895,2.080236810379383,2.7606983624024233,1.2394997467154747,-0.9102600892349746,0.3701098111779021,-0.9370803114669962,-1.3101734968682286,-1.020760710338733,-0.2551551815399144,3
-0.807440867530276,-0.6334779415306442,-1.0608356836766013,-0.8935194581677842,-0.9921126919651866,-0.38423703645013757,0.4157702419070523,0.6425272661797422,-0.966633493865132,-1.6034982473428128,1.613826294942753,-1.2757759076995718,0
0.7141923794879227,0.15823975286409456,0.964299966758084,1.1094530530955484,0.9388639131904067,0.8614398551936484,-0.7675807928585396,-1.5987254317899413,1.1523296840812192,1.3453932440950038,-0.8647176783454771,-0.2551551815399144,2
-1.0509544043889265,-1.0125262276377178,-0.6762129430146988,-0.9958611193272247,-0.9417393892219972,-1.3033863637931646,-0.4184231157673988,0.5455301420502986,1.6291210267711453,1.1762426379879933,0.42173010866869215,0.7654655446197431,0
0.2941440806509187,0.23350328018206815,0.3491076255932905,1.1416175751742301,0.12449551884217828,0.9860543919282277,-0.572265403725617,0.10594743057005704,-1.5104120499908344,1.12246643373432,-0.6469832150990732,0.08505172717997146,2
-0.8428884050606279,-0.9126868546648957,-0.7588507201860889,-0.49877305083851436,-1.0172993433367812,-1.772330541504872,0.1615349568093532,0.5434663734518003,-0.7439995197991737,1.069667978648895,2.232555061334617,0.08505172717997146,0
0.9240659019764093,0.916848321862718,0.29605621308820057,0.5012511810623028,0.8129306563324333,0.8281780803509601,-0.8916304608998131,-0.43475994223662556,-0.6366229570859473,1.1860201296704798,-0.6651277537029402,0.4252586358998573,2
-0.2897863180431239,-0.03887900915916974,-0.3211765670190966,-0.17712783005170166,-0.18613984807415626,-0.10924179937044518,-0.7330568387612366,1.5856695156936882,0.7573021460261342,-1.4216369020485706,-0.5108991755700708,1.105672453339629,1
1.6092175976409757,2.440380086868503,1.4233987288213628,1.4047818467270763,1.9127477662254018,1.4250161247113147,-1.0605538765579237,0.7642896134911706,-1.3754525170393463,-0.19358394672831292,-0.9536259175044253,0.7654655446197431,3
-0.5677432128986888,-0.9352147131818401,-0.8068010353349203,-1.3730632418863047,-0.7654328296208343,-0.481211506766145,1.3101402561879378,0.8427128202341243,-0.9104824473086742,-0.23171616429000885,1.9277268127896516,0.4252586358998573,0
0.2517677043398463,0.6837191193313076,0.7888222177027865,0.6737699813025023,0.2840109775289446,0.8131868578866495,-0.767802574148244,-1.2643949188331383,-0.15293587183645382,-0.8046771768836959,-0.7485926312807283,0.4252586358998573,2
-0.2493178828455833,-0.1358170670199612,-0.30689349442157227,-0.08940640620075282,-0.19453539853135451,-0.0792593544418245,-0.6227576106816298,-0.20774539640175863,-0.5824421226893635,0.7773209773425596,-0.43106320571305606,1.105672453339629,1
0.6069460053167727,0.7861184762265099,0.9153294321380009,0.588972604913252,0.7625573535892438,0.6173640144465962,-0.8545929855191946,-1.0642093647787554,1.4931763877397202,0.36666632667814225,-0.9028212094135977,0.7654655446197431,2
0.8685347737773025,0.800966382976314,0.4297049638221773,0.7527192627683567,0.9976327663907942,1.207174923276805,-0.6203180164948826,0.5290199932623086,-1.4404695183152458,-1.1693776166404284,-0.6742000230048737,0.7654655446197431,2
0.38582567205378376,0.3302706724480343,0.673537417451341,0.8813773510830816,0.30919762890053937,1.0586681257397315,-0.5741875082363876,0.8736693492116059,1.5463721160563657,-1.0285817364126284,-0.6869012000275805,0.08505172717997146,2
-0.9688125185537197,-0.8266713948729257,-0.7455878670598165,-0.7356208952360762,-1.0592770956227724,-0.2029369397723847,1.466422138332903,0.1719880257220183,-0.30168688990707215,1.6211185095411127,2.1091721988283214,1.105672453339629,0
-0.6340190621055792,-0.8181381151316589,-0.9353486887126384,-1.2824177705736577,-0.9165527378504025,-1.1375459652817317,-0.17845576030734317,-1.2953514478106198,-0.06329121856210833,-0.4125997604160024,2.092842114084841,1.105672453339629,0
-0.5337015267151496,-0.009353861254386354,-0.5374630949244634,-0.03092545696678686,-0.41281971041850857,0.4524605673391821,-0.5601413598884484,-0.2180642393942527,0.9336361343350129,-0.07625404653847945,-0.48731127538504376,-0.935568998979686,1
3.3984646903203304,2.939576951732614,1.6631503045655196,1.7702877794393632,1.63569460113786,1.5360448660876134,-0.8948093260522415,-0.20155409060626203,0.8853659364180565,-1.3883934303281178,-0.8139129702546495,-0.2551551815399144,3
2.654166820136282,3.0216671028436006,2.3273131803503966,1.4983513655014218,2.0890543258265644,1.6423888504438144,-1.0289130792267764,1.0738549032659888,-0.20613160015309923,0.13200652629847498,-0.7866961623488491,0.4252586358998573,3
-0.8957082485194527,-1.2053783497903487,-0.7129408439797611,-1.4695568081223485,-0.6562906736772572,-1.0785180268285095,1.8967517674558187,-1.433623943910039,0.9099935884165032,-1.4842128488164816,1.2981113232354675,0.7654655446197431,0
-0.3701206807181426,-0.3945461087751723,0.037940686861512585,0.1796059602754904,-0.4380063617901032,0.2215020462484015,-0.4468850479461178,1.0841737462584828,-0.466199605256696,0.884873385849907,-0.6850867461671939,1.4458793620595147,1
0.21862977973640094,1.1463935469027962,0.9520573331030632,0.5597321302962691,0.21684657387135872,0.866593087915755,-0.5863854791701243,-0.44714255382761803,0.696225569069986,-1.1107126665455118,-0.8120985163942628,0.08505172717997146,2
0.6088539464303043,1.0646447269814598,0.6408903943712856,1.1562378124827213,0.6198329958168738,1.103641793132662,-0.6088593165268269,-1.0889745879607409,-0.8031058845954465,-1.0432479739363576,-0.7504070851411151,-0.2551551815399144,2
-0.9742350880342836,-0.8715564463119895,-0.7680326954273545,-1.4286201436585724,-0.9081571873932043,-0.3050646428104988,2.5314158914929656,1.3710375814498146,-0.36965920942278474,0.6267476054322733,2.5410122176003562,-1.2757759076995718,0
0.24554179123253228,0.9658293475775898,0.3786939902595908,1.2147187617166875,1.2746859314783359,0.681076709919915,-0.8086103314538358,-0.026133759733865506,1.2468998677552536,0.29235738989124754,-0.6016218685894057,0.08505172717997146,2
-0.03271635748306395,-0.041609658676375075,-0.1885480357563715,0.2907197638200256,-0.25330425173174215,0.5039928945602492,-0.7393406419695252,0.5744229024292817,-0.4198996194996164,-1.0481367197776006,-0.16978184981737152,-0.2551551815399144,1
1.807944727308303,2.003305498520814,2.7731490892874024,1.8375408710584242,1.8791655643966088,1.3823848358284323,-0.9356910104544013,-1.6833399443283916,-0.1509656596765785,-1.272041279306533,-1.0189462564783462,0.4252586358998573,3
-0.8086458829704012,-0.9314600700956827,-0.6272424083946158,-0.8613549360891031,-0.8158061323640236,-1.7835739583531045,1.3685426624767374,-0.5400121407600633,-1.2375376658480453,0.6453248396289967,-0.14256504191157096,0.08505172717997146,0
-0.8833568402581685,-0.9785637742674758,-0.9047421045750865,-1.3175063401140372,-0.7654328296208343,-0.3125602540426538,0.4856313481639078,1.2203824737594022,0.827244677701722,1.462723144284837,0.0715405136140594,1.7860862707794007,0
-0.18956920060603807,-0.057140227805480934,-0.5293013391544497,-0.1069506909709425,-0.3792375085897156,-0.05630404504334921,-0.6189873287566569,1.690921714217126,-0.7420293076392983,-0.9327623179242642,-0.65424103054062,0.4252586358998573,1
-0.1771173743914101,-0.517425337049415,-0.5170587054994289,0.34627666559229336,0.006957812441403036,0.12499605163440367,-0.13328630430423338,1.1048114322434703,-0.25637201022993095,-1.334617226074444,-0.39840303622609546,0.4252586358998573,1
0.3717671585856554,0.8927844729923455,0.27259116524941074,0.6533016490706146,0.804535105875235,1.2713560944521338,-0.9812301019403515,-1.5718964400094573,-1.0434717681002856,1.3825477124884507,-0.8120985163942628,-0.2551551815399144,2
2.063106746754831,2.5941497878061313,2.8843530116538414,1.556832314735388,2.29894308725652,1.589919571818728,-1.0017818347862835,-0.9692760092478117,-1.473963125033133,1.3277937590665287,-0.7903250700696224,0.4252586358998573,3
-0.37805369903230074,-0.03256438215063219,0.1501648286992031,0.2673273841264392,-0.3036775544749315,0.5068037487723075,-0.7541999883797134,-1.6400008037599176,-1.128190890974942,1.657295228766311,-0.3149381586483074,-1.6159828164194576,1
-0.9831722858818794,-0.6880909318747521,-0.8486300336562413,-1.3935315741181928,-0.6646862241344554,-0.2849201876240818,2.3373572630017003,-0.04058013992335708,-1.240492984087859,0.9904702960207571,1.3362148543035883,1.4458793620595147,0
-0.2419873722514878,-0.3013626940005382,-0.17936606051510595,-0.03384950442848509,-0.4799841140760944,0.05706707484299737,-0.634512019035958,0.37836488557189707,0.9030978458569389,1.551698318595461,-0.22421546562897243,0.7654655446197431,1
-0.8922940381057646,-1.186775799954387,-0.9965618569877421,-0.5280135254554973,-0.5051707654476891,-0.5374285910073089,0.42575039994374586,0.8716055806131074,1.6094189051723893,-0.16425147168085447,0.7374450803759778,-0.935568998979686,0
-0.8763275835241046,-0.8797483948636056,-0.637444603107133,-1.4987972827393314,-0.6394995727628607,-1.8955396511334222,2.0684104856869494,-1.6585747211464068,0.6725830231514778,1.689560951318515,-0.3439694204144946,-0.2551551815399144,0
0.34877144726993137,0.38317700684388895,0.20219602173304135,0.5275676082175874,0.9136772618188119,0.931711210495103,-1.0005250741446257,0.5785504396262793,0.04704066239093316,-0.789033190191718,-0.6052507763101791,0.4252586358998573,2
-0.5870234599406933,-0.9942650089914069,-0.9006612266900795,-0.6186589967681443,-0.7402461782492396,-0.669070263272034,1.458290157710412,-0.9961050010282957,1.6803465429279154,1.1205109353978224,2.415814901233674,1.105672453339629,0
-0.7318261486624146,-1.111341607041588,-0.7884370848523892,-0.9841649294804314,-0.681477325048852,-1.8969450782394512,2.203105655634029,-0.9651484720508133,-1.097652602496868,-0.2454046526454895,1.6646310030335805,1.4458793620595147,0
0.68165696260454,0.8344168395620802,0.7245483910139275,1.036351866553091,0.5694596930736846,1.0563257472296825,-0.6158084636042284,1.591860821489185,-1.6828056139799612,-0.5279741622693387,-0.8356864165792899,-0.2551551815399144,2
0.4202690300506978,1.174724035643802,0.15628614552671335,0.46908665898362173,1.123566023248768,0.7166808632726516,-0.9868485612795271,-0.22838308238674682,0.7888255405841452,0.41359828675407573,-0.8719754937870239,-0.2551551815399144,2
-0.8092483906904638,-0.5648703724108587,-0.5905145074295535,-1.3906075266564946,-1.0508815451655742,-1.6936266235672428,1.9105022074174856,-1.2767775304241307,0.12486404270602382,-0.8760528661658447,-0.485496821524657,0.08505172717997146,0
-0.70190159856597,-1.181143835325151,-0.9353486887126384,-1.0192534990208109,-0.8913660864788078,-1.6406888692401467,0.5647333414917758,0.6260171173917515,-1.482829079752574,0.8350081782692277,1.7408380651698219,0.7654655446197431,0
0.9466599414787582,0.3483612254995201,0.5286662525335951,0.8228964018491153,0.4687130875873057,0.7157439118686324,-0.9847046754790523,-0.24902076837173423,-0.01699123280502872,1.4148134350406554,-0.636096491936753,0.4252586358998573,2
-0.1588413068828434,-0.17831280013147016,-0.5435844117519738,0.3930614249794661,-0.12737099487376868,-0.061925753467465795,-0.77652597154328,0.4155127203448752,0.38690225996949595,-0.01270035060231975,-0.7431492696995683,-1.2757759076995718,1
-0.02920172911603194,-0.4344818579643011,-0.3119945917778309,-0.08940640620075282,-0.20293094898855274,0.5269482039587242,-0.1457060565276744,-1.115803579741225,-0.4967378937347701,-0.7274349925920556,-0.690530107748354,0.4252586358998573,1
-0.3115770139187227,-0.31074930171593174,-0.3844301742367038,-0.0718621214305629,-0.11897544441657044,0.029895484126434987,-0.07835847155413453,-0.03851637132485797,-1.4365290939954944,-1.645541461577503,-0.6959734693295141,-0.5953620902598002,1
-0.36158515468392194,-0.009353861254386354,-0.47522970717810786,0.23808690950945635,-0.24490870127454392,0.47494740103564775,-0.24580334528088313,1.4473970195942691,-0.7528654745186147,1.5859195394841625,-0.5363015296154846,-1.2757759076995718,1
-0.9269382320093662,-1.1673199221442987,-0.8057808158636687,-1.2356330111864848,-0.6982684259632485,-0.64424105106552,0.5596323718285768,-0.8144933643604025,0.7770042676248918,-1.668029692447221,1.561207132991539,1.105672453339629,0
-0.46451355686128964,-0.2604029512424574,-0.43442092832803864,-0.11279878589433921,-0.28688645356053505,0.5719218713516555,-0.056623905163112866,0.8241389028476352,-1.5517865053482243,-1.6191422340347905,-0.7032312847710609,-0.935568998979686,1
-1.024042392892795,-0.6310886232030894,-0.6762129430146988,-1.2941139604204508,-0.9585304901363937,-1.4186313864875504,1.4931837472905558,-0.005496073748877336,-1.2680759543261193,1.0823787178361264,-0.3149381586483074,1.105672453339629,0
-0.7442779748770424,-0.8838443691394138,-0.8863781540925553,-0.4900009084534194,-0.7486417287064377,-1.7564023676365421,1.2338474925296576,0.7622258448926715,-1.1370568456943833,1.604496773680886,1.9041389126046249,0.4252586358998573,0
-1.0576824072629594,-0.5705023370400948,-0.6476467978196503,-1.5104934725861248,-0.7738283800780325,-1.5633903784085468,0.358328887873638,-1.3221804395911039,0.34355759245223005,-0.3500238136480911,2.19263707640611,-0.935568998979686,0
-0.6641444481087113,-0.5961021762638953,-0.9343284692413867,-0.6508235188468257,-1.11804594882316,-0.8756680478583105,1.0136925989498529,1.527883994935722,1.274482837993514,0.9640710684780442,1.1801718223103321,-0.935568998979686,0
0.2950478422310124,0.3937582737230597,0.8000446318865555,0.5275676082175874,0.6366240967312703,0.5930032779420914,-0.8599896635686659,-1.4067949521295542,1.3326040967098485,1.389391956666191,-0.7032312847710609,-0.2551551815399144,2
2.583271745075578,2.5209342476260614,1.4672681660851872,1.9983634814518307,1.4761791424510937,1.4446921041957221,-1.1103068125482558,-1.344881894174591,-1.5488311871084106,-0.6237935807577027,-1.0008017178744795,0.7654655446197431,3
-0.9202102291353335,-1.211522311204061,-1.0098247101140148,-0.723924705389283,-1.0256948937939794,-0.13688186578901715,0.07385742027958536,0.7519070019001775,-0.6198761537270034,-0.5905501090372499,1.9295412666500387,-0.935568998979686,0
-0.6268893874181714,-0.9789051054571264,-0.5884740684870499,-1.5163415675095213,-0.8493883341928166,-0.8812897562824268,0.30990663962153175,0.477425778299839,-1.6680290227808925,0.35884433333215315,1.8751076508384377,-0.935568998979686,0
-0.7074245859998776,-0.8328153562866378,-0.8884185930350589,-0.5338616203788937,-1.160023701109151,-1.4083249210433366,-0.25423103428964666,0.741588158907684,-0.5873676530890539,0.5895931370388258,1.8605920199553443,1.4458793620595147,0
-0.8905869328989202,-0.6863842759264986,-1.0169662464127769,-1.3321265774225286,-1.1684192515663494,-0.18513486309601607,1.328622030329963,0.5620402908382893,-1.2326121354483561,0.3128901224244685,1.7172501649847949,0.4252586358998573,0
-0.8070391957169009,-0.6689763852543144,-0.6935566740259782,-0.8467346987806115,-1.0760681965371688,-0.9749848966843663,-0.16381819518685925,-0.2717222229552208,-1.593160960705615,-0.7851221935187237,0.6612380182397364,0.08505172717997146,0
0.9074969396746866,0.7040283251155226,0.912268773724246,1.0831366259402637,0.41833978484411627,1.2291932812712614,-0.7177539297716397,0.6631649521647296,-0.3460166635042764,-1.3316839785696983,-0.8066551548131027,0.4252586358998573,2
-0.8934990535458898,-0.8710444495275135,-1.0638963420903564,-0.5426337627639887,-1.1432326001947548,-1.395676077089075,1.2606830285838784,0.5744229024292817,0.08841511774832231,-0.9386288129337559,1.0930780370117708,-0.935568998979686,0
0.3624282889246844,0.9951838298875477,0.5766165676824263,0.8521368764660987,0.47710863804450393,0.9846489648221987,-0.6901051956551699,0.485680852693834,0.6814489778709188,0.7108340339016539,-0.8084696086734893,-0.2551551815399144,2
0.7448198552577737,0.30159885251737784,0.8694195559316731,0.6825421236875975,1.3166636837643273,0.8455116813253185,-0.9349517394887202,-0.17885263602277549,-1.4907099283920768,0.25618067066604877,-0.8302430549981297,0.08505172717997146,2
-0.8987207871197659,-0.7181280765640113,-0.690496015612223,-1.3672151469629081,-0.5975218204768696,-0.6601692249338496,1.2416837647658763,0.18230686871451238,-1.1813866192915876,-1.0256484889078823,0.951550635901608,-0.5953620902598002,0
-0.710738378460222,-1.1156082469122215,-0.7445676475885648,-1.5368098997414095,-0.899761636936006,-1.6673919842546996,-0.09824486053095367,1.5340753007312187,-1.5409503384689078,-0.2806036227024395,1.2454921612842533,-1.9561897251393436,0
0.650226143207939,0.8011370485711394,0.5205044967635812,0.9106178257000644,1.0228194177623893,1.1570480231617677,-0.7048906149687901,1.15640564720594,0.20761295342080494,0.5749268995150967,-0.6215808610536594,0.7654655446197431,2
-0.7804284380808008,-0.6280166424962335,-0.6445861394058952,-0.5163173356087041,-0.933343838764799,-1.4041086397252496,1.793697394839886,-1.4150500265235497,-0.7548356866784901,-0.29038111438492575,0.826353319534926,0.4252586358998573,0
-0.5824042340868797,-0.7130081087192512,-0.765992256484851,-1.4198480012734775,-1.0760681965371688,-1.891323369815335,2.1389369358129176,0.7622258448926715,-1.6591630680614522,1.5966747803348973,1.350730485186682,1.7860862707794007,0
-0.16496680203681358,-0.10339060400314717,-0.49155321871813557,0.4047576148262593,-0.043415490301786396,0.1367079441846461,-0.37598896233730894,-1.5780877458049538,-0.8651675676315316,0.6375028462830079,-0.7449637235599549,-1.6159828164194576,1
-1.014803941185168,-1.0654325620335723,-0.6721320651296918,-1.2736456281885626,-1.0760681965371688,-1.3792794275187354,1.3046696510418982,-0.3625280412891677,-0.012065702405339667,-0.16620697001735163,1.6664454568939675,0.08505172717997146,0
2.456443870002392,2.572645922858139,2.2609989147190332,1.8784775355222005,1.459388041536697,1.20014778774666,-1.0311308921238196,-1.5615775970169632,-1.2473887266474233,-0.7753447018362376,-0.9100790248551445,0.7654655446197431,3
-0.5788896057198476,-0.569137012281492,-0.6700916261871884,-0.4402921016045484,-0.8074105819068254,-0.1959098042422393,-0.19885963896013897,-0.9321281744748335,-1.0552930410595405,-1.2407533059225773,0.6249489410320026,1.105672453339629,0
-0.6879435030511856,-0.6240913338152506,-0.8945399098625691,-1.2034684891078036,-0.5723351691052749,-1.9067830679816553,0.613155589743882,-1.6214268863734287,-1.340973804241521,-0.2473601509819867,-0.137121680330411,1.7860862707794007,0
-0.22260670725613946,-0.4977987936445012,-0.5231800223269392,0.23808690950945635,-0.3288642058465262,0.16153715639116015,-0.37502791008192365,0.9974954651215334,1.3197977176706552,-1.5184340697051832,-0.5381159834758713,-0.5953620902598002,1
-0.09979555031670467,-0.1772888065625181,0.1471041702854478,-0.38473519983228066,-0.21972204990294922,-0.061925753467465795,-0.6739151615067558,-1.1777166376961887,1.5926721018134453,1.5174770977067595,-0.5326726218947112,-1.2757759076995718,1
-0.5664377795052197,-0.6220433466773466,-0.7751742317261167,-1.4695568081223485,-1.0340904442511776,-1.476253897834743,0.29031595903098495,1.591860821489185,-0.19825075151359647,0.5407056786263951,1.031386605758623,0.7654655446197431,0
0.13468037074100636,-0.46434833705873513,-0.3568842485129071,0.33165642828380193,-0.463193013161698,0.4894701477979485,-0.4044508945160277,-0.6370092648895062,-0.7055803826815968,-0.6765920358431278,-0.5163425371512309,0.4252586358998573,1
-0.6204626384041698,-0.6264806521428053,-0.864953545196269,-0.7794816071615507,-0.7990150314496273,-0.4015706374244966,0.509214091969132,-0.01994245393836891,-0.5095442727739619,1.3277937590665287,1.1112225756156378,1.105672453339629,0
-0.2439957313183633,-0.24948035317363576,-0.17630540210135082,-0.21221639959208125,0.015353362898601276,0.10813092636205458,-0.6830081943846322,-1.6750848699343968,-0.27213370750893645,-1.0804024423298046,-0.7141180079333811,-0.5953620902598002,1
-0.279543686802059,-0.32610920525021203,0.05834507628654731,0.22346667220096492,-0.0014377380157952018,0.2215020462484015,-0.6952800924149369,-1.0002325382252932,-0.20908691839291293,-1.4998568355084596,-0.3330826972521744,-1.2757759076995718,1
0.47469556076302316,0.7816811707610509,0.5847783234524403,0.7790356899236413,0.5694596930736846,0.9668468881458303,-0.9512157007337024,-0.15408741284078983,1.6665550578087853,-0.5201521689233496,-0.8175418779754229,0.4252586358998573,2
3.129043321498986,2.23660536664705,2.287524620971579,1.5714525520438791,2.2065920322273396,1.5618110296981464,-0.9474454188087295,-1.0167426870132832,-0.8159122636346383,-1.1420006399294673,-0.955440371364812,-0.2551551815399144,3
0.5427789331301015,0.17103967247599483,0.6500723696125512,1.1737820972529112,0.3847575830153235,0.7321405614389715,-0.7437762677636112,-0.8475136619363831,1.4843104330202792,1.4509901542658539,-0.6596843921217801,-0.2551551815399144,2
0.0934085919167155,-0.08564138214131202,0.09201231883785443,0.314112143513612,-0.24490870127454392,-0.059114899255407506,-0.5179289877480627,0.6136345058007591,0.3090788796544053,-0.7821889460139779,-0.3512272358560414,-1.2757759076995718,1
-0.6341194800589229,-1.1575919832392543,-0.5690898985332671,-1.1830001568759154,-0.9585304901363937,-1.8280791500440259,1.3094009852222566,0.008950306440614238,-0.6573101847646419,-0.461487218828433,1.3035546848166277,-0.5953620902598002,0
-0.16717599701037658,0.033141871857122494,-0.20079066941139237,0.37259309274757796,-0.13576654533096694,0.4646409355914345,-0.6824167776120874,0.6466548033767396,-1.1429674821740106,-1.0735581981520643,-0.2332877349309059,1.7860862707794007,1
-0.5955589859749141,-0.5853502437898992,-0.9424902250114006,-0.7882537495466456,-1.1264414992803582,-1.6884733908451361,0.21868060245649515,1.7714086895585788,0.6725830231514778,-0.4077110145747592,0.4054000239252119,0.08505172717997146,0
-0.030908834322876104,-0.08905469403781881,-0.22323549777893034,-0.3876592472939789,-0.0686021416733811,0.1292123329524911,-0.6260843300271944,0.9913041593260369,1.5877465714137562,-0.8457426419501376,-0.17341075753814483,1.7860862707794007,1
0.32748284116105136,0.967024006741367,0.6684363200950822,0.9603266325489354,0.5274819407876934,0.9157830366267731,-0.7488772374268101,0.7271417787181925,-0.23469967647129658,-1.0305372347491255,-0.7866961623488491,-0.2551551815399144,2
-0.09015542679570233,-0.043486980219453776,0.06854727099906457,-0.1069506909709425,-0.463193013161698,0.5475611348471507,-0.47046779175134196,0.6156982743992574,0.15441722510415953,-1.0207597430666393,-0.38025849762222846,-0.935568998979686,1
-0.39954314104786826,-0.5018947679203093,-0.07836433286118459,-0.24438092167076259,0.07412221609898885,0.2491421126669738,-0.5784013527407693,-0.7567078436024363,1.0981488496846354,-0.6677922933288902,-0.3584850512975882,-1.6159828164194576,1
0.10033743069743584,0.02307260176242755,-0.4497242203968146,-0.08940640620075282,-0.1105798939593722,0.53350686378686,-0.06187272901944788,0.28962283583644927,0.8784701938584921,-0.7880554410234695,-0.2913502584632803,1.7860862707794007,1
0.23640375747824893,1.1059458009291916,0.9479764552180563,1.3199844703378258,0.149682170213773,1.094740754794478,-0.7717207102663534,1.6764753340276344,0.6420447346734036,1.1410436679310434,-0.7014168309106741,0.7654655446197431,2
-0.7847464100745831,-0.5443905010318183,-0.7874168653811375,-1.3789113368097015,-0.7822239305352308,-1.6167966084376522,1.1143813044756063,0.4010663401553836,0.05196619279062221,0.8105644490630124,-0.27502017371980003,-1.6159828164194576,0
-0.6069062147027604,-0.6619790958664754,-0.5690898985332671,-0.7180766104658866,-0.9165527378504025,-0.8930016488326692,1.5322911813750812,0.188498174510009,0.7159276906687436,-1.1498226332754562,-0.2623189966970931,0.7654655446197431,0
-1.057782825216303,-0.9708838225003356,-1.0118651490565183,-1.098202780486665,-1.0424859947083758,-0.4596616244736989,-0.1842960009362231,0.3143880590184349,-0.14899544751670316,0.1584057538411875,2.167234722360696,0.08505172717997146,0
-0.8421854793872215,-0.7317813241500384,-0.8394480584149757,-1.0631142109462854,-0.723455077334843,-1.5231014680357127,1.801016177400128,-0.3336352809101846,0.5317128537203621,1.1117111928835852,-0.031883356427982464,0.08505172717997146,0
-0.6831234412906844,-0.8476632630364422,-0.9016814461613313,-1.0894306381015701,-0.5303574168192837,-1.2785571515866505,-0.11643092628670657,0.5517214478457952,-1.6887162504595878,-0.5856613631960068,0.9261482818561946,-0.935568998979686,0
0.1382954170613822,-0.4681029801448925,-0.08448564968869501,-0.18297592497509838,-0.12737099487376868,0.30067443988804027,-0.6785725685905462,0.45885186091334995,-1.287778075924877,-0.8154324177344308,-0.6451687612386865,-0.935568998979686,1
-0.6301027619251721,-1.0575819446716068,-0.6435659199346434,-1.2736456281885626,-0.7486417287064377,-0.6990527082006543,1.093533863243402,-0.9775310836418066,-1.6158184005441862,-0.6824585308526193,0.4380601934121724,-0.935568998979686,0
-0.9821681063484416,-0.607536771117193,-0.9312678108276313,-1.4403163335053657,-1.0928592974515652,-0.6882777670544314,-0.4044508945160277,-1.305670290803114,1.1996147759182356,1.5575648136049522,0.9497361820412215,-0.935568998979686,0
-0.8892814995054512,-0.569137012281492,-0.8149627911049342,-0.4695325762215313,-1.11804594882316,-1.1052211418430624,-0.23789314594809638,-1.4460065555010313,-1.1252355727351284,-0.8369428994359002,1.4396387243456301,1.7860862707794007,0
-0.7410646003700417,-1.085400436628137,-0.6884555766697196,-0.9636965972485433,-1.0424859947083758,-1.452830112734258,1.7912578006531388,-0.9651484720508133,1.6044933747726988,0.7245225222571345,0.9842108053885686,1.4458793620595147,0
0.010865034268133749,-0.28310147535422714,-0.18650759681386808,0.156213580581904,-0.3456553067609227,0.06877896739323981,-0.10201514245592676,0.30200544742744173,0.5031447774021648,-1.6220754815395362,-0.316752612508694,0.4252586358998573,1
3.0101484647399586,1.1795026722989115,2.592570242875846,1.3667692297249987,1.77841895891023,1.0811549594361964,-0.9685146413306381,-1.3201166709926053,-0.40709324046042317,-0.16131822417610886,-0.8556454090435435,0.08505172717997146,3
-0.8156751397044654,-0.7116427839606486,-0.6762129430146988,-0.682988040925507,-1.0256948937939794,-1.6392834421341176,1.3222643000251062,-0.6019251987150271,-1.3695418805597197,0.7303890172666261,1.782570503958716,-0.935568998979686,0
-0.6922614750449677,-0.7080588064693165,-0.7343654528760475,-1.3350506248842269,-0.8913660864788078,-0.41421948137875825,1.559422425815574,0.33915328220041985,-0.17953373599477723,0.8750958941674208,1.7571681499133025,1.4458793620595147,0
3.158365363875368,1.7020807236540938,1.2397592239960513,1.4223261314972662,1.8287922616534193,1.4189259405851888,-0.9166178195398312,0.46504316670884654,-1.7103885842182207,-1.0852911881710479,-0.8012117932319425,-0.2551551815399144,3
2.9199731426372497,2.7851245884156834,1.336680073764966,1.4486425586525509,1.853978913025014,1.0844342893502648,-1.1011398525738112,0.776672225082163,-1.6256694613435643,-1.438258637908797,-0.9935439024329327,0.7654655446197431,3
-0.02498417507559344,-0.3612663177842315,-0.05183862660863961,-0.039697599351881815,-0.33725975630372446,0.24164650143481814,-0.5113494761535018,0.9335186385680713,1.0193403632896063,1.015891774395221,-0.6306531303555929,1.7860862707794007,1
2.420393824751977,2.489190446988548,2.3089492298678653,2.053920383224098,1.4006191883363093,1.208580350382834,-1.0031864496210774,0.7539707704986766,-0.37261452766259845,-0.7900109393599668,-1.0098739871764129,-0.2551551815399144,3
-0.646069216506832,-0.6128274045567784,-0.7231430386922784,-0.9695446921719398,-0.5303574168192837,-1.7751413957169302,1.7596170033219918,-0.3831657272741559,0.2883916519757093,0.7998092082122776,-0.10809041856422379,-0.5953620902598002,0
-0.8066375239035258,-0.6217020154876959,-0.9475913223676591,-1.5104934725861248,-0.933343838764799,-0.5987989079705793,1.2060509042200513,1.6434550364516545,1.0025935599306623,0.34320034664017535,2.0166350519486005,1.4458793620595147,0
-0.3226229887865379,-0.2952187325868261,-0.01817138405733249,0.08018834657774836,-0.4799841140760944,0.49040709920196773,-0.5726350392084574,1.6248811190651649,1.5128785093384778,1.0530462427886684,-0.14256504191157096,-1.6159828164194576,1
-0.7707883145597986,-0.5810836039192657,-0.9965618569877421,-0.46660852875983305,-0.538752967276482,-0.3425426989712745,0.21202716376536604,0.9479650187575629,1.669510376048599,-1.1058239207042686,1.452339901368337,-1.6159828164194576,0
-0.16476596613012606,-0.28258947856975114,-0.10284960017122614,-0.1946721148218916,-0.035019939844588156,0.03504871684854163,-0.6746544324724368,0.7601620762941731,-1.1006079207366817,-1.324839734391958,-0.2786490814405734,-0.2551551815399144,1
0.5862599069279553,1.017541022809667,0.933693382620532,1.2731997109506532,0.2084510234141605,1.2404366981194939,-0.66090399251077,-1.4067949521295542,-1.111444087615998,1.6142742653633724,-0.6742000230048737,-0.2551551815399144,2
-0.7314244768490394,-0.8476632630364422,-0.7670124759561028,-1.1157470652568546,-0.9753215910507901,-1.9091254464917038,1.778468412946857,0.630144654588749,0.48935329228303465,-0.8887636053530767,1.7970861348418097,-1.6159828164194576,0
-0.025687100748999783,-0.33925045605176307,-0.4058547831329902,-0.20636830466868478,-0.3288642058465262,0.2950527314639237,-0.44348440150398505,-0.4099947190546399,-0.45142301405762747,1.604496773680886,-0.5617038836608983,1.105672453339629,1
0.3527881654036821,0.7096602897447587,0.6725171979800891,0.6386814117621229,1.3166636837643273,1.102236366026633,-0.7663979593134501,-1.53268483663798,-0.6267718962865678,0.8545631616341999,-0.8919344862512775,-0.2551551815399144,2
-0.7493992904975749,-0.613168735746429,-0.8414884973574792,-1.4578606182755554,-0.9249482883076007,-1.74422199938429,-0.37317973266772114,-0.8867252653078597,-1.7231949632574133,1.26326231396212,1.8152306734456765,1.105672453339629,0
0.022111845042636274,-0.05987087732268627,-0.16712342686008524,-0.2180644945154777,-0.25330425173174215,0.5541197946752866,-0.305758220597613,1.5505854495192086,0.2923320762954614,0.0772525728765528,-0.41654757482996246,1.4458793620595147,1
-0.4050661284817758,0.1418558557608623,0.039981125804016186,0.26147928920304275,-0.31207310493212975,0.250079064070993,-0.6906966124277146,-1.2107369352721693,0.17707466494273086,0.49768471522345636,-0.43469211343382946,-1.6159828164194576,1
-0.953247735785435,-0.8898176649583005,-0.577251654303281,-0.6976082782339984,-0.5723351691052749,-1.3745946704986385,2.5111598670333057,-1.5368123738349784,1.2203020035969316,1.4500124050976053,-0.18611193456085176,-0.935568998979686,0
-0.7661690887059851,-0.5699903402556189,-0.9822787843902181,-1.0484939736377938,-1.11804594882316,-0.8274150505513116,1.2055334145440746,0.10594743057005704,1.361172173028046,-1.0510699672823465,0.753775165119458,-1.9561897251393436,0
0.16992707236467075,0.7524973540459184,0.6388499554287822,1.2615035211038597,0.443526436215711,0.7724294718118062,-0.8184426352973931,0.8612867376206134,0.4824575497234689,0.8741181449991721,-0.8284286011377431,0.4252586358998573,2
0.1800692856523919,0.4198701097313363,0.8683993364604216,1.1065290056338501,0.1077044179277818,0.9401437731312778,-0.7789655657300272,-0.6782846368594825,0.6203724009147707,-1.0119600005524019,-0.8120985163942628,0.4252586358998573,2
-0.41751795469640374,-0.3494903917412833,-0.2018108888826441,-0.37303900998548745,-0.3792375085897156,0.5311644852768116,-0.44747646471866254,-1.6709573327373992,-0.8769888405907864,1.2417518322606507,-0.4927546369662038,0.08505172717997146,1
-1.0093813717046043,-0.7800796874856087,-0.622141311038357,-0.5631020949958768,-0.5303574168192837,-0.3739305710059243,-0.41605744867721967,1.1502143414104442,-0.46718471133663436,0.33537835329418664,0.6684958336812834,1.7860862707794007,0
-0.7865539332347711,-0.5638463788419066,-0.7517091838873269,-0.6449754239234292,-0.7402461782492396,-0.42733680103502986,2.370550529360778,-1.1281861913322182,-0.06132100640223299,0.6795460605176983,0.338265231090904,1.4458793620595147,0
0.025526055456324605,-0.11619052361504746,-0.3528033706279002,-0.2502290165941591,-0.41281971041850857,0.5058667973682877,-0.2670943490924962,0.39487503435988774,-0.09776993135993449,-1.5184340697051832,-0.18066857297969163,1.7860862707794007,1
-0.7794242585473631,-1.0587766038353843,-0.98942032068898,-0.8379625563955166,-0.9585304901363937,-0.8939386002366888,0.8587414045431133,-1.198354323681177,-0.12830821983800716,0.6062148728990523,2.531939948298423,-1.6159828164194576,0
0.980400373802266,1.8705276657467016,1.6254021841292055,1.8199965862882344,2.408085243200097,1.6541007429940568,-0.9920234580392943,-0.2696584543567224,-1.2207908624891013,-0.6844140291891166,-0.8901200323908908,-0.2551551815399144,3
1.135044021951677,2.483217151169662,2.084500946192484,1.5422120774268964,2.4752496468576832,1.1219123455110405,-0.9026455982884602,-0.455397628221613,0.4509341551654578,-1.718872649196149,-0.9663270945271321,0.08505172717997146,3
0.29615243971779404,0.8897124922854893,0.8612578001616594,0.8433647340810034,1.1151704727915697,0.9663784124438204,-0.7312086613470341,-0.09836566068132264,-0.9213186141879908,-0.6853917783573652,-0.7667371698845953,-0.2551551815399144,2
-0.7123450657137224,-1.1929197613680993,-0.7557900617723338,-1.4373922860436674,-0.538752967276482,-0.2516584127813932,0.24440723206219422,-1.623490654971927,1.4823402208604037,0.0664973320258181,1.3924629239755757,-0.935568998979686,0
0.4924695385048712,0.5753464666172183,0.7765795840477656,0.9574025850872372,0.1748688215853677,1.2034271176607276,-1.0001554386617852,0.9397099443635671,1.5562231768557437,-1.5379890530701554,-0.6850867461671939,0.08505172717997146,2
-0.6910564596048425,-0.8565378739673597,-0.9618743949651833,-0.6859120883872052,-1.0424859947083758,-1.5113895754854703,-0.14881099458353475,-0.25314830556873175,0.04408534415111944,0.7030120405556648,0.7283728110740441,0.08505172717997146,0
-0.9068546413406116,-0.7566985009945376,-0.5843931906020431,-1.215164678954597,-0.899761636936006,-0.5547621919816675,0.8560800290666616,0.04197060401659487,-0.5312166065325948,1.6025412753443886,2.352309016120139,-0.2551551815399144,0
-0.3666060523511106,-0.2575016361304266,-0.13345618430877815,0.14159334327341255,-0.41281971041850857,0.5606784545034224,-0.38929583971956705,1.4123129534197894,-1.4729780189531954,1.3835254616566997,-0.690530107748354,-0.935568998979686,1
0.6135735902374616,1.0834179424122468,0.922470968436763,0.5012511810623028,0.586250793988081,0.5930032779420914,-0.8677520087083166,1.472162242776254,1.1887786090389192,-1.286707516830262,-0.7631082621638219,-0.2551551815399144,2
-0.07469106198076131,-0.35580501874982073,-0.13243596483752643,0.1679097704286972,-0.22811760036014747,0.11047330487210294,-0.3342940798729,-0.22425554518974858,-0.3795102702221642,-0.13394124746514757,-0.15526621893427792,-0.935568998979686,1
2.5687111418407302,1.9551778007800689,3.3424315542458682,2.010059671298624,1.6776723534238511,1.1247231997230986,-0.9498850129954766,1.0470259114855047,0.817393616902344,0.41653153425882133,-0.8883055785305041,0.7654655446197431,3
0.39426078013466076,0.3901742962317277,0.5276460330623434,1.1299213853274366,1.2914770323927325,1.1130113071728562,-0.634512019035958,1.2079998621684105,0.9740254836124651,-0.43313249294922296,-0.7377059081184081,0.08505172717997146,2
-0.7480938571041058,-0.6044647904103368,-0.8180234495186893,-0.6362032815383342,-0.9081571873932043,-1.807934694857609,-0.24055452142454803,-0.38935703306965175,-0.5676655314902963,0.7343000139396204,-0.3457838742748812,-1.9561897251393436,0
-0.9689129365070637,-0.7812743466493861,-0.7568102812435855,-0.9578485023251467,-1.008903792879583,-1.3047917908991935,-0.1364651694566618,1.426759333609281,1.647838042289966,0.493773718550462,0.19492337612035485,1.105672453339629,0
0.31141596862604765,1.074372665886504,0.5796772260961817,0.5451118929877774,0.586250793988081,0.7218340959947582,-0.925267289838299,0.6342721917857472,1.4133827952647529,-0.0039006080880822497,-0.7739949853261421,0.7654655446197431,2
0.7196149489684864,0.40741152130908687,0.8959452621842182,0.5802004625281573,0.8716995095328208,0.5967510835581695,-0.7283255045808781,-0.14583233844679486,-0.540082561252036,-1.1312453990787326,-0.8574598629039303,0.4252586358998573,2
-0.9321599655832425,-0.7819570090286876,-1.0587952447340978,-0.7590132749296626,-0.8325972332784201,-0.8648931067120876,1.4460921867766754,0.3205793648139308,0.6272681434743365,0.8545631616341999,1.122109298777958,-0.2551551815399144,0
-0.9109717774277063,-0.5909822084191353,-0.7914977432661443,-0.7414689901594729,-0.9417393892219972,-1.235925862703768,-0.051079372920505295,1.1811708703879256,0.28642143981583396,-0.5680618781675317,0.02436471324400528,-1.6159828164194576,0
-0.8089471368304325,-0.8519299029070757,-0.7180419413360197,-0.7707094647764559,-0.9249482883076007,-1.2251509215575451,0.6826470605178967,-0.1313859582573033,1.3375296271095376,0.6599910771527261,1.151140560544145,0.08505172717997146,0
0.05143388741901813,0.012491334883256813,0.12669978086041325,-0.367190915062091,-0.3456553067609227,-0.0698898404016304,-0.23678423949957483,-1.371710885955075,0.20662784734086656,-0.3148248435911411,-0.6869012000275805,1.7860862707794007,1
-0.6874414132844667,-0.7392906103223533,-0.9435104444826522,-1.3058101502672441,-0.7570372791636361,-0.5716273172540166,2.169394899598975,1.662028953838143,0.2746001668565791,1.386458709161445,2.1255022835718016,-1.6159828164194576,0
0.09511569712355966,-0.010719186012989022,-0.17018408527384038,-0.27362139628774546,-0.2365131508173457,0.2678811407473613,-0.1533205474741888,1.426759333609281,0.5947596428363857,-1.254441794278058,-0.4709811906415634,1.4458793620595147,1
-0.3986393794677743,-0.4401138225935372,0.0726281488840716,-0.18882401989849484,-0.37084195813251736,0.4763528281416769,-0.18799235576462814,-0.005496073748877336,-0.9794398729043238,-1.4548803737690235,-0.49094018310581716,-0.5953620902598002,1
-0.5010656918784232,-0.006623211737181019,-0.1436583790212954,-0.3554947252152978,-0.00983328847299344,0.25851162670716726,-0.11073853985096271,1.5072463089507337,-1.462141852073879,-1.30919574769998,-0.19336975000239856,-1.9561897251393436,1
1.7836435825991102,2.1212354245451217,1.0051087456081536,1.3287566127229207,1.744836757081437,1.1064526473447205,-1.0573750114054954,-1.623490654971927,1.40550194662525,-1.6944289199899336,-0.9844716331309992,0.4252586358998573,3
2.4697994577971136,2.0801050161922157,2.8598677443438,1.6123892165076554,2.173009830398547,1.6030368914749997,-0.8774364583587377,-0.8021107527694094,-0.9282143567475551,-0.7039690125540888,-0.7939539777903957,0.08505172717997146,3
-0.9507372869518406,-1.1400134269722446,-1.0047236127577561,-1.5280377573563144,-1.11804594882316,-1.1904837196088274,0.5264391054694995,1.3297622094798383,0.9759956957723405,0.09289655956853062,1.675517726195901,1.4458793620595147,0
0.43061207924510647,0.2645644184402796,0.9275720657930218,0.875529256159685,0.7121840508460544,1.0132259826447902,-1.0122794824989538,-0.455397628221613,-0.36177836078328196,-1.1273344024057381,-0.6197664071932727,0.08505172717997146,2
0.9048860728877486,0.5714211579362358,0.6939418068763755,0.8521368764660987,0.8800950599900189,0.8923592515262883,-0.9301464782117937,0.13277642235054107,1.0646552429667488,0.7939427132027858,-0.7721805314657555,0.4252586358998573,2
3.3806907125784824,3.0387336623261345,2.9833143003652594,1.9047939626774852,1.9211433166825997,1.1495524119296128,-1.1043187177262397,1.030515762697514,1.1198211834432696,1.40405819418992,-0.8538309551831568,0.7654655446197431,3
-0.8424867332472529,-1.0777204848609967,-0.7914977432661443,-1.4666327606606502,-1.160023701109151,-1.9039722137695971,2.399382097022337,0.7622258448926715,-1.495635458791766,-1.352216711102919,-0.06454352591494299,-0.5953620902598002,0
-0.6537009809609589,-0.8422019640020314,-1.06593678103286,-1.0514180210994923,-0.9837171415079882,-1.1052211418430624,0.7743166602623419,-1.5780877458049538,0.6272681434743365,1.189931126343474,2.370453554724006,-0.935568998979686,0
0.15677232047663656,0.27139104223329297,0.19097360754927217,0.48078284883041467,1.1571482250775607,1.0708484939919831,-0.8035093617906367,0.00275900064511764,-0.09776993135993449,-1.130267649910484,-0.9209657480174647,0.08505172717997146,2
-0.29641390296381304,0.07922158245996355,-0.4568657566955768,0.0626440618075587,0.06572666564179061,0.11656348899822945,-0.24365945948040815,-1.0683369019757527,1.692167815887169,1.0471797477791764,-0.21514319632703896,-1.2757759076995718,1
-0.6164459202704189,-0.7293920058224836,-0.6282626278658675,-1.1537596822589327,-0.9669260405935917,-1.286989714222825,-0.3675612733285454,-0.4946092315930903,-0.6494293361251391,0.32364536327520316,1.7317657958678885,-1.6159828164194576,0
0.11821182639262752,-0.0045752245992768965,-0.21201308359516136,-0.1361911655879256,-0.18613984807415626,0.3999912887140964,-0.2125361518252378,0.8076287540596453,0.5376234901999896,1.5595203119414498,-0.5689616991024451,-1.6159828164194576,1
0.5119506214535632,0.26268709689720093,0.3766535513170872,0.7995040221555294,1.0228194177623893,0.6276704798908095,-0.7213024304069086,0.5723591338307834,0.8922616789776223,-1.112668164882009,-0.6977879231899008,0.08505172717997146,2
-0.5786887698131601,-1.1505946938514156,-0.9526924197239178,-1.545582042126504,-0.7066639764204466,-0.4067238701466033,0.8611809987298605,0.34947212519291393,0.4420682004460167,1.1703761429785022,2.3595668315616862,-0.2551551815399144,0
-0.9390888043639629,-0.9352147131818401,-0.6292828473371191,-0.5016970983002126,-0.5135663159048874,-0.2024684640703751,-0.40482052999886836,-1.2045456294766728,-0.5272761822128442,1.1175776878930765,-0.3566705974372014,-1.2757759076995718,0
-0.7480938571041058,-0.6106087518240491,-0.891479251448814,-0.9549244548634485,-0.7486417287064377,-1.2228085430474964,2.2488665284096836,-1.2829688362196272,-1.2335972415282932,1.3258382607300312,0.615876671730069,-0.5953620902598002,0
-0.39572725882080495,-0.02232444646111206,-0.18344693840011295,-0.0718621214305629,-0.3456553067609227,0.5756696769677331,-0.7390449335832527,-0.9610209348538159,1.618284859891829,1.627962753718853,-0.7485926312807283,1.7860862707794007,1
-0.3003302031442202,-0.2312191345273247,-0.15488079320506437,0.001239065111894492,-0.12737099487376868,0.0008499906018338511,-0.3923268506788593,-0.10455696647681924,-0.11156141647906327,1.2935725381778271,-0.4891257292454304,-0.5953620902598002,1
0.5916824764085192,0.6489033379869387,0.8347320939091143,1.2673516160272567,1.3250592342215253,0.8553496710675225,-0.5742614353329557,-0.8330672817468916,-1.4227376088763644,-0.7929441868647126,-0.9010067555532109,0.4252586358998573,2
-1.0269545135397646,-0.6177767068067131,-0.6986577713822368,-1.229784916263088,-0.8409927837356184,-1.745627426490319,1.6686866745432274,0.9335186385680713,0.1554023311840979,-0.7685004576584973,-0.2859068968821202,1.105672453339629,0
0.4563190753011125,0.2700257174746903,0.8408534107366246,0.8813773510830816,0.24203322524295343,0.6576529248194302,-0.9432315743043476,0.7704809192866665,-1.02771007082128,1.175264888819745,-0.6850867461671939,-0.2551551815399144,2
-1.059489930423147,-0.8940843048289339,-0.8231245468749481,-0.5923425696128597,-0.8745749855644113,-1.3188460619594846,2.5191439934626607,-0.065345363105342,-0.01994655104484243,1.046201998610928,1.2581933383069603,-0.5953620902598002,0
0.14482258402872739,-0.4585457068346737,-0.2048715472963992,-0.09233045366245106,0.006957812441403036,0.2083847265921299,-0.7099915846319891,0.9809853163335435,-1.7202396450175996,1.216330353886187,-0.37300068218068166,-1.6159828164194576,1
-0.7506043059377001,-0.6184593691860145,-0.8374076194724723,-0.7531651800062661,-0.6227084718484643,-1.7451589507883096,1.6647685384251178,0.29994167882894335,-1.0887866477774268,-1.2886630151667593,2.3341644775162727,0.7654655446197431,0
-0.6866380696577166,-0.9012522598115981,-1.0567548057915943,-0.525089477993799,-0.8913660864788078,-1.618670511245691,1.2207623964371035,-1.0002325382252932,0.15146190686434582,-0.3842450345367923,0.17133547593532777,-1.6159828164194576,0
-0.6825209335706217,-0.7642077871668523,-0.5833729711307912,-1.5192656149712196,-1.1348370497375564,-1.4711006651126364,0.3514536678928045,1.4577158625867626,-0.8700930980312207,-0.791966437696464,0.2584292612338894,-0.2551551815399144,0
-0.6902531159780924,-1.007064928603307,-0.834346961058717,-0.8993675530911809,-1.0592770956227724,-0.6100423248188118,0.47254625207135387,-1.1673977947036946,0.6420447346734036,-1.283774269325516,1.5394336866668985,1.7860862707794007,0
-0.9255323806625534,-0.5645290412212081,-0.9761574675627076,-0.773633512238154,-1.151628150651953,-1.6294454523919142,0.578853416936283,1.049089680084003,1.5542529646958685,1.4148134350406554,1.9476858052539059,1.4458793620595147,0
0.5407705740632259,1.126937669092708,0.30931906621447297,1.2498073312570668,0.409944234386918,0.6487518864812459,-0.819034052069938,-0.9114904884898453,0.18594061966217199,1.0422910019379337,-0.7340770003976347,-0.2551551815399144,2
-0.9068546413406116,-0.5317612470147433,-0.7353856723472991,-0.5221654305321005,-0.8829705360216095,-0.669070263272034,0.9369562727121641,0.09975612477456043,-0.25637201022993095,1.6328514995600958,0.5088238939672538,1.4458793620595147,0
3.1203069595580777,2.115262128726235,1.328518317994952,1.5129716028099136,2.433271894571692,1.3018070150827645,-1.0867240687430317,-1.6606384897449051,0.8006468135434001,-1.4705243604610012,-0.9082645709947579,0.4252586358998573,3
-0.5839105033870363,-0.6532751505303833,-0.7894573043236409,-0.5777223323043682,-0.5135663159048874,-0.8555235926718936,1.389981520481487,-0.9073629512928478,-1.1538036490533272,0.8770513925039181,1.82430294274761,0.7654655446197431,0
-0.5309902419748678,-0.03256438215063219,-0.18344693840011295,-0.2531530640558573,-0.4380063617901032,0.1432666040127819,-0.1731330093544399,0.39281126576138864,0.7779893737048288,-1.3287507310649525,-0.22602991948935908,1.4458793620595147,1
-0.5077936947524561,-0.12369980978736225,-0.40381434419048673,-0.16543164020490847,-0.429610811332905,0.04863451220682283,-0.184887417708768,1.6104347388756732,-1.5616375661476032,0.9885147976842595,-0.36937177445990826,0.08505172717997146,1
-0.1836445413587554,-0.34812506698268064,0.08181012412533716,0.3813652351326729,-0.27009535264613865,0.49930813754015185,-0.5082445380976416,-0.052962751514349544,-1.3074801975236332,1.4529456526023505,-0.3076803432067606,-1.2757759076995718,1
-0.14739366020165323,-0.4047860444646924,-0.13039552589502282,-0.38181115237058244,-0.14416209578816516,0.2631963837272646,-0.30760639801181555,1.2616578457293786,1.6507933605297784,1.6181852620363666,-0.20788538088549216,-0.935568998979686,1
-0.564931510205063,-0.9613265491901167,-0.891479251448814,-0.8555068411657064,-0.5303574168192837,-0.17061211633371567,1.6688345287363635,0.25453876966196953,0.8755148756186785,1.2192636013909328,1.82430294274761,-1.2757759076995718,0
-0.9144864057947384,-0.760453144080695,-0.7578305007148373,-0.981240882018733,-0.7150595268776448,-0.8053966925568559,2.1837367563331864,1.009878076712526,-0.8730484162710344,0.5983928795530632,1.3035546848166277,-1.2757759076995718,0
-0.249418300798927,-0.3808928611891453,-0.2773071297552721,-0.39350734221737566,-0.3456553067609227,0.44777581031908537,-0.5816541449897659,0.14309526534303516,1.3040360203916497,0.24444768064706565,-0.256875635115933,0.08505172717997146,1
-0.9731304905475021,-1.1178268996449507,-0.8843377151500519,-1.0251015939442074,-1.1348370497375564,-0.2263607248728696,1.8404932469674942,-1.115803579741225,0.3514384410917328,0.08996331206378466,1.7499103344717555,-1.9561897251393436,0
0.2824955980630407,0.5338747270746615,0.642930833313789,0.8696811612362881,0.33438428027213407,0.6754550014957984,-0.9591998271630575,-1.6111080433809346,1.638972087570525,-1.0432479739363576,-0.6433543073782998,-0.2551551815399144,2
-0.08814706772882684,-0.3684342727668957,-0.24363988720396507,0.12404905850322291,-0.12737099487376868,0.4304422093447264,-0.5798059675755634,-0.17885263602277549,0.5809681577172555,-0.16327372251260602,-0.2859068968821202,-0.2551551815399144,1
-0.5812996366000982,-1.0473420089820866,-0.8302660831737102,-0.5046211457619109,-0.647895123220059,-0.1926304743281714,1.3764528618095242,1.1770433331909274,-0.7252825042803545,-1.1586223757896938,0.525153978710734,1.105672453339629,0
0.018597216675604263,-0.1769474753728675,-0.39565258842047285,0.15036548565850752,-0.035019939844588156,0.09829293661985122,-0.31499910766862566,-0.5235019919720734,1.4045168405453117,1.3962362008439313,-0.6832722923068072,-1.6159828164194576,1
-0.635424913452392,-0.8015835524336011,-0.8394480584149757,-1.1245192076419497,-0.8409927837356184,-1.9241166689560136,2.217669293657945,-1.0848470507637435,-1.3153610461631373,-1.2309758142400913,2.575486840947703,0.4252586358998573,0
-0.8144701242643402,-0.651056497797654,-0.9292273718851279,-0.990013024403828,-0.9417393892219972,-1.8037184135395217,2.4113582866663696,-1.4480703240995305,0.7513915095465068,-0.5328629081105815,2.1327600990133493,0.08505172717997146,0
0.21822810792302577,0.6797938106503247,0.20525668014679646,0.7585673576917531,0.8381173077040278,0.9673153638478402,-0.8343369610595348,-0.9259368686793369,-0.15786140223614428,1.5389875794082288,-0.8012117932319425,0.7654655446197431,2
-0.7915748309019598,-0.6379152469961029,-0.7731337927836133,-1.5280377573563144,-0.7402461782492396,-1.984550034515265,1.8839623797495375,-0.6390730334880053,-0.7213420799606037,1.0090475302174806,1.5521348636896053,-0.5953620902598002,0
0.8104931967446015,0.7936277623988246,0.21443865538806203,0.5451118929877774,0.14128661975657475,0.7574382493474955,-0.9536552949204499,-0.3707831156831627,1.5207593579779806,0.3656885775098935,-0.8629032244850904,0.4252586358998573,2
-1.0119922384915423,-1.1311388160413272,-0.6711118456584402,-1.1917722992610105,-1.0256948937939794,-1.3389905171459016,1.4858649647303137,0.8860519608025991,-0.5607697889307306,-0.1759844616998379,1.1838007300311058,0.08505172717997146,0
0.038781225297702775,-0.515889346695987,-0.5139980470856736,-0.03092545696678686,-0.0686021416733811,-0.01507818326649603,-0.5911907404470508,-0.3233164379176905,-0.9548122209058771,-0.5162411722503552,-0.6288386764952062,0.7654655446197431,1
1.9503373851497736,2.7532101221833454,1.449924435073908,1.9135661050625798,2.9789826742895773,1.1069211230467297,-1.1225787105785605,-1.398539877735559,0.8499021175402934,1.406991441694666,-0.919151294157078,0.08505172717997146,3
-0.7761104660870186,-0.7423625910292092,-0.6252019694521123,-0.8555068411657064,-0.6646862241344554,-1.7001852833953786,0.9424268778582036,-0.8578325049288765,0.7750340554650165,1.6709837171217916,-0.4746100983623368,0.4252586358998573,0
-0.7590394140185771,-0.6281873080910587,-1.0108449295852664,-0.7941018444700422,-0.899761636936006,-1.6135172785235843,0.7685503467300303,0.7168229357256984,-0.8582718250719672,-0.6570370524781554,-0.2695768121386399,1.105672453339629,0
0.6109627234505236,0.7864598074161604,0.38379508761584935,1.2293389990251786,0.11609996838498005,0.8216194205228243,-0.6936536962904387,-1.080719513566746,0.30218313709483946,0.19360472389813785,-0.9282235634590115,0.4252586358998573,2
-0.18816334925922526,0.11659734772671235,-0.13549662325128156,0.1445173907351108,-0.4715885636188962,-0.009456474842379445,-0.5695301011525973,1.0016230023185309,-0.6228314719668171,-0.5035304330631233,-0.43287765957344276,-1.2757759076995718,1
-0.30012936723753253,-0.14810498984738546,-0.08550586915994673,0.4252259470581472,-0.07699769213057926,0.3264406034985735,-0.5443209612228748,-0.7113049344354632,0.9198446492158827,-1.0207597430666393,-0.7540359928618884,0.7654655446197431,1
-0.9826701961151606,-0.6908215813919575,-0.7017184297959921,-0.940304217554957,-0.8661794351072131,-0.33551556344112904,1.844781018568444,1.1316404240239544,0.48639797404322094,-0.15545172916661695,2.00030496720512,-1.2757759076995718,0
-0.6778012897634643,-1.122434870705235,-0.8394480584149757,-1.3847594317330978,-1.0508815451655742,-1.8130879275797158,0.8551929039078444,1.4700984741777556,-0.18544437247440326,1.1469101629405354,-0.2713912659990266,-1.2757759076995718,0
0.6982259249062627,0.5360933798073909,0.28891467678943844,0.8228964018491153,0.2588243261573499,1.2020216905546983,-0.8604332261480745,-1.633809497964421,0.496249034842599,0.45661925015701443,-0.9010067555532109,0.08505172717997146,2
0.1939269632138326,1.0607194183004773,0.7367910246689481,0.47785880136871645,0.6198329958168738,1.1069211230467297,-0.7551610406350987,1.3215071350858432,-0.5834272287693019,-1.433369892067554,-0.617951953332886,0.7654655446197431,2
-0.3804637299125513,-0.308359983388377,0.034880028447757463,0.23808690950945635,-0.31207310493212975,0.2491421126669738,-0.7464376432400628,-0.017878685339869797,-1.4335737757556808,1.163531898800762,-0.6433543073782998,0.4252586358998573,1
-0.4733503367555418,0.09577614515802124,-0.04673752925238107,-0.08063426381565787,-0.41281971041850857,0.49368642911603594,-0.18303924029456548,-0.7690904551934287,-0.34207623918452434,-1.3707939452996427,-0.316752612508694,-1.9561897251393436,1
-0.7133492452471603,-0.7416799286499078,-0.5966358242570637,-1.0192534990208109,-1.0256948937939794,-1.9166210577238587,0.8066967285591701,0.9479650187575629,-0.5085591666940236,1.5252990910527482,0.42717347024985247,-0.5953620902598002,0
-0.46762651341494665,-0.3773088836978132,-0.03551511506861191,0.16206167550530073,0.06572666564179061,-0.11580045919858097,-0.23700602078927915,1.4453332509957708,0.25686825741769825,-0.19456169589656166,-0.45465110589808316,-1.2757759076995718,1
-0.9584694693593111,-0.6993548611332243,-0.7088599660947542,-1.2619494383417695,-1.1348370497375564,-0.3922011233843025,0.5052220287544544,0.08737351318356797,1.4084572648650637,-1.5741657722953541,0.1005717753802466,-0.935568998979686,0
-0.311476595965379,-0.046558960926309956,-0.21711418095142007,-0.10110259604754603,-0.09378879304497573,0.04863451220682283,-0.5478694618581437,-0.8330672817468916,-0.3332102844650832,0.2327146906280822,-0.5000124524077506,-0.935568998979686,1
-0.8597586212223819,-0.8751404238033215,-0.7496687449448234,-1.010481356635716,-0.8158061323640236,-1.955036065288654,0.3275752157013078,1.7404521605810974,-0.7114910191612243,1.3453932440950038,0.4543902781556527,0.7654655446197431,0
0.3674491865918731,0.6297887913665009,0.5276460330623434,1.3199844703378258,1.2746859314783359,0.9972978087764609,-0.9526203155684964,-0.44714255382761803,1.2803934744731416,-1.1390673924247214,-0.8629032244850904,-0.2551551815399144,2
1.0239817655534638,2.8612414437077835,2.5578827808532876,2.1767303766154265,2.1226365276553576,1.5613425539961365,-1.1086064893271894,-1.487281927471007,1.6330614510908974,1.0726012261536408,-0.9445536482024917,0.7654655446197431,3
-0.5301868983481175,-0.09417466188257886,-0.5252204612694427,0.3813652351326729,0.05733111518459238,0.006940174727960041,-0.29200778063594623,0.8365215144386278,-0.5322017126125332,0.6081703712355495,-0.7177469156541544,0.4252586358998573,1
0.9270784405767225,0.4623658428428454,0.7194472936576688,0.4544664216751301,0.31759317935773757,1.0610105042497797,-0.9846307483824842,0.6012518942097665,0.9109786944964415,-0.17011796669034634,-0.7866961623488491,0.4252586358998573,2
1.4258544148352448,2.718394340838976,2.3589399839592,1.3901616094185851,2.945400472460784,1.1954630307265626,-0.9022759628056196,1.2740404573203716,-1.6847758261398365,0.02836511446412215,-0.9862860869913859,0.4252586358998573,3
2.953412321100726,2.0374386174858814,1.4795107997402082,2.03345205099221,1.6021123993090671,1.1734446727321068,-1.0300219856752981,-1.2602673816361407,-1.3084653036035714,-0.03225533396729194,-0.8066551548131027,-0.2551551815399144,3
-0.5037769766187051,0.10721074001131885,-0.13447640378002984,0.3842892825943712,-0.13576654533096694,0.17699685455748007,-0.3729579513780168,-0.5792237441315405,1.5680444498149986,-0.12807475245565603,-0.24961781967438615,-0.2551551815399144,1
0.2117009409556806,0.7579586530803291,0.5470302030161263,1.302440185567636,1.1487526746203625,0.8961070571423657,-0.6699970253886464,0.25041123246497204,-1.4729780189531954,-0.531885158942333,-0.8864911246701175,-0.2551551815399144,2
-0.40918326456887044,-0.26927756217337484,-0.1722245242163438,-0.022153314581691896,-0.429610811332905,0.330188409114651,-0.7380099542312993,0.7684171506881681,-1.6611332802213274,0.22782594478683907,-0.5363015296154846,-1.6159828164194576,1
-0.7214830994680059,-0.5877395621174539,-0.905762324046338,-0.5484818576873854,-0.8409927837356184,-1.4064510182352978,2.228610503950024,-1.623490654971927,0.33764695597260264,1.0041587843762378,-0.40566085166764226,0.4252586358998573,0
0.08798602243615167,0.08707219982192896,-0.4487040009255629,-0.10987473843264099,-0.14416209578816516,-0.014141231862476488,-0.07643636704336376,-1.136441265726213,-1.3124057279233237,-1.430436644562808,-0.19518420386278523,0.7654655446197431,1
1.6890498705492754,2.069182418123394,2.8996563037226175,1.9281863423710714,2.794280564231216,1.6522268401860178,-1.0142755141062927,-1.615235580577932,0.7760191615449534,1.2681510598033634,-1.0008017178744795,-0.2551551815399144,3
1.0618393339640664,1.3820827333565868,1.968195926469787,1.431098273882361,2.945400472460784,1.5308916333655067,-1.057744646888336,1.7239420117931075,1.3188126115907184,0.3334228549576894,-0.8810477630889573,0.7654655446197431,3
1.0108270136654294,2.7446768424420784,1.9008614413671727,2.0597684781474945,2.2737564358849256,1.5941358531368155,-0.8850509493052521,-1.4583891670920237,-0.8671377797914069,0.5680826553373564,-1.0280185257802799,0.7654655446197431,3
-0.7775163174338314,-0.569137012281492,-0.8098616937486754,-1.4695568081223485,-0.7570372791636361,-0.626907450091161,0.7405319771307198,-0.5833512813285381,0.990772286971409,-0.5553511389802995,1.7226935265659549,-1.2757759076995718,0
-0.04597152732444212,-0.4563270541019443,-0.07122279656242245,-0.3496466302919011,0.06572666564179061,0.21728576493031407,-0.6806425272944531,-0.2717222229552208,0.8843808303381195,0.821319689913747,-0.5580749759401249,-1.2757759076995718,1
1.5783892859644373,1.365357505063704,1.9722768043547938,1.863857298213709,2.7858850137740174,1.2558963962858138,-0.9555773994312204,0.4423417121253592,1.3207828237505936,-0.930806819587767,-0.9409247404817184,0.08505172717997146,3
0.4284028842715435,1.0636207334125078,0.4756148400285051,1.0743644835551691,1.266290381021138,1.0343073892352266,-0.8304188249414255,0.18437063731301076,0.28642143981583396,-1.2202205733893563,-0.7522215390015017,0.4252586358998573,2
-0.6299019260184845,-0.5570197550488931,-0.7200823802785232,-1.1742280144908206,-0.5471485177336802,-0.7580806466538765,2.0743246534123974,-0.39142080166815085,-0.08003802192105222,-1.0862689373392964,1.8587775660949573,0.4252586358998573,0
-0.572964946472565,-0.7111307871761725,-0.7139610634510128,-0.6040387594596529,-1.1012548479087636,-0.6770343502061986,1.0670679626720219,0.06054452140308393,0.4085745937281289,-0.08798703655746289,2.054738583016721,1.105672453339629,0
0.11851308025265885,-0.47441760715343007,-0.2497612040314753,0.05679596688416197,-0.27009535264613865,0.021931397192270045,-0.35366297917374245,0.5393388362548027,-0.9213186141879908,0.7812319740155539,-0.2949791661840536,1.105672453339629,1
-0.30615444443815903,-0.19264871009679843,0.030799150562750625,-0.1361911655879256,-0.4044241599613103,0.37422512510356315,-0.18141284417006726,-0.8805339595123638,-1.240492984087859,-0.531885158942333,-0.7123035540729943,-1.6159828164194576,1
0.09330817396337167,0.026315248064108916,-0.3303585422603621,0.4310740419815439,-0.0853932425877775,-0.08207020865388279,-0.7660283238306095,0.8303302086431319,-1.0966674964169296,0.027387365295873385,-0.6687566614237136,-0.2551551815399144,1
0.657355817895347,0.8134249713985636,0.8275905576103522,0.539263798064381,0.7205796013032527,1.0666322126738956,-0.7535346445106005,-1.4687080100845178,0.6509106893928448,0.10462954958751405,-0.65424103054062,0.08505172717997146,2
0.6917991758922614,0.5497466273934178,0.6919013679338721,1.2673516160272567,0.31759317935773757,0.9504502385754912,-0.9097425995589978,0.8076287540596453,1.0321467423287995,1.5047663585195272,-0.6469832150990732,-0.2551551815399144,2
-0.572061184892471,-1.0891550797142941,-0.6354041641646296,-1.0251015939442074,-1.008903792879583,-0.36830886258180806,0.8943742650889379,-0.4615889340171096,0.31400441005409435,-1.1635111216309368,1.0840057677098371,1.4458793620595147,0
-0.39833812560774295,-0.11909183872707822,-0.06306104079240858,-0.35257067775359957,-0.211326499445751,0.05894097765103645,-0.2565227742832578,1.4081854162227927,-0.24455073727067608,-1.0452034722728547,-0.6560554844010067,-1.6159828164194576,1
-0.6152409048302936,-1.1673199221442987,-0.5843931906020431,-1.2707215807268644,-0.9165527378504025,-1.8280791500440259,-0.09040858829473496,1.589797052890685,0.37606609309017947,0.7264780205936318,1.7372091574490485,-1.9561897251393436,0
-0.956762364152467,-1.083352449490233,-1.0067640517002594,-1.238557058648183,-0.5807307195624732,-0.5477350564515222,1.751780731085773,-0.7773455295874244,1.3296487784700348,-1.2524862959415606,1.9549436206954525,-1.6159828164194576,0
-0.015544887461278759,0.010955344529828721,-0.4956340966031425,-0.38181115237058244,-0.035019939844588156,0.05613012343897816,-0.36179495979623355,-1.6461921095554135,-1.5911907485457395,1.107800196210591,-0.49456909082659056,-1.9561897251393436,1
-0.3749407424786438,-0.12881977763212243,-0.3742279795241865,0.4310740419815439,-0.320468655389328,0.043949755186726114,-0.58616369788042,0.5104460758758196,0.7888255405841452,1.4187244317136498,-0.20607092702510552,0.4252586358998573,1
2.922483591470844,2.195645623888969,3.409766039348482,1.4574147010376461,2.147823179026952,1.3725468460862285,-0.9974201360887656,0.630144654588749,-1.293688712404503,-0.5367739047835761,-0.8266141472773564,0.08505172717997146,3
-0.33025475324066456,0.05481640239994024,-0.13651684272253325,0.021707397343782388,-0.0686021416733811,0.4468388589150662,-0.2848368522688405,-0.39142080166815085,0.9306808160951991,0.04987559616559152,-0.4963835446869772,1.105672453339629,1
0.008555421341226919,0.1159146853474109,-0.07020257709117073,0.21177048235417173,0.023748913355799515,0.5321014366808309,-0.42884683638350113,-0.08598304909033018,0.18692572574210894,0.438042015960291,-0.7068601924918343,-0.5953620902598002,1
-0.25825508069317915,-0.15595560720935098,-0.1885480357563715,-0.12449497574113241,-0.1105798939593722,0.4070184242442415,-0.7812573057236383,0.7807997622791606,-0.3972421796610451,0.5446166752993898,-0.6433543073782998,1.7860862707794007,1
-0.45828764375397574,-0.23173113131180073,-0.48237124347687,-0.23853282674736587,-0.15255764624536342,0.5602099788014131,-0.4599701440386716,0.1699242571235199,-0.012065702405339667,-1.501812333844957,-0.3385260588333344,-1.2757759076995718,1
0.915731211848876,0.34955588466329757,0.7388314636114515,1.0275797241679963,0.5190863903304951,0.5901924237300338,-0.7078476988315141,0.49599969568632807,-0.22878903999167055,0.07431932537180684,-0.6143230456121126,-0.2551551815399144,2
-0.8896831713188263,-0.8292313787953058,-0.7680326954273545,-1.1654558721057258,-0.9921126919651866,-1.487028838980966,0.09418737183581312,-1.0229339928087797,0.4548745794852099,0.22489269728209346,0.49975162466532014,1.105672453339629,0
-0.45226256655334934,-0.308359983388377,-0.034494895597360194,-0.013381172196597195,-0.28688645356053505,0.15123069094694686,-0.4524295801887253,1.4081854162227927,1.5641040254952465,0.9699375634875361,-0.2768346275801867,0.7654655446197431,1
-0.7231902046748501,-0.7741063916667219,-0.5956156047858121,-0.615734949306446,-0.7402461782492396,-1.3600719237363381,1.8828534733010156,1.7342608547856007,-0.8769888405907864,-1.4499916279277805,1.270894515329667,-1.9561897251393436,0
-0.6393412136327993,-1.0012622983792456,-0.811902132691179,-1.1303673025653462,-0.6059173709340678,-1.1904837196088274,0.7193149004156748,0.39074749716288953,-1.3606759258402785,0.016632124445138702,1.6247130181050733,0.7654655446197431,0
0.5187790422809395,0.4553685534550064,0.7857615592890311,1.1942504294847993,0.6114374453596756,1.0460192817854692,-0.9877356864383443,-1.5657051342139607,-1.6296098856633157,0.374488320024131,-0.7649227160242085,0.08505172717997146,2
2.9134459756699047,1.7372378361881133,2.6048128765308673,1.9135661050625798,3.0209604265755683,1.1294079567431954,-1.0751914416784079,0.34328081939741806,-1.2631504239264302,0.5221284444296717,-0.9899149947121592,0.4252586358998573,3
0.4965866745919658,0.22974863709591076,0.9255316268505184,1.252731378718765,0.9472594636476048,0.9054765711825599,-0.9726545587384519,-1.4583891670920237,-1.4936652466318907,0.11636253960649716,-0.6705711152841003,-0.2551551815399144,2
-0.8580515160155376,-0.705840153736587,-0.6384648225783848,-1.0631142109462854,-0.7738283800780325,-0.41656185988880695,1.9833203975370652,1.137831729819451,0.25588315133775985,-1.7071396591771655,1.524918055783805,-1.9561897251393436,0
-0.9271390679160539,-0.5914942052036113,-0.6037773605558259,-1.215164678954597,-0.7066639764204466,-0.7337199101493721,1.962694737594565,0.06673582719858054,0.5721022029978158,-1.6328307223902707,0.4108433855063719,1.4458793620595147,0
1.1809350266297816,2.5315155145052324,1.3274980985237004,1.6650220708182248,2.0302854726261765,1.1415883249954477,-0.8860120015606375,1.4123129534197894,1.316842399430843,-0.6384598182814318,-1.0298329796406667,0.4252586358998573,3
-0.7180688890543175,-0.7473118932791442,-0.9027016656325829,-0.5660261424575751,-1.0005082424223846,-1.2584126964002336,1.7403220311177172,1.2988056805023567,-1.6296098856633157,-1.0940909306852853,1.7898283194002629,-1.2757759076995718,0
-0.6150400689236061,-1.009112915741211,-0.690496015612223,-0.4432161490662466,-0.5051707654476891,-1.00028258459289,2.0217624877524774,-0.4079309504561408,-0.8602420372318426,-1.3316839785696983,2.550084486902289,-1.9561897251393436,0
-0.42645515254399957,-0.23958174867376614,-0.16814364633133697,0.16498572296699895,-0.14416209578816516,0.1507622152449369,-0.5959220746274093,0.7126953985287009,0.49526392876266206,0.6296808529370189,-0.6687566614237136,0.4252586358998573,1
-0.3737357270385186,-0.4843162116532996,-0.5405237533382186,-0.2180644945154777,0.015353362898601276,0.16622191341125686,-0.2595537852425499,-0.29029614034170986,-1.071054738338546,0.04694234866084592,-0.19336975000239856,0.4252586358998573,1
-0.9751388496143776,-0.9435773273282818,-0.6802938208997057,-0.5016970983002126,-0.8913660864788078,-0.5491404835575513,0.9685970700433114,0.8716055806131074,1.02229568152942,-1.0285817364126284,0.40721447778559855,1.7860862707794007,0
2.310235329933858,2.166803138363487,1.3295385374662039,1.3229085177995241,2.7019295092020355,1.0984885604105554,-0.9607522961909875,-0.989913695232799,0.5632362482783746,-1.453902624600775,-0.7975828855111692,0.4252586358998573,3
-0.8598590391757257,-1.1500826970669396,-0.8996410072188279,-0.990013024403828,-0.681477325048852,-1.993919548555459,0.9594301100688669,1.2699129201233734,0.7366149183474396,0.2933351390594963,0.41265783936675887,-1.9561897251393436,0
0.04972678221217396,-0.45513239493816693,-0.33341920067411723,-0.2765454437494437,-0.2616998021889404,-0.04787148240717467,-0.46603216595725594,-0.9383194802703293,0.4844277618833456,1.5311655860622402,-0.5508171604985781,0.08505172717997146,1
0.5318333762156302,0.6140875566425701,0.49907988786729496,0.8930735409298745,1.2746859314783359,0.9616936554237236,-0.5910428862539147,0.8179475970521387,1.0705658794463764,0.6013261270578092,-0.8919344862512775,0.4252586358998573,2
0.8270621590463242,0.3258333669825757,0.729649488370186,0.5743523676047603,1.0731927205055787,0.7490056867113213,-0.6865566950199011,1.7383883919825989,0.26967463645689005,0.4419530126332854,-0.7921395239300091,0.08505172717997146,2
0.12815320377366105,-0.277981507509467,-0.3058732749503206,-0.13034307066452888,-0.20293094898855274,0.18355551438561588,-0.1415661391198607,0.058480752804584826,-1.2532993631270508,1.6406734929060844,-0.45465110589808316,-0.2551551815399144,1
-0.7504034700310126,-0.5568490894540679,-0.6109188968545881,-0.7853297020849472,-1.1096503983659618,-1.4860918875769467,0.5239995112827522,1.092428820652478,-0.40216771006073415,-0.292336612721423,1.849705296793024,-0.5953620902598002,0
-0.619458458870732,-1.0891550797142941,-0.663970309359678,-1.0660382584079837,-0.9585304901363937,-1.7034646133094464,0.07326600350704067,0.2091358604949964,-1.3094504096835098,-1.3375504735791899,1.5376192328065117,-1.2757759076995718,0
-0.8271227863856555,-0.8727511054757667,-0.7945584016798996,-1.2502532484949762,-0.7318506277920414,-0.7913424214965651,1.286261803996441,-0.048835214317352056,-0.5016634241344592,-0.04203282564977786,-0.15345176507389124,-1.9561897251393436,0
-0.9548544230389353,-1.154861333722049,-0.8333267415874653,-1.0367977837910007,-0.614312921391266,-1.5854087364030025,0.7042337727157822,1.1667244901984342,-0.4041379222206109,-0.15154073249362257,1.9894182440427994,-0.5953620902598002,0
-0.10069931189679852,-0.3102373049314557,-0.531341778096953,0.0041631125735927255,-0.49677521499049093,0.5419394264230348,-0.2030734834645209,-0.7133687030339615,1.6586742091692825,-0.44486548296820644,-0.65424103054062,-0.2551551815399144,1
-0.9330637271633364,-0.9454546488713604,-0.98942032068898,-0.6683678036170153,-0.933343838764799,-0.24603670435727698,2.068927975362926,-0.6886034798519759,0.2480023026982571,-0.622815831589454,2.299689854168925,1.105672453339629,0
-0.5293835547213673,-0.30733598981942506,-0.22629615619268564,-0.3028618709047283,0.07412221609898885,0.020994445788250837,-0.6956497278977776,0.9747940105380469,-0.2632677527894953,0.21218195809486126,-0.6469832150990732,-0.5953620902598002,1
-0.9533481537387788,-0.849540584579521,-0.9812585649189662,-0.8584308886274047,-0.9837171415079882,-0.5168156601188822,1.9672042904852192,-1.0889745879607409,0.5001894591623511,1.674894713794786,0.9261482818561946,-1.6159828164194576,0
-0.9199089752753022,-1.0918857292314996,-1.0261482216540425,-1.4607846657372539,-0.8661794351072131,-1.6135172785235843,0.6547765451117228,0.7003127869377077,-1.5941460667855525,1.0129585268904748,1.04953114436249,0.7654655446197431,0
-0.7517089034244817,-0.5676010219280642,-1.046552611079077,-1.6011389438987718,-0.7738283800780325,-1.4678213351985685,2.181445016339576,-0.7051136286399665,-0.8011356724355697,-1.2270648175670966,0.5051949862464804,-0.2551551815399144,0
0.3953653776214421,0.4872830196873445,0.21341843591681034,1.223490904101782,0.3008020784433411,1.0193161667709167,-0.7281776503877418,1.7363246233840992,-1.5084418378309585,0.35786658416390477,-0.8556454090435435,0.08505172717997146,2
-0.054306217451975294,-0.45530306053299224,-0.3681066626966762,-0.3905832947556774,-0.25330425173174215,0.4552714215512404,-0.7737906689702602,1.54852168092071,-0.9134377655484865,0.6511913346384886,-0.347598328135268,-1.6159828164194576,1
-1.0513560762023015,-0.7490185492273974,-1.0322695384815528,-1.109898970333458,-0.7738283800780325,-0.24416280154923822,0.4996035694152788,0.5723591338307834,0.4046341694083782,-0.5866391123642551,0.2675015305358229,0.7654655446197431,0
-0.31037199847859753,-0.37133558787892645,-0.12019333118250555,0.01585930242038592,0.07412221609898885,0.5648947358215098,-0.32261359861514005,0.0006952320466192628,0.6233277191545844,-1.3747049419726372,-0.49456909082659056,0.7654655446197431,1
0.5590466415717928,0.8994404311905336,0.18281185177925832,0.7673395000768478,0.6869973994744597,0.7077798249344674,-0.9605305149012832,1.5732869041026951,-1.4582014277541275,-0.5279741622693387,-0.6415398535179131,0.7654655446197431,2
-1.0074734305910726,-0.6665870669267596,-0.9802383454477145,-0.8379625563955166,-1.0172993433367812,-1.813556403281725,0.29667368933584176,1.2802317631158668,1.1326275624824615,-0.36371230200357174,1.7245079804263417,-0.5953620902598002,0
0.11118256965856335,0.11489069177845906,-0.003888311459808203,0.09773263134793803,-0.2365131508173457,0.12405910023038445,-0.09188713022609689,0.3081967532229383,-0.9301845689074305,-1.5634105314446196,-0.3929596746449354,0.7654655446197431,1
1.5806988988913437,2.1101421608814745,1.7366061064956442,1.5714525520438791,1.4006191883363093,1.4161150863731307,-0.9946848335157458,-0.7443252320114437,1.4015615223054994,-0.9034298428768057,-1.0171318026179597,-0.2551551815399144,3
-0.002088881713213086,-0.383794176301176,-0.31505525019158614,0.33458047574550015,-0.4715885636188962,0.23368241450065388,-0.43594383765403877,-0.7340063890189497,-0.9745143425046348,1.4461014084246102,-0.2986080739048271,0.4252586358998573,1
0.5614566724520432,0.16438371427780668,0.5755963482111748,0.5334157031409844,0.9136772618188119,0.9738740236759761,-1.0091745444430937,1.0016230023185309,-0.7794633386769367,-0.014655848938816935,-0.882862216949344,0.08505172717997146,2
-0.11797119987192754,-0.49472681293764514,-0.40993566101799706,-0.367190915062091,-0.33725975630372446,0.3147287109483311,-0.37347544105399344,0.20500832329799892,-0.7883292933963779,-0.8858303578483308,-0.38751631306377526,-0.5953620902598002,1
-0.24831370331214547,-0.44676978079172536,-0.20691198623890264,-0.4022794846024706,0.03214446381299766,0.05566164773696856,-0.30228364705891225,0.10181989337305955,0.15441722510415953,-1.0901799340122909,-0.5780339684043787,-1.6159828164194576,1
-0.8700012524634468,-1.1424027452997993,-0.7037588687384956,-1.010481356635716,-0.6982684259632485,-1.533407933479926,0.5370106802787379,-1.6317457293659219,-0.5538740463711662,1.0266470152459555,0.5269684325711207,-1.2757759076995718,0
0.2415250730987813,0.6145995534270459,0.8969654816554697,1.1591618599444196,0.7373707022176491,1.1186330155969721,-0.7819965766893194,-1.2850326048181258,-1.080905799137924,-0.5221076672598467,-0.8991923016928243,0.7654655446197431,2
-0.9708208776205953,-0.7382666167534012,-0.7568102812435855,-1.0367977837910007,-0.9165527378504025,-0.29663208017432424,-0.3362901114802387,1.4412057137987726,-0.19135500895403068,0.16133900134593343,1.8678498353968909,0.08505172717997146,0
-0.7517089034244817,-1.0604832597836376,-0.792517962737396,-0.7999499393934387,-1.0508815451655742,-1.0237063696933748,0.9646050068286338,1.148150572811945,-0.5725910618899854,0.2434699314788169,-0.2840924430217335,1.105672453339629,0
-0.5247643288675538,-0.3414691087844925,-0.055919504493646625,-0.3759630574471857,-0.00983328847299344,-0.12329607043073597,-0.609598587492508,-0.6122440417075212,-1.37840783527916,-0.4898419447076427,-0.3058658893463739,-1.2757759076995718,1
-0.8035245673498688,-0.550875793635181,-0.717021721864768,-1.5192656149712196,-1.0508815451655742,-0.5547621919816675,2.0658230373070654,0.5393388362548027,-1.6325652039031295,1.1126889420518338,1.4015351932775093,0.08505172717997146,0
-0.7632569680590156,-0.7114721183658231,-0.6823342598422091,-1.2473292010332782,-1.1348370497375564,-1.9297383773801302,1.8487730817831214,-1.252012307242145,-1.0937121781771173,0.8995396233736361,0.6848259184247636,-1.2757759076995718,0
1.4339882690560906,2.8678974019059713,1.3305587569374553,1.767363731977665,2.4248763441144936,1.3266362272892784,-0.8784714377106911,0.12864888515354359,-1.4700227007133817,1.1938421230164684,-0.9445536482024917,0.08505172717997146,3
-0.9936157530296318,-0.9512572790954219,-0.9669754923214421,-0.8467346987806115,-0.5051707654476891,-1.9775228989851192,1.177145409461924,1.4845448543672473,0.014532161752982333,0.1378730213079669,1.265451153748507,-1.9561897251393436,0
0.6017242717428966,0.43386468850701404,0.540908886188616,0.7380990254598649,0.8129306563324333,1.201553214852689,-0.7612969896502512,0.09769235617606206,-1.5537567175081004,-0.9259180737465239,-0.7286336388164747,0.08505172717997146,2
-0.8307378327060313,-1.0867657613867394,-0.8812770567362967,-0.990013024403828,-1.1432326001947548,-0.6606377006358591,1.1841684836358937,-0.7690904551934287,1.3848147189465556,1.6944496971597587,2.052924129156334,-0.5953620902598002,0
-0.8772313451041985,-0.8498819157691715,-0.626222188923364,-0.7970258919317404,-1.1012548479087636,-1.7231405927938537,0.8435863497466526,-1.625554423570426,1.0459382274479296,-1.6562967024282378,0.1005717753802466,-1.9561897251393436,0
0.657757489708722,1.0248796433871565,0.44806891430470847,0.5743523676047603,0.5022952894160987,0.8965755328443756,-0.7772652425089609,0.1926257117070065,1.1720318056799752,-1.1410228907612188,-0.7721805314657555,0.08505172717997146,2
-0.22300837906951462,-0.10475592876174984,-0.1446785984925471,-0.10402664350924426,0.015353362898601276,0.34283725306891333,-0.6402044054717017,1.0408346056900082,-1.3695418805597197,0.844785669951714,-0.5725906068232185,0.4252586358998573,1
1.8857686411497272,1.6848434985767349,2.6119544128296295,1.6825663555884147,1.3838280874219129,1.1401828978894186,-0.9394612923793744,-1.6276181921689246,-0.9646632817052566,-0.9317845687560156,-0.8629032244850904,0.4252586358998573,3
1.3409008263064128,1.5897827622590222,2.291605498856586,1.9457306271412615,1.5013657938226883,1.2385627953114549,-0.8741097390131731,-0.6246266532985136,1.1542998962410944,-1.5506997922573875,-0.9626981868063588,0.08505172717997146,3
-0.6720774664228694,-0.9159295009665771,-0.9027016656325829,-1.3935315741181928,-0.6646862241344554,-0.5266536498610856,1.2529946105407956,-0.6060527359120246,-0.9725441303447594,0.5954596320483176,2.4484750707206344,0.08505172717997146,0
-0.710738378460222,-0.9273640958198747,-0.7823157680248788,-0.8408866038572148,-0.9417393892219972,-0.2816408577100139,-0.026239868473623276,-1.7081051675103773,1.4577125688619572,-1.3375504735791899,1.5684649484330857,1.4458793620595147,0
2.3280093076757056,1.519297871596158,3.113902392685481,1.6708701657416212,2.8530494174316035,1.2038955933627375,-1.0229989115013285,1.4081854162227927,1.2656168832740728,0.24249218231056846,-0.9010067555532109,-0.2551551815399144,3
-0.6671569867090243,-1.0715765234472845,-0.9251464940001211,-1.0251015939442074,-0.8745749855644113,-1.0246433210973944,1.1885301823334118,-1.10754850534723,0.9198446492158827,-0.3539348103210855,0.519710617129574,0.7654655446197431,0
3.3576950012627584,2.236093369862574,3.5026060112323893,1.9983634814518307,2.2065920322273396,1.282131035598357,-0.9713238710002259,1.763153615164584,-0.03866356656366167,1.1381104204262975,-0.8991923016928243,0.4252586358998573,3
-0.737851225863041,-1.1686852469029014,-0.6966173324397334,-0.9695446921719398,-1.0424859947083758,-0.9890391677446575,0.11873116789642259,1.0821099776599838,-0.1371741745574483,-1.2143540783798648,0.8499412197199532,0.08505172717997146,0
-0.6418516624663936,-0.6319419511772162,-0.8547513504837516,-1.5221896624329176,-1.1768148020235474,-1.0194900883752878,0.5950434510846971,0.9871766221290393,0.8942318911374977,1.5458318235859692,2.5718579332269296,1.7860862707794007,0
-0.291493423249968,0.12154664997664723,0.06344617364280586,0.18837810266058536,-0.0853932425877775,0.05144536641888112,-0.306497491563294,-1.216928241067666,1.7158103618056786,0.4067540425763354,-0.6506121228198466,-1.9561897251393436,1
-0.655408086167803,-0.7770077067787526,-0.7823157680248788,-1.3379746723459254,-0.5639396186480767,-1.6416258206441663,1.928318637690398,0.8282664400446328,1.6931529219671073,0.5055067085694451,2.4775063324868216,1.105672453339629,0
2.106286466692654,1.7607896882740097,2.220190135868964,2.001287528913529,1.6272990506806615,1.5126210809871283,-0.9308118220809066,1.3153158292903466,-1.2739865908057466,0.31484562076096567,-0.8919344862512775,0.08505172717997146,3
0.8415223443278275,0.6842311161157836,0.964299966758084,0.4544664216751301,0.4603175371301075,1.0146314097508193,-0.8056532475911117,-0.43269617363812646,-1.6424162647025082,0.4771519826902354,-0.9155223864363045,0.7654655446197431,2
3.212992730494381,2.963982131792636,3.1169630510992357,1.8433889659818208,2.0302854726261765,1.3444383039656467,-0.8989492434600551,-1.163270257506697,-1.2444334084076096,1.1068224470423418,-0.9536259175044253,0.4252586358998573,3
-0.9377833709704938,-1.0430753691114532,-0.8782163983225414,-0.6449754239234292,-0.5639396186480767,-1.6210128897557394,1.1831335042839404,0.10801119916855614,-0.2337145703913596,-1.0657362048060754,1.4614121706702705,1.4458793620595147,0
1.885869059103071,2.8701160546387006,3.3097845311658123,2.1387177596133484,1.7952100598246263,1.2886896954264928,-0.8995406602325998,0.38249242276889456,-1.32324189480264,-1.5301670597241668,-0.9391102866213317,0.08505172717997146,3
-0.7372487181429784,-0.8701911215533867,-0.887398373563807,-1.4373922860436674,-1.084463746994367,-0.6667278847619853,0.6943275417756567,-0.5792237441315405,1.6606444213291578,-1.0197819938983907,2.4611762477433414,0.4252586358998573,0
2.5602760337598536,2.0430705821151176,1.747828520679413,1.51881969773331,1.702859004795446,1.2943114038506087,-0.8681216441911569,-1.0311890672027746,-1.080905799137924,0.7313667664348749,-1.0298329796406667,0.08505172717997146,3
-0.8695995806500717,-0.7534558546928563,-0.8863781540925553,-0.9227599327847672,-0.7822239305352308,-0.900028784362815,1.14343465342687,-0.9568933976568185,1.0282063180090475,-0.0039006080880822497,-0.14256504191157096,1.4458793620595147,0
-0.1375527007739634,-0.5082093949288468,-0.22527593672143392,0.0626440618075587,-0.49677521499049093,0.4285683065366879,-0.5736700185604109,0.15754164553252673,1.6911827098072318,-1.3835046844868746,-0.4891257292454304,0.08505172717997146,1
-0.566739033365251,-0.5901288804450087,-0.8853579346213035,-0.6946842307723002,-0.6730817745916537,-0.311154826936625,0.4861488378398845,1.3111882920933497,0.9543233620137075,-0.3764230411908036,0.9315916434373546,0.7654655446197431,0
-0.5903372524010377,-1.0140622179911458,-0.8057808158636687,-1.1420634924121393,-0.5303574168192837,-1.3722522919885902,1.879822462341724,-0.19329901621226706,-0.4258102559792438,0.8359859274374765,2.1345745528737354,1.4458793620595147,0
0.37257050221240545,0.6011169714358444,0.4429678169484497,0.5100233234473981,0.9304683627332083,1.1565795474597578,-0.8786192919038274,-1.4563253984935254,0.5514149753191198,-0.18869520088706976,-0.5979929608686323,0.08505172717997146,2
-0.9771472086812529,-0.8481752598209182,-0.8241447663461997,-0.7911777970083439,-0.9921126919651866,-1.5423089718181104,0.07526203511437926,0.23596485227548047,-0.3381358148647737,-1.5008345846767084,0.17133547593532777,1.105672453339629,0
0.06258028024017698,-0.4578630444553724,0.14506373134294437,-0.04262164681358005,-0.4799841140760944,-0.09940380962824148,-0.24040666723141174,1.092428820652478,-1.3665865623199058,-1.6015427490063152,-0.3566705974372014,-0.935568998979686,1
0.2338933086446546,0.6316661129095795,0.2113779969743069,0.9690987749340301,0.41833978484411627,0.947170908661423,-0.7842883166829305,0.20294455469949982,0.2795256972562696,-0.3480683153115939,-0.6215808610536594,0.7654655446197431,2
-0.0037959869200572516,-0.054409578288275355,-0.4231985141442696,-0.38473519983228066,0.023748913355799515,0.5381916208069574,-0.25467459686905525,-0.7752817609889253,0.14062573998502934,1.6729392154582885,-0.316752612508694,-0.5953620902598002,1
-0.9086621645007995,-0.7014028482711283,-0.6660107483021814,-1.36429109950121,-0.5303574168192837,-1.0583735716420926,2.2891567960392987,0.8117562912566428,-1.4365290939954944,-0.9699167863177116,1.6773321800562875,-0.935568998979686,0
0.6326530013727787,0.32344404865502097,0.8041255097715623,1.0772885310168674,0.19165992249976402,0.9026657169705016,-0.9366520627097866,-1.6585747211464068,-0.3499570878240271,0.15938350300943624,-0.8356864165792899,0.4252586358998573,2
0.1320695039540682,-0.17626481299356617,0.10119429407911999,-0.0747861688922614,0.08251776655618709,0.2809984604036329,-0.7607794999742745,-0.7587716122009346,-1.6177886127040615,1.0862897145091208,-0.4038463978072556,0.7654655446197431,1
-0.37554325019870644,-0.2878801120093366,0.07772924624033015,-0.38181115237058244,-0.16095319670256164,0.1357709927806269,-0.5061745793937347,1.271976688721872,0.3346916377327889,-0.789033190191718,-0.21332874246665232,-0.2551551815399144,1
0.004337867300788419,-0.37474889977543313,-0.44156246462680077,-0.4139756744492638,-0.37084195813251736,-0.10924179937044518,-0.5366325431797924,0.3123242904199358,-0.40709324046042317,-1.4020819186835984,-0.6832722923068072,-0.5953620902598002,1
-0.6805125745037464,-0.8205274334592135,-1.046552611079077,-1.127443255103648,-1.0508815451655742,-1.3268101488936495,0.7111829197931838,0.38249242276889456,0.238151241898879,-1.5898097589873321,0.9606229052035418,-1.6159828164194576,0
-0.8758254937573855,-0.942212002569679,-0.7160015023935162,-1.147911587335536,-0.8745749855644113,-1.5549578157723722,0.681316372779671,-1.4666442414860195,0.3504533350117958,0.564171658664362,0.19673782998074166,1.105672453339629,0
-0.6255839540247022,-1.0422220411373264,-1.0281886605965458,-0.6420513764617307,-0.6562906736772572,-1.4476768800121513,-0.15583406875750427,0.9830490849320419,1.596612526133196,-0.8359651502676515,0.13323194486720713,-0.5953620902598002,0
3.28509282099521,2.607632369797332,2.2967065962128443,1.50127541296312,2.2569653349705288,1.5112156538810992,-0.892961148638039,-1.0373803729982713,0.33764695597260264,-0.5856613631960068,-0.8284286011377431,-0.2551551815399144,3
-0.1321301312933997,-0.46571366181733775,0.070587709941568,0.045099777037368775,-0.4799841140760944,0.5203895441305884,-0.43032537831486306,1.284359300312865,1.0823871524056299,-1.5125675746956915,-0.22421546562897243,-1.2757759076995718,1
-0.8684949831632902,-0.6839949575989439,-0.8578120088975069,-0.4636844812981348,-0.681477325048852,-1.9709642391569835,2.179744693118509,-1.2293108526586585,0.8026170257032754,1.236863086419408,-0.19336975000239856,1.105672453339629,0
-0.39110803296699126,-0.051508263176244594,-0.3130148112490827,-0.03092545696678686,-0.17774429761695812,0.35595457272518494,-0.6155866823145241,0.8096925226581437,-0.923288826347866,1.6132965161951232,-0.24417445809322616,-1.2757759076995718,1
0.5589462236184489,0.9861385533618049,0.7429123414964587,0.9866430597042201,0.2756154270717464,1.1640751586919134,-0.5987313042969971,-0.009623610945874822,-0.8375845973932713,0.859451907475443,-0.9082645709947579,0.4252586358998573,2
0.251366032526471,0.22701798757870542,0.30625840780071784,1.1006809107104538,0.8297217572468296,0.956540422701617,-0.9031630879644369,1.6661564910351412,-0.9006313865092948,1.3629927291234787,-0.8375008704396765,0.08505172717997146,2
0.5089380828532498,0.40177955667985055,0.8694195559316731,1.0977568632487555,1.2159170782779485,1.151894790439661,-0.5745571437192281,-1.4191775637205473,-0.5676655314902963,-1.2808410218207704,-0.8883055785305041,0.08505172717997146,2
-0.7800267662674257,-0.7706930797702153,-0.6129593357970915,-1.0748104007930785,-0.6562906736772572,-1.6861310123350874,0.03948132037541838,0.3701098111779021,0.4499490490855194,0.8291416832597361,1.114851483336411,-0.5953620902598002,0
-0.11365322787814536,-0.35461035958604337,0.11649758614789599,-0.2823935386728404,0.06572666564179061,-0.11580045919858097,-0.4363874002334474,-0.14583233844679486,0.23716613581894064,-0.23171616429000885,-0.5635183375212851,-1.6159828164194576,1
-0.7445792287370737,-0.6684643884698382,-0.5915347269008051,-0.8935194581677842,-1.0005082424223846,-0.4320215580551269,0.06025483451105476,1.463907168382259,0.25391293917788454,-1.4842128488164816,-0.43469211343382946,-1.6159828164194576,0
-0.4112920415890898,-0.1151665300460954,-0.0191916035285842,-0.054317836660373243,0.06572666564179061,-0.08581801426996029,-0.35647220884333025,-1.5945978945929438,-0.9557973269858154,1.3757034683107103,-0.40566085166764226,-1.6159828164194576,1
-0.1279125772529612,-0.5177666682390657,0.06140573470030244,0.3872133300560694,-0.1693487471597599,0.36345018395733997,-0.11007319598184978,-1.1880354806886828,0.25686825741769825,0.35395558749091005,-0.3258248818106276,-0.2551551815399144,1
-0.5679440488053763,-1.1318214784206286,-0.9394295665976454,-0.55725400007248,-0.8493883341928166,-1.745627426490319,0.7137703681730673,-1.0208702242102814,-1.5508013992682868,-0.22291642177577137,-0.14619394963234444,-1.9561897251393436,0
0.9114132398550939,0.9671946723361925,0.4858170347410224,1.1650099548678163,0.7205796013032527,0.7719609961097963,-0.8794324899660764,-1.2148644724691668,-1.0937121781771173,-1.5067010796862,-0.8756044015077972,0.7654655446197431,2
0.5389630509030382,0.9216269585178275,0.5735559092686714,0.521719513294191,1.0060283168479927,1.1622012558838744,-0.6130731610312088,0.9211360269770781,0.8627084965794852,-1.1899103491736494,-0.7504070851411151,-0.2551551815399144,2
1.6067071488073812,1.576129514672995,1.1744651778359407,1.817072538826536,1.3670369865075165,1.2957168309566378,-1.1057233325610336,-1.5822152830019514,1.1493743658414055,-1.0051157563746616,-0.9264091095986248,0.08505172717997146,3
-0.6173496818505128,-1.0374434044822172,-0.7690529148986063,-0.507545193223609,-0.723455077334843,-1.2232770187495063,1.6165680714627162,-0.7505165378069396,1.705959301006299,0.8467411682882111,0.5578141481976946,1.4458793620595147,0
-0.5371157371288379,-0.4902895074721864,-0.07836433286118459,0.2410109569711546,-0.0853932425877775,0.3920272017799315,-0.7147229188123475,-1.0848470507637435,-1.3921993203982903,0.8682516499896805,-0.334897151112561,-1.2757759076995718,1
0.37508095104599976,0.41782212259343243,0.904107017954232,1.153313765021023,0.2588243261573499,1.1172275884909437,-0.6088593165268269,1.1729157959939307,0.15737254334397324,0.5671049061691079,-0.9282235634590115,0.08505172717997146,2
0.28480521098994765,0.26490574962993024,0.5745761287399229,0.936934252855349,0.20005547295696224,0.7766457531298929,-0.8972489202389887,-0.6143078103060196,-1.6020269154250562,0.5064844577376939,-0.8901200323908908,0.7654655446197431,2
3.411418606301677,2.4190468875153357,3.052689224410377,1.9808191966816409,2.517227399143674,1.232004135483319,-1.1099371770654152,0.6177620429977565,-1.376437623119284,-1.6817181808027015,-0.9427391943421051,-0.2551551815399144,3
-0.7814326176142387,-1.0765258256972192,-0.9210656161151141,-1.3233544350374338,-0.538752967276482,-0.22964005478693747,1.381258123086451,1.0346432998945116,0.3041533492547162,-1.7002954149994252,2.348680108399366,1.7860862707794007,0
-0.8080433752503385,-1.1830211568682296,-0.8935196903913174,-1.3906075266564946,-0.7402461782492396,-1.1300503540495763,1.042302385321708,1.6310724248606614,-0.9892909337037032,0.04498685032434839,0.8154665963726057,-1.6159828164194576,0
-0.6303035978318595,-1.190871774230195,-1.0322695384815528,-1.2794937231119592,-1.0424859947083758,-1.5657327569185955,1.9371898892785702,-1.7019138617148808,-0.24947626767036513,-0.3265578336101242,1.2327909842615465,-0.2551551815399144,0
-0.8177839167246845,-1.078915144024774,-0.7598709396573408,-1.2736456281885626,-1.0340904442511776,-1.0321389323295498,-0.4061512177370941,-0.95482962905832,-1.6030120215049937,-1.3531944602711679,-0.48005345994349696,1.105672453339629,0
-0.3253342735268197,-0.46844431133454323,-0.1589616710900714,-0.010457124734898703,-0.44640191224730147,0.3044222455041178,-0.24646868914999606,1.4535883253897657,-0.31843369326601606,1.5389875794082288,-0.2877213507425068,0.08505172717997146,1
-1.0486447914620196,-1.0633845748956683,-1.0159460269415252,-0.682988040925507,-1.1012548479087636,-0.6428356239594909,0.7179842126774489,1.129576655425456,0.2686895303769531,-0.9161405820640378,-0.2768346275801867,-0.2551551815399144,0
0.964132665360575,2.6985971318392377,3.3883414304521966,1.401857799265378,1.610507949766265,1.6302084821915621,-0.9856657277344375,-0.8186209015574,-0.17854862991483886,0.6482580871337427,-1.026204071919893,0.4252586358998573,3
-0.6019857349889155,-0.7000375235125257,-1.038390855309063,-0.7648613698530592,-0.8242016828212219,-0.31209177834064417,0.5030042158574115,0.033715529622599896,-0.042603990883413746,-0.16229597334435727,1.2672656076088937,-1.9561897251393436,0
-0.06334383325291482,-0.05560423745205284,-0.3058732749503206,-0.09233045366245106,-0.17774429761695812,0.5236688740446567,-0.24099808400395653,-0.5400121407600633,0.0756087387091305,1.2544625714478828,-0.5272292603135511,0.7654655446197431,1
0.30036999375823237,0.6352500904009117,0.5388684472461124,0.7761116424619431,0.7373707022176491,0.867061563617765,-0.9254151440314352,-1.4687080100845178,0.2548980452578229,1.1987308688577119,-0.8084696086734893,0.4252586358998573,2
-0.8275244581990306,-0.8002182276749985,-0.8976005682763244,-1.2531772959566745,-1.151628150651953,-1.9391078914203244,0.40172409355911304,0.2297735464799846,-0.026842293604406823,-0.31971358943238387,1.132996021940278,0.7654655446197431,0
0.24001880379862464,0.9272589231470635,0.23076216692808973,0.46908665898362173,0.5946463444452793,1.2746354243662021,-0.9362824272269461,-1.1137398111427266,0.769123418985389,0.006854632762652782,-0.7123035540729943,0.4252586358998573,2
0.0295427735900756,-0.10970523101168474,-0.10795069752748487,0.04217572957567054,0.0405400142701959,0.5288221067667632,-0.4130264377179275,-0.11074827227231583,-1.0868164356175516,0.45466375182051727,-0.5816628761251521,1.105672453339629,1
2.645932547962092,1.7534510676965207,1.9131040750221937,1.8053763489797432,2.6683473073732427,1.2385627953114549,-0.9747245174423587,1.1398954984179501,-0.12042737119850441,-1.4597691196102665,-0.9427391943421051,-0.2551551815399144,3
-0.10290850687036153,-0.1772888065625181,0.0736483683553233,0.4369221369049404,-0.4380063617901032,-0.03475416275090308,-0.6957236549943455,-0.4141222562516374,0.7986766013835247,-0.3353575761243617,-0.3439694204144946,0.7654655446197431,1
-0.32864806598716423,0.006176707874719263,0.08181012412533716,-0.23853282674736587,-0.13576654533096694,0.14935678813890776,-0.06054204128122223,-0.9218093314823395,-0.4130038769400506,0.5143064510836826,-0.4709811906415634,-0.5953620902598002,1
-0.5928477012346322,-1.1405254237567206,-0.7149812829222646,-1.3789113368097015,-0.5807307195624732,-0.19872065845429726,0.9540334320193954,-1.7039776303133798,1.0971637436046984,-0.9405843112702531,2.207152707289204,0.08505172717997146,0
3.026918262948369,1.4837994278724878,3.191439072500612,1.5626804096587845,1.4761791424510937,1.445160579897732,-0.9555773994312204,-0.6039889673135255,1.6931529219671073,0.5983928795530632,-1.0062450794556395,0.4252586358998573,3
-0.6068057967494166,-0.7824690058131635,-0.9373891276551418,-1.2736456281885626,-0.7654328296208343,-1.237331289809797,0.8826198567346096,-1.235502158454155,-0.3735996337425368,0.6717240671717092,-0.316752612508694,-1.6159828164194576,0
-0.5171325644134269,-0.48209755892057016,0.06038551522905073,-0.03092545696678686,-0.2365131508173457,0.5377231451049475,-0.5553360986115219,1.6950492514141242,-0.896690962189544,0.03618710781011089,-0.20607092702510552,-1.2757759076995718,1
0.10656334380474983,0.03228854388299586,-0.10489003911372956,-0.3759630574471857,-0.11897544441657044,0.5142993600044625,-0.5115712574432061,-0.6246266532985136,0.2351959236590653,0.49572921688695915,-0.24417445809322616,-0.2551551815399144,1
-0.9577665436859047,-0.6926989029350362,-0.8741355204375346,-1.0017092142506212,-0.8493883341928166,-0.9182993367411929,2.137162685495283,-0.29235990894020897,1.122776501683082,0.8936731283641446,2.521053225136103,-0.935568998979686,0
-0.3964301844942113,-0.4047860444646924,-0.004908530931060093,-0.2560771115175558,-0.035019939844588156,0.17559142745145093,-0.05647605096997659,-1.3964761091370608,-1.4700227007133817,1.1361549220898006,-0.6506121228198466,-1.6159828164194576,1
0.707363958660546,1.143150900601115,0.8153479239553313,0.5129473709090963,0.9808416654763978,0.9527926170855395,-1.006513168966642,1.511373846147732,1.4626380992616461,1.0110030285539782,-0.8665321322058637,0.7654655446197431,2
-0.8972145178196094,-0.5532651119627358,-0.6058177994983294,-0.4900009084534194,-0.6227084718484643,-1.3408644199539403,2.256333165163062,-0.4946092315930903,-0.8316739609136439,0.14862826215870156,2.524682132856876,-0.935568998979686,0
-0.38016247605251996,0.12376530270937654,-0.5395035338669669,0.40768166228795755,-0.3792375085897156,-0.09190819839608648,-0.5758139043608859,0.9170084897800806,-1.009978161382398,-1.0491144689458491,-0.2768346275801867,-0.5953620902598002,1
-0.48881470157048285,-0.44318580330039326,-0.5170587054994289,0.44277023182833714,-0.2784909031033369,0.5105515543883851,-0.5750007062986368,-0.95482962905832,-0.012065702405339667,1.0990004536963531,-0.29679362004444043,1.7860862707794007,1
-0.9530468998787475,-0.9572305749143086,-0.9322880302988833,-1.4987972827393314,-0.6227084718484643,-0.4015706374244966,0.22740399985153112,0.8695418120146083,-1.0011122066629567,-0.3764230411908036,-0.30405143548598723,-1.2757759076995718,0
-0.726704833041882,-0.639963234134007,-0.7904775237948927,-1.4227720487351756,-0.6898728755060503,-0.875199572156301,1.7399523956348766,1.699176788611121,0.24701719661831875,-0.5533956406438024,1.8714787431176643,-0.2551551815399144,0
-0.25132624191245867,-0.18872340141581573,-0.06306104079240858,-0.10987473843264099,-0.0014377380157952018,-0.10549399375436767,-0.46691929111607305,0.4072576459508802,-0.7784782325969998,-0.2600708901692185,-0.45102219817730976,-0.5953620902598002,1
1.7964970806271128,2.4963584019712126,1.5376633096015568,1.550984219811991,2.1981964817701414,1.239968222417484,-1.08132739069356,-1.596661663191443,0.6981957812298628,-0.03909957814503225,-0.9626981868063588,-0.2551551815399144,3
-0.03291719338975146,0.01931795867627015,-0.034494895597360194,0.3813652351326729,-0.24490870127454392,-0.004303242120272797,-0.7567135096630289,-1.2210557782646634,0.19382146830167474,-1.0901799340122909,-0.6197664071932727,-0.5953620902598002,1
-0.7631565501056717,-0.8674604720361813,-1.061855903147853,-0.5104692406853073,-1.1264414992803582,-0.7102961250488872,1.8988956532562937,-1.2478847700451474,-0.18741458463427998,1.1156221895565797,1.9495002591142923,0.7654655446197431,0
-0.6953744315986247,-0.7461172341153666,-0.7547698423010821,-0.8788992208592927,-0.7150595268776448,-1.27949410299067,2.147512479014817,1.3792926558438094,-0.549933622051414,-1.2945295101762508,-0.0028520946617952617,0.7654655446197431,0
-0.14287485230118338,-0.3266212020346881,-0.5354226559819599,-0.3993554371407721,-0.4883796645332927,0.39343262888596064,-0.5569624947360201,-0.20774539640175863,-0.16869756911546074,0.03227611113711652,-0.2695768121386399,0.4252586358998573,1
-0.6733828998163384,-1.032323436637457,-0.6996779908534886,-0.6215830442298428,-0.647895123220059,-1.4865603632789564,0.7652236273844654,0.0006952320466192628,-1.1528185429733888,-0.17402896336334073,0.7719197037233249,0.7654655446197431,0
-0.3644972753308914,-0.06755082908982649,-0.5333822170394565,0.06556810926925694,-0.27009535264613865,0.5611469302054323,-0.4167967196429006,0.776672225082163,-0.059350794242357646,-0.9542727996257337,-0.42561984413189596,-0.5953620902598002,1
-0.592446029421257,-0.8503939125536476,-0.6007167021420707,-1.3584430045778133,-0.7738283800780325,-1.2429529982339136,1.8670330746354422,0.013077843637611726,1.417323219584505,-0.43215474378097457,1.3652461160697755,-1.6159828164194576,0
-0.3660035446310479,0.08451221589954905,-0.49767453554564595,-0.3057859183664268,-0.12737099487376868,0.4711995954195703,-0.7214502846000447,0.8819244236056016,0.2746001668565791,-0.05669906317350726,-0.3094947970671472,0.08505172717997146,1
0.8482503472018602,0.1799142834069123,0.6123242491762371,0.6328333168387265,0.5106908398732969,1.1280025296371663,-0.9286679362804318,0.5744229024292817,1.5591784950955574,0.9298498475893434,-0.7250047310957012,0.4252586358998573,2
0.71358987176786,0.2913589168278574,0.82044902131159,1.091908768325359,1.056401619591182,0.7391676969691173,-0.6130731610312088,-0.8330672817468916,0.5563405057188089,0.5827488928610854,-0.9227802018778515,0.08505172717997146,2
-0.4546725974335999,0.08553620946850087,0.01447563902272292,-0.3701149625237892,-0.36244640767531916,0.4496497131271245,-0.19841607638073033,1.7775999953540755,1.6360167693307113,-0.31971358943238387,-0.17522521139853164,0.7654655446197431,1
-0.7828384689610515,-0.6385979093754043,-0.5629685817057567,-1.098202780486665,-0.9585304901363937,-0.30084836149241134,0.143127109763896,-0.29855121473570556,-1.5882354303059258,-0.5338406572788302,1.3942773778359627,1.7860862707794007,0
-0.6611319095083981,-0.5703316714452694,-0.7527294033585786,-0.7326968477743778,-0.6394995727628607,-0.41656185988880695,0.7457808009870549,-0.31299759492519713,0.5927894306765104,-0.18185095670932946,-0.3457838742748812,0.08505172717997146,0
-0.06736055138666582,-0.4803909029723169,0.10935604984913384,-0.028001409505088625,0.04893556472739414,-0.05068233661923296,-0.08981717152219006,-0.10249319787832013,1.5040125546190368,-0.9268958229147725,-0.7068601924918343,-0.5953620902598002,1
-0.994921186423101,-0.5669183595487627,-0.7078397466235024,-0.7326968477743778,-0.8409927837356184,-1.110374374565169,-0.09706202698586408,-0.8557687363303781,1.638972087570525,1.0031810352079893,1.223718714959613,1.4458793620595147,0
0.5560341029714796,0.7864598074161604,0.40011859915587705,1.2936680431825414,0.4351308857585127,0.9902706732463152,-0.5731525288844341,0.15960541413102583,1.6842869672476661,0.6775905621812011,-0.6379109457971397,-0.2551551815399144,2
-0.9729296546408145,-0.791855613528557,-0.7833359874961305,-1.3964556215798911,-0.5135663159048874,-1.2096912233912251,-0.13535626300814022,0.3267706706094274,1.6458678301300893,0.2346701889645794,-0.13167831874925084,-0.2551551815399144,0
-0.35254753888298224,-0.007817870900958505,-0.015110725643577363,-0.17420378259000344,-0.4547974627044997,-0.11814283770862932,-0.47601232399394955,1.744579697778094,-0.1105763103991263,-0.8457426419501376,-0.5145280832908442,1.105672453339629,1
0.5343438250492245,0.7033456627362212,0.20219602173304135,0.9340102053936508,1.0815882709627767,0.9799642078021019,-0.8961400137904673,-0.4533338596231147,0.14850658862453212,-0.054743564837010074,-0.7141180079333811,0.08505172717997146,2
-0.6029899145223532,-1.20350102824727,-0.7914977432661443,-1.4169239538117793,-0.9837171415079882,-1.4247215706136762,0.22599938501673722,-0.556522289548054,-0.5390974551720976,-0.17207346502684354,1.9404279898123586,-1.9561897251393436,0
-0.8214993809984041,-1.0760138289127432,-0.905762324046338,-0.45491233891303984,-1.11804594882316,-0.6461149538735588,0.08901247507604615,0.03577929822109827,-1.1744908767320217,1.581030793642919,-0.48005345994349696,0.4252586358998573,0
-0.008113958913839434,-0.40529804124916846,-0.3436213953866346,-0.03677355189018359,-0.28688645356053505,0.5644262601194999,-0.17483333257550615,1.3627825070558195,-0.5312166065325948,0.9660265668145418,-0.4709811906415634,1.7860862707794007,1
0.9341076973107866,0.3674757721199579,0.8265703381391006,0.9018456833149697,0.5526685921592881,0.6628061575415368,-0.6875916743718545,-0.420313562047134,-1.5143524743105858,1.0198027710682152,-0.8719754937870239,0.4252586358998573,2
2.4215988401921025,2.7544047813471226,1.437681801418887,2.1153253799197627,2.189800931312943,1.0858397164562938,-1.0881286835778254,-1.569832671410959,-0.6632208212442693,-1.5174563205369347,-0.9518114636440385,-0.2551551815399144,3
2.745245903819084,2.837518926027062,1.7845564216444754,1.65624992843313,2.3745030413713044,1.4250161247113147,-1.000081511565217,1.7383883919825989,1.101104167924449,-0.23464941179475482,-0.9282235634590115,0.4252586358998573,3
-0.6861359798909977,-1.0724298514214112,-0.6690714067159367,-0.8964435056294825,-1.1012548479087636,-1.2232770187495063,2.131100663576699,-0.08804681768882855,-0.07215717328154946,1.4206799300501465,2.343236746818206,1.4458793620595147,0
-0.6139354714368246,-0.660784436702698,-0.8057808158636687,-0.7531651800062661,-0.933343838764799,-1.9311438044861595,2.25174968517584,1.6021796644816781,0.24209166621862968,-0.6775697850113763,-0.10990487242461044,-1.2757759076995718,0
-0.6180526075239192,-0.7638664559772018,-0.9129038603451003,-0.7326968477743778,-0.6311040223056625,-0.8475595057377286,1.6116888830892213,0.1678604885250208,0.07757895086900583,1.1791758854927394,0.6539802027981898,1.105672453339629,0
2.517096313822031,2.116627453484838,1.9477915370447525,1.796604206594648,1.9799121698829873,1.2643289589219888,-1.0046649915524395,-1.09103835655924,0.1888959379019857,1.1615764004642644,-0.9590692790855853,-0.2551551815399144,3
3.3558874781025705,2.7489434823127117,1.8978007829534178,1.3872375619568869,2.29894308725652,1.3851956900404907,-0.9047894840889351,0.06054452140308393,-0.540082561252036,-1.0862689373392964,-0.7776238930469155,-0.2551551815399144,3
-0.8051312546033691,-1.1843864816268324,-0.9955416375164905,-0.4461401965279449,-0.5303574168192837,-1.990640218641391,2.3921372415586637,1.3215071350858432,-0.16180182655589495,0.042053602819602784,1.468669986111817,-1.6159828164194576,0
1.2040311558988495,1.2689314439873884,0.9826639172406152,1.6094651690459574,2.450062995486088,1.4901342472906627,-1.0074742212220271,-0.4595251654186105,0.5721022029978158,-1.5839432639778401,-0.8556454090435435,0.08505172717997146,3
-1.0315737393935782,-1.1575919832392543,-0.5650090206482602,-0.6859120883872052,-0.5555440681908785,-1.6345986851140208,2.418085652454067,0.06260829000158231,1.130657350322586,-0.5260186639328415,-0.06272907205455633,-1.9561897251393436,0
-0.9258336345225847,-1.035395417344313,-0.8231245468749481,-1.0631142109462854,-0.8829705360216095,-1.0705539398943447,2.4963005206231177,0.4361504063298634,-0.9045718108290468,-0.12611925411915884,0.41628674708753216,-0.935568998979686,0
0.9259738430899409,0.5202214794886346,0.483776595798519,1.2410351888719722,0.2840109775289446,0.5967510835581695,-0.6107074939410294,1.6888579456186277,-1.5291290655096537,-1.187954850837152,-0.6596843921217801,-0.2551551815399144,2
-0.6804121565504025,-1.1005896745675916,-0.6047975800270776,-1.1713039670291223,-0.723455077334843,-1.577444649468838,0.28824600032707814,0.24421992666947617,0.9208297552958197,0.8702071483261777,1.2690800614692803,1.7860862707794007,0
1.3886997720980487,2.4719532219111895,1.4815512386827114,1.7936801591329496,1.5013657938226883,1.3191406160571229,-0.9290375717632722,0.6095069686037615,1.012444620730042,1.4500124050976053,-0.9409247404817184,-0.2551551815399144,3
-0.8887794097387324,-0.6575417904010167,-0.8731153009662829,-0.940304217554957,-1.0424859947083758,-0.2839832362200623,2.3074907159881874,0.8179475970521387,-1.4710078067933192,0.3256008616117004,-0.053656802752622704,-1.9561897251393436,0
-0.7044120473995644,-0.7348533048568944,-0.9771776870339594,-0.902291600552879,-0.5975218204768696,-1.2832419086067477,1.6779275616142402,-0.8186209015574,1.4370253411832625,0.20533771391712094,1.5775372177350193,-1.9561897251393436,0
-0.737750807909697,-1.0857417678177876,-0.9169847382301073,-1.0338737363293025,-0.8913660864788078,-1.8013760350294734,2.3519948281221845,0.9087534153860857,-1.4838141858325118,-0.1231860066144129,-0.3675573205995216,-0.2551551815399144,0
0.013877572868446921,0.006688704659195294,0.07466858782657501,0.053871919422463735,0.06572666564179061,0.573795774159694,-0.7059255943207434,0.031651761024100784,-0.39428686142123137,0.37546606919237974,-0.23691664265167936,-0.2551551815399144,1
-0.8562439928553498,-0.8602925170535172,-0.7751742317261167,-0.507545193223609,-0.723455077334843,-1.098194006312917,1.9718616975690093,-1.6441283409569152,1.6576891030893441,-1.428481146226311,2.4285160782563806,0.08505172717997146,0
0.7747444053542181,0.46168318046354395,0.5715154703261679,0.9895671071659182,1.1151704727915697,1.1116058800668271,-0.5755921230711815,-0.18710771041677046,-0.8474356581926508,-1.3121289952047261,-0.9536259175044253,0.7654655446197431,2
-0.8395746126002835,-0.6788749897541838,-0.6711118456584402,-1.0718863533313803,-0.647895123220059,-0.428742228141059,1.5138094072330561,-0.7608353807994337,-0.6445038057254501,-1.3228842360554607,0.20036673770151497,-1.6159828164194576,0
-0.42735891412409355,-0.12062782908050619,0.054264198401540294,0.33165642828380193,-0.07699769213057926,0.39811738590605733,-0.37961139006914585,-1.2540760758406442,-0.19923585759353343,-0.17989545837283227,-0.4038463978072556,-1.9561897251393436,1
0.7409035550773664,0.19356753099293947,0.7051642210601445,1.007111391936108,1.299872582849931,1.2558963962858138,-0.8462392236069991,-1.2272470840601601,-1.5005609891914558,-0.2414936559724951,-0.7431492696995683,0.4252586358998573,2
-0.15191246810212305,-0.04877761365903926,-0.3721875405816831,-0.23560877928566762,-0.1105798939593722,-0.05255623942727171,-0.4563477163068347,-0.38522949587265426,-1.0917419660172405,-0.506463680567869,-0.4637233752000166,1.7860862707794007,1
-0.5178354900868334,-0.1452036747353548,-0.41095588048924886,0.40183356736456083,-0.31207310493212975,0.10250921793793799,-0.10940785211273685,1.6558376480426462,-1.6463566890222596,-0.6746365375066303,-0.5108991755700708,0.08505172717997146,1
-0.2952088875236877,-0.35580501874982073,-0.48543190189062513,-0.12157092827943418,-0.2616998021889404,0.3489274371950392,-0.3054625122113407,-0.3356990495086837,-1.1035632389764956,-1.185999352500655,-0.7304480926768613,1.7860862707794007,1
-0.5059861715922681,-0.400519404594059,-0.3201563475478448,-0.3642668676003925,-0.3960286095041121,0.5142993600044625,-0.7777827321849375,-0.3749106528801602,0.5888490063567596,0.2913796407229991,-0.3602995051579748,-0.2551551815399144,1
-0.802118716003056,-1.079939137593726,-1.0230875632402872,-1.1215951601802512,-1.0676726460799706,-1.584471784998983,0.5166068016259421,-1.4150500265235497,-1.4197822906365507,-1.0618252081330812,0.2965327923020101,-0.2551551815399144,0
0.3042862939386397,1.095535199644846,0.5133629604648191,1.0977568632487555,0.7709529040464421,0.7569697736454856,-0.7161275336471413,0.9768577791365453,0.3524235471716712,1.6670727204487974,-0.6088796840309525,-0.2551551815399144,2
0.735380567643459,0.17291699401907354,0.71434619630141,0.8404406866193053,0.7457662526748474,0.9710631694639178,-0.6892919975929207,0.5455301420502986,0.2145086959803693,-0.443887733799958,-0.6560554844010067,-0.2551551815399144,2
0.5750130961534529,0.2862389489830974,0.8041255097715623,1.0685163886317726,0.7457662526748474,0.9382698703232388,-0.975020225828631,1.4742260113747538,-1.4089461237572343,-0.8212989127439223,-0.7195613695145411,0.7654655446197431,2
-0.7316253127557271,-0.6843362887885946,-0.6558085535896642,-1.0251015939442074,-1.0424859947083758,-0.6184748874549865,1.6467303268625013,1.4473970195942691,-1.3705269866396572,1.639695743737836,0.25661480737350273,-1.9561897251393436,0
-0.8139680344976211,-0.9457959800610111,-1.0251280021827907,-0.8701270784741979,-0.8409927837356184,-1.4842179847689076,0.9782815196937327,1.0903650520539787,0.5090554138817922,-0.12220825744616413,1.8878088278611445,-1.2757759076995718,0
-0.8518256029082238,-0.6478138514959725,-0.6966173324397334,-0.7005323256956967,-1.1684192515663494,-1.2199976888354385,1.0009771383401396,-0.8103658271634043,0.8912765728976839,-1.2534640451098091,-0.44376438273576296,0.08505172717997146,0
-0.43489026062487657,-0.3279865267932907,-0.08652608863119844,0.4164538046730525,-0.4715885636188962,0.4997766132421618,-0.3655652417212067,0.031651761024100784,-1.4907099283920768,-1.4147926578708303,-0.41836202869034916,-1.6159828164194576,1
-0.6519938757541147,-1.0586059382405588,-0.8027201574499134,-1.4520125233521588,-0.8577838846500148,-0.9539034900939302,0.8962224425031404,-0.022006222536868018,-0.11353162863894002,-0.8271654077534141,-0.28953580460289363,1.7860862707794007,0
-0.3498362541427004,-0.01106051720263987,-0.3895312715929625,0.1679097704286972,-0.3288642058465262,-0.12001674051666807,-0.32379643216022963,0.5909330512172725,1.4616529931817093,1.5937415328301514,-0.7032312847710609,1.7860862707794007,1
-0.24449782108508214,0.08144023519269286,-0.4711488292931009,-0.3233302031366165,-0.42121526087570677,-0.10502551805235773,-0.7390449335832527,-0.20774539640175863,0.9030978458569389,1.6739169646265377,-0.3566705974372014,-1.9561897251393436,1
-0.19077421604616326,0.12035199081286974,-0.12937530642377112,0.10065667880963651,-0.429610811332905,0.5742642498617039,-0.2207420595442969,-0.2696584543567224,0.0007406766338521476,0.06356408452107215,-0.21877210404781228,1.105672453339629,1
-0.5724628567058461,-0.8338393498555899,-0.9781979065052111,-1.4490884758904603,-0.7822239305352308,-0.8138292551930304,-0.26561580716113425,1.0676635974704922,-1.5586822479077895,1.2036196146989546,0.24572808421118245,1.105672453339629,0
0.17645423933201607,0.8274195501742414,0.37563333184583547,1.2088706667932905,0.6953929499316579,0.7911684998921937,-0.7842143895863624,0.25660253826046864,-1.3350631677618934,1.6885832021502667,-0.8193563318358096,0.08505172717997146,2
-0.5434420681894956,-0.03529503166783777,-0.5354226559819599,0.44277023182833714,0.006957812441403036,0.0828332384535306,-0.6017623152562893,-0.47397154560810206,-0.4464974836579384,-0.6335710724401886,-0.5326726218947112,0.4252586358998573,1
-0.6998932394990945,-0.7307573305810864,-0.9516722002526661,-1.285341818035356,-0.7402461782492396,-1.2691876375464566,0.15288548651088527,-1.1818441748931863,1.2203020035969316,0.03814260614660842,1.7535392421925289,1.4458793620595147,0
-0.46160143621432026,0.046795119443149416,-0.22119505883642693,-0.2882416335962369,-0.429610811332905,0.5522458918672482,-0.5839458849833769,-0.2820410659477149,-0.39921239182092044,0.675635063844704,-0.19881311158355872,-0.2551551815399144,1
0.04440463068495396,-0.47834291583441274,-0.23037703407769247,0.4369221369049404,-0.051811040758984635,0.5499035133571998,-0.2157150169776661,0.7560345390971757,0.8922616789776223,0.06747508119406652,-0.22058655790819912,1.105672453339629,1
0.8310788771800751,0.40041423192124787,0.9377742605055392,0.6182130795302347,1.2830814819355343,1.2755723757702213,-0.6981632491810928,0.2751764556469577,-0.8356143852333959,-0.2278051676170145,-0.6016218685894057,0.08505172717997146,2
-0.8052316725567128,-0.804484867545632,-1.0536941473778392,-1.1771520619525189,-0.681477325048852,-0.4624724786857572,0.5035956326299562,1.6723477968306377,1.2242424279166824,-1.319950988550715,1.9603869822766122,1.4458793620595147,0
-0.9433063584044015,-0.5957608450742448,-0.9802383454477145,-0.802873986855137,-0.8242016828212219,-1.8440073239123558,0.4211669199565238,1.267849151524875,0.7090319481091792,0.40577629340808663,1.1021503063137041,0.7654655446197431,0
-0.30043062109756385,-0.5290305974975379,-0.14671903743505052,0.2848716688966291,-0.4799841140760944,-0.1237645461327459,-0.2540092529999423,-0.29855121473570556,0.5514149753191198,1.5399653285764772,-0.3421549665541078,-1.6159828164194576,1
0.12996072693384902,-0.40649270041294583,0.009374541666464195,-0.13911521304962385,-0.07699769213057926,0.16903276762331515,-0.3644563352726852,1.0986201264479745,1.2567509285546319,-1.5184340697051832,-0.2478033658139995,1.105672453339629,1
0.3987795880351304,0.8129129746140876,0.4756148400285051,1.0714404360934708,0.33438428027213407,1.2020216905546983,-0.8863816370434778,-1.5182384564484892,-1.3458993346412107,0.043031351987851206,-0.8229852395565829,-0.2551551815399144,2
0.0021286723272254146,-0.21654189337234572,0.039981125804016186,0.24393500443285282,-0.463193013161698,-0.09378210120412522,-0.33311124632781036,-0.9878499266343007,0.2686895303769531,-0.5543733898120511,-0.5544460682193515,0.7654655446197431,1
-0.9652978901866878,-1.086936426981565,-1.0414515137228184,-0.9139877903996723,-0.614312921391266,-1.967216433540906,-0.2775180697085985,1.1522781100089425,-0.6031293503680595,-0.5260186639328415,1.2636366998881203,1.4458793620595147,0
3.348556967508475,1.4025626047356274,1.2734264665473585,2.141641807075047,1.8371878121106173,1.192183700812495,-1.1154817093080227,0.7106316299302018,-0.26129754062961996,0.04596459949259715,-0.9590692790855853,0.7654655446197431,3
-0.9764442830078466,-0.7034508354090323,-0.8782163983225414,-1.0484939736377938,-0.7570372791636361,-0.2989744586843726,0.816898667885568,-0.7814730667844219,0.6765234474712298,-1.7169171508596517,1.9132111819065585,-1.9561897251393436,0
0.6792469317242896,0.4999122737044194,0.2103577775030552,0.9544785376255389,0.9892372159335963,0.6426617023551194,-0.732687203278396,0.9582838617500562,0.13077467918565125,-1.2808410218207704,-0.8538309551831568,0.08505172717997146,2
-0.675792930696589,-0.7491892148222228,-0.6772331624859506,-0.4870768609917212,-0.6562906736772572,-0.854586641267874,2.1126928165312417,-0.29029614034170986,1.3237381419904073,-0.9630725421399713,1.5739083100142457,1.105672453339629,0
-0.6839267849174346,-0.914393510613149,-0.7109004050372577,-0.9373801700932587,-0.538752967276482,-0.8798843291763979,-0.3784285565240562,-1.2210557782646634,1.4577125688619572,-1.3668829486266483,0.5850309561034951,-1.6159828164194576,0
-0.4643127209546022,-0.2069846200621268,-0.2313972535489442,0.3433526181305951,-0.3288642058465262,0.2678811407473613,-0.24240269883875054,1.6248811190651649,0.34651291069204376,1.3639704782917272,-0.3965885823657088,-0.2551551815399144,1
-0.4448316380059101,-0.29743738531955544,-0.3293383227891104,0.08311239403944659,-0.463193013161698,0.45714532435927946,-0.37628467072358135,0.7436519275061825,-0.7252825042803545,-0.11340851493192664,-0.3494127819956546,0.08505172717997146,1
0.4132397733166338,1.0385328909731832,0.9000261400692251,1.2000985244081959,0.12449551884217828,1.1298764324452053,-0.8313798771968107,0.5166373816713162,1.1444488354417164,-0.01367809977056817,-0.6397253996575264,0.08505172717997146,2
-0.33427147137441554,-0.28412546892317925,-0.3221967864903483,-0.14788735543471881,-0.09378879304497573,0.2870886445297588,-0.6427179267550172,-0.2221917765912502,0.2214044385399351,0.6815015588541955,-0.16070958051543804,-0.5953620902598002,1
-1.0349879498072665,-0.6333072759358188,-1.06593678103286,-0.5046211457619109,-0.7570372791636361,-1.3970815041951041,0.306432066082831,-0.8970441083003537,-1.2552695752869274,0.3725328216876338,-0.47642455222272356,1.105672453339629,0
0.38221062573340775,1.10782312247227,0.2113779969743069,0.7351749779981668,0.8884906104472173,0.9467024329594137,-0.7732731792942835,-1.0394441415967703,1.655718890929469,-0.2258496692805173,-0.6687566614237136,0.7654655446197431,2
-0.2897863180431239,-0.11721451718399953,-0.06102060184990517,0.08896048896284332,0.03214446381299766,0.315197186650341,-0.142527191375246,-0.5668411325405474,0.1051619211072662,-1.4275033970580624,-0.4038463978072556,0.08505172717997146,1
-0.7784200790139254,-0.9410173434059016,-0.7272239165772854,-1.5368098997414095,-1.0928592974515652,-1.0644637557682188,0.5740481556593564,-1.487281927471007,1.358216854788232,0.6443470904607482,0.4090289316459852,1.105672453339629,0
0.1543622895963859,0.8731579295874317,0.9449157968043014,0.8287444967725123,0.3763620325581253,1.0717854453960023,-0.651367397053485,1.6702840282321378,-1.5517865053482243,0.004899134426155599,-0.7594793544430485,0.4252586358998573,2
-0.17209647672422143,-0.15527294483004964,-0.4170771973167592,0.1679097704286972,-0.4547974627044997,-0.028663978624777223,-0.7900546302152424,-0.06328159450684363,0.35931928973123556,0.9953590418619999,-0.7014168309106741,-1.9561897251393436,1
0.5310300325888799,1.0438235244127687,0.4470486948334567,1.2585794736421614,0.9640505645620013,0.7574382493474955,-0.7635887296438623,-1.2396296956511526,0.3080937735744669,-0.6453040624591722,-0.7631082621638219,-0.2551551815399144,2
-0.21226365806173078,-0.03717235321091646,0.10833583037788214,-0.35257067775359957,-0.49677521499049093,0.4402801990869304,-0.7120615433358959,0.450596786519355,0.5139809442814813,-1.0422702247681088,-0.14982285735311776,-1.2757759076995718,1
-0.3306564250540397,0.01283266607290742,-0.3670864432254244,-0.045545694275278284,-0.463193013161698,-0.10830484796642563,-0.08042843025804138,0.7188867043241968,-0.3204039054258914,-1.1292899007422355,-0.24417445809322616,-1.9561897251393436,1
-0.7396587490232289,-1.0031396199223244,-0.8506704725987447,-0.5806463797660665,-0.5219618663620855,-1.5380926905000232,2.381639593845993,1.6145622760726714,0.2085980595007433,1.5653868069509416,1.6210841103843001,0.08505172717997146,0
-0.18856502107260026,-0.1522009641231936,-0.2834284465827825,0.44277023182833714,0.06572666564179061,0.5499035133571998,-0.06823045932430467,1.746643466376594,1.3463955818289788,-0.29918085689916324,-0.2713912659990266,-0.2551551815399144,1
-1.018820659318919,-0.8840150347342389,-0.8639333257250174,-0.8935194581677842,-0.8829705360216095,-0.24978450997335447,1.158885416609603,1.422631796412284,-1.223746180728915,-0.9366733145972588,1.6355997412673933,-1.6159828164194576,0
-0.8376666714867517,-1.1813145009199761,-0.7935381822086478,-1.2063925365695016,-0.8577838846500148,-0.8508388356517965,2.146699280952568,-0.19949032200776365,1.0951935314448231,1.3766812174789593,1.5376192328065117,0.08505172717997146,0
-0.5633248229515627,-0.5648703724108587,-1.031249319010301,-0.5104692406853073,-0.933343838764799,-0.41703033559081654,0.8147547820850933,0.5021910014818246,0.9405318768945773,-1.607409244015807,0.8553845813011132,-1.2757759076995718,0
0.8999655931739036,1.0689113668520933,0.6408903943712856,1.2556554261804633,0.19165992249976402,0.7143384847626033,-0.9937977083569286,-0.3584005040921702,-0.7942399298760053,1.113666691220082,-0.8393153243000632,0.08505172717997146,2
1.3634948658087618,2.4912384341264526,2.464022589498128,1.8375408710584242,2.517227399143674,1.6114694541111745,-0.9222362788790069,1.2699129201233734,-0.9528420087460018,-0.43313249294922296,-1.015317348757573,0.08505172717997146,3
-0.38689047892655276,-0.12335847859771165,0.006313883252709067,-0.4022794846024706,-0.0853932425877775,0.05097689071687152,-0.0912957134535522,-1.6049167375854378,-0.33912092094471064,1.583964041147665,-0.43469211343382946,0.7654655446197431,1
0.6500253073012516,0.6017996338151456,0.18485229072176193,0.8843013985447797,1.0480060691339836,0.7630599577716121,-0.6559508770407073,1.1667244901984342,-1.4365290939954944,1.2417518322606507,-0.8665321322058637,0.08505172717997146,2
1.9436093822757408,1.3895920195289015,1.5172589201765223,1.4749589858078354,1.9379344175969961,1.5786761549704955,-1.0113923573401367,-1.0931021251577384,-0.030782717924158903,1.2671733106351144,-0.8864911246701175,0.4252586358998573,3
0.6545441152017213,1.0165170292407149,0.3664513566045699,0.5304916556792857,0.8549084086184244,0.8820527860820749,-0.8246525114091137,-0.455397628221613,0.4282767153268865,-1.6181644848665417,-0.7667371698845953,0.7654655446197431,2
-0.06926849250019748,-0.27405619882848425,-0.25384208191648233,-0.2502290165941591,0.04893556472739414,0.5391285722109765,-0.18747486608865147,0.61157073720226,-0.9213186141879908,0.8790068908404152,-0.18248302684007844,1.7860862707794007,1
0.6513307406947206,1.0313649359905193,0.7929030955877933,0.8228964018491153,0.33438428027213407,0.9378013946212289,-0.6872959659855821,0.6177620429977565,-1.4050056994374829,0.8369636766057249,-0.7993973393715559,0.4252586358998573,2
-0.03944436035709679,-0.26006162005280664,-0.5384833143957152,0.012935254958687427,-0.0686021416733811,0.5602099788014131,-0.7646976360923837,-0.14376856984829647,-0.8937356439497304,0.4595524976617604,-0.43287765957344276,-0.5953620902598002,1
-0.8505201695147547,-0.6239206682204254,-0.9261667134713728,-0.5309375729171955,-0.8661794351072131,-0.7875946158804873,0.35943779432215933,1.3276984408813397,-1.3527950772007757,0.925938850916349,-0.022811087126048842,-0.935568998979686,0
0.16781829534445156,0.5369467077815175,0.6643554422100755,0.5743523676047603,1.1151704727915697,0.7419785511811756,-0.7244812955593368,0.368046042579403,-1.3596908197603408,-1.6650964449424752,-0.810284062533876,0.7654655446197431,2
-0.6052995274492601,-1.0756724977230925,-0.5660292401195118,-1.592366801513677,-1.0005082424223846,-1.6256976467758368,-0.38101600490393983,0.7106316299302018,1.0016084538507255,-0.844764892781889,1.7553536960529155,1.7860862707794007,0
1.8371663517313412,2.5368061479448176,1.7366061064956442,1.3229085177995241,1.9799121698829873,1.4943505286087502,-1.0859108706807825,-0.9775310836418066,-1.4729780189531954,0.3901323067161088,-0.9010067555532109,0.7654655446197431,3
0.7835811852484701,0.9182136466213207,0.5133629604648191,1.0889847208636603,0.8716995095328208,1.1767240026461752,-0.6578729815514779,-0.39348457026664924,-1.6099077640645587,-1.3737271928043886,-0.9427391943421051,0.4252586358998573,2
2.2942688753521976,2.14325128627759,1.0765241085957746,1.3843135144951886,1.3502458855931199,1.6011629886669612,-1.0190807753832192,1.2430839283428887,0.37015545661055205,0.36275533000514754,-0.9100790248551445,-0.2551551815399144,3
-0.8904865149455765,-0.9381160282938709,-1.0445121721365735,-1.0192534990208109,-1.0928592974515652,-1.24857470665803,0.6146341316752439,1.0944925892509763,-1.2010887408903437,-0.46833146300617334,1.8805510124195979,1.105672453339629,0
-0.27663156615508966,-0.24726170044090634,-0.3599449069266623,0.11527691611812795,-0.29528200401773325,0.45761380006128877,-0.08020664896833705,-1.1508876459157047,-1.680835401820085,-0.2219386726075226,-0.18248302684007844,-1.9561897251393436,1
0.22887241097746594,0.3835183380335396,0.7265888299564309,0.49247903867720816,0.6953929499316579,0.9977662844784703,-0.7467333516263353,-0.5916063557225331,0.464725640284588,-1.213376329211616,-0.9481825559232652,0.4252586358998573,2
-0.0471765427645673,-0.2049366329242228,-0.5507259480507359,-0.41982376937266025,-0.11897544441657044,0.4693256926115312,-0.2115011724732843,-0.06947290030233949,-0.9223037202679277,1.6621839746075537,-0.5780339684043787,1.7860862707794007,1
3.0753197164600676,1.842879839384997,3.409766039348482,1.9164901525242781,2.1562187294841504,1.345375255369666,-1.103209811277718,0.39074749716288953,0.1790448771026062,-0.9943605155239269,-1.0062450794556395,0.7654655446197431,3
-0.052699530198474814,-0.2624509383803614,0.08487078253909229,0.0597200143458602,-0.2365131508173457,0.32831450630661263,-0.08767328572171519,-1.5822152830019514,-0.5844123348492403,-0.1124307657636782,-0.2713912659990266,-1.2757759076995718,1
-0.7309223870823206,-1.0193528514307313,-1.0710378783891186,-1.4520125233521588,-0.5471485177336802,-0.3748675224099438,0.268359611350259,0.41344895174637686,1.6172997538118918,-0.443887733799958,1.896881097163078,-0.2551551815399144,0
-0.718269724961005,-0.6375739158064523,-0.9547328586664212,-0.5864944746894633,-1.151628150651953,-0.28960494464417885,-0.07244430382868637,-0.845449893337884,1.1542998962410944,0.030320612800619335,1.488628978576071,-0.5953620902598002,0
-0.0298042368360946,-0.396423430318251,-0.2977115191803067,-0.41689972191096203,-0.00983328847299344,0.4220096467085522,-0.7452548096949733,1.629008656262163,-0.37852516414222587,0.07823032204480156,-0.5435593450570314,-0.5953620902598002,1
-0.8742188065038852,-0.9879503819828693,-0.8547513504837516,-0.931532075169862,-0.5723351691052749,-1.260755074910282,2.4788537258330456,0.0729271329940764,0.49033839836297305,-1.37274944363614,1.837004119770317,1.7860862707794007,0
0.2485543298328453,0.17138100366564543,0.7163866352439135,0.7088585508428821,0.8716995095328208,0.6824821370259442,-0.8058011017842479,0.33089820780642487,0.03915981375142899,-0.02638883895780004,-0.7739949853261421,0.08505172717997146,2
-0.21728455572891947,-0.5210093145407471,-0.26812515451400654,0.1357452483500161,-0.49677521499049093,0.07112134590328817,-0.6382823009609312,-0.04058013992335708,-1.1035632389764956,0.8203419407454986,-0.7485926312807283,1.7860862707794007,1
0.9006685188473099,0.6105035791512379,0.6888407095201168,0.787807832308736,0.5274819407876934,0.8797104075720266,-0.6842649550262899,1.1337041926224534,0.8390659506609769,-1.6523857057552434,-0.7758094391865288,0.4252586358998573,2
1.8950070928573546,2.308967578852992,1.172424738893437,1.9223382474476751,2.9118182706319913,1.395502155484704,-1.092120746792503,0.966538936144052,-0.32926986014533255,1.2877060431683354,-0.882862216949344,0.4252586358998573,3
2.0303704939647615,3.0252510803349324,1.5192993591190256,1.9486546746029596,2.2401742340561324,1.5426035259157491,-1.0013382722068749,1.5402666065267152,0.7947361770637726,0.9327830950940886,-0.8302430549981297,-0.2551551815399144,3
-0.8562439928553498,-1.0289101247409502,-0.9700361507351972,-0.6859120883872052,-0.5639396186480767,-1.3061972180052226,1.7991679999859254,1.2451476969413886,-1.0996228146567433,1.5497428202589636,2.2634007769611912,0.08505172717997146,0
0.5932891636620196,0.7531800164252197,0.6143646881187405,0.7790356899236413,0.5106908398732969,1.208580350382834,-0.744367684536156,0.025460455228604188,-0.5913080774088046,1.4725006359673232,-0.8683465860662504,-0.2551551815399144,2
-0.3029410699311582,-0.019764462538731906,0.06038551522905073,-0.09233045366245106,-0.11897544441657044,0.4060814728402223,-0.6515152512466211,-1.3407543569775928,0.34651291069204376,1.0178472727317183,-0.5653327913816717,-0.5953620902598002,1
-0.13946064188749505,-0.460764359567403,-0.5588877038207498,-0.3905832947556774,0.06572666564179061,-0.03756501696296137,-0.7592270309463444,0.34121705079891895,1.5404614795767382,0.672701816339958,-0.5798484222647653,-1.2757759076995718,1
-0.9957245300498512,-0.6978188707797962,-0.8302660831737102,-1.4256960961968739,-1.0005082424223846,-0.22401834636282122,0.6632042341204862,-0.6535194136774969,0.14259595214490609,-1.6523857057552434,2.2960609464481516,-1.9561897251393436,0
-0.8829551684447935,-0.9200254752423852,-0.6507074562334055,-0.7063804206190933,-0.9249482883076007,-0.940317694735649,2.04852409671013,1.092428820652478,1.5345508430971109,-1.6132757390252985,-0.44739329045653636,1.105672453339629,0
-0.2132678375951686,-0.28753878081968587,-0.360965126397914,0.15913762804360224,-0.051811040758984635,0.48806472069191936,-0.6772418808523203,-0.828939744549894,-0.25637201022993095,1.3620149799552297,-0.25324672739515963,0.4252586358998573,1
-0.05249869429178731,-0.4546203981536909,-0.5354226559819599,0.4398461843666389,-0.37084195813251736,-0.08816039278000865,-0.6516631054397575,-0.34808166109967614,1.0360871666485503,-0.5553511389802995,-0.7504070851411151,-0.5953620902598002,1
-0.6551068323077717,-0.8485165910105689,-1.0169662464127769,-0.6683678036170153,-0.538752967276482,-1.8875755641992575,0.7348395906949762,-1.208673166673671,1.2616764589543221,-0.7499232234617736,1.000540890132049,-1.9561897251393436,0
-0.7708887325131424,-1.1285788321189472,-0.7190621608072715,-0.744393037621171,-1.151628150651953,-0.7337199101493721,0.8038874988895823,-0.24902076837173423,-1.0602185714592296,-0.30113635523566046,-0.12079159558693056,0.7654655446197431,0
0.8900242157928699,1.0270982961198858,0.8306512160241074,0.5070992759856998,1.0815882709627767,1.1270655782331471,-0.9555773994312204,-0.13551349545430078,1.3729934459873008,0.6570578296479801,-0.7177469156541544,0.7654655446197431,2
0.054044754205956294,-0.0026979030561981978,-0.06000038237865346,-0.30870996582812504,-0.11897544441657044,0.4121716569663481,-0.3688919610667713,-0.7505165378069396,-0.8947207500296673,1.2525070731113852,-0.20969983474587883,0.7654655446197431,1
2.354921319171837,1.6534410291288728,1.5560272600840879,1.8580092032903124,2.223383133141736,1.0497670874015466,-0.9099643808487021,0.5991881256112674,-1.492680140551953,-0.48397544969815076,-0.8502020474623835,0.7654655446197431,3
-0.7331315820558836,-0.6903095846074815,-0.5986762631995672,-1.0894306381015701,-0.5723351691052749,-0.35472306722352687,0.5155718222739886,-0.4038034132591433,-0.7065654887615351,0.49866246439170475,2.1763069916626296,-0.5953620902598002,0
0.12212812657303468,-0.2448723821133516,0.14200307292918926,0.15328953312020577,-0.13576654533096694,-0.009456474842379445,-0.14008759718849878,-1.152951414514203,-1.6867460382997126,0.19262697472988907,-0.503641360128524,-1.9561897251393436,1
-0.7488972007308561,-0.7898076263906529,-1.0516537084353357,-1.2619494383417695,-0.899761636936006,-0.9688947125582404,0.45310342567394335,1.7260057803916058,-1.5852801120661122,1.6621839746075537,0.3836265776005715,1.4458793620595147,0
-0.6575168631880222,-1.151789353015193,-0.9547328586664212,-1.36429109950121,-0.8913660864788078,-1.3961445527910845,1.708089817014025,-0.581287512730039,-0.2238635095919801,-1.0109822513841533,1.6537442798712605,0.4252586358998573,0
2.2939676214921665,2.093587598183417,1.994721632722332,1.4574147010376461,2.3073386377137184,1.2137335831049407,-0.8863077099469099,0.3577271995869089,-0.5065889545341482,-1.5448332972478958,-0.8810477630889573,-0.2551551815399144,3
0.3895411363275034,0.9837492350342499,0.3929770628571149,0.837516639157607,0.9976327663907942,1.0633528827598282,-0.5758878314574539,0.6012518942097665,0.3721256687704288,1.4089469400311634,-0.8756044015077972,-0.2551551815399144,2
-0.8387712689735332,-1.0400033884045972,-0.7221228192210267,-0.7531651800062661,-0.5723351691052749,-0.5744381714660749,-0.27973588260564153,-0.7649629179964312,-0.39921239182092044,-1.1752441116499202,0.6430934796358695,1.4458793620595147,0
-0.8910890226656392,-0.8947669672082353,-0.6762129430146988,-0.5309375729171955,-1.0508815451655742,-0.2718028679678102,1.6346062830253327,-1.0208702242102814,-1.5389801263090326,0.22293719894559594,1.3797617469528691,-1.9561897251393436,0
-0.8556414851352871,-0.8299140411746072,-0.9547328586664212,-0.6391273290000324,-0.9753215910507901,-0.6784397773122278,1.0952341864644684,-1.0931021251577384,0.8045872378631522,-1.077469194825059,1.3035546848166277,0.08505172717997146,0
-0.9350720862302119,-0.6945762244781148,-1.0108449295852664,-1.168379919567424,-1.0760681965371688,-1.516542808207577,0.029057599759316165,0.8447765888326234,0.20367252910105285,-0.9552505487939823,2.232555061334617,0.7654655446197431,0
0.3197506587535807,0.29374823515541215,0.6939418068763755,0.4486183267517336,0.30919762890053937,0.5972195592601789,-0.9398309278622149,-0.3625280412891677,-0.3430613452644627,1.269128808971612,-0.8919344862512775,0.08505172717997146,2
-0.7776167353871751,-1.1362587838860871,-0.7598709396573408,-0.9373801700932587,-0.647895123220059,-0.1509361368493083,0.3194432350788167,1.465970936980759,0.9769808018522788,-0.054743564837010074,1.067675682966357,1.7860862707794007,0
0.15285602029622938,1.134617620859848,0.5735559092686714,1.3082882804910325,0.15807772067097123,0.9865228676302377,-0.8588807571201443,-0.455397628221613,-0.8316739609136439,1.2114416080449435,-0.6506121228198466,0.08505172717997146,2
-0.9542519153188727,-1.011160902879115,-0.6384648225783848,-1.156683729720631,-0.9837171415079882,-0.4896440694023196,-0.3280102766646114,1.3421448210708313,-0.3164634811061407,-0.8007661802107016,1.3289570388620413,0.4252586358998573,0
-0.5812996366000982,-0.7329759833138157,-1.0496132694928322,-0.5397097153022904,-0.8493883341928166,-1.1375459652817317,1.2526989021545232,-0.0756642060978361,1.1355828807222752,-1.6699851907837184,-0.04277007959030258,-1.9561897251393436,0
-0.7577339806251081,-1.1016136681365438,-0.7914977432661443,-0.5981906645362564,-0.8325972332784201,-0.7191971633870714,-0.1998946183120925,-1.3902848033415642,0.3366618498926656,-0.7606784643125084,0.8807869353465271,0.08505172717997146,0
-0.8340516251663759,-0.6626617582457769,-0.9884001012177284,-1.2590253908800713,-0.723455077334843,-1.4087933967453465,1.921073782226724,0.9541563245530588,-1.4946503527118282,-1.6797626824662042,-0.10083260312267699,0.7654655446197431,0
-0.8494155720279731,-0.6998668579177004,-1.0343099774240563,-1.5075694251244263,-0.9417393892219972,-0.23526176321105374,1.5546171645386475,-0.4533338596231147,0.31695972829390806,-1.6885624249804418,1.5902383947577259,-1.6159828164194576,0
-0.8930973817325145,-0.6790456553490093,-0.8476098141849896,-0.8672030310124996,-0.7402461782492396,-0.4189042383988553,0.5384152951135318,1.6517101108456496,0.7878404345042083,-0.04594382232277257,1.6156407488031397,-1.9561897251393436,0
0.03928331506442161,-0.43550585153325316,-0.5384833143957152,0.3872133300560694,-0.42121526087570677,0.44262257759697876,-0.1834828028739741,-1.262331150234639,0.5711170969178774,1.3199717657205394,-0.3258248818106276,0.4252586358998573,1
2.970081701355793,1.6918407879645736,3.2108232424543948,2.053920383224098,2.903422720174793,1.3242938487792295,-0.9258587066108438,-0.6328817276925086,1.6990635584467346,-1.5917652573238292,-0.8792333092285707,-0.2551551815399144,3
0.6965188196994186,0.6145995534270459,0.49499900998228796,0.5100233234473981,0.09091331701338533,0.9481078600654428,-0.8286445746237912,0.18230686871451238,1.4990870242193477,-1.052047716450595,-0.6687566614237136,0.7654655446197431,2
-1.0161093745786371,-0.7623304656237737,-0.9384093471263935,-0.83211446147212,-1.0760681965371688,-1.2560703178901849,-0.11938801014943044,-1.4129862579250507,1.6163146477319537,-0.37055654618131206,0.36729649285709126,-1.9561897251393436,0
-0.6233747590511393,-0.7543091826669829,-1.0210471242977837,-0.823342319087025,-0.7654328296208343,-1.1131852287772273,0.8173422304649767,-0.861960042125874,-0.3568528303835929,-0.5964166040467415,2.232555061334617,-1.2757759076995718,0
-0.4938355992376715,-0.44199114413661605,-0.3895312715929625,0.32288428589870694,0.0405400142701959,0.45433447014722117,-0.5450602321885558,0.20500832329799892,0.7582872521060726,1.6768502121312836,-0.6034363224497924,1.4458793620595147,1
0.03275614809707628,-0.2984613788885075,-0.05489928502239474,0.4398461843666389,-0.320468655389328,0.34752201008901007,-0.1678841854981047,0.7952461424686521,-0.7518803684386764,-0.6061940957292273,-0.19336975000239856,-1.6159828164194576,1
1.3677124198492003,1.6785288715681974,1.130595740572116,2.021755861145417,2.3828985918285026,1.2366888925034165,-1.0823623700455136,-1.1385050343247123,-0.1677124630355224,-0.8770306153340932,-1.0189462564783462,-0.2551551815399144,3
0.48845282037112014,0.5850744055222628,0.3603300397770595,1.1620859074061176,1.3250592342215253,0.7569697736454856,-0.9889185199834339,0.45266055511785336,1.578880616694315,-0.8594311303056182,-0.6614988459821668,-0.2551551815399144,2
-0.7376503899563535,-1.1777305234286441,-0.8261852052887032,-1.2882658654970545,-0.9249482883076007,-1.335242711529824,-0.2437333865769763,1.7672811523615806,-0.6996697462019708,0.7968759607075317,0.9352205511581279,-1.2757759076995718,0
-0.8177839167246845,-1.1837038192475309,-0.8353671805299687,-1.109898970333458,-0.6562906736772572,-1.334774235827814,2.483067570337427,0.35153589379141303,-1.4207673967164882,0.789053967361543,0.053395975010192484,0.4252586358998573,0
0.7071631227538587,0.6296181257716756,0.5715154703261679,0.5655802252196656,0.5106908398732969,0.7087167763384866,-0.6495931467358506,0.1616691827295242,0.7789744797847672,-1.307240249363483,-0.6252097687744328,0.4252586358998573,2
-0.07499231584079265,0.08826685898570645,-0.2946508607665515,0.08018834657774836,-0.49677521499049093,0.10719397495803537,-0.7460680077572224,1.146086804213446,-1.0178590100219007,0.08214131871779592,-0.44376438273576296,1.7860862707794007,1
0.42408491227776146,0.7279215083910697,0.5072416436373088,0.8492128290044004,1.299872582849931,0.7846098400640579,-0.735570360044552,-1.5079196134559951,-0.042603990883413746,1.060868236134657,-0.804840700952716,-0.2551551815399144,2
-0.9199089752753022,-0.9440893241127577,-1.0037033932865043,-1.0075573091740178,-0.7150595268776448,-0.8189824879151371,1.9543409756823695,0.09769235617606206,1.0636701368868107,-0.25909314100097014,0.8898592046484604,-0.935568998979686,0
0.8080831658643508,0.34341192324958547,0.34604696717953537,1.0012632970127118,1.2243126287351465,0.7986641111243487,-0.7528693006414876,-0.13757726405279988,0.7307042818678122,1.3561484849457386,-0.7086746463522209,0.4252586358998573,2
-0.085435782988545,-0.2163712277775203,0.028758711620247027,0.3755171402092762,-0.4799841140760944,0.3967119588000282,-0.7660283238306095,-0.10249319787832013,0.6706128109916024,-0.5172189214186039,-0.4927546369662038,-1.2757759076995718,1
2.4766278786244906,1.746112447119031,2.5976713402321048,1.8697053931371053,2.340920839542511,1.142056800697457,-0.9605305149012832,-1.6565109525479076,0.13077467918565125,1.6621839746075537,-0.9209657480174647,0.08505172717997146,3
-0.7071233321398464,-0.7087414688486179,-0.7353856723472991,-0.4344440066811517,-0.5975218204768696,-1.2185922617294092,0.544477317032116,1.146086804213446,-0.0908741888003687,0.8017647065487749,1.338029308163975,0.7654655446197431,0
0.060170249359926466,0.12666661782140728,0.051203539987785165,-0.3788871049088842,-0.1105798939593722,0.4252889766226197,-0.06616050062039783,-1.126122422733719,1.2104509427975523,-0.6365043199449346,-0.5381159834758713,1.105672453339629,1
0.5555320132047609,0.23691659207857493,0.6561936864400614,0.4544664216751301,1.056401619591182,1.0338389135332173,-0.9195009763059873,-1.695722555919385,0.6617468562721612,-0.6189048349164596,-0.8211707856961963,0.08505172717997146,2
0.7459244527445551,1.128473659446136,0.4235836469946669,0.9310861579319526,0.804535105875235,1.265265910326008,-0.9804169038781023,-1.0518267531877628,-0.8040909906753835,-0.0625655581829988,-0.84657313974161,0.08505172717997146,2
0.057860636433019634,-0.45598572291229356,0.0042734443102054685,-0.2823935386728404,-0.4799841140760944,0.004129320515901748,-0.2265083730766088,1.3380172838738331,0.07856405694894421,-1.6465192107457514,-0.5181569910116176,-1.9561897251393436,1
0.4424613977396718,0.43830199397247266,0.3001370909732074,0.9310861579319526,0.3511753811865305,0.7176178146766715,-0.57448321662266,0.902562109590589,1.0075190903303528,1.5927637836619022,-0.6669422075633269,0.08505172717997146,2
-1.0504523146222076,-0.606000780763765,-0.9557530781376731,-0.5133932881470058,-0.6982684259632485,-0.5706903658499974,0.17328936516368126,0.10594743057005704,-1.1370568456943833,-0.6775697850113763,0.21851127630538206,1.105672453339629,0
-0.5326973471817118,-0.19008872617441838,-0.16508298791758166,0.0597200143458602,-0.09378879304497573,-0.001492387908214837,-0.6056065242778305,1.6001158958831798,-1.2611802117665536,-0.01954459478005972,-0.26050454283670643,-1.6159828164194576,1
-0.9702183699005327,-1.0493899961199906,-0.8578120088975069,-1.3087341977289422,-0.9585304901363937,-1.7470328535963482,0.4533991340602157,-0.1726613302272789,-0.5341719247724086,0.8320749307644817,1.2618222460277337,0.08505172717997146,0
-0.5792912775332227,-1.045976684223484,-0.6088784579120845,-0.7531651800062661,-0.681477325048852,-0.56647408453191,1.0755695787773534,1.2121273993654071,-0.4868868329353906,-0.3529570611528367,2.0093772365070537,-1.6159828164194576,0
-0.5882284753808186,-1.1831918224630549,-0.7578305007148373,-0.7911777970083439,-1.1012548479087636,-1.910062397895723,1.8985999448700213,-1.3469456627730894,0.8991574215371867,1.1830868821657337,0.6830114645643767,1.7860862707794007,0
-0.32995349938063323,-0.11448386766679419,0.06446639311405775,0.3433526181305951,-0.4380063617901032,0.17512295174944167,-0.448511444070616,0.6569736463692337,-0.32631454190551884,-1.6338084715585195,-0.15526621893427792,-0.935568998979686,1
-0.8211981271383728,-1.0811337967575034,-0.750688964416075,-0.45491233891303984,-0.8661794351072131,-0.46809418710987344,1.0791180794126223,1.5423303751252135,1.338514733189476,0.9660265668145418,1.0259432441774627,1.4458793620595147,0
0.37859557941303207,0.3217373927067675,0.9051272374254838,0.8170483069257188,0.4351308857585127,0.9073504739905989,-0.606715430726352,0.25041123246497204,1.0380573788084255,-0.2610486393374673,-0.8175418779754229,-0.2551551815399144,2
-0.9318587117232112,-1.105709642412352,-0.7180419413360197,-1.4929491878159349,-0.5471485177336802,-0.45076058613551473,2.1132842333037867,-0.2882323717432115,1.1887786090389192,-1.1820883558276605,2.2924320387273784,-0.935568998979686,0
-1.005465071524197,-0.9253161086819706,-0.6996779908534886,-1.4754049030457452,-1.0424859947083758,-1.7236090684958634,1.9342328054158457,0.6858664067482169,-0.466199605256696,0.8633629041484374,-0.3094947970671472,-0.935568998979686,0
2.3860508847084065,2.910905131801957,1.9722768043547938,1.8784775355222005,2.8446538669744053,1.402997766716859,-0.9656314845644821,1.373101350048313,-1.4256929271161773,-0.570017376504029,-0.8483875936019968,0.08505172717997146,3
-0.82511442731878,-0.5652117036005094,-0.8578120088975069,-0.5923425696128597,-1.0005082424223846,-0.9300112292914353,2.0729200385776037,-0.017878685339869797,0.47556180716390445,-1.713006154186657,2.335978931376659,0.4252586358998573,0
-0.5410320373092451,-0.2590376264838546,-0.3446416148578863,0.19422619758398182,-0.4715885636188962,0.21728576493031407,-0.36393884559670847,-0.30061498333420394,-0.6809527306831501,0.6130591170767926,-0.38388740534300186,-0.935568998979686,1
-0.7343365974960089,-0.8288900476056552,-0.6823342598422091,-0.5894185221511614,-0.7738283800780325,-0.4709050413219317,0.5010081842500727,-0.2118729335987561,0.6065809157956406,-1.082357940666302,0.20218119156190165,-0.5953620902598002,0
0.5119506214535632,0.3056948267931858,0.912268773724246,0.8492128290044004,0.30919762890053937,0.7892945970841553,-0.9912841870736131,1.2699129201233734,1.4892359634199697,1.4685896392943287,-0.7866961623488491,-0.2551551815399144,2
-1.0389042499876737,-0.93009474533708,-0.6833544793134609,-0.5777223323043682,-1.1096503983659618,-1.0166792341632294,0.35648071045943547,1.552649218117707,-0.5164400153335277,-0.47224245967916767,0.6521657489378028,-1.2757759076995718,0
-0.8841601838849189,-0.7292213402276583,-0.8833174956788001,-0.9520004074017501,-1.1096503983659618,-0.4915179722103583,0.6714101418395455,0.8220751342491361,-1.007022843142584,1.304327779028562,1.4977012478780043,-1.6159828164194576,0
-0.8338507892596884,-0.9855610636553146,-0.8476098141849896,-1.2941139604204508,-1.0676726460799706,-0.7084222222408485,1.0992262496791456,-0.6019251987150271,0.31006398573434224,-1.4754131063022442,0.11327295240295354,-0.5953620902598002,0
-0.6400441393062056,-0.6949175556677655,-0.90678254351759,-1.4812529979691418,-1.1264414992803582,-1.8233943930239291,1.3011950775031973,-0.5400121407600633,0.8666489208992373,-0.7157020025730721,-0.3439694204144946,0.4252586358998573,0
-0.6177513536638879,-1.0490486649303399,-0.5762314348320292,-0.902291600552879,-1.0172993433367812,-1.0682115613842962,0.22548189534076035,1.2492752341383853,-1.6394609464626946,1.5204103452115054,2.531939948298423,1.4458793620595147,0
-0.05129367885166198,-0.050825600796943385,-0.23853878984770632,0.027555492267179117,-0.20293094898855274,0.35970237834126245,-0.7566395825664608,0.3205793648139308,-1.0474121924200364,-1.554610788930382,-0.3258248818106276,-1.9561897251393436,1
0.21350846411586843,0.2616631033282489,0.25728787318063473,1.238111141410274,0.7457662526748474,1.1326872866572637,-0.962674400701758,1.158469415804439,-0.9548122209058771,1.269128808971612,-0.6197664071932727,-0.2551551815399144,2
-0.9295490987963044,-1.1540080057479223,-0.9312678108276313,-1.4929491878159349,-0.8325972332784201,-1.178771827058585,0.09226526732504257,0.4732982411028415,-0.3952719675011697,-1.5301670597241668,0.0352514364063254,-1.6159828164194576,0
-0.9094655081275498,-0.5575317518333692,-0.74762830600232,-0.9520004074017501,-0.7066639764204466,-1.2176553103253898,1.8192761702524491,1.1770433331909274,-0.8080314149951355,-0.7733892034997403,0.7084138186097906,0.7654655446197431,0
-0.9654987260933753,-0.8268420604677511,-1.0455323916078254,-0.665443756155317,-0.8829705360216095,-0.6896831941604606,0.09396559054610881,0.3618547367839071,0.8755148756186785,-0.7049467617223374,1.4777422554137507,1.7860862707794007,0
-1.0079755203577916,-0.7920262791233824,-1.0118651490565183,-0.615734949306446,-0.5135663159048874,-1.313692829237378,0.919139842439252,1.5650318297087,1.352306218308606,-1.5252783138829236,1.691847810939381,-1.6159828164194576,0
3.0670854442858784,2.570085938935758,1.3978932420400696,1.4281742264206627,1.459388041536697,1.4859179659725752,-0.8843856054361393,-1.3036065222046147,0.03620449551161668,-0.528951911437587,-0.9209657480174647,0.08505172717997146,3
-0.0007834483197440774,-0.5135000283684322,-0.12529442853876427,0.2088464348924735,0.08251776655618709,0.3508013400030783,-0.620687651977723,0.5269562246638095,0.07363852654925515,1.354192986609241,-0.7068601924918343,-0.935568998979686,1
-0.646571306273551,-1.0695285363093805,-0.8771961788512898,-0.4636844812981348,-0.9501349396791954,-1.4443975500980835,2.2927792237711353,0.9417737129620662,1.6764061186081634,1.3620149799552297,-0.16252403437582472,1.7860862707794007,0
-0.5647306742983755,-1.1439387356532273,-0.8547513504837516,-1.2414811061098816,-0.5723351691052749,-0.371119716793866,0.2804836551874277,0.477425778299839,-0.5706208497301101,0.5768823978515939,-0.25324672739515963,-1.9561897251393436,0
1.190073060384065,2.5516540546946223,1.2611838328923377,1.5626804096587845,2.29894308725652,1.4062770966309266,-0.9241583833897775,0.359790968185408,1.4153530074246297,-0.17500671253158948,-0.8737899476474105,-0.2551551815399144,3
-0.9605782463795305,-0.8852096938980164,-0.6180604331533501,-0.9373801700932587,-0.7150595268776448,-1.3647566807564349,1.2672625401784392,0.5909330512172725,-1.5557269296679757,-0.03421083230378912,0.8771580276257535,0.7654655446197431,0
1.1344415142316144,1.673238238128612,1.48053101921146,2.0860849053027795,1.6440901515950581,1.232472611185329,-0.9839654045133712,1.1130665066374652,-0.32532943582558044,0.10560729875576248,-0.8719754937870239,0.7654655446197431,3
-0.3081628035050345,0.13758921589022888,-0.057959943436150047,0.29656785874342234,-0.4799841140760944,0.03973347386863868,-0.5154154664647473,-1.4666442414860195,-0.9538271148259402,0.10365180041926529,-0.6596843921217801,-1.2757759076995718,1
1.911576055159077,1.9732683538315547,2.792533259241185,1.8521611083669158,1.8455833625678157,1.2952483552546286,-1.0683901487941425,-1.2643949188331383,-0.44846769581781376,-1.6347862207267683,-0.7848817084884623,-0.2551551815399144,3
-0.816277647424528,-0.7979995749422693,-0.98942032068898,-0.6917601833106017,-0.9753215910507901,-1.6046162401854003,1.2285247415767542,1.5051825403522354,1.3040360203916497,-0.06843205319249036,0.7628474344213916,-1.2757759076995718,0
-0.9071558952006429,-1.2069143401437767,-0.6456063588771469,-1.4987972827393314,-0.7570372791636361,-1.0555627174300346,1.1350808915146746,-1.6111080433809346,0.9365914525748252,-1.5448332972478958,2.354123469980526,1.7860862707794007,0
-0.6738849895830573,-1.0582646070509083,-0.7180419413360197,-1.3292025299608303,-0.7570372791636361,-0.6002043350766082,0.224372988892239,-1.262331150234639,0.35931928973123556,1.1840646313339822,-0.31856706636908083,1.4458793620595147,0
0.027333578616512595,-0.21654189337234572,-0.07530367444742946,0.14159334327341255,-0.4799841140760944,0.002723893409872602,-0.1315120539865991,1.0160693825080225,1.4458912959027024,-0.6746365375066303,-0.17885411911930496,-1.6159828164194576,1
-0.8883777379253572,-0.5529237807730851,-0.7680326954273545,-0.665443756155317,-1.0005082424223846,-1.606490142993439,1.8957167881038652,0.6672924893617271,0.1751044527828555,0.20631546308536972,1.6120118410823665,0.4252586358998573,0
-0.28536792809599787,0.059424373460224514,-0.3405607369728794,-0.17420378259000344,-0.3456553067609227,0.10766245066004464,-0.37998102555198643,0.6012518942097665,1.0548041821673695,1.3092165248698047,-0.3276393356710142,-0.935568998979686,1
0.5378584534162566,0.901659083923263,0.46439242584473617,0.7497952153066579,1.140357124163164,0.6014358405782663,-0.5815062907966295,-0.20568162780325952,0.43517245788645226,-1.3023515035222397,-0.7213758233749279,0.08505172717997146,2
-0.7536168445380135,-1.0785738128351234,-0.9424902250114006,-1.3993796690415894,-0.5303574168192837,-0.3987597832124383,0.25919265137581443,-0.9857861580358016,-0.03373803616397261,-1.655318953259989,0.5070094401068671,-0.5953620902598002,0
2.107993571899498,2.2395066817590803,2.8853732311250933,1.3843135144951886,2.7774894633168192,1.5304231576634968,-0.9243062375829137,0.1245213479565461,-1.542920550628784,0.1623167505141822,-1.0243896180595065,0.4252586358998573,3
-0.441317009638878,-0.25357632744944375,0.08181012412533716,-0.28531758613453867,-0.11897544441657044,0.01771511587418294,-0.48473572138898546,0.30200544742744173,0.3474980167719821,0.46737449100774914,-0.43287765957344276,-0.5953620902598002,1
-0.42866434751756255,-0.33549581296560566,-0.2630240571577479,-0.12157092827943418,-0.19453539853135451,0.2950527314639237,-0.37310580557115297,-0.6432005706850028,-1.2946738184844413,0.8809623891769124,-0.3602995051579748,1.7860862707794007,1
-0.4889151195238266,0.15073046669177975,-0.021232042471087797,0.21177048235417173,-0.4715885636188962,0.15404154515900514,-0.7283255045808781,0.2793039928439552,1.3000955960718992,-0.7548119693030166,-0.5471882527778048,0.08505172717997146,1
-0.7335332538692587,-0.6345019350995962,-0.9118836408738485,-0.9256839802464655,-0.6898728755060503,-1.253259463678127,-0.22628659178690447,1.3751651186468112,1.112925440883704,-1.4265256478898136,0.20399564542228846,-0.935568998979686,0
-1.008276774217823,-0.7945862630457624,-1.0230875632402872,-0.7180766104658866,-1.160023701109151,-1.5324709820759064,2.2113854904496564,-1.4666442414860195,1.101104167924449,-0.03518858147203754,1.7136212572640217,0.4252586358998573,0
-0.02146954670856128,-0.2795174978628951,-0.1712043047450921,0.021707397343782388,-0.44640191224730147,0.0996983637258797,-0.7777088050883696,1.1254491182284585,1.129672244242648,1.0217582694047127,-0.7050457386314476,-0.5953620902598002,1
-0.5874251317540684,-0.7003788547021764,-1.070017658917867,-0.7063804206190933,-0.681477325048852,-1.9817391803032067,0.6705230166807282,-0.1334497268558024,0.9523531498538321,-0.26691513434695885,1.3670605699301621,0.08505172717997146,0
0.6030297051363657,0.8101823250968823,0.2379037032268519,0.48078284883041467,0.5022952894160987,1.1537686932476994,-0.8072057166190418,1.2059360935699106,-0.9420058418666853,1.0677124803123974,-0.8756044015077972,0.08505172717997146,2
0.5251053733415976,0.7007856788138412,0.2991168715019557,0.7205547406896751,0.3763620325581253,0.721365620292749,-0.7308390258641935,0.49393592708782896,-1.5281439594297161,-1.2378200584178314,-0.8647176783454771,-0.2551551815399144,2
0.17745841886545374,0.7123909392619641,0.22566106957183119,1.3199844703378258,1.2159170782779485,0.5915978508360623,-0.6329595500080278,-0.48222662000209704,0.7504064034665698,-0.2102056825885395,-0.6233953149140461,0.4252586358998573,2
-0.6446633651600192,-0.6455951987632432,-0.9220858355863658,-0.5777223323043682,-0.6562906736772572,-1.2167183589213706,1.790666383880594,-0.11281204087081421,-0.9085122351487975,1.4998776126782845,2.4611762477433414,-0.935568998979686,0
-0.3732336372717996,-0.08973735641712026,0.04508222316027473,-0.08063426381565787,-0.018228838930191678,-0.017420561776544385,-0.18377851126024644,-0.9403832488688285,-0.32631454190551884,1.6582729779345595,-0.43287765957344276,1.7860862707794007,1
0.49166619487812085,0.5407013508676749,0.9000261400692251,0.6649978389174076,1.1487526746203625,0.916719988030793,-0.7857668586142926,0.28755906723795016,-0.6090399868476869,-1.5888320098190833,-0.8447586858812233,-0.2551551815399144,2
1.7741038770314512,2.4199002154894615,2.887413670067596,2.0363760984539083,2.9286093715463872,1.2357519410993965,-0.9025716711918921,0.7519070019001775,0.8282297837816605,0.5964373812165661,-0.997172810153706,-0.2551551815399144,3
-0.6788054692969022,-0.8297433755797818,-0.9180049577013589,-1.1332913500270445,-0.7150595268776448,-0.3022537885984405,-0.03585039102747648,-0.8330672817468916,1.0331318484087364,-1.4822573504799845,1.2581933383069603,0.4252586358998573,0
-0.8536331260684117,-0.6228966746514732,-0.9037218851038347,-0.4724566236832295,-1.0592770956227724,-1.5469937288382072,0.9487106810664924,0.8447765888326234,-1.128190890974942,-0.913207334559292,1.9567580745558388,0.08505172717997146,0
2.052562861653735,1.6991794085420633,3.005759128732797,1.6094651690459574,1.8455833625678157,1.1865619923883783,-1.0911596945371176,-0.4760353142066012,0.5937745367564488,-1.508656578022697,-0.9645126406667455,-0.2551551815399144,3
-0.023076233962061765,-0.03461236928853631,-0.0671419186774156,0.28779571635832735,-0.12737099487376868,0.15685239937106343,-0.4431886931177127,1.3524636640633247,-0.7912846116361917,-0.552417891475554,-0.3203815202294675,-0.2551551815399144,1
-0.890285679038889,-0.8986922758892181,-0.7200823802785232,-0.8467346987806115,-0.538752967276482,-1.8116825004736867,0.5721999782451539,0.630144654588749,-0.02191676320471777,1.4011249466851747,0.9823963515281819,0.7654655446197431,0
-0.7426712876235421,-0.9515986102850725,-0.8251649858174515,-0.6245070916915411,-0.8409927837356184,-0.777288150436274,1.5197235749585039,0.5166373816713162,-1.5064716256710824,-0.5514401423073052,1.974902613159706,1.4458793620595147,0
-0.5575005816576238,-0.4520604142313109,-0.29261042182404806,-0.38473519983228066,-0.429610811332905,0.036922619656580384,-0.47445985496601945,-1.2561398444391425,0.8144382986625303,1.2036196146989546,-0.3221959740898542,0.4252586358998573,1
-0.5677432128986888,-0.8056795267094093,-0.7088599660947542,-1.592366801513677,-0.8325972332784201,-1.9297383773801302,1.2608308827770143,1.674411565429136,0.13372999742546496,-0.15447397999836854,2.335978931376659,0.08505172717997146,0
3.09881751754251,2.492945090074706,2.824160062849989,1.817072538826536,2.9286093715463872,1.347249158177705,-1.026251703750325,1.0367070684930106,0.8026170257032754,-0.4077110145747592,-0.9881005408517725,-0.2551551815399144,3
-0.4000452308145871,-0.3527330380429647,-0.12427420906751258,-0.3964313896790739,0.06572666564179061,0.5194525927265692,-0.5105362780912527,-0.08804681768882855,1.3119168690311525,0.6335918496100136,-0.44920774431692306,-1.6159828164194576,1
-0.6960773572720312,-1.1159495781018722,-0.8323065221162136,-1.1830001568759154,-0.8074105819068254,-0.6760973988021795,1.6023740689216406,-0.09423812348432516,-0.35882304254346825,1.2270855947369215,1.0858202215702237,1.7860862707794007,0
0.053643082392581136,-0.1390597133216427,-0.2507814235027272,0.422301899596449,-0.37084195813251736,0.05847250194902652,-0.7293604839328316,0.7560345390971757,-1.6887162504595878,0.687368053863687,-0.15708067279466456,-0.2551551815399144,1
-0.6003790477354152,-0.6203366907290933,-0.8822972762075484,-1.5192656149712196,-0.5723351691052749,-0.33551556344112904,2.1051522526812954,-0.03851637132485797,-1.118339830175564,-0.08896478572571132,2.103728837247162,-0.935568998979686,0
-0.6245797744912645,-0.914905507397625,-1.0485930500215803,-1.314582292652339,-0.6646862241344554,-1.8702419632248988,0.013385055286878729,1.4081854162227927,0.4548745794852099,-0.9620947929717226,1.6374141951277803,1.105672453339629,0
-0.16356095069000073,0.0930454956408159,-0.15386057373381268,-0.24730496913246083,-0.3036775544749315,0.24633125845491552,-0.6775375892385928,1.783791301149572,0.5198915807611088,-0.44877647964120077,-0.38751631306377526,1.7860862707794007,1
0.7578741891924641,1.104239144980938,0.1777107544229998,1.2117947142549887,0.7457662526748474,1.021190069578955,-0.7279558690980376,-0.5523947523510558,0.7976914953035864,0.0860523153907903,-0.6596843921217801,0.4252586358998573,2
-0.832244102006188,-1.1907011086353696,-0.9282071524138762,-1.1215951601802512,-0.7738283800780325,-1.4921820717030727,-0.028605535563802454,1.5774144412996933,-0.2938060412675694,0.26595816234853503,-0.26776235827825323,0.7654655446197431,0
-0.456379702640444,0.09816546348557596,-0.24568032614646848,0.4398461843666389,-0.2616998021889404,0.30114291559005024,-0.7145750646192114,-0.8846614967093612,1.1503594719213424,0.9601600718050499,-0.48731127538504376,1.7860862707794007,1
-0.9278419935894603,-1.048536668145864,-0.9720765896777006,-0.6186589967681443,-1.0592770956227724,-0.9473448302657943,-0.19375866929694002,0.39487503435988774,1.3838296128666172,-0.36077905449882575,2.4248871705356074,0.4252586358998573,0
0.2980603808313257,1.1735293764800248,0.38379508761584935,0.5187954658324928,0.9556550141048032,1.004793420008616,-0.5703432992148464,-0.2180642393942527,0.6026404914758898,1.075534473658386,-0.6669422075633269,0.08505172717997146,2
-0.5230572236607096,-0.1414490316491973,-0.28750932446778943,0.23223881458605963,-0.3288642058465262,0.290367974443827,-0.3945446635759023,-1.4687080100845178,-0.7292229286001065,1.2965057856825732,-0.7721805314657555,1.4458793620595147,1
0.047517587238610964,0.030923219124393192,-0.47318926823560437,0.314112143513612,-0.2616998021889404,0.05238231782290066,-0.14903277587323907,1.1130665066374652,-0.8218229001142657,-1.7090951575136628,-0.5018269062681373,1.7860862707794007,1
0.8150120046450712,0.5570852479709074,0.6133444686474889,0.6445295066855194,0.8633039590756224,0.5850391910079271,-0.797077704389212,1.4989912345567389,-0.41497408909992733,0.8956286267006418,-0.7231902772353145,0.08505172717997146,2
0.1351824605077252,-0.3648502952755636,-0.08142499127493989,0.23516286204775813,-0.36244640767531916,0.3854685419517957,-0.5201468006451058,0.5001272328833255,0.11698319406652105,-1.4138149087025818,-0.3748151360410684,-1.9561897251393436,1
-0.07047350794032281,-0.49489747853247046,-0.0824452107461916,-0.39350734221737566,-0.16095319670256164,0.5761381526697423,-0.381163859097076,-0.6246266532985136,-1.314375940083199,0.7792764756790568,-0.4746100983623368,-1.2757759076995718,1
0.7674138947601228,0.8380008170534121,0.7735189256340103,1.3053642330293342,0.6282285462740721,0.6239226742747319,-0.8094235295160848,-0.690667248450475,0.2933171823753998,-0.6629035474876471,-0.9409247404817184,0.4252586358998573,2
0.7551629044521824,0.5268774376868228,0.21239821644555862,0.7527192627683567,0.9388639131904067,1.0703800182899739,-0.5857940623975794,0.49599969568632807,0.1288044670257759,-1.2075098342021244,-0.7921395239300091,0.08505172717997146,2
0.3677504404519044,0.3724250743698926,0.9000261400692251,1.115301148018945,0.22524212432855695,0.7255819016108365,-0.7382317355210036,0.04609814121359236,1.5503125403761164,-0.2845146193754339,-0.804840700952716,0.7654655446197431,2
-0.8297336531725936,-0.7203467292967407,-0.849650253127493,-0.6742158985404121,-0.7318506277920414,-1.2307726299816613,1.0678811607342706,0.5991881256112674,1.3897402493462445,-1.1107126665455118,2.4793207863472086,-0.5953620902598002,0
-0.7397591669765726,-0.8469806006571409,-0.7670124759561028,-1.0484939736377938,-0.9921126919651866,-0.21464883232262713,-0.1669231332427194,-0.6308179590940103,0.03718960159155365,-1.3502612127664217,2.392227001048647,-1.9561897251393436,0
2.033885122331793,2.4257028457135235,2.324252521936641,1.369693277186697,2.945400472460784,1.5276123034514384,-1.0861326519704868,0.8633505062191125,-0.10171035567968517,0.36959957418288786,-0.7812528007676889,-0.2551551815399144,3
-0.8880764840653259,-0.5986621601862755,-0.6925364545547265,-0.4636844812981348,-0.7738283800780325,-1.5469937288382072,0.5464733486394548,-0.5771599755330414,0.5898341124366966,0.09387430873677903,0.4834215399218399,-0.2551551815399144,0
0.05906565187314496,-0.02829774227999876,0.012435200080219321,-0.18297592497509838,-0.4044241599613103,0.40139671582012554,-0.19560684671114253,-0.2758497601522183,-0.44748258973787675,0.9337608442623377,-0.14619394963234444,0.4252586358998573,1
0.6832636498580407,0.8185449392433237,0.4970394489247914,1.290743995720843,0.4267353353013145,0.9827750620141602,-0.8767711144896249,-1.5553862912214673,-1.5714886269469819,1.0520684936204199,-0.6869012000275805,0.08505172717997146,2
-0.14669073452824674,-0.2568189737511253,-0.06306104079240858,-0.27362139628774546,-0.09378879304497573,0.1629425834971893,-0.1457060565276744,1.690921714217126,0.34552780461210536,-0.9572060471304795,-0.44920774431692306,-0.5953620902598002,1
-1.0431218040281123,-0.8695084591740854,-0.9108634214025968,-1.3906075266564946,-0.6730817745916537,-1.6167966084376522,1.6108756850269725,0.0729271329940764,1.4902210694999065,-1.5946985048285751,0.5741442329411748,0.4252586358998573,0
-0.13042302608655554,-0.2689362309837242,0.14404351187169268,0.18837810266058536,-0.33725975630372446,-0.08534953856795068,-0.75900524965664,-0.9052991826943487,-0.29873157166725844,-0.9875162713461866,-0.6451687612386865,0.7654655446197431,1
0.1407054479416327,-0.19657401877778125,-0.16814364633133697,0.17668191281379214,0.06572666564179061,0.4243520252186005,-0.6263061113168987,-1.3799659603490702,0.49230861052284836,-1.1038684223677715,-0.5834773299855387,-1.2757759076995718,1
-0.969214190367095,-0.6382565781857537,-1.064916561561608,-1.2356330111864848,-1.1684192515663494,-1.8201150631098608,0.4561344366332355,0.3701098111779021,-1.4306184575158671,0.6785683113494495,-0.3367116049729478,-0.935568998979686,0
-0.04898406592475529,0.04577112587419735,-0.22833659513518906,0.25855524174134453,-0.21972204990294922,0.14560898252283025,-0.40312020677780197,0.8282664400446328,-0.49969321197458383,0.2327146906280822,-0.3457838742748812,0.7654655446197431,1
-0.8857668711384192,-0.80602085789906,-0.5762314348320292,-0.4519882914513416,-0.790619480992429,-1.998135829873546,2.2408824019803286,-0.43888747943362305,1.1286871381627095,-0.3549125594893342,1.2545644305861867,-1.2757759076995718,0
-0.07961154169460616,-0.3725302470427038,-0.2344579119626995,-0.26484925390265046,-0.4715885636188962,0.13998727409871434,-0.5237692283769427,-0.15615118143928894,-0.5804719105294882,0.26400266401203787,-0.14437949577195763,1.105672453339629,1
1.3893022798181114,1.5099112638807644,3.3036632143383033,1.7322751624372856,1.4509924910794987,1.4095564265449947,-0.9690321310066148,1.6888579456186277,0.1455512703847198,0.19262697472988907,-1.0135028948971863,0.08505172717997146,3
-0.4411161737321905,-0.42492458465408234,-0.055919504493646625,0.422301899596449,-0.37084195813251736,0.41732488968845477,-0.7272905252289248,0.05435321560758734,-0.8031058845954465,0.08996331206378466,-0.5326726218947112,-1.9561897251393436,1
-0.2615688731535237,0.05293908085686154,-0.010009628287318637,-0.3759630574471857,-0.14416209578816516,0.039264998166629074,-0.37990709845541826,1.3607187384573196,-0.33518049662495997,-0.7254794942555584,-0.16796739595698484,-0.2551551815399144,1
-0.2260209176698278,-0.18974739498476778,0.070587709941568,0.09773263134793803,-0.09378879304497573,0.14748288533086934,-0.7705378767212637,1.608370970277175,1.5424316917366137,1.5067218568560248,-0.18429748070046512,-0.5953620902598002,1
-0.3110749241520039,-0.005087221383752926,0.055284417872792,-0.11279878589433921,-0.19453539853135451,-0.04365520108908756,-0.48384859623016824,-1.080719513566746,1.3542764304684813,-1.2163095767163619,-0.5471882527778048,0.4252586358998573,1
-0.78173387147427,-0.8428846263813328,-0.6823342598422091,-0.6274311391532392,-0.8829705360216095,-1.4336226089518602,0.34443059371883483,-1.5203022250469875,-0.5489485159714771,-0.7978329327059556,0.09694286765947312,1.7860862707794007,0
-0.15201288605546673,-0.5001881119720559,-0.47318926823560437,0.0597200143458602,-0.3036775544749315,0.38640549335581487,-0.30982421090885853,0.7065040927332044,-0.2475060555104898,0.5798156453563398,-0.23873109651206603,0.08505172717997146,1
-0.5738687080526589,-1.0109902372842898,-0.6782533819572023,-0.8701270784741979,-0.9165527378504025,-1.6144542299276037,-0.0634991251439461,0.9954316965230351,0.49033839836297305,0.09191881040028184,1.3942773778359627,-1.6159828164194576,0
-0.8228048143918731,-0.6305766264186135,-0.7415069891748095,-1.5485060895882026,-0.8158061323640236,-1.9676849092429158,1.8797485352451557,-0.06740913170384112,1.0232807876093584,-1.5634105314446196,0.5088238939672538,0.4252586358998573,0
0.8430286136279842,0.17325832520872414,0.35216828400704564,0.5246435607558892,0.6366240967312703,1.2020216905546983,-0.8064664456533608,-0.5750962069345431,-0.5597846828507936,1.3414822474220094,-0.6487976689594599,0.08505172717997146,2
0.13839583501472588,-0.11277721171854067,-0.2956710802378033,0.24685905189455132,-0.4044241599613103,0.1442035554168011,-0.5355236367312708,1.02019691970502,-0.06033590032229461,0.9943812926937514,-0.5018269062681373,-0.2551551815399144,1
2.1713573004594187,2.314770209077054,2.9200606931476516,1.4749589858078354,2.189800931312943,1.2877527440224736,-1.0868719229361676,-1.4831543902740094,-1.6414311586225705,-1.2603082892875495,-0.9372958327609449,0.7654655446197431,3
0.8231458588659168,0.8417554601395696,0.40215903809838044,0.47785880136871645,1.2578948305639395,0.9883967704382768,-0.8815763757665513,1.1873621761834223,1.1542998962410944,1.0647792328076515,-0.9028212094135977,0.4252586358998573,2
1.008316564831835,1.273368749452847,3.4148671367047405,1.5656044571204828,2.8110716651456125,1.2816625598963471,-1.0938949971101375,-1.1735891004991912,-0.8681228858713453,-0.05083256816401536,-1.0098739871764129,0.4252586358998573,3
-0.8168801551445907,-1.011672899663591,-0.9394295665976454,-1.5718984692817888,-0.9837171415079882,-0.9618675770280951,-0.4176838448017179,1.3689738128513147,0.31695972829390806,0.35786658416390477,0.3691109467174779,-1.6159828164194576,0
-0.4051665464351196,-0.44625778400724947,-0.1905884746988749,0.04802382449906701,-0.31207310493212975,0.3170710894583795,-0.7412627464802958,0.19468948030550484,-1.5173077925503995,1.2916170398413296,-0.6832722923068072,1.4458793620595147,1
-0.8046291648366503,-0.7377546199689252,-0.6333637252221261,-1.2210127738779935,-1.0256948937939794,-0.6671963604639949,1.9713442078930328,-1.3840934975460675,1.5128785093384778,-0.3617568036670742,0.5723297790807882,0.08505172717997146,0
0.626326670312121,0.5396773572987231,0.9000261400692251,1.2088706667932905,0.6198329958168738,0.7396361726711272,-0.892961148638039,0.17611556291901578,1.264631777194136,0.9249611017480999,-0.877418855368184,0.4252586358998573,2
-0.7111400502735972,-0.6445712051942911,-0.6394850420496364,-0.8087220817785337,-0.538752967276482,-1.042445397773763,2.279841981871718,1.2492752341383853,-0.6622357151643309,-1.0510699672823465,2.481135240207595,-0.5953620902598002,0
0.8803840922718679,0.39614759205061445,0.5031607657523018,0.5538840353728721,0.661810748102865,0.6703017687736917,-0.781700868303047,0.21945470348749052,-0.8848696892302892,-0.5123301755773608,-0.690530107748354,0.4252586358998573,2
0.20025329427449043,0.5802957688671533,0.24810589793936916,0.9837190122425218,1.266290381021138,1.0418030004673824,-0.9797515600089893,0.2091358604949964,-0.340106027024649,1.1302884270803086,-0.8284286011377431,0.4252586358998573,2
0.662276297609192,0.7765612029162909,0.5347875693611055,0.9954152020893152,1.0815882709627767,1.2577702990938529,-0.806540372749929,-0.16234248723478553,0.5750575212376294,0.4331532701190479,-0.7485926312807283,-0.2551551815399144,2
-0.3785557887990196,0.002251399193736442,-0.37830885740919346,-0.29993782344303005,-0.3036775544749315,0.2941157800599045,-0.6870741846958778,1.3049969862978532,-0.719371867800727,-0.18185095670932946,-0.3639284128787482,-1.6159828164194576,1
-1.0547702866159898,-0.7188107389433128,-0.7976190600936548,-0.6245070916915411,-0.6227084718484643,-0.4198411898028748,1.0120662028253549,1.0552809858794998,-0.17362309951514981,-1.0950686798535338,0.525153978710734,-1.6159828164194576,0
-0.0015867919464942477,-0.21056859755345889,-0.1559010126763161,0.26147928920304275,-0.17774429761695812,0.1254645273364136,-0.7286212129671505,1.3338897466768365,1.6143444355720782,1.4480569067611078,-0.3131237047879207,1.4458793620595147,1
0.12805278582031734,-0.1151665300460954,-0.002868091988556494,-0.03677355189018359,-0.19453539853135451,0.17512295174944167,-0.27241710004539943,0.058480752804584826,-0.07215717328154946,-0.5582843864850455,-0.23510218879129255,-1.9561897251393436,1
-1.0526615095957708,-0.6788749897541838,-0.6568287730609159,-1.4110758588883827,-0.681477325048852,-1.187672865396769,0.2861021145266033,-1.097229662354736,0.8794552999384291,-1.559499534771625,1.4124219164398297,-0.935568998979686,0
-0.7757087942736435,-0.7925382759078583,-1.050633488964084,-1.1303673025653462,-0.7402461782492396,-0.692025572670509,1.4646478880152687,-1.3944123405385616,-0.2573571163098679,-1.281818770989019,0.48523599378222654,-1.2757759076995718,0
-0.2699035632810568,0.02358459854690358,0.03590024791900917,-0.13911521304962385,-0.09378879304497573,0.4159194625824256,-0.30804996059122414,1.3503998954648264,0.1288044670257759,-0.7557897184712653,-0.6796433845860338,0.08505172717997146,1
-0.12851508497302386,-0.1807021184590249,-0.2834284465827825,-0.03092545696678686,0.07412221609898885,0.4009282401181156,-0.4737205840003384,0.029587992425601676,0.543534126679617,-0.12807475245565603,-0.485496821524657,-0.5953620902598002,1
-0.6391403777261117,-0.5568490894540679,-1.050633488964084,-1.5104934725861248,-0.5807307195624732,-0.4718419927259513,1.4048408668916752,0.5455301420502986,-0.9853505093839512,0.7704767331648192,2.4103715396525134,-0.935568998979686,0
-0.3229242426465692,-0.4571803820760709,-0.3905514910642142,0.40183356736456083,-0.3288642058465262,-0.007582572034340694,-0.4514685279333401,-1.5987254317899413,-0.6159357294072513,0.1388507704762153,-0.5816628761251521,0.4252586358998573,1
-0.11907579735870903,-0.23036580655319794,-0.21303330306641305,0.41060570974965577,-0.07699769213057926,-0.0483399581091846,-0.635251290001639,0.8262026714461344,1.4252040682240077,-0.6824585308526193,-0.15708067279466456,1.105672453339629,1
-0.5534838635238729,-0.3829408483270494,-0.5435844117519738,0.22931476712436138,-0.42121526087570677,0.4847853907778518,-0.31647764959998764,-1.1694615633021939,0.4341873518065139,1.3600594816187328,-0.6306531303555929,0.08505172717997146,1
-0.1743056716977844,-0.48755885795498094,-0.19466935258388193,0.2760995265115342,-0.2365131508173457,-0.08956581988603779,-0.21076190150760332,-0.8144933643604025,-1.1626696037727668,-0.5925056073737471,-0.6487976689594599,-0.935568998979686,1
-1.0008458456703835,-0.562481054083304,-0.8404682778862275,-1.2999620553438473,-0.8242016828212219,-0.72153954189712,0.5203031564543471,-0.837194818943889,-1.342944016401397,0.1584057538411875,1.7335802497282753,0.4252586358998573,0
-0.8320432660995005,-0.8507352437432983,-1.061855903147853,-0.6683678036170153,-0.9753215910507901,-0.2914788474522176,2.4385634582034306,-0.10042942927982175,-1.726150281497227,0.32462311244345193,0.06791160589328608,1.7860862707794007,0
-0.9251307088491784,-0.652592488151082,-0.7017184297959921,-0.5835704272277648,-1.0592770956227724,-1.862277876290734,-0.06941329286939425,0.14722280254003264,1.6172997538118918,-0.5005971855583774,-0.0064810023825685814,1.105672453339629,0
-0.27211275825461984,-0.4995054495927546,0.12261890297540624,0.4047576148262593,-0.33725975630372446,0.387810920461844,-0.364308481079549,-0.8021107527694094,-0.03669335440378633,-0.28842561604842826,-0.6252097687744328,0.4252586358998573,1
-0.8177839167246845,-0.8691671279844349,-0.9098432019313452,-0.7473170850828694,-0.5891262700196713,-0.24088347163517032,1.958333038897047,0.2091358604949964,1.117850971283393,-0.6844140291891166,2.1200589219906423,-1.9561897251393436,0
-0.7190730685877554,-0.8150661344248029,-0.7894573043236409,-0.5952666170745579,-1.1096503983659618,-1.3497654582921244,1.1692352101291374,-0.963084703452315,1.0380573788084255,-0.3549125594893342,1.998490513344733,1.7860862707794007,0
-0.20342687816747876,-0.2054486297086987,-0.0671419186774156,-0.259001158979254,0.07412221609898885,0.3273775549025934,-0.5216992696730359,-0.963084703452315,0.4548745794852099,-1.6259864782125304,-0.39477412850532206,-0.5953620902598002,1
-0.6178517716172317,-0.5433665074628662,-0.8710748620237793,-0.5631020949958768,-0.8325972332784201,-0.656421419317772,-0.28823749871097304,-1.4769630844785129,-0.8040909906753835,0.2170707039361044,1.2146464456576795,1.4458793620595147,0
2.5398911892310676,1.3115978426937227,3.288359922269527,2.162110139306935,1.4761791424510937,1.3692675161721608,-1.0462120198237121,-1.0931021251577384,0.26277889389732567,1.5556093152684554,-0.9300380173193981,0.08505172717997146,3
0.293441154977512,0.5075922254715596,0.694962026347627,0.8696811612362881,1.0144238673051906,1.2521485906697363,-0.9621569110257814,-0.9135542570883437,-0.3007017838271338,-1.610342491520553,-0.6996023770502875,-0.2551551815399144,2
-1.046736850348488,-1.0509259864734186,-0.6762129430146988,-1.3204303875757355,-0.6898728755060503,-1.5277862250558099,0.7465200719527361,-0.8640238107243731,-0.4327059985388082,-0.6922360225351055,2.528311040577649,-1.2757759076995718,0
-1.0022516970171964,-1.1767065298596922,-0.8843377151500519,-1.545582042126504,-1.1096503983659618,-1.733447058238067,-0.4167227925463326,0.30200544742744173,1.0951935314448231,-1.0608474589648325,-0.030068902567595642,0.08505172717997146,0
0.039684986877796626,-0.48909484830840905,-0.3987132468342281,-0.20344425720698628,-0.2784909031033369,0.437937820576882,-0.5062485064903028,-1.4955370018650018,-1.4562312155942514,0.8780291416721667,-0.6451687612386865,1.7860862707794007,1
3.2229341078754143,2.2407013409228576,1.873315515643376,1.65624992843313,2.0302854726261765,1.4882603444826237,-1.0078438567048678,1.589797052890685,-0.571605955810047,0.195560222234635,-0.8120985163942628,-0.2551551815399144,3
-0.38016247605251996,-0.275933520371563,-0.48339146294812174,-0.21221639959208125,-0.3456553067609227,0.38031530922968904,-0.756122092890484,-0.9465745546643243,-1.447365260874811,-0.6932137717033542,-0.3621139590183616,-1.6159828164194576,1
-0.13172845948002454,-0.28480813130248056,-0.5201193639131839,0.12989715342661937,-0.1693487471597599,-0.04693453100315546,-0.12012728111511162,0.8860519608025991,1.321767929830532,0.2600916673390435,-0.6487976689594599,-1.6159828164194576,1
-0.16175342752981275,-0.05526290626240224,-0.4609466345805836,0.09773263134793803,-0.18613984807415626,0.0167781644701634,-0.09499206828195725,0.7147591671271993,1.3060062325515251,0.41359828675407573,-0.39477412850532206,0.7654655446197431,1
0.7688197461069355,0.1788902898379605,0.5592728366711471,0.9106178257000644,0.13289106929937652,0.795853256912291,-0.5899339798053931,-1.0683369019757527,0.040144919831367365,-1.607409244015807,-0.8030262470923293,0.08505172717997146,2
0.8391123134475769,0.278900328405608,0.8439140691503798,0.7293268830747702,0.8297217572468296,0.9551349955955879,-0.7197499613789784,-0.1767888674242771,1.3326040967098485,1.0471797477791764,-0.6887156538879673,0.4252586358998573,2
-0.4955427044445157,-0.5119640380150041,0.0042734443102054685,-0.20344425720698628,-0.3036775544749315,-0.08113325724986324,-0.6593515234828399,0.008950306440614238,1.3060062325515251,-0.36371230200357174,-0.28953580460289363,-0.935568998979686,1
0.27847887992929,0.20705011298414094,0.30931906621447297,0.6796180762258992,0.4351308857585127,1.0478931845935082,-0.917209236312376,-1.4026674149325566,-1.2227610746489768,0.018587622781635886,-0.7123035540729943,0.7654655446197431,2
3.3317871693000645,1.1975932253503974,1.483591677625215,2.1942746613856166,2.173009830398547,1.394096728378675,-1.0816970261764007,-0.9114904884898453,-1.0759802687382352,-0.9425398096067503,-0.8030262470923293,0.7654655446197431,3
-0.24540158266517614,0.11437869499398304,-0.5272609002119462,0.314112143513612,0.08251776655618709,0.49696575903010354,-0.19294547123469102,-0.9114904884898453,0.8036021317832138,-0.6805030325161221,-0.5381159834758713,-1.2757759076995718,1
2.756492714593587,1.715733971240121,3.2128636813968985,1.3667692297249987,1.7280456561670405,1.5917934746267672,-1.058409990757449,-1.2375659270526533,1.2321232765561851,-0.011722601434070985,-0.9735849099686789,0.4252586358998573,3
0.5816406810741419,0.6767218299434685,0.19811514384803433,0.9486304427021425,1.2159170782779485,1.1247231997230986,-0.6650439099185836,-0.4657164712141071,-0.9262441445876798,-0.6413930657861777,-0.8991923016928243,0.08505172717997146,2
-0.9920090657761315,-0.8053381955197586,-0.9282071524138762,-0.881823268320991,-1.11804594882316,-1.7835739583531045,1.1630253340174166,-0.7690904551934287,1.1217913956031451,-1.082357940666302,1.0749334984079035,1.105672453339629,0
0.13237075781409954,-0.22251518919123242,-0.19466935258388193,0.4369221369049404,-0.37084195813251736,0.5363177179989183,-0.7604098644914339,-1.4769630844785129,0.7839000101844562,0.35884433333215315,-0.4927546369662038,0.08505172717997146,1
-0.9710217135272828,-0.8408366392434288,-0.7884370848523892,-1.3350506248842269,-0.6982684259632485,-0.6264389743891513,-0.3603903449614396,1.3999303418287976,0.06378746574987565,-0.5328629081105815,0.7174860879117242,1.105672453339629,0
0.044705884544985294,-0.0629428580295422,0.0695674904703163,-0.2531530640558573,0.006957812441403036,-0.08394411146192153,-0.1351344817184359,-0.6184353475030171,0.03521938943167831,1.49596661600529,-0.5671472452420585,1.105672453339629,1
0.3144285072263607,0.7111962800981868,0.3001370909732074,0.7497952153066579,1.2578948305639395,0.679202807111876,-0.733352547147509,-1.2994789850076172,-0.6060846686078732,0.20338221558062375,-0.7413348158391816,-0.2551551815399144,2
-0.5053836638722055,0.027339241633060975,0.059365295757799016,0.12989715342661937,-0.24490870127454392,0.33908944745283587,-0.26960787037581163,1.6310724248606614,0.043100238071181074,1.0100252793857296,-0.20788538088549216,1.105672453339629,1
-0.7131484093404727,-0.5676010219280642,-0.7231430386922784,-1.2122406314928984,-0.8409927837356184,-0.7899369943905359,1.0873979142282497,-0.6266904218970129,1.0360871666485503,1.2251300964004241,-0.13349277260963752,-1.2757759076995718,0
0.7344768060633651,0.2715617078281184,0.7908626566452899,1.1357694802508331,0.8381173077040278,1.272761521558163,-0.8695262590259508,1.4866086229657456,-1.690686462619464,-0.1828287058775782,-0.6161374994724993,0.7654655446197431,2
-0.5807975468333793,-0.6218726810825214,-0.7761944511973683,-0.8116461292402318,-1.1684192515663494,-1.3647566807564349,1.9303885963943046,-0.7319426204204506,0.2883916519757093,-0.8457426419501376,-0.2641334505574798,-1.9561897251393436,0
2.242854883240186,2.436113446997869,1.1407979352846336,1.369693277186697,2.324129738628115,1.5852348147986315,-0.9879574677280486,1.1233853496299593,-1.469037594633444,-1.031514983917374,-0.8066551548131027,0.4252586358998573,3
-0.7121442298070351,-1.0324941022322822,-0.5915347269008051,-0.8555068411657064,-0.9585304901363937,-1.4949929259151309,0.14216605750851072,-0.95482962905832,0.3228703647735355,-0.817387916070928,1.639228648988167,0.08505172717997146,0
2.647137563402217,1.8587517397037534,3.361815724199651,1.5656044571204828,1.8959566653110052,1.4718636949122845,-0.926671904673093,-1.0043600754222906,1.0213105754494831,0.8046979540535208,-0.7939539777903957,-0.2551551815399144,3
0.11058006193850069,-0.2798588290525458,0.13894241451543393,0.045099777037368775,-0.36244640767531916,0.008345601833988855,-0.6872959659855821,-1.6461921095554135,-0.19529543327378276,1.6592507271028085,-0.48731127538504376,-0.2551551815399144,1
0.8079827479110071,0.39529426407648777,0.41746233016715645,0.8667571137745899,0.8297217572468296,0.778519655937932,-0.7510211232272851,-1.5285572994409826,-1.7212247510975374,-1.3766604403091345,-0.8483875936019968,0.4252586358998573,2
-0.8719091935769785,-0.7889542984165263,-0.6823342598422091,-0.7414689901594729,-0.6311040223056625,-1.939576367122334,-0.2812883516335716,0.14722280254003264,0.26277889389732567,-1.5428777989113986,1.9313557205104257,1.4458793620595147,0
-0.3905055252469286,-0.4640070058690845,0.011414980608967612,0.04217572957567054,-0.41281971041850857,0.20510539667806169,-0.7414845277700001,-0.5276295291690709,-1.373482304879471,-1.0940909306852853,-0.407475305528029,-1.6159828164194576,1
-0.07961154169460616,-0.10577992233070191,-0.058980162907401754,0.25855524174134453,-0.20293094898855274,0.44543343180903705,-0.424411210589415,0.9190722583785798,-1.140012163934197,1.116599938724828,-0.16796739595698484,-0.935568998979686,1
-0.7141525888739104,-1.035395417344313,-0.9414700055401488,-0.4344440066811517,-1.0508815451655742,-1.7226721170918438,-0.13062492882778187,0.4794895468983381,-0.4711251356563851,0.10951829542875685,1.2854101462127605,-1.9561897251393436,0
-0.8228048143918731,-0.8271833916574017,-1.0373706358378114,-0.6946842307723002,-0.8745749855644113,-1.0171477098652393,0.8809934606101116,0.24009238947247868,-1.1951781044107164,-1.099957425694777,0.7320017187948178,0.08505172717997146,0
-0.9672058313002194,-1.0746485041541405,-0.8741355204375346,-1.5426579946648058,-0.9081571873932043,-1.0410399706677338,1.0067434518724514,1.2224462423579021,-1.228671711128604,0.007832381930901201,0.6775681029832167,-0.5953620902598002,0
-0.5954585680215702,-0.6312592887979148,-0.8037403769211651,-1.3321265774225286,-1.0928592974515652,-1.3188460619594846,0.33289796665421106,1.6682202596336395,0.2519427270180092,1.3229050132252853,1.0586034136644233,-0.5953620902598002,0
-0.1411677470943392,-0.5054787454116414,-0.21609396148016818,0.32288428589870694,-0.21972204990294922,0.26179095662123547,-0.6427918538515853,-0.463652702615608,1.5680444498149986,1.677827961299532,-0.2713912659990266,1.105672453339629,1
-0.7337340897759462,-1.0470006777924359,-0.8363874000012205,-1.0426458787143973,-1.0592770956227724,-0.35800239713759474,1.132493443134791,-0.8021107527694094,-1.1360717396144449,-1.6611854482694808,2.1708636300814694,1.4458793620595147,0
-0.29028840780984283,0.136735887916102,-0.4813510240056182,-0.060165931583769976,-0.4799841140760944,0.3939011045879699,-0.1133259882308462,1.2884868375098633,-0.7223271860405407,1.3942807025074344,-0.5979929608686323,1.105672453339629,1
-0.9872894219689742,-1.053656635990624,-0.6088784579120845,-1.5572782319732976,-1.0256948937939794,-1.420036813593579,1.4017359288358149,-0.9568933976568185,-1.1636547098527052,-0.9122295853910435,1.1438827451025981,0.7654655446197431,0
-0.2068410885811671,-0.4547910637485163,-0.28240822711153074,-0.2209885419771762,-0.49677521499049093,0.12686995444244276,-0.7256641291044266,-1.398539877735559,-1.3823482595989114,-1.0412924755998603,-0.6125085917517259,0.4252586358998573,1
-0.7370478822362907,-0.9519399414747232,-0.5833729711307912,-1.215164678954597,-0.5303574168192837,-0.310686351234615,0.37710637040193556,1.7714086895585788,-0.8592569311519042,-0.2278051676170145,1.974902613159706,1.4458793620595147,0
-0.47284824698882283,-0.2392404174841155,-0.35586402904165537,-0.2911656810579351,-0.33725975630372446,0.03785957106059993,-0.249351845916152,0.4444054807238584,0.8922616789776223,-0.07723179570672821,-0.7558504467222751,0.7654655446197431,1
0.21250428458243076,0.31712942164648344,0.7520943167377242,0.8228964018491153,0.6450196471884685,0.7935108784022421,-0.7444416116327242,0.477425778299839,-1.1311462092147557,-1.5047455813497026,-0.8901200323908908,0.08505172717997146,2
-0.3935180638472419,-0.2505043467425877,-0.003888311459808203,0.24393500443285282,-0.37084195813251736,0.5217949712366176,-0.3539586875600148,0.037843066819597385,0.35636397149142324,0.19360472389813785,-0.5344870757550979,0.7654655446197431,1
-0.31880710655947436,-0.03529503166783777,-0.5139980470856736,-0.15373545035811528,-0.18613984807415626,0.42950525794070715,-0.5563710779634753,1.385483961639306,0.3937980025290617,-0.9259180737465239,-0.3784440437618418,0.08505172717997146,1
1.7003970992771218,3.0356616816192785,2.5833882676345805,1.5363639825034998,2.072263224912168,1.4962244314167885,-1.0091745444430937,-1.1302499599307165,0.9986531356109117,0.49572921688695915,-1.0116884410367994,0.08505172717997146,3
0.7573720994257455,1.0030344472495134,0.34298630876578007,0.5041752285240011,0.5610641426164863,1.1776609540501943,-0.9792340703330127,0.7374606217106866,-0.07018696112167412,-0.8496536386231321,-0.7485926312807283,0.08505172717997146,2
-0.20744359630122977,-0.043486980219453776,-0.126314648010016,0.4310740419815439,-0.3960286095041121,0.18964569851174173,-0.11325206113427817,0.015141612236110836,-1.2651206360863056,1.0657569819759005,-0.19518420386278523,-1.9561897251393436,1
0.7569704276123701,0.9091683700955777,0.7653571698639966,0.571428320143062,0.2084510234141605,1.1818772353682818,-0.6424961454653129,0.4031301087538827,-0.46521449917675767,-0.956228297962231,-0.7104891002126076,0.4252586358998573,2
0.1968390838608021,0.3512625406115508,0.6888407095201168,1.1942504294847993,0.40154868392971976,0.8066281980585136,-0.7755649192878947,1.1233853496299593,0.9375765586547635,-1.2251093192305995,-0.8810477630889573,0.08505172717997146,2
0.6607700283090353,0.3328306563704145,0.282793359961928,0.8082761645406241,0.1748688215853677,1.1073895987487397,-0.8357415758943287,0.06260829000158231,0.7139574785088683,0.22587044645034188,-0.8320575088585165,0.4252586358998573,2
-0.44362662256578483,-0.31842925348307194,0.08181012412533716,0.17083381789039542,0.07412221609898885,0.413108608370368,-0.09565741215107018,0.985112853530541,-1.6601481741413897,0.5729714011785995,-0.6379109457971397,-1.6159828164194576,1
-0.4532667460867871,-0.25357632744944375,-0.4874723408331286,0.036327634652273816,-0.44640191224730147,0.42950525794070715,-0.37317973266772114,-0.25521207416723085,-0.41497408909992733,-1.3864379319916207,-0.316752612508694,0.08505172717997146,1
-0.9883940194557557,-1.1767065298596922,-0.7517091838873269,-1.5368098997414095,-0.614312921391266,-1.0405714949657243,1.135968016673492,-1.1240586541352207,-1.0483972984999748,-0.6316155741036915,1.2291620765407731,0.08505172717997146,0
0.9266767687633473,1.1591934665146966,0.5562121782573918,1.2088706667932905,1.0144238673051906,0.9289003562830447,-0.759744520622321,1.5670955983071986,-0.5164400153335277,-0.19553944506481008,-0.9082645709947579,0.4252586358998573,2
2.7348024366713317,1.9618337589782568,2.751724480391116,2.200122756309013,2.5340185000580706,1.508873275371051,-0.8819460112493919,0.749843233301679,1.2035552002379877,1.5428985760812233,-1.0008017178744795,-0.2551551815399144,3
-0.4913251504040772,-0.44420979686934536,-0.2650644961002513,0.23808690950945635,0.023748913355799515,0.34096335026087427,-0.7142793562329388,0.5063185386788221,1.047908439607805,1.1009559520328507,-0.3494127819956546,0.08505172717997146,1
-0.06987100022026015,-0.15953958470068308,-0.38136951582294865,-0.12741902320283066,-0.3960286095041121,0.5124254571964234,-0.3607599804442801,-0.10249319787832013,1.5355359491770493,-1.1977323425196384,-0.521785898732391,0.4252586358998573,1
-0.6979852983855629,-0.8712151151223386,-0.614999774739595,-0.525089477993799,-1.1432326001947548,-0.46200400298374755,-0.3109331173573801,0.18024310011601327,-1.219805756409163,0.8310971815962334,0.6285778487527759,-0.935568998979686,0
3.2399047419905123,1.2793420452717341,1.1734449583646889,1.539288029965198,1.7700234084530315,1.102704841728643,-1.0241817450464181,0.3061329846244392,0.14358105822484304,-0.5641508814945371,-0.8810477630889573,0.4252586358998573,3
-0.9408963275241508,-0.6798989833231359,-0.9312678108276313,-0.6391273290000324,-0.8913660864788078,-0.7491796083156921,-0.13993974299536252,-0.13757726405279988,0.2923320762954614,-1.1478671349389589,1.421494185741763,-1.2757759076995718,0
-0.6800104847370274,-0.8442499511399354,-1.031249319010301,-1.5806706116668836,-1.1096503983659618,-1.2307726299816613,2.337135481711996,1.0903650520539787,-0.12239758335838115,-0.48495319886639954,1.463226624530657,1.4458793620595147,0
-0.9099675978942686,-0.7537971858825069,-0.9037218851038347,-1.276569675650261,-1.0508815451655742,-1.0677430856822867,0.393592112936622,-1.4542616298950264,0.5592958239586225,-0.910274087054546,1.751724788332142,-0.935568998979686,0
0.4202690300506978,0.4256727399553978,0.9571584304593219,1.2439592363336702,0.11609996838498005,1.118164539894963,-0.9648922135988011,-0.7628991493979328,-0.8011356724355697,1.081400968667878,-0.9481825559232652,0.4252586358998573,2
0.8711456405642405,0.9620747044914324,0.3450267477082837,1.3053642330293342,0.5358774912448916,0.6955994566822158,-0.7922724431122854,-1.4294964067130407,0.45684479164508524,1.2133971063814408,-0.6941590154691273,-0.2551551815399144,2
0.5271137324084729,1.1709693925576448,0.953077552574315,1.220566856640084,0.804535105875235,0.8562866224715417,-0.8522273184290153,-0.8475136619363831,0.748436191306693,0.34320034664017535,-0.9536259175044253,0.7654655446197431,2
-0.17631403076465993,0.010443347745352691,-0.16916386580258866,0.10650477373303298,-0.37084195813251736,0.4688572169095219,-0.47519912593170044,0.6074432000052624,-0.9853505093839512,-1.3893711794963663,-0.6869012000275805,-1.2757759076995718,1
-0.8565452467153811,-0.5426838450835649,-0.990440540160232,-0.8145701767019302,-1.0172993433367812,-1.06258985296018,1.9447304531285163,1.102747663644972,-0.2603124345496816,1.697382944664504,1.0041697978528226,-0.2551551815399144,0
-0.04396316825756662,-0.4290205589298903,0.04814288157403004,0.19130215012228358,0.023748913355799515,-0.03288025994286433,-0.35366297917374245,-0.48222662000209704,-0.14899544751670316,-1.592743006492078,-0.39477412850532206,-0.2551551815399144,1
-0.19659845734010226,-0.366044954439341,-0.4721690487643527,0.08311239403944659,-0.060206591216182874,0.5719218713516555,-0.23146148854667156,0.4402779435268609,1.669510376048599,0.46737449100774914,-0.2713912659990266,1.105672453339629,1
-1.0370967268274858,-0.764549118356503,-0.7976190600936548,-1.504645377662728,-1.151628150651953,-0.1453144284251917,-0.33362873600378706,0.04816190981209074,-1.3261972130424537,-1.1439561382659647,0.8680857583238202,-1.2757759076995718,0
0.14914055602250972,1.1117484311532528,0.2399441421693553,1.185478287099704,0.6869973994744597,1.0399290976593434,-0.7873193276422227,1.2059360935699106,0.8764999816986154,-0.06843205319249036,-0.7848817084884623,-0.2551551815399144,2
2.063207164708175,1.5046206304411789,1.4764501413264528,1.568528504582181,3.0209604265755683,1.2081118746808248,-1.0396325082291513,-0.690667248450475,-0.9863356154638896,-1.1801328574911631,-0.8629032244850904,0.08505172717997146,3
2.2955743087456666,2.4835584823593124,1.1826269336059545,1.3579970873399034,1.77841895891023,1.2334095625893482,-0.9467800749396165,-0.4079309504561408,0.5248171111607978,-1.1635111216309368,-0.8846766708097307,-0.2551551815399144,3
0.7406023012173351,0.3352199746979692,0.4970394489247914,0.8170483069257188,1.0396105186767857,1.1650121100959325,-0.9717674335796346,0.9500287873560612,0.9809212261720295,-1.2163095767163619,-0.7522215390015017,0.08505172717997146,2
0.7984430423433487,1.1334229616960707,0.8745206532879318,1.2644275685655584,1.165543775534759,1.0638213584618381,-0.9382784588342848,-0.9754673150433075,0.3514384410917328,0.0009881377531608835,-0.8592743167643169,0.7654655446197431,2
-0.5877263856140997,-0.6925282373402107,-0.5752112153607775,-1.5572782319732976,-0.9837171415079882,-1.6336617337100015,-0.38944369391270334,0.6590374149677322,-0.9331398871472442,0.01956537194988465,0.2439136303507958,1.105672453339629,0
-0.035427642223345795,0.09577614515802124,0.04712266210277833,0.01585930242038592,-0.0853932425877775,0.4365323934708529,-0.4272204402590029,-0.18710771041677046,1.174987123919789,0.31875661743396005,-0.7032312847710609,-0.5953620902598002,1
-0.40476487462174443,-0.4387484978349345,0.11955824456165111,-0.367190915062091,-0.38763305904691386,0.11843739180626787,-0.333554808907219,-1.2809050676211282,-0.7311931407599819,-0.9053853412133032,-0.42924875185266936,-0.2551551815399144,1
-0.06987100022026015,-0.005940549357879806,0.07874946571158185,-0.12157092827943418,0.05733111518459238,0.3217558464784768,-0.2097269221556498,-1.0022963068237922,-1.4838141858325118,0.7626547398188305,-0.3312682433917876,1.4458793620595147,1
-0.06695887957329065,-0.2110805943379349,-0.4242187336155213,0.024631444805480622,-0.29528200401773325,0.0781484814334339,-0.5494958579826419,1.3875477302378045,0.8006468135434001,0.5631939094961133,-0.4963835446869772,1.4458793620595147,1
0.6484186200477513,0.6086262576081591,0.22770150851433463,0.9895671071659182,0.29240652798614286,0.6304813341028678,-0.7193063987995697,-0.10662073507531836,-1.5892205363858636,1.289661541504833,-0.6270242226348195,-0.2551551815399144,2
0.5468960692171962,0.9002937591646603,0.6582341253825649,0.6094409371451401,0.11609996838498005,0.7766457531298929,-0.8173337288488717,1.2595940771308802,-1.0533228288996637,-1.2935517610080023,-0.7340770003976347,0.7654655446197431,2
0.032354476283701264,0.1401491998126088,-0.11713267276875043,0.0597200143458602,-0.13576654533096694,0.24820516126295394,-0.3225396715185719,-0.9568933976568185,-1.3153610461631373,-1.4891015946577248,-0.49094018310581716,-1.9561897251393436,1
0.7661084613666538,0.3881263090938236,0.26034853159439003,1.2059466193315922,1.2914770323927325,0.598624986366208,-0.689439851786057,1.2864230689113634,1.595627420053259,0.8780291416721667,-0.6270242226348195,0.08505172717997146,2
-0.3293509916605707,-0.17763013775216885,-0.24363988720396507,-0.13326711812622738,-0.00983328847299344,0.21353795931423655,-0.17645972870000437,-1.2272470840601601,1.6399571936504618,0.28844639321825316,-0.7086746463522209,1.105672453339629,1
-0.45226256655334934,-0.3049466714918703,-0.4629870735230871,0.20299833996907676,-0.41281971041850857,0.3671979895734174,-0.2802533722816182,-1.2478847700451474,-0.6445038057254501,-0.6277045774306971,-0.48368236766427036,-1.6159828164194576,1
-0.1800294950383796,-0.14605700270948146,0.07466858782657501,-0.11864688081773568,-0.3792375085897156,0.1943304555318391,-0.638208373864363,1.4473970195942691,0.3987235329287508,1.2045973638672032,-0.4600944674792432,0.08505172717997146,1
-0.9295490987963044,-0.9534759318281513,-0.770073134369858,-1.2882658654970545,-0.7570372791636361,-1.2326465327897,1.210042967434729,-0.6886034798519759,1.5404614795767382,0.8907398808593986,0.8408689504180196,0.4252586358998573,0
-0.9688125185537197,-0.7478238900636202,-0.9781979065052111,-0.9870889769421297,-0.6982684259632485,-1.7995021322214342,1.2551384963412706,1.6558376480426462,-0.06329121856210833,1.0354467577601933,0.2874605230000766,-1.9561897251393436,0
-0.9544527512255603,-0.8038022051663306,-1.0261482216540425,-1.5338858522797112,-0.9249482883076007,-0.6493942837876266,1.2181749480572202,0.26279384405596523,-0.4701400295764467,1.481300378481561,0.8009509654895121,0.4252586358998573,0
-1.017013136158731,-0.9985316488620403,-0.7353856723472991,-1.1713039670291223,-0.8074105819068254,-0.6053575677987149,0.7854796518441252,-0.6762208682609834,1.6429125118902757,-1.0276039872443796,2.5791157486684764,-1.6159828164194576,0
0.4176581632637598,0.2662710743885329,0.3807344292020942,1.121149242942342,0.5274819407876934,1.1472100334195643,-0.8721137074058345,-0.19329901621226706,-0.1706677812753361,-1.668029692447221,-0.8973778478324376,-0.2551551815399144,2
0.3486710293165874,0.407582186903912,0.634769077543775,0.5070992759856998,0.11609996838498005,0.7602491035595538,-0.7751952838050541,1.247211465539887,-0.03866356656366167,-1.5956762539968237,-0.6270242226348195,0.08505172717997146,2
-0.28185329972896583,-0.14452101235605336,-0.3885110521217107,-0.3613428201386943,-0.4883796645332927,0.05050841501486191,-0.7243334413662007,0.9892403907275384,0.739570236587252,0.3676440758463907,-0.5617038836608983,-0.935568998979686,1
0.038881643251046455,-0.3732129094220052,0.022637394792736774,-0.22683663690057268,-0.1105798939593722,0.17652837885547015,-0.7072562820589693,-0.9589571662553176,-1.1212951484153764,-0.496686188885383,-0.3221959740898542,-0.5953620902598002,1
-0.6433579317665502,-0.7379252855637505,-0.7772146706686202,-1.3789113368097015,-0.7738283800780325,-1.9414502699303728,-0.07096576189732444,-0.16647002443178302,-1.314375940083199,-1.3121289952047261,0.4580191858764263,-1.9561897251393436,0
-0.658018952954741,-0.6235793370307746,-0.9945214180452387,-0.6040387594596529,-0.5135663159048874,-0.6381508669393938,1.898230309387181,0.4010663401553836,-0.6681463516439583,1.142999166267541,2.564600117785383,-0.935568998979686,0
-0.31940961427953707,-0.42970322130919164,-0.16610320738883355,0.22931476712436138,-0.33725975630372446,0.02755310561638663,-0.40622514483366223,0.6156982743992574,0.3573490775713602,-1.4245701495533163,-0.6778289307256471,1.7860862707794007,1
2.2839258261577893,1.4315757558559346,1.222415492984772,1.507123507886517,2.8950271697175944,1.2971222580626671,-1.0224074947287836,-1.206609398075172,-0.04851462736304117,-1.2779077743160245,-0.9499970097836519,0.4252586358998573,3
-0.8716079397169472,-0.8891350025789991,-0.8445491557712342,-0.4373680541428499,-0.8074105819068254,-1.8346378098721616,1.3721650902085745,-1.613171811979433,1.6172997538118918,0.9239833525798514,-0.03551226414875578,-0.5953620902598002,0
-0.9042437745536736,-1.0420513755425012,-0.8078212548061721,-0.9753927870953365,-0.933343838764799,-1.3371166143378628,2.0276766554779257,-0.6432005706850028,1.4202785378243186,1.5380098302399805,1.9313557205104257,-0.935568998979686,0
0.3728717560724368,0.5282427624454255,0.6500723696125512,1.2088706667932905,1.1067749223343715,0.7621230063675922,-0.6458967919074455,1.7507710035735906,1.4951465998995956,0.10169630208276811,-0.7032312847710609,0.4252586358998573,2
-0.4614006003076327,-0.3921567904476176,-0.26914537398525823,-0.0718621214305629,-0.320468655389328,-0.021636843094631823,-0.7887978695735847,1.5877332842921867,-0.062306112482169954,1.6827167071407747,-0.15889512665505123,0.08505172717997146,1
2.1631230282852294,2.0973422412695744,1.27444668601861,2.0276039560688135,1.7532323075386353,1.5927304260307864,-0.8890430125199296,0.10181989337305955,0.6046107036357652,0.9415828376083265,-0.7903250700696224,-0.2551551815399144,3
-0.7783196610605816,-0.913369517044197,-0.9251464940001211,-1.4900251403542366,-0.5807307195624732,-1.9789283260911483,-0.4175359906085817,1.7755362267555772,0.7770042676248918,-1.6709629399519668,2.047480767575174,-1.9561897251393436,0
0.4820260713571185,0.3512625406115508,0.38583552655835274,0.8901494934681763,0.7541618031320456,1.1425252763994669,-0.6628260970215406,1.0160693825080225,-1.0690845261786708,-1.551677541425636,-0.7467781774203416,0.7654655446197431,2
2.654166820136282,2.935139646267154,3.0781947111916703,2.062692525609193,2.29894308725652,1.2779147542802696,-0.8829070635047771,0.1678604885250208,-0.19234011503396906,0.21022645975836407,-0.9209657480174647,0.08505172717997146,3
-0.987389839922318,-0.6945762244781148,-0.8159830105761859,-0.5338616203788937,-1.0760681965371688,-0.789468518688526,0.2662157255497841,0.6755475637557228,0.31695972829390806,0.8604296566436918,-0.02099663326566218,-1.2757759076995718,0
-1.028561200793265,-0.651056497797654,-0.9118836408738485,-1.1303673025653462,-0.8409927837356184,-0.42686832533302027,1.5021289259752957,-1.1054847367487317,0.03915981375142899,0.725500271425383,1.3942773778359627,-1.2757759076995718,0
-0.7236922944415689,-1.0174755298876528,-0.7649720370135994,-0.4724566236832295,-0.647895123220059,-1.3760000976046676,0.9745112377687593,-1.6668297955404017,-0.7311931407599819,-0.458553971323687,0.1150874062633402,0.08505172717997146,0
-0.3591751238036714,0.06113102940847779,-0.3058732749503206,0.001239065111894492,-0.4715885636188962,0.06737354028721067,-0.29171207224967377,-0.8702151165198697,0.00665131311347957,1.0745567244901377,-0.3076803432067606,-1.9561897251393436,1
-0.12951926450646153,0.06727499082218992,0.022637394792736774,0.09480858388623979,-0.060206591216182874,0.17840228166350922,-0.38737373520879653,-1.4067949521295542,1.129672244242648,-1.5184340697051832,-0.7358914542580215,-1.2757759076995718,1
2.733396585324519,1.5512123378284957,2.8476251106887784,1.787832064209553,2.5256229496008724,1.5126210809871283,-1.1021009048291965,1.5464579123222117,-0.6248016841266925,0.3099568749197225,-0.9010067555532109,0.08505172717997146,3
0.49317246417827754,0.2886282673106521,0.46541264531598786,1.2819718533357478,0.1748688215853677,0.8637822337036967,-0.7264034000701075,-0.5131831489795793,1.5128785093384778,-1.6181644848665417,-0.9282235634590115,0.4252586358998573,2
-0.5022707073185485,-0.334130488207003,-0.33137876173161385,0.0626440618075587,-0.3456553067609227,-0.059114899255407506,-0.6701448795817827,1.2348288539488939,-0.7499101562788011,0.7225670239206373,-0.6651277537029402,0.7654655446197431,1
-0.7450813185037926,-0.7449225749515894,-1.0077842711715113,-0.49584900337681587,-0.9501349396791954,-0.6634485548479174,1.1276881818578646,1.247211465539887,1.0912531071250708,-0.36762329867656607,0.18403665295803473,-0.5953620902598002,0
-0.18896669288597542,0.027339241633060975,-0.025312920356094636,-0.08063426381565787,-0.4547974627044997,0.41404555977438723,-0.6673356499121947,1.2368926225473935,0.26376399997726263,1.3287715082347773,-0.7649227160242085,1.105672453339629,1
0.4167544016836658,0.8750352511305104,0.30625840780071784,1.1036049581721519,0.3763620325581253,0.6773289043038375,-0.9316250201431557,0.07705467019107388,1.1828679725592919,-1.4499916279277805,-0.8919344862512775,0.4252586358998573,2
-0.8356583124198762,-1.128920163308598,-1.0516537084353357,-1.22686086880139,-0.9921126919651866,-1.237331289809797,2.4222255698618804,0.2173909348889914,1.5168189336582285,1.4294796725643844,1.1075936678948644,1.105672453339629,0
-0.4976514814647349,-0.351367713284362,-0.4711488292931009,-0.23560877928566762,-0.44640191224730147,0.5442818049330832,-0.5860897707838518,1.4308868708062792,0.6055958097157021,0.392087805052606,-0.49456909082659056,0.7654655446197431,1
-0.7117425579936599,-0.6519098257717806,-1.0496132694928322,-0.8174942241636285,-0.538752967276482,-1.7671773087827654,2.227797305887775,0.4402779435268609,0.38296183564974523,-0.7000580158810943,1.3307714927224281,1.7860862707794007,0
-0.3038448315112522,-0.07403612169318922,-0.15284035426256096,0.3111880960519138,-0.13576654533096694,0.31941346796842846,-0.6281542887311012,-0.5131831489795793,-1.690686462619464,-0.6511705574686637,-0.5127136294304575,0.08505172717997146,1
-0.46802818522832174,-0.25084567793223844,-0.30791371389282396,-0.16543164020490847,-0.07699769213057926,0.36626103816939826,-0.35662006303646643,-0.4946092315930903,-0.8897952196299783,0.5221284444296717,-0.17885411911930496,0.08505172717997146,1
0.7779577798612188,0.9038777366559922,0.521524716234833,0.5860485574515537,0.4687130875873057,0.7223025716967681,-0.853484079070673,1.6413912678531548,1.5778955106143768,0.9112726133926196,-0.7794383469073021,0.7654655446197431,2
-0.7820351253343013,-0.8573912019414864,-0.5639888011770084,-1.36429109950121,-1.0005082424223846,-1.7873217639691823,2.290857119260365,1.1625969530014366,1.3828445067866788,0.07334157620355843,1.8950666433026913,1.7860862707794007,0
-0.982469360208473,-0.6392805717547057,-1.038390855309063,-1.2619494383417695,-0.9669260405935917,-1.6983113805873398,1.0803009129577117,-0.6659020252684893,1.4892359634199697,-0.6599702999829014,-0.46735228292079,0.4252586358998573,0
-0.9174989443950515,-1.2000877163507635,-0.8506704725987447,-0.6186589967681443,-0.9165527378504025,-1.663644178638622,1.8063389283530316,-1.1137398111427266,0.9277254978553855,1.5194325960432562,1.9295412666500387,-1.9561897251393436,0
-0.6852322183109036,-1.1212402115414577,-0.9108634214025968,-1.4637087131989521,-0.8745749855644113,-0.9656153826441726,0.20197307863210442,0.8014374482641488,-1.6611332802213274,1.6084077703538804,-0.42199093641112256,1.105672453339629,0
-0.6424541701864561,-0.7524318611239041,-1.0679772199753634,-0.8672030310124996,-0.6311040223056625,-0.8930016488326692,0.8335322646133907,0.45266055511785336,0.47654691324384285,1.586897288652411,1.2981113232354675,0.7654655446197431,0
3.1161898234709833,1.7829762156013038,2.1518354312950985,1.6884144505118113,1.5937168488518687,1.6283345793835236,-1.0201157547351725,-1.0580180589832595,0.15934275550384996,-1.6406527157362598,-0.8066551548131027,0.4252586358998573,3
-1.03960717566108,-0.8348633434245419,-1.0037033932865043,-1.2005444416461053,-0.8325972332784201,-0.3064700699165279,-0.18045179191468197,-1.6730211013358982,0.4420682004460167,0.16427224885067937,1.559392679131152,-1.6159828164194576,0
1.527577801572488,1.7235845886020866,3.1394078794667744,1.7264270675138893,1.3838280874219129,1.346312206773686,-1.1028401757948776,0.34121705079891895,-0.845465446032774,0.20631546308536972,-0.7794383469073021,-0.2551551815399144,3
-0.9801597472815663,-1.0364194109132652,-0.7619113785998443,-1.0952787330249667,-0.6562906736772572,-0.40250758882851584,1.1792892952623992,-0.6452643392835019,-0.2997166777471968,0.7167005289111454,1.8351896659099305,0.4252586358998573,0
-0.9358754298569621,-0.5438785042473423,-0.6486670172909021,-0.9052156480145774,-0.5555440681908785,-1.1656545074023132,2.4852114561379026,-0.8784701909138647,0.46965117068427703,-0.4282437471079802,0.4108433855063719,-0.5953620902598002,0
-0.6126300380433555,-0.956889243724658,-0.9741170286202042,-1.583594659128582,-1.1264414992803582,-1.6781669254009224,-0.3473052488688858,-1.5657051342139607,0.6568213258724722,1.0794454703313805,0.532411794152281,0.08505172717997146,0
-0.7623532064789216,-0.7537971858825069,-1.0516537084353357,-0.6011147119979546,-0.5639396186480767,-0.4062553944445933,2.0160701013167337,0.5001272328833255,0.6095362340354542,1.036424506928442,1.7934572271210363,0.4252586358998573,0
-0.7132488272938164,-1.2127169703678382,-0.5956156047858121,-0.9578485023251467,-0.7570372791636361,-0.7543328410377986,1.2376177744546308,0.4155127203448752,1.3995913101456228,0.2698691590215294,2.1382034605945086,-1.9561897251393436,0
0.14432049426200855,-0.3926687872320936,-0.1875278162851198,-0.12741902320283066,-0.19453539853135451,0.036922619656580384,-0.7568613638561651,-0.5441396779570609,-1.1025781328965572,-0.6140160890752164,-0.41291866710918906,1.105672453339629,1
-0.4229405241769675,-0.38550083224942944,-0.2150737420089165,0.22931476712436138,-0.14416209578816516,0.0828332384535306,-0.4739423652900427,-1.460452935690523,0.9681148471328377,-0.8144546685661822,-0.6669422075633269,0.08505172717997146,1
-1.0553727943360525,-0.9517692758798979,-0.9169847382301073,-1.5572782319732976,-0.8409927837356184,-1.2448269010419524,1.4540023861094622,-1.2994789850076172,1.6379869814905865,-1.0833356898345508,1.4124219164398297,0.08505172717997146,0
-0.6888472646312795,-0.5573610862385439,-0.7251834776347819,-0.9344561226315604,-0.538752967276482,-1.1698707887204007,1.34976517994844,1.5505854495192086,-1.4680524885535062,-0.007811604761076617,0.9660662667847016,-0.2551551815399144,0
-0.2141715991752626,-0.4771482566706354,-0.4242187336155213,-0.15081140289641704,-0.2616998021889404,0.29130492584784623,-0.15383803715016545,-1.6688935641389,-0.18150394815465257,-0.24442690347724072,-0.6742000230048737,1.105672453339629,1
0.08115760160877515,-0.5099160508771001,-0.31505525019158614,0.2907197638200256,-0.13576654533096694,0.5639577844174906,-0.09380923473686766,1.6867941770201293,1.5296253126974217,-0.443887733799958,-0.6687566614237136,0.7654655446197431,1
-0.9045450284137049,-1.1024669961106706,-0.6517276757046573,-0.9139877903996723,-0.7654328296208343,-0.4624724786857572,0.5916428046425644,-1.0270615300057773,0.795721283143711,0.37839931669712534,0.0933139599386998,0.08505172717997146,0
-0.3339702175143842,-0.19623268758813053,0.05324397893028859,0.08896048896284332,-0.09378879304497573,0.13014928435651033,-0.2460990536671556,-1.3036065222046147,0.24406187837850643,-0.8437871436136404,-0.353041689716428,0.08505172717997146,1
0.5315321223555989,0.722460209356659,0.839833191265373,0.6269852219153295,1.3250592342215253,1.2090488260848442,-0.8867512725263185,0.9231997955755772,1.47938490262059,0.6423915921242511,-0.6324675842159796,0.4252586358998573,2
-0.9128797185412381,-1.1823384944889284,-0.7006982103247403,-0.5514059051490836,-0.7486417287064377,-0.769324063502109,0.9737719668030784,-1.695722555919385,-0.5440229855717866,0.8486966666247083,-0.022811087126048842,1.4458793620595147,0
-0.35284879274301356,-0.45001242709340683,-0.09366762492996059,0.314112143513612,0.0405400142701959,0.5573991245893548,-0.21460611052914444,1.2699129201233734,-0.35094219390396547,0.7753654790060623,-0.6869012000275805,-0.5953620902598002,1
0.6623767155625356,0.6907164087191463,0.4235836469946669,1.3053642330293342,0.4855041885017022,1.0994255118145746,-0.7778566592815057,-0.34189035530417955,1.596612526133196,0.23369243979633098,-0.7358914542580215,0.7654655446197431,2
0.08055509388871249,-0.2595496232683306,-0.34974271221414494,-0.3057859183664268,-0.41281971041850857,0.1779338059614993,-0.35166694756640376,1.5732869041026951,0.8735446634588031,0.2845353965452588,-0.7250047310957012,-0.935568998979686,1
1.5613182338959952,2.609509691340411,2.4650428089693794,1.550984219811991,2.987378224746775,1.5917934746267672,-1.09145540292339,0.6920577125437127,0.3524235471716712,1.4793448801450635,-1.0225751641991199,-0.2551551815399144,3
-1.0126951641649489,-0.5916648707984365,-0.7292643555197889,-0.6303551866149375,-0.5891262700196713,-0.9286058021854064,1.1077278657844774,-0.6101802731090221,-0.23174435823148426,0.925938850916349,0.8245388656745394,0.7654655446197431,0
-0.8746204783172604,-0.651056497797654,-1.01288536852777,-0.6245070916915411,-0.7486417287064377,-1.3591349723323185,-0.07407069995318459,-0.54620344655556,-1.2464036205674864,-0.8066326752201932,-0.22058655790819912,0.4252586358998573,0
-0.5943539705347887,-0.8688257967947841,-0.7415069891748095,-1.147911587335536,-1.0508815451655742,-1.5825978821909445,1.951162110529941,0.0068865378421151275,-0.49969321197458383,1.0413132527696853,2.2525140537988713,1.105672453339629,0
-0.8522272747215989,-1.0719178546369352,-0.6241817499808605,-1.4169239538117793,-0.8745749855644113,-0.8648931067120876,1.6235172185401177,1.3256346722828414,0.22928528717943789,-0.21900542510277698,0.6775681029832167,-1.2757759076995718,0
-0.9983353968367892,-1.064749899654271,-0.6303030668083709,-0.5981906645362564,-0.538752967276482,-1.857593119270637,1.1649474385281877,0.7704809192866665,0.49033839836297305,0.912250362560868,1.4977012478780043,1.105672453339629,0
2.4260172301392284,1.197422559755572,1.1214137653308505,2.1942746613856166,1.459388041536697,1.0731908725020316,-1.0333487050208625,-0.6039889673135255,-0.3164634811061407,0.4468417584745285,-0.7830672546280756,-0.2551551815399144,3
0.46445292952195816,0.4045102061970561,0.33788521140952155,1.191326382023101,0.4687130875873057,0.8145922849926786,-0.9264501233833887,-0.8640238107243731,-0.8769888405907864,1.507699606024273,-0.6088796840309525,0.7654655446197431,2
0.23750835496503028,0.15653309691584127,0.5633537145561539,0.9574025850872372,0.8129306563324333,0.6150216359365471,-0.8745533015925817,-0.963084703452315,1.278423262313266,-1.4245701495533163,-0.7758094391865288,0.08505172717997146,2
-0.31037199847859753,-0.3145039448020891,-0.12427420906751258,-0.3145580607515215,-0.35405085721812096,-0.09659295541618318,-0.7383795897141399,-1.6544471839494093,-0.8838845831503509,0.5182174477566773,-0.6215808610536594,0.7654655446197431,1
-0.5730653644259087,-0.6218726810825214,-0.6537681146471608,-1.2999620553438473,-1.0592770956227724,-0.7468372298056437,2.3258246359370767,0.2834315300409527,-0.7646867474778697,0.9102948642243708,1.212831991797293,-0.2551551815399144,0
-0.7080270937199402,-0.56299305086778,-0.7088599660947542,-1.0806584957164753,-1.0592770956227724,-1.1361405381757026,1.3718693818223018,0.06673582719858054,-1.2808823333653112,-0.17500671253158948,0.5178961632691874,-1.6159828164194576,0
-0.7684787016328918,-0.5955901794794194,-0.9078027629888417,-0.8174942241636285,-1.0508815451655742,-0.8292889533593504,0.5724956866314265,-0.6246266532985136,-1.1134142997758736,1.3639704782917272,0.14774757575030073,-0.2551551815399144,0
-0.9210135727620836,-1.1785838514027709,-0.8282256442312068,-1.5338858522797112,-0.6982684259632485,-1.3029178880911547,0.1671534161485288,1.6929854828156243,0.6666723866718504,-0.040077327313280675,1.1765429145895587,1.105672453339629,0
-0.8406792100870648,-0.8155781312092789,-0.8047605963924169,-1.215164678954597,-0.8158061323640236,-0.2034054154743943,0.18681802383564364,-1.569832671410959,-1.5015460952713933,0.1652499980189278,1.5158457864818715,-1.9561897251393436,0
3.17091760804334,1.325933752659051,2.0559348009974356,1.7907561116712514,1.5517390965658777,1.5374502931936425,-1.086280506163623,-1.4810906216755104,0.07856405694894421,0.3207121157704572,-0.9318524711797849,0.4252586358998573,3
0.6154815313509936,1.0417755372748647,0.32156169986949384,0.5451118929877774,0.41833978484411627,0.6168955387445862,-0.7782262947643462,-1.5842790516004497,-1.3094504096835098,-0.17500671253158948,-0.617951953332886,0.7654655446197431,2
0.7839828570618455,0.5717624891258865,0.4766350594997568,1.2819718533357478,1.241103729649543,0.7405731240751464,-0.6674835041053311,-1.1818441748931863,-0.49969321197458383,-1.1156014123867548,-0.7304480926768613,-0.2551551815399144,2
-0.8069387777635572,-0.7273440186845797,-0.6762129430146988,-1.6011389438987718,-0.8409927837356184,-1.5591740970904595,2.1647374925151848,0.6156982743992574,-0.8129569453948245,-0.5025526838948745,-0.031883356427982464,0.7654655446197431,0
2.989763620211172,1.7493550934207123,2.4660630284406317,2.1240975223048575,1.8791655643966088,1.5444774287237875,-1.122283002192288,0.9438374815605654,0.8952169972174361,0.9767818076652764,-1.0280185257802799,0.7654655446197431,3
-0.013034438627684424,-0.025055095978317395,-0.17630540210135082,-0.3554947252152978,0.0405400142701959,0.19386197982982917,-0.5234735199906704,0.6425272661797422,-1.0040675249027704,1.1410436679310434,-0.37662958990145506,1.4458793620595147,1
-0.8899844251788577,-1.1395014301877686,-0.7149812829222646,-1.3584430045778133,-0.5555440681908785,-1.595715201847216,0.333563310523324,0.9747940105380469,-0.25538690414999254,1.081400968667878,0.41265783936675887,0.7654655446197431,0
-0.8541352158351305,-1.0002383048102936,-0.7251834776347819,-0.8935194581677842,-0.933343838764799,-1.5914989205291286,2.4992576044858414,0.6920577125437127,-1.245418514487548,-0.06061005984650163,0.8971170200900074,0.4252586358998573,0
0.6461090071208443,0.287092276957224,0.4062399159833875,0.6240611744536313,1.2243126287351465,1.1111374043648172,-0.7138357936535303,-1.0765919763697485,0.8784701938584921,-0.09972002657644599,-0.8483875936019968,-0.2551551815399144,2
0.6750293776838511,0.937157527646933,0.6225264438887544,0.6737699813025023,1.2327081791923449,0.5892554723260139,-0.8512662661736299,-0.22425554518974858,-1.6443864768623844,-1.496923588003714,-0.6923445616087407,0.4252586358998573,2
-0.982469360208473,-0.5916648707984365,-0.5925549463720569,-1.5865187065902804,-0.6898728755060503,-1.420505289295589,0.6856041443806208,-0.22425554518974858,0.045070450231056415,0.2698691590215294,0.9424783665996748,1.7860862707794007,0
-0.9832727038352231,-0.53517455891125,-0.5976560437283156,-0.9695446921719398,-0.614312921391266,-1.0237063696933748,1.421548390716066,0.9273273327725747,-1.2897482880847522,1.103889199537596,-0.22784437334974592,-0.2551551815399144,0
-0.6951735956919373,-0.8645591569241506,-1.0047236127577561,-0.723924705389283,-1.1096503983659618,-0.42780527673703944,2.331886657855661,1.5258202263372236,1.0045637720905392,1.4343684184056271,0.49067935536338686,0.7654655446197431,0
0.9504758237058216,3.0392456591106103,2.5446199277270147,1.8580092032903124,1.3502458855931199,1.0591366014417407,-0.9889185199834339,-1.5595138284184649,1.62715081461127,-0.9259180737465239,-0.9282235634590115,-0.2551551815399144,3
-0.36439685737754757,0.1102827207181748,-0.09468784440121229,0.41937785213475076,-0.16095319670256164,0.45105514023315296,-0.19094943962735222,1.6599651852396444,-1.6542375376617624,0.9073616167196249,-0.5617038836608983,-1.2757759076995718,1
0.7445186013977424,0.5709091611517597,0.9143092126667494,1.3141363754144295,0.3427798307293323,0.8431693028152701,-0.6028712217048108,-1.5533225226229683,0.9641744228130856,1.1107334437153362,-0.6959734693295141,0.4252586358998573,2
0.15797733591676172,0.7238255341152617,0.46337220637348425,0.8901494934681763,0.7877440049608386,0.7967902083163103,-0.8829070635047771,1.3338897466768365,-1.066129207938857,-1.3883934303281178,-0.690530107748354,0.7654655446197431,2
0.48774989469771385,0.4942803090751833,0.411341013339646,1.12407329040404,0.149682170213773,0.5855076667099364,-0.6609779196073381,-1.2643949188331383,-0.918363295948177,1.4685896392943287,-0.7848817084884623,0.7654655446197431,2
-0.098289281016548,-0.34300509913792043,-0.13753706219378498,-0.0016849823498040013,-0.429610811332905,0.04441823088873572,-0.5764053211334306,-0.9135542570883437,-0.7331633529198572,-0.458553971323687,-0.18792638842123843,1.105672453339629,1
0.41374186308335276,1.0549167880764156,0.6551734669688098,1.1679340023295146,0.7709529040464421,0.7302666586309331,-0.7732731792942835,0.7250780101196934,-0.08988908272043032,1.1381104204262975,-0.8229852395565829,0.4252586358998573,2
-0.31920877837284956,-0.16841419563160065,-0.08448564968869501,-0.12449497574113241,0.08251776655618709,0.2702235192574097,-0.1825217506185888,1.2699129201233734,-1.1311462092147557,-0.9611170438034741,-0.3149381586483074,0.08505172717997146,1
0.07955091435527466,-0.14008370689059463,-0.08856652757370186,0.045099777037368775,0.006957812441403036,0.38968482326988313,-0.4066687074130709,-0.861960042125874,-1.1872972557712136,-1.1742663624816716,-0.22421546562897243,1.4458793620595147,1
0.23449581636471697,0.9663413443620659,0.302177529915711,1.153313765021023,0.8549084086184244,0.7124645819545649,-0.8038789972734772,0.5021910014818246,-0.2573571163098679,1.3551707357774894,-0.7104891002126076,0.08505172717997146,2
-0.8544364696951618,-1.0792564752144247,-0.5803123127170362,-1.4198480012734775,-0.5639396186480767,-1.1970423794369631,0.6949928856447697,0.5083823072773205,0.6331787799539625,-0.1231860066144129,0.20943900700344845,-1.6159828164194576,0
-0.6330148825721414,-1.1488880379031623,-1.0496132694928322,-1.010481356635716,-1.1348370497375564,-1.2645028805263594,2.229423702012273,0.7539707704986766,-0.6878484732427159,-1.5692770264541112,0.24209917649040913,-0.935568998979686,0
-0.015042797694559778,0.0353605245898518,-0.43952202568429727,0.3550488079773883,-0.11897544441657044,0.49368642911603594,-0.43328246217758715,1.5010550031552372,1.3729934459873008,-0.18869520088706976,-0.43106320571305606,0.7654655446197431,1
-0.847306795007754,-1.1190215588087282,-0.98942032068898,-1.5104934725861248,-1.0424859947083758,-0.6592322735298304,1.9696438846719664,0.05435321560758734,-1.6177886127040615,-1.4851905979847304,0.8916736585088471,-0.935568998979686,0
0.012572139474977914,-0.07198813455528509,-0.5486855091082324,-0.27362139628774546,-0.37084195813251736,0.1713751461333635,-0.35832038625753276,-0.38110195867565677,0.28346612157602025,-0.41064426207950483,-0.6379109457971397,-1.6159828164194576,1
-1.0504523146222076,-0.6633444206250783,-1.0006427348727491,-0.6946842307723002,-0.6394995727628607,-0.9918500219567155,0.49331976620699025,0.8633505062191125,0.34355759245223005,0.5201729460931744,-0.05547125661300952,1.4458793620595147,0
-0.13273263901346236,-0.4227059319213529,0.08078990465408527,-0.022153314581691896,-0.28688645356053505,-0.037096541260951764,-0.6678531395881715,-0.12106711526480919,0.7602574642659479,-1.4470583804230346,-0.19155529614201192,-1.2757759076995718,1
-0.3689156652780174,3.2746461007137556e-05,-0.16610320738883355,0.1474414381968093,-0.31207310493212975,0.2121325322082074,-0.33562476761112586,-1.0270615300057773,1.5857763592538794,0.027387365295873385,-0.5181569910116176,0.4252586358998573,1
0.291332377957293,0.32634536376705175,0.8571769222766522,0.8813773510830816,0.39315313347252173,1.0605420285477698,-0.6182480577909757,-0.5049280745855843,-0.0642763246420467,0.8516299141294539,-0.7286336388164747,-0.2551551815399144,2
0.23560041385149863,0.906267054983547,0.3776737707883389,1.007111391936108,0.5106908398732969,1.2779147542802696,-0.8969532118527164,1.5423303751252135,-1.6453715829423219,0.6609688263209745,-0.8556454090435435,0.4252586358998573,2
-0.7682778657262043,-0.5617983917040026,-0.7394665502323061,-0.8145701767019302,-1.0592770956227724,-1.0771125997224804,0.6630563799273501,1.0862375148569812,-0.14209970495713736,-1.5076788288544487,0.9497361820412215,-0.935568998979686,0
0.5072309776464059,0.5497466273934178,0.3491076255932905,0.7731875950002443,0.22524212432855695,1.2591757261998815,-0.7592270309463444,-0.4842903886005962,0.15638743726403626,0.10071855291451934,-0.9100790248551445,-0.2551551815399144,2
-0.31740125521266155,-0.06891615384842915,-0.34974271221414494,-0.12449497574113241,-0.25330425173174215,-0.12329607043073597,-0.42825541961095637,-1.526493530842484,1.4114125831048776,-0.619882584084708,-0.6125085917517259,1.105672453339629,1
-0.6160442484570438,-1.0766964912920447,-0.6517276757046573,-1.1186711127185531,-1.1684192515663494,-0.6273759257931709,1.341041782553404,-0.7340063890189497,-1.475933337193009,1.4988998635100361,0.5578141481976946,1.105672453339629,0
2.9524081415672887,2.3321780997492385,1.2968915143861484,1.8697053931371053,1.4342013901651023,1.584297863394612,-1.000081511565217,-1.5388761424334767,0.112057663666832,-0.6922360225351055,-0.8520165013227701,-0.2551551815399144,3
-0.6414499906530184,-0.8386179865106993,-0.6343839446933778,-0.9987851667889228,-0.5639396186480767,-1.5226329923337032,1.4011445120632702,1.5010550031552372,-0.2869102987080036,1.2026418655307063,1.0477166905021034,-1.2757759076995718,0
-0.8134659447309023,-0.913369517044197,-0.6833544793134609,-1.109898970333458,-0.5471485177336802,-0.3088124484265763,2.156605511892694,1.2740404573203716,0.9651595288930239,-1.3688384469631456,-0.2840924430217335,-0.5953620902598002,0
-0.47244657517544775,-0.490118841877361,0.11955824456165111,0.10650477373303298,-0.44640191224730147,0.4763528281416769,-0.4056337280611174,-1.2788412990226299,1.396635991905809,0.2982238849007394,-0.2859068968821202,-1.9561897251393436,1
-0.6475754858069886,-0.6785336585645332,-0.7935381822086478,-1.4198480012734775,-1.008903792879583,-0.6161325089449381,1.9612161956632028,-0.43063240503962735,-1.462141852073879,0.7186560272476427,0.35822422355515776,0.7654655446197431,0
0.4127376835499148,0.5622052158156675,0.49907988786729496,0.9954152020893152,0.443526436215711,1.2577702990938529,-0.7438501948601792,0.5414026048533012,-0.366703891182971,1.075534473658386,-0.8120985163942628,0.08505172717997146,2
2.548426715265288,2.9634701350081603,1.2050717619734923,1.3755413721100933,2.357711940456908,1.6334878121056302,-0.9946109064191778,-0.9465745546643243,-0.8858547953102276,-0.5670841289992831,-1.0171318026179597,-0.2551551815399144,3
-0.8738171346905101,-0.824282076545371,-0.6211210915671054,-0.49877305083851436,-0.681477325048852,-1.8379171397862295,1.5563174877597141,-0.07153666890083861,-1.5606524600676654,-1.0686694523108213,0.7628474344213916,1.4458793620595147,0
0.5404693202031948,0.9948424986978969,0.4847968152697707,1.3082882804910325,1.056401619591182,1.255427920583804,-0.7856929315177245,0.9273273327725747,1.305021126471588,1.5771197969699247,-0.7848817084884623,0.08505172717997146,2
-0.27763574568852734,-0.5121347036098296,-0.24568032614646848,0.36089690290078474,-0.0014377380157952018,0.1610686806891502,-0.7756388463844627,0.8777968864086041,-0.7154314434809763,-0.09189803323045725,-0.371186228320295,0.7654655446197431,1
0.7626942509529654,0.538653363729771,0.8949250427129664,1.1386935277125312,1.0312149682195872,1.2587072504978722,-0.8514141203667662,1.4700984741777556,0.9966829234510364,0.20533771391712094,-0.7358914542580215,-0.2551551815399144,2
-0.974034252127596,-0.6210193531083945,-0.8700546425525275,-0.5192413830704022,-0.6059173709340678,-1.2940168497529705,1.2747291769318172,-0.8000469841709109,0.7188830089085574,0.5974151303848149,-0.42017648255073586,0.08505172717997146,0
-0.4839946398099817,-0.1730221666918847,-0.15182013479130926,-0.18297592497509838,0.07412221609898885,0.10953635346808373,-0.6365819777398648,-0.39554833886514834,0.6578064319524092,-0.930806819587767,-0.7050457386314476,-0.5953620902598002,1
0.8986601597804346,0.6944710518053038,0.16138724288297207,0.7439471203832614,0.586250793988081,0.8150607606946886,-0.8202908127115957,-1.2974152164091188,-0.7902995055562533,0.014676626108641518,-0.726819184956088,0.08505172717997146,2
-0.9593732309394051,-0.8922069832858552,-0.6058177994983294,-1.5894427540519787,-0.647895123220059,-1.8922603212193547,0.991736251269127,0.6858664067482169,-1.5281439594297161,-0.29038111438492575,1.463226624530657,1.105672453339629,0
2.418285047731758,2.5142782894278732,2.0304293142161427,2.1240975223048575,2.7271161605736305,1.1467415577175544,-0.9756116426011757,1.0594085230764971,1.5887316774936933,-0.930806819587767,-0.8012117932319425,0.08505172717997146,3
-0.5596093586778431,-0.9698598289313836,-0.8527109115412481,-0.6537475663085239,-1.11804594882316,-1.2757462973745923,-0.16899309194662623,-1.706041398911879,-1.697582205179029,-0.42139950293023987,-0.07361579521687645,-1.9561897251393436,0
-0.7789221687806442,-0.5759636360745055,-0.9149442992876038,-1.545582042126504,-0.723455077334843,-0.5257166984570665,2.410101526024712,-0.34601789250117704,1.1799126543194796,1.0383800052649392,-0.017367725544888864,-0.5953620902598002,0
0.13839583501472588,-0.5298839254716646,-0.42829961150052825,-0.0952545011241493,0.0405400142701959,-0.07691697593177614,-0.7850275876486115,-1.4109224893265515,-1.60005670326518,-0.08114279237972258,-0.7431492696995683,0.4252586358998573,1
-0.5297852265347424,0.04304047635699202,-0.24057922879020974,0.12697310596492115,-0.3792375085897156,0.34986438859905844,-0.22118562212370554,0.4444054807238584,-0.1568762961562059,1.336593501580766,-0.4746100983623368,1.105672453339629,1
0.11991893159947167,-0.4648603338432111,-0.5446046312232256,-0.38181115237058244,-0.4715885636188962,0.5119569814944142,-0.25881451427686897,0.11007496776705451,0.9661446349729623,-1.1899103491736494,-0.3457838742748812,-0.2551551815399144,1
-0.6268893874181714,-0.7056694881417618,-0.8598524478400102,-1.0484939736377938,-0.899761636936006,-0.25728012120550947,0.5934170549601989,1.4700984741777556,0.444038412605892,0.2610694165072919,2.468434063184888,0.4252586358998573,0
1.9363792896349892,2.5057450096866063,1.1479394715833957,2.1387177596133484,1.9211433166825997,1.3641142834500541,-1.0888679545435065,0.6383997289827447,-1.5439056567087217,-1.1918658475101467,-0.7903250700696224,0.08505172717997146,3
-0.7312236409423519,-0.8799190604584309,-0.8843377151500519,-0.8467346987806115,-0.538752967276482,-1.922711241849985,2.2947013282819064,1.1089389694404679,-0.4061081343804862,-0.10851976909068349,1.374318385371709,-1.9561897251393436,0
2.9982991462453934,1.7404804824897946,2.0763391904224706,1.3960097043419817,1.5097613442798867,1.3313209843093752,-0.98751390514864,0.5331475304593062,0.695240462990049,-0.6990802667128457,-0.9626981868063588,0.4252586358998573,3
-0.9583690514059674,-0.7372426231844491,-0.6292828473371191,-1.3204303875757355,-1.0508815451655742,-0.7440263755935854,1.4133424829970065,-1.3861572661445667,-1.4138716541569232,0.9376718409353321,0.8753435737653668,0.7654655446197431,0
-0.8253152632254676,-0.8099461665800427,-1.0475728305503287,-1.1303673025653462,-1.0005082424223846,-1.942387221334392,-0.05078366453423274,-1.080719513566746,1.0400275909683023,-0.21900542510277698,-0.0754302490772631,0.7654655446197431,0
0.13970126840819502,0.05532839918441627,-0.49155321871813557,0.18837810266058536,-0.3036775544749315,-0.12142216762269721,-0.4937548271702938,1.1502143414104442,-0.566680425410358,1.1087779453788393,-0.6270242226348195,-0.2551551815399144,1
-0.6014836452221967,-1.0432460347062786,-0.7761944511973683,-1.4081518114266842,-1.151628150651953,-1.4162890079775017,1.8855887758740355,-0.9507020918613226,-0.997171782343206,0.0400981044831056,0.3527808619739976,-1.9561897251393436,0
-0.65852104272146,-0.8925483144755059,-0.7221228192210267,-0.5280135254554973,-0.899761636936006,-1.5633903784085468,2.1418940196756417,0.49393592708782896,1.452787038462268,0.584704391197583,-0.004666548522181921,-1.2757759076995718,0
0.9504758237058216,2.292071684965285,2.8037556734249542,1.866781345675407,1.4761791424510937,1.1776609540501943,-1.059962459785379,-0.09836566068132264,-0.051469945602853485,1.4764116326403176,-0.8193563318358096,0.4252586358998573,3
-0.0936700551627345,-0.029151070254125642,0.07976968518283356,-0.051393789198675016,-0.4044241599613103,0.09782446091784128,-0.47253775045524876,-1.6771486385328958,-0.6415484874856363,0.9454938342813208,-0.3221959740898542,-0.2551551815399144,1
-0.8267211145722805,-0.7193227357277888,-0.736405891818551,-0.7707094647764559,-1.1684192515663494,-1.5919673962311383,1.534213285885852,-1.7039776303133798,1.043968015288053,0.922027854243354,0.989654166969729,0.7654655446197431,0
-0.8417838075738465,-0.7087414688486179,-0.6731522846009436,-0.7005323256956967,-0.5051707654476891,-1.8660256819068115,2.48218044517861,1.267849151524875,-0.1647571447957087,1.2573958189526282,2.4267016243959936,-1.6159828164194576,0
-0.7223868610480998,-0.8990336070788688,-0.5650090206482602,-1.3350506248842269,-0.9669260405935917,-0.15562089386940534,2.0371393238386424,0.223582240684488,1.1769573360796657,-0.07723179570672821,0.9461072743204482,-0.2551551815399144,0
-1.0429209681214244,-1.1164615748863482,-0.7608911591285924,-1.3906075266564946,-1.0256948937939794,-1.9526936867786053,1.7153346724776992,1.0738549032659888,-1.2907333941646906,1.36885922413297,1.9966760594843467,1.105672453339629,0
0.48624362539755717,0.8801552189752704,0.8612578001616594,1.302440185567636,1.2830814819355343,0.8052227709524845,-0.8267963972095886,-0.853704967731879,1.3119168690311525,-0.4878864463711455,-0.9173368402966913,0.4252586358998573,2
-0.7759096301803311,-0.910809533121817,-0.663970309359678,-0.7531651800062661,-0.7150595268776448,-1.361945826544377,1.9579634034142064,-1.163270257506697,-0.5725910618899854,-1.4597691196102665,-0.3421549665541078,1.4458793620595147,0
-0.729014445968789,-0.9439186585179323,-0.7384463307610544,-1.4754049030457452,-0.7318506277920414,-0.1270438760468138,-0.27988373679877765,-0.29442367753870735,1.2725126258336388,0.9542935767955587,2.510166501973782,0.7654655446197431,0
0.7943259062562538,0.4116781611797203,0.5939602986937059,0.9106178257000644,0.6114374453596756,0.7372937941610789,-0.701933531106066,1.4742260113747538,0.09235554206807439,1.2564180697843796,-0.8665321322058637,-0.2551551815399144,2
-0.9320595476298987,-1.2038423594369208,-0.7955786211511513,-0.6069628069213511,-0.5303574168192837,-0.939849219033639,1.098856614196305,0.20294455469949982,-0.4198996194996164,0.3549333366591588,-0.2405455503724527,1.7860862707794007,0
-0.9533481537387788,-0.6537871473148593,-0.90678254351759,-1.5748225167434873,-1.0760681965371688,-1.5811924550849152,2.408475129900214,1.5505854495192086,0.25292783309794614,-0.082120541547971,1.2636366998881203,-1.9561897251393436,0
-0.4659194082081025,-0.04212165546085111,-0.07530367444742946,0.4398461843666389,-0.13576654533096694,0.43606391776884296,-0.5937042617303663,1.494863697359742,0.8735446634588031,0.5191951969249258,-0.5598894298005117,1.7860862707794007,1
2.0072743646956934,1.6962780934300323,2.480346101038156,2.1240975223048575,1.6944634543382475,1.4245476490093048,-0.9613437129635324,-1.2602673816361407,0.7376000244273766,1.3884142074979424,-0.8429442320208367,-0.2551551815399144,3
-0.9123776287745192,-0.6602724399182222,-0.6578489925321677,-0.5864944746894633,-0.5639396186480767,-1.041976922071753,1.0606363052705972,0.5579127536412918,0.6903149325903586,1.0002477877032434,1.9585725284162259,1.7860862707794007,0
0.49287121031824616,0.6574366177282056,0.36951201501832504,1.0626682937083756,1.089983821419975,0.744320929691224,-0.9952762502882907,0.25041123246497204,-0.3440464513444011,0.4810629793632298,-0.7304480926768613,0.08505172717997146,2
0.3745788612792811,0.31337477856032603,0.5194842772923295,0.7585673576917531,0.9388639131904067,1.2558963962858138,-0.85281873520156,1.426759333609281,-1.5990715971852423,1.5380098302399805,-0.9354813789005583,0.4252586358998573,2
-0.2656860092406183,0.0763202673479328,-0.29873173865155844,0.32288428589870694,-0.320468655389328,0.24726820985893475,-0.685743496957652,0.859222969022115,0.09728107246776345,-1.6338084715585195,-0.251432273534773,-0.5953620902598002,1
-0.29510846957034387,-0.34471175508617385,-0.39565258842047285,-0.15081140289641704,0.023748913355799515,-0.07176374320966948,-0.1792689583695924,0.10801119916855614,1.0094893024902283,1.3033500298603136,-0.5544460682193515,1.7860862707794007,1
2.029466732384667,2.8248896720099865,2.514013343589463,1.539288029965198,1.9379344175969961,1.0961461819005072,-1.0384496746840615,-1.4687080100845178,-1.0217994343416528,-0.41748850625724515,-0.8574598629039303,0.7654655446197431,3
-0.6818180078972154,-0.9630332051383701,-0.7006982103247403,-1.068962305869682,-0.8074105819068254,-0.982012032214512,2.4632551084571763,-0.9940412324297966,1.4133827952647529,-1.1244011549009925,0.6285778487527759,0.7654655446197431,0
0.9057898344678426,0.9530294279656896,0.4093005743971426,0.6620737914557093,0.9640505645620013,0.8323943616690469,-0.7627016044850451,-1.505855844857496,0.11599808798658268,0.21413745643135845,-0.955440371364812,0.4252586358998573,2
-0.15120954242871656,-0.35307436923261537,0.08793144095284741,-0.4139756744492638,-0.3036775544749315,0.3789098821236599,-0.2251037582418149,-1.6627022583434041,0.4006937450886261,-1.5067010796862,-0.5108991755700708,-1.9561897251393436,1
1.2991269577154028,2.2125415177766774,1.6682514019217785,1.3813894670334899,1.4258058397079043,1.1153536856829045,-1.1062408222370101,-0.01994245393836891,-0.5479634098915388,-0.2913588635531742,-0.8375008704396765,0.7654655446197431,3
0.7164015744614858,0.5437733315745311,0.8969654816554697,0.6883902186109939,0.3427798307293323,0.8323943616690469,-0.7254423478147222,-1.2582036130376417,1.0754914098460655,1.0589127377981602,-0.6451687612386865,0.08505172717997146,2
-0.39974397695455577,-0.0339297069092351,-0.05489928502239474,-0.29701377598133183,0.03214446381299766,-0.08066478154785364,-0.7513907587101256,1.4680347055792573,0.06280235966993868,0.9738485601605306,-0.6560554844010067,-0.2551551815399144,1
0.2916336318173243,0.7301401611237992,0.839833191265373,0.5246435607558892,0.7541618031320456,0.7405731240751464,-0.8616899867897322,-0.4760353142066012,0.5070852017219155,-0.08114279237972258,-0.7848817084884623,0.08505172717997146,2
-1.0100842973780106,-0.6952588868574162,-0.7670124759561028,-1.2794937231119592,-1.008903792879583,-0.17201754343974449,2.1280696526174068,-1.2726499932271331,0.8735446634588031,-0.9884940205144351,1.9948616056239596,0.4252586358998573,0
0.0511326335589868,-0.3324238322587496,-0.22731637566393734,0.11235286865642971,-0.2616998021889404,0.17418600034542178,-0.5478694618581437,1.2616578457293786,-1.0355909194607829,1.475433883472069,-0.41836202869034916,1.4458793620595147,1
-0.802118716003056,-1.1550319993168745,-0.8312863026449618,-0.5104692406853073,-0.6898728755060503,-1.8547822650585786,0.2405630230406531,1.4164404906167876,-1.616803506624124,1.0579349886299112,1.5739083100142457,1.7860862707794007,0
1.6912590655228381,1.485506083820741,2.2528371589490197,1.755667542130872,1.63569460113786,1.4915396743966918,-1.0311308921238196,-0.5585860581465524,0.21352358990043235,0.7636324889870789,-0.9826571792706124,0.08505172717997146,3
0.746426542511274,0.6023116305996216,0.6510925890838027,0.5860485574515537,0.9304683627332083,0.7026265922123608,-0.7059995214173116,-1.3097978280001112,-1.1606993916128916,-1.715939401691403,-0.8737899476474105,0.4252586358998573,2
-0.3752419963386751,-0.33037584512084545,-0.05693972396489833,0.21469452981586998,-0.3288642058465262,0.11656348899822945,-0.05935920773613243,-0.30267875193270305,-1.5143524743105858,1.08726746367737,-0.7104891002126076,-1.6159828164194576,1
0.1169063929991585,-0.4617883531363551,-0.21609396148016818,-0.3876592472939789,-0.211326499445751,0.05097689071687152,-0.11850088499061319,0.5021910014818246,1.2360637008759372,1.6436067404108303,-0.5236003525927777,-1.9561897251393436,1
2.3804274793211553,2.879161331164444,3.16083248836306,1.6153132639693537,2.2401742340561324,1.3078971992088904,-0.9412355426970089,1.030515762697514,-1.6897013565395262,0.6306586021052676,-0.8810477630889573,0.08505172717997146,3
2.0204291165837276,2.1391553120017823,1.3438216100637281,1.8053763489797432,1.5853212983946705,1.4175205134791597,-0.8832766989876177,0.9603476303485553,-1.6493120072620733,-0.4380212387904661,-0.9808427254102257,-0.2551551815399144,3
-0.7899681436484594,-0.7741063916667219,-0.5823527516595396,-0.5484818576873854,-0.8829705360216095,-0.23432481180703452,0.8558582477769575,-0.8124295957619034,0.464725640284588,0.11929578711124311,1.5630215868519257,-1.2757759076995718,0
0.3744784433259374,1.0170290260251909,0.5062214241660571,1.1737820972529112,1.1151704727915697,0.7091852520404966,-0.7028206562648833,-0.6782846368594825,-0.7085357009214105,0.7597214923140846,-0.8520165013227701,-0.2551551815399144,2
0.03155113265695109,-0.28327214094905245,0.05324397893028859,-0.0747861688922614,-0.31207310493212975,0.19292502842580997,-0.22843047758737944,-1.0332528358012738,1.5503125403761164,-1.1224456565644951,-0.6959734693295141,-1.2757759076995718,1
0.583749458094361,0.49888828013546754,0.3582896008345561,0.9661747274723319,0.3427798307293323,0.8042858195484653,-0.7315043697333065,0.14722280254003264,0.8873361485779319,0.8887843825229015,-0.6379109457971397,0.4252586358998573,2
-0.7013995087992512,-0.5780116232124097,-0.7047790882097472,-0.9256839802464655,-1.0256948937939794,-1.9709642391569835,1.631797053355745,1.2884868375098633,-0.12239758335838115,0.09289655956853062,0.20943900700344845,0.7654655446197431,0
-0.648278411480395,-0.530566587850966,-0.9628946144364351,-1.2911899129587525,-0.7318506277920414,-0.19075657152013265,2.285756149597166,1.0676635974704922,-1.2621653178464918,1.622096258709361,1.0477166905021034,0.7654655446197431,0
0.37508095104599976,0.808475669148629,0.4093005743971426,1.284895900797446,0.12449551884217828,0.9841804891201894,-0.9399787820553511,-1.1054847367487317,-0.918363295948177,-0.03127758479904317,-0.6996023770502875,0.7654655446197431,2
-0.5750737234927842,-1.110829610257112,-0.652747895175909,-1.2794937231119592,-0.9417393892219972,-1.593841299039177,1.309031349739416,0.5847417454217758,-1.675909871420396,-1.5027900830132055,0.5705153252204015,-1.9561897251393436,0
0.6558495485951903,0.30450016762940857,0.778620022990269,0.5070992759856998,1.123566023248768,0.7607175792615638,-0.7082912614109227,-0.5296932977675692,0.0036959948736658586,-0.13785224413814195,-0.6215808610536594,-0.2551551815399144,2
-0.8024199698630873,-0.9870970540087427,-0.6323435057508744,-1.0455699261760956,-0.6394995727628607,-0.912209152615067,1.8637063552898778,1.1935534819789189,-0.7834037629966889,0.14569501465395562,0.5233395248503474,1.7860862707794007,0
0.7447194373044298,0.3768623798353514,0.21239821644555862,1.0743644835551691,0.5778552435308828,1.1148852099808946,-0.8162987494969183,-0.13964103265129826,0.8508872236202318,1.3649482274599756,-0.8320575088585165,-0.2551551815399144,2
-0.6071070506094479,-0.9196841440527345,-0.6558085535896642,-1.1449875398738376,-0.6059173709340678,-0.8068021196628851,-0.005318500144850821,-1.0518267531877628,-0.30956773854657493,-1.14004514159297,1.4995157017383909,1.4458793620595147,0
-0.992209901682819,-1.1482053755238608,-0.6466265783483985,-0.5280135254554973,-0.7402461782492396,-1.8060607920495702,0.7664064609295552,1.0140056139095242,-1.3222567887227017,-1.7227836458691432,1.7444669728905955,-1.2757759076995718,0
-0.5770820825596596,-0.7568691665893629,-0.5945953853145604,-1.2911899129587525,-0.7654328296208343,-0.7285666774272654,0.5166068016259421,1.6001158958831798,1.3207828237505936,0.806653452390018,2.1128011065490955,1.105672453339629,0
-0.18384537726544292,-0.4674203177655912,-0.24261966773271335,0.44569427929003536,-0.018228838930191678,0.5016505160502008,-0.1834828028739741,-0.9238731000808378,-1.719254538937662,-0.6844140291891166,-0.7104891002126076,1.105672453339629,1
1.5702554317435915,1.8300799197730966,3.253672460246968,2.1708822816920303,2.0890543258265644,1.2404366981194939,-0.9886228115971616,-0.7628991493979328,0.8095127682628412,-1.5458110464161445,-0.8556454090435435,-0.2551551815399144,3
0.7435144218643047,0.8979044408371056,0.48785747368352583,1.0012632970127118,0.8129306563324333,0.8726832720418809,-0.7489511645233783,-1.0456354473922662,1.3926955675860584,-1.5399445514066525,-0.6143230456121126,0.08505172717997146,2
1.9648979883846207,2.1272087203640084,3.447514159784797,1.5656044571204828,2.6683473073732427,1.1823457110702917,-0.9484064710641147,1.3772288872453111,0.20564274126092957,-1.0862689373392964,-0.9645126406667455,-0.2551551815399144,3
0.6125694107040239,0.4838697077908377,0.5745761287399229,1.0597442462466775,0.20005547295696224,1.0132259826447902,-0.6072329204023287,0.4753620097013399,1.1020892740043875,0.02836511446412215,-0.8483875936019968,0.4252586358998573,2
0.21903145154977596,1.0071304215253212,0.44806891430470847,0.9837190122425218,0.2756154270717464,0.6229857228707121,-0.918022434374625,-0.6266904218970129,0.043100238071181074,0.29235738989124754,-0.9100790248551445,0.4252586358998573,2
3.3083897861709657,2.9702967588011737,3.2169445592819055,1.548060172350293,1.9295388671397982,1.1856250409843592,-0.8695262590259508,-0.43682371083512395,-1.0434717681002856,-0.9581837962987281,-0.991729448572546,-0.2551551815399144,3
-0.41751795469640374,-0.31996524383649994,-0.5303215586257013,0.12404905850322291,-0.36244640767531916,0.08751799547362799,-0.22222060147565895,-0.872278885118368,-1.1469079064937613,0.9288720984210943,-0.5671472452420585,-0.2551551815399144,1
-0.9731304905475021,-0.8249647389246725,-0.9200453966438624,-0.5046211457619109,-0.6311040223056625,-0.15702632097543415,0.34546557307078835,-0.20980916500025773,-0.5322017126125332,-1.5506997922573875,2.4883930556491416,-0.935568998979686,0
0.24072172947203097,0.5775651193499479,0.3746131123745838,0.4573904691368283,1.0731927205055787,1.1481469848235835,-0.915730694381014,-1.2148644724691668,-0.13027843199788391,-0.8789861136705904,-0.9028212094135977,0.08505172717997146,2
1.7114430741449371,1.7843415403599066,3.493424035991125,1.439870416267456,2.6179740046300526,1.615217259727252,-0.9923191664255666,-0.4058671818576424,-1.3458993346412107,-0.2982031077309145,-1.0298329796406667,0.4252586358998573,3
-0.9693146083204386,-1.1456453916014806,-0.6609096509459229,-1.4578606182755554,-1.0928592974515652,-0.4062553944445933,0.5965959201126273,-1.5409399110319757,-1.2395078780079205,-0.9924050171874296,-0.40928975938841566,-0.935568998979686,0
-0.9377833709704938,-0.7742770572615474,-0.9302475913563798,-1.34674681473102,-1.008903792879583,-1.0803919296365483,2.434423540795617,-0.7236875460264556,-0.4770357721360125,-0.13296349829689882,2.063810852318654,1.7860862707794007,0
-0.24048110295133115,0.06334968214120709,-0.18242671892886106,-0.022153314581691896,-0.2616998021889404,0.44824428602109534,-0.13032922044150952,0.6404634975812431,-1.2562546813668645,-0.7753447018362376,-0.2332877349309059,0.08505172717997146,1
-0.6684624201024936,-0.6635150862199035,-0.6517276757046573,-1.0484939736377938,-1.0508815451655742,-1.8130879275797158,1.7757331103738374,0.5599765222397902,-1.2326121354483561,1.4764116326403176,2.230740607474231,-1.2757759076995718,0
0.5572391184116049,0.48113905827363235,0.6398701749000337,1.3199844703378258,0.6282285462740721,1.2235715728471448,-0.860802861630915,-1.0064238440207898,-0.2869102987080036,-0.9708945354859602,-0.9372958327609449,-0.2551551815399144,2
-0.7822359612409888,-1.0398327228097717,-0.5833729711307912,-1.5689744218200905,-1.0424859947083758,-1.546056777434188,0.8020393214753798,0.0006952320466192628,1.278423262313266,0.7137672814063999,0.21488236858460857,1.105672453339629,0
-0.26257305268696135,-0.18309143678657963,-0.516038486028177,0.29949190620512056,-0.043415490301786396,0.004129320515901748,-0.3231310882911167,0.5248924560653112,-0.6602655030044555,0.5221284444296717,-0.256875635115933,-0.5953620902598002,1
-0.9687121006003759,-1.0458060186286586,-0.6466265783483985,-0.881823268320991,-0.5639396186480767,-1.5652642812165856,-0.06416446901305903,0.058480752804584826,1.7118699374859265,0.655102331311483,-0.485496821524657,-1.6159828164194576,0
0.6107618875438363,0.9610507109224804,0.49193835156853283,0.9632506800106336,0.149682170213773,1.2694821916440955,-0.6589818879999993,0.7126953985287009,-1.0887866477774268,-1.6162089865300446,-0.6415398535179131,0.7654655446197431,2
0.3353154415218657,1.1242070195755027,0.6225264438887544,1.1123771005572467,0.19165992249976402,0.9228101721569189,-0.6141820674797301,-1.5574500598199656,-0.6829229428430269,-0.20531693674729637,-0.6397253996575264,-0.2551551815399144,2
-0.8244115016453737,-0.5309079190406165,-0.990440540160232,-0.49292495591511765,-0.6227084718484643,-0.17810772756587068,0.10860315566659294,-1.6627022583434041,0.7681383129054506,0.4810629793632298,0.15500539119184753,1.4458793620595147,0
-0.6386382879593928,-0.9201961408372105,-0.7006982103247403,-1.0046332617123195,-0.7570372791636361,-1.2593496478042527,1.8492166443625297,-0.1169395780678117,0.05492151103043592,1.1234441829025683,0.8082087809310591,1.105672453339629,0
-0.6272910592315464,-0.6713657035818691,-0.9098432019313452,-1.185924204337614,-1.1432326001947548,-1.9704957634549742,0.98811382353729,-1.0415079101952687,1.1897637151188576,0.23173694145983345,-0.20969983474587883,-0.5953620902598002,0
1.4522643365646573,3.043853630170894,1.1989504451459823,1.3258325652612224,1.417410289250706,1.2530855420737557,-0.9609740774806917,-1.7019138617148808,1.501057236379223,1.090200711182116,-1.0116884410367994,0.4252586358998573,3
-0.7370478822362907,-0.8114821569334707,-0.6139795552683431,-0.8379625563955166,-0.9417393892219972,-0.1893511444141035,1.9480571724740807,-0.6947947856474724,-0.44255705933818773,0.5700381536738536,1.441453178206017,1.7860862707794007,0
0.12122436499294069,-0.23480311201865678,-0.338520298030376,0.012935254958687427,-0.24490870127454392,-0.0520877637252621,-0.3183258270141902,0.450596786519355,0.512010732121606,-1.2026210883608812,-0.6379109457971397,-1.2757759076995718,1
-0.7829388869143952,-0.9672998450090035,-1.0067640517002594,-0.911063742937974,-0.8242016828212219,-1.6196074626497101,0.9138170914863485,0.34947212519291393,-1.3961397447180417,0.15253925883169595,1.9549436206954525,1.4458793620595147,0
-0.2261213356231716,-0.13974237570094403,-0.5282811196831978,0.11527691611812795,-0.13576654533096694,0.5002450889441717,-0.41820133447769464,-0.6473281078820002,0.5307277476404252,-0.9044075920450545,-0.726819184956088,-0.5953620902598002,1
3.155252407321711,2.5934671254268293,3.3505933100158822,1.5158956502716117,2.7439072614880264,1.4653050350841488,-0.8996885144257362,-0.5069918431840827,0.9395467708146389,-0.8242321602486683,-0.8266141472773564,0.08505172717997146,3
1.0357306660946852,1.7771735853772421,2.491568515221925,1.8521611083669158,2.147823179026952,1.5416665745117293,-1.1084586351340533,0.013077843637611726,-1.2690610604060564,1.3082387757015563,-0.8229852395565829,0.4252586358998573,3
-0.06223923576613331,-0.4239005910851303,-0.0967282833437157,-0.35841877267699607,-0.3960286095041121,0.2083847265921299,-0.30886315865347325,-1.072464439172751,-1.0247547525814664,-0.9063630903815517,-0.6832722923068072,1.7860862707794007,1
-0.6969811188521251,-0.9934116810172801,-0.7017184297959921,-1.2677975332651663,-0.6730817745916537,-1.942855697036402,0.41532667932764367,-1.5636413656154624,-1.0887866477774268,1.475433883472069,1.0350155134793964,0.7654655446197431,0
-1.0007454277170398,-0.7694984206064379,-0.690496015612223,-0.9198358853230688,-0.5303574168192837,-1.297764655369048,0.4224236805981814,-0.9383194802703293,1.5907018896535685,-1.680740431634453,2.1763069916626296,-0.5953620902598002,0
-0.6076091403761668,-0.7408266006757812,-0.7221228192210267,-0.6391273290000324,-0.8242016828212219,-0.47277894412997046,1.0505082930407672,-0.30061498333420394,-0.015021020645153378,0.7421220072856095,-0.29679362004444043,-0.5953620902598002,0
0.3220602716804877,0.3370972962410479,0.16546812076797893,0.6299092693770283,0.7373707022176491,0.9551349955955879,-0.9009452750673937,0.8901794979995965,0.8833957242581812,1.6915164496550126,-0.9318524711797849,0.7654655446197431,2
-0.7848468280279269,-0.7271733530897542,-0.6323435057508744,-0.507545193223609,-0.647895123220059,-0.7768196747342644,0.8598503109916347,0.7684171506881681,1.6931529219671073,0.798831459044029,-0.15708067279466456,1.7860862707794007,0
-0.9770467907279092,-1.0963230346969584,-0.5874538490157982,-1.0806584957164753,-0.647895123220059,-0.8016488869407784,1.5778302728610312,-0.9011716454973512,0.9828914383319062,1.5996080278396425,-0.0972036954019035,1.7860862707794007,0
2.9792197351100764,1.3201311224349894,1.6815142550480509,2.1387177596133484,1.7700234084530315,1.5210536436233026,-0.9112211414903599,-0.3666555784861652,-0.17854862991483886,-0.9464508062797449,-0.9046356632739844,0.7654655446197431,3
0.09792739981718532,0.06113102940847779,-0.5282811196831978,-0.40812757952586703,-0.28688645356053505,0.44355952900099793,-0.06216843740572044,0.3618547367839071,-0.4169443012598027,1.5966747803348973,-0.6796433845860338,1.4458793620595147,1
0.4162523119169471,0.800966382976314,0.1940342659630275,0.9807949647808235,0.2756154270717464,1.1603273530758353,-0.8561454545471247,1.228637548153397,-1.556712035747914,-0.3656678003400689,-0.8556454090435435,0.08505172717997146,2
-0.7851480818879581,-0.8398126456744767,-1.0251280021827907,-1.1128230177951564,-0.6059173709340678,-0.3954804532983704,-0.12892460560671562,-0.8000469841709109,1.2863041109527689,-1.281818770989019,-0.22421546562897243,-1.6159828164194576,0
-0.9182018700684581,-0.7807623498649101,-0.95983395602268,-0.8438106513189132,-0.5555440681908785,-1.990640218641391,1.9011873932499048,-1.5595138284184649,0.9947127112911597,-0.9542727996257337,1.4741133476929773,-0.935568998979686,0
0.5588458056651052,0.31781208402578487,0.2215801916868242,0.4632385640602253,0.29240652798614286,1.2024901662567082,-0.9067115885997057,-1.3531369685685861,-0.9636781756253182,0.053786592838586236,-0.8284286011377431,0.4252586358998573,2
-0.45296549222675575,-0.293682742233398,-0.5303215586257013,0.20007429250737854,0.05733111518459238,0.05940945335304606,-0.7272165981323565,1.2822955317143667,0.17313424062297877,-1.5624327822763708,-0.4746100983623368,-0.2551551815399144,1
0.8938400980199336,0.6226208363838369,0.35216828400704564,1.2498073312570668,0.6786018490172615,0.8633137580016874,-0.8571065068025099,0.6404634975812431,-0.23469967647129658,-0.6130383399069677,-0.8030262470923293,0.4252586358998573,2
-0.7810309458008634,-0.8113114913386456,-0.8537311310125001,-0.881823268320991,-1.11804594882316,-1.8355747612761808,0.08568575573048147,-0.97133977784631,-0.7538505805985531,-0.3529570611528367,1.0948924908721573,0.7654655446197431,0
-0.746286333943918,-0.7490185492273974,-0.8221043274036963,-1.5543541845115991,-0.7402461782492396,-0.4221835683129232,1.7076462544346165,-1.0188064556117822,1.334574308869724,-0.619882584084708,2.056553036877107,0.7654655446197431,0
-0.9350720862302119,-1.066285890007699,-0.9333082497701349,-1.3116582451906404,-1.1348370497375564,-1.13988834379178,1.7443140943323945,0.6383997289827447,-1.450320579114624,1.5331210843987368,1.3670605699301621,1.105672453339629,0
0.8674301762905209,0.6215968428148848,0.5123427409935674,0.6006687947600449,1.299872582849931,0.7265188530148556,-0.9291114988598402,-0.8702151165198697,1.5069678728588505,-1.6856291774756962,-0.7177469156541544,-0.2551551815399144,2
-0.3007318749575952,-0.47800158464476217,-0.09264740545870888,-0.0016849823498040013,-0.42121526087570677,0.5316329609788215,-0.08552939992124031,1.238956391145892,-1.3902291082384142,1.6768502121312836,-0.23147328107051923,0.7654655446197431,1
-0.9303524424230546,-0.8126768160972482,-0.9078027629888417,-1.0163294515591126,-0.9249482883076007,-0.7997749841327396,1.018128224743939,0.5558489850427927,-0.27508902574875016,-0.5533956406438024,-0.4891257292454304,-1.6159828164194576,0
-0.07971195964794998,0.08246422876164493,-0.4640072929943388,-0.21221639959208125,-0.18613984807415626,0.43559544206683304,-0.7652151257683605,-0.1272584210603058,-0.49181236333508105,-0.7205907484143153,-0.15163731121350443,-1.9561897251393436,1
-0.7642611475924534,-1.1191922244035535,-0.7843562069673822,-1.5368098997414095,-0.7654328296208343,-1.006372768719016,1.1175601696280346,-1.5657051342139607,-0.14505502319695107,-0.20336143841079918,1.6065684795012065,-0.935568998979686,0
-0.3737357270385186,-0.10390260078762321,0.031819370034002335,-0.26484925390265046,0.03214446381299766,0.2627279080252547,-0.570860788890823,-0.6266904218970129,0.770108525065326,1.0022032860397403,-0.5018269062681373,1.105672453339629,1
-0.754721442024795,-0.7334879800982917,-0.9679957117926938,-1.3847594317330978,-0.5303574168192837,-0.894875551640708,0.7312171629631392,0.12039381075954861,-0.896690962189544,-1.0148932480571478,1.9676447977181595,1.105672453339629,0
0.3632316325514347,0.34221726408580794,0.7092450989451514,0.9135418731617626,0.7289751517604509,0.7569697736454856,-0.9983811883441509,-1.3490094313715886,1.3936806736659952,-1.581987765641343,-0.8084696086734893,0.08505172717997146,2
3.0092447031598644,1.7049820387661248,1.1479394715833957,1.3726173246483953,1.5433435461086795,1.3987814853987715,-0.8843856054361393,1.2348288539488939,-0.19234011503396906,0.7020342913874164,-0.9028212094135977,0.4252586358998573,3
-0.1844478849855056,0.08468288149437422,-0.16712342686008524,-0.20636830466868478,-0.25330425173174215,0.2364932687127115,-0.7205631594412275,-1.3386905883790945,-0.33419539054502156,1.03055801191895,-0.30405143548598723,1.105672453339629,1
-0.8777334348709174,-1.125506851412091,-1.0088044906427631,-1.2707215807268644,-1.1432326001947548,-0.7098276493468776,-0.20359097314049754,-1.3964761091370608,-1.51238226215071,-0.8066326752201932,0.12415967556527366,-1.2757759076995718,0
2.6587860459900954,2.388668411636425,2.7843715034711716,2.1270215697665558,1.7616278579958333,1.418457464883179,-1.021150734087126,-1.2829688362196272,-0.6100250929276239,0.21022645975836407,-1.026204071919893,0.7654655446197431,3
0.4869465510709635,1.1719933861265968,0.23280260587059315,1.1971744769464976,0.6869973994744597,1.1579849745657869,-0.651367397053485,-0.6782846368594825,1.544401903896489,-1.20359883752913,-0.6252097687744328,-0.2551551815399144,2
0.9329026818706613,0.48472303576496434,0.34604696717953537,0.7351749779981668,1.2830814819355343,0.8108444793766011,-0.7631451670644537,-0.3315715123116862,-1.0631738896990433,0.11538479043824874,-0.810284062533876,0.4252586358998573,2
-1.0464355964884566,-0.710789455986522,-0.7517091838873269,-0.9227599327847672,-0.681477325048852,-0.7346568615533916,0.18637446125623502,-1.2809050676211282,-1.2828525455251865,0.5915486353753232,0.5832165022431084,-0.5953620902598002,0
-0.26528433742724317,0.13741855029540345,-0.4180974167880109,-0.2414568742090641,-0.33725975630372446,-0.004771717822282401,-0.5115712574432061,0.4361504063298634,-0.30956773854657493,1.4744561343038207,-0.19699865772317188,1.4458793620595147,1
-0.7672736861927666,-0.7357066328310211,-0.6354041641646296,-1.4373922860436674,-0.8074105819068254,-1.9850185102172746,-0.14119650363702035,0.8220751342491361,-1.450320579114624,0.7294112680983773,-0.3367116049729478,-1.9561897251393436,0
-0.11254863039136385,-0.4621296843260058,-0.12937530642377112,-0.3262542505983147,-0.4547974627044997,0.24445735564687643,-0.49427231684627043,-1.4088587207280532,-0.24455073727067608,-1.1244011549009925,-0.40203194394686886,-1.6159828164194576,1
-0.37584450405873776,-0.041609658676375075,-0.04571730978112917,-0.18297592497509838,-0.018228838930191678,0.09641903381181213,-0.25600528460728106,-1.1302499599307165,-0.6415484874856363,0.3099568749197225,-0.6996023770502875,-0.5953620902598002,1
-0.6332157184788291,-0.9140521794234984,-0.577251654303281,-0.4841528135300227,-0.6562906736772572,-0.2525953641854128,1.668538820350091,-0.8929165711033562,-0.5390974551720976,0.8535854124659514,2.257957415380031,1.105672453339629,0
0.012873393335009102,-0.011913845176766507,-0.37116732111043127,-0.29993782344303005,-0.09378879304497573,0.05472469633294902,-0.10992534178871351,-0.6060527359120246,-1.5409503384689078,0.6844348063589414,-0.6941590154691273,-0.935568998979686,1
-0.5848142649671303,-0.6377445814012777,-0.9200453966438624,-1.5104934725861248,-1.0592770956227724,-1.7620240760606587,-0.05788066580477049,-0.8598962735273756,-0.4957527876548317,1.663161723775803,1.0967069447325442,-0.5953620902598002,0
0.00202825437388159,-0.3028986843539662,-0.13753706219378498,0.001239065111894492,0.04893556472739414,0.39905433731007656,-0.2520132213926036,0.20500832329799892,-0.12042737119850441,1.4519679034341022,-0.7467781774203416,1.105672453339629,1
0.11329134667878253,-0.42372992549030497,-0.42625917255802476,0.2760995265115342,-0.35405085721812096,0.43559544206683304,-0.591338594640187,0.09150105038056545,-1.0523377228197268,0.8702071483261777,-0.7540359928618884,-0.5953620902598002,1
0.5711972139263892,1.1238656883858518,0.3899164044433598,0.8433647340810034,0.9556550141048032,1.1612643044798552,-0.8269442514027248,-1.3077340594016122,0.71297237242893,-0.5309074097740842,-0.6342820380763663,-0.2551551815399144,2
-0.5678436308520325,-0.9611558835952914,-0.7160015023935162,-0.7677854173147575,-0.5639396186480767,-0.34160574756725526,0.41066927224385336,-0.34189035530417955,0.08151937518875792,0.17502748970141407,1.481371163134524,-1.6159828164194576,0
-0.091661696095859,-0.17046218276950464,-0.49257343818938726,-0.07771021635395964,0.05733111518459238,0.5733272984576847,-0.2520132213926036,-1.3655195801595785,-0.2997166777471968,1.2085083605401974,-0.6306531303555929,1.4458793620595147,1
1.5506739308415554,2.795535189700029,2.555842341910784,2.0393001459156066,2.433271894571692,1.3032124421887936,-1.065728773317691,0.15547787693402834,1.6842869672476661,0.8027424557170233,-1.0116884410367994,0.08505172717997146,3
0.9261746789966285,0.372595739964718,0.30625840780071784,0.8433647340810034,1.0228194177623893,0.7743033746198447,-1.00503462703528,1.6331361934591597,-0.3814804823820396,-0.28549236854368265,-0.7612938083034352,0.7654655446197431,2
-0.8082442111570262,-0.973614472017541,-0.6772331624859506,-0.8730511259358961,-0.8577838846500148,-0.5397709695173573,0.2729430913374813,1.3132520606918483,1.2991104899919608,0.9591823226368015,1.820674035026837,-0.5953620902598002,0
2.245867421840499,2.1575871962429183,2.50075049046319,1.556832314735388,1.9883077203401858,1.3819163601264224,-0.8809849589940065,-0.554458520949555,-1.6936417808592776,1.63676249623309,-0.8665321322058637,0.08505172717997146,3
-0.3144891345656922,-0.07113480658115846,0.1185380250903994,-0.004609029811502235,-0.22811760036014747,0.33393621473072854,-0.7155361168745966,1.5010550031552372,0.5799830516373186,-1.6768294349614588,-0.6143230456121126,1.105672453339629,1
-0.582705487946911,-0.9082495491994369,-0.9761574675627076,-0.9666206447102417,-0.5891262700196713,-0.6278444014951805,1.9626208104979967,0.7065040927332044,1.1976445637583604,-0.8682308728198558,1.528546963504578,0.7654655446197431,0
-0.9040429386469859,-0.8667778096568801,-0.7731337927836133,-1.5221896624329176,-0.7402461782492396,-1.0836712595506162,1.1652431469144597,-0.5214382233735743,-1.1301611031348175,0.1652499980189278,2.065625306179041,-0.2551551815399144,0
0.02452187592288693,-0.2068139544673015,0.031819370034002335,0.2088464348924735,-0.3792375085897156,0.5405339993170057,-0.7471029871091758,-0.6535194136774969,-0.0051699598457738746,-0.27767037519769355,-0.20607092702510552,1.7860862707794007,1
-0.4996598405316104,-0.4245832534644316,-0.24670054561772017,0.01585930242038592,-0.35405085721812096,0.09641903381181213,-0.7277340878083333,1.6682202596336395,1.526669994457608,-0.5768616206817693,-0.5834773299855387,-1.9561897251393436,1
-1.0565778097761778,-0.7302453337966104,-0.5925549463720569,-1.3818353842713997,-0.7486417287064377,-0.6011412864806277,2.32064973917731,1.6806028712246326,-0.5420527734119114,-0.5250409147645927,1.4922578862968443,-0.5953620902598002,0
-0.6758933486499327,-0.9638865331124968,-0.6537681146471608,-1.4871010928925383,-0.723455077334843,-1.4504877342242095,1.9295753983320554,0.61157073720226,1.491206175579845,-1.6523857057552434,0.7374450803759778,-0.935568998979686,0
-0.8384700151135018,-0.8135301440713748,-0.6547883341184124,-0.4461401965279449,-0.9165527378504025,-1.9109993492997424,1.9467264847358552,-1.0249977614072787,-0.023886975364594512,0.8174086932407527,1.3598027544886153,-0.5953620902598002,0
0.6407868555936244,0.15550910334688922,0.16138724288297207,1.1562378124827213,0.409944234386918,1.0235324480890042,-0.8123806133788088,1.494863697359742,1.7069444070862374,-1.1967545933513897,-0.6433543073782998,0.7654655446197431,2
0.7145940513012977,1.0634500678176826,0.38277486814459766,0.7497952153066579,0.8633039590756224,1.2558963962858138,-0.849048453276587,-0.15821495003778804,0.1455512703847198,1.0178472727317183,-0.9463681020628784,0.4252586358998573,2
0.8752627766513352,0.9100216980697045,0.240964361640607,0.8287444967725123,0.25042877570015165,1.270887618750124,-0.8661256125838184,1.011941845311025,1.443921083742827,0.862385154980189,-0.7449637235599549,0.4252586358998573,2
-0.568546556525439,-0.553435777557561,-0.8690344230812759,-0.7502411325445677,-0.9417393892219972,-0.7426209484875562,1.9592940911524324,-0.319188900720693,0.9710701653726513,-0.8124991702296848,2.415814901233674,1.4458793620595147,0
1.3125829634634687,1.936063254159631,3.3516135294871345,1.4954273180397235,2.7606983624024233,1.5435404773197683,-0.8695262590259508,-0.6163715789045187,1.3828445067866788,-0.9220070770735295,-0.9590692790855853,0.08505172717997146,3
-0.07840652625448083,0.14817048276939962,-0.39463236894922116,0.11527691611812795,-0.2365131508173457,-0.09846685822422194,-0.7813312328202064,0.5537852164442943,0.2253448628596858,0.1711164930284197,-0.6996023770502875,1.105672453339629,1
1.2302402417215745,2.741434196140397,2.4589214921418696,1.4515666061142491,1.8371878121106173,1.33881659554153,-0.9458929497807992,0.15341410833552924,0.6302234617141488,-0.1867397025505726,-0.9681415483875188,0.7654655446197431,3
-0.6853326362642473,-1.0744778385593152,-0.5823527516595396,-1.1713039670291223,-0.9585304901363937,-1.7207982142838052,0.48126964946638984,1.7734724581570773,-0.4602889687770686,-0.18771745171882134,2.1998948918476566,-0.935568998979686,0
1.9201115811932978,3.032419035317597,2.911898937377638,1.3930856568802834,2.450062995486088,1.2099857774888634,-1.0616627830064453,1.4907361601627438,-0.006155065925712245,0.5680826553373564,-0.9645126406667455,-0.2551551815399144,3
-0.3678110677912359,-0.26210960719071064,-0.274246471341517,-0.27362139628774546,-0.5051707654476891,0.4735419739296186,-0.2634719213606593,0.19468948030550484,0.686374508270608,1.4793448801450635,-0.3367116049729478,0.4252586358998573,1
-0.30083229291093905,-0.22558716989808847,-0.2558825208589857,0.11820096357982618,-0.07699769213057926,0.4252889766226197,-0.31182024251619733,1.6104347388756732,0.721838327148371,-0.2630041376739645,-0.49819799854736396,0.08505172717997146,1
1.6960791272833393,2.3024822862496297,2.9496470578139515,1.9808191966816409,1.8959566653110052,1.4170520377771498,-0.8993188789428955,-0.19329901621226706,-0.9567824330657538,-0.3930447770510298,-1.026204071919893,0.08505172717997146,3
-0.448848356139661,-0.28685611844038456,-0.06306104079240858,0.0597200143458602,-0.2784909031033369,0.16903276762331515,-0.3765064520132857,-1.4480703240995305,1.3079764447114017,-1.455858122937272,-0.7721805314657555,0.4252586358998573,1
0.5950966868222076,0.7990890614332353,0.35114806453579395,0.8258204493108141,0.40154868392971976,1.198273884938621,-0.9639311613434158,-0.8103658271634043,-0.08988908272043032,-0.6981025175445971,-0.7104891002126076,0.08505172717997146,2
-0.9930132453095691,-1.1975277324283833,-1.0455323916078254,-1.2941139604204508,-1.1348370497375564,-1.3085395965152713,2.040170334797935,0.8303302086431319,-1.4059908055174204,0.5338614344486547,0.5033805323860938,0.08505172717997146,0
0.43914760527932745,0.40007290073159724,0.7021035626463892,0.6182130795302347,1.20752152782075,0.6506257892892844,-0.7004549891747041,1.3297622094798383,-1.2946738184844413,0.5974151303848149,-0.7758094391865288,0.08505172717997146,2
1.8900866131435097,1.3773040967014774,2.2283518916389786,2.0890089527644773,2.8278627660600084,1.0516409902095858,-0.8954007428247862,-1.586342820198949,1.1927190333586712,1.2339298389146618,-0.960883732945972,0.08505172717997146,3
0.4568211650678315,0.15277845382968389,0.2858540183756833,1.220566856640084,0.3595709316437288,0.655779022011391,-0.7112483452736467,1.0717911346674898,1.2400041251956893,1.1723316413149991,-0.7975828855111692,0.08505172717997146,2
-0.255644213906241,0.028363235202013035,0.006313883252709067,0.21177048235417173,-0.463193013161698,0.4337215392587946,-0.11236493597546093,-0.31299759492519713,1.6773912246881018,0.32755635994819754,-0.7377059081184081,-0.5953620902598002,1
-0.8594573673623506,-0.6764856714266291,-0.8221043274036963,-1.34674681473102,-1.1012548479087636,-1.0649322314702283,1.9266183144693316,-0.9073629512928478,-0.22484861567191847,1.2036196146989546,1.5104024249007113,1.4458793620595147,0
-0.7576335626717643,-0.9053482340874061,-0.7262036971060336,-1.3876834791947963,-0.9081571873932043,-1.871647390330928,1.3462166793131711,-1.5615775970169632,0.5445192327595554,0.9298498475893434,2.4666196093245016,1.105672453339629,0
3.3370089028739414,1.4337944085886638,2.3405760334766685,1.4837311281929306,2.0638676744549698,1.0825603865422255,-1.0667637526696443,-0.18298017321977297,1.6399571936504618,1.0422910019379337,-0.9372958327609449,0.4252586358998573,3
-0.8556414851352871,-0.8188207775109603,-0.9935011985739871,-1.3935315741181928,-0.9837171415079882,-0.20902712389851089,1.7483800846436401,1.1440230356149474,-1.2897482880847522,1.2182858522226838,1.5376192328065117,0.4252586358998573,0
2.7876222801301562,1.5800548233539777,1.048978182871978,1.5539082672736892,2.340920839542511,1.0764702024160997,-0.996311229640244,-0.5503309837525574,0.9277254978553855,-1.3580832061124106,-0.877418855368184,-0.2551551815399144,3
-0.6324123748520788,-1.099736346593465,-0.6976375519109851,-0.9870889769421297,-0.5219618663620855,-0.9642099555381434,-0.3484141553174072,-1.2128007038706685,1.0232807876093584,1.2085083605401974,1.3598027544886153,0.4252586358998573,0
0.47881269685011785,0.4429099650327569,0.38481530708710104,0.8696811612362881,0.9892372159335963,0.8286465560529693,-0.7432587780876345,-0.6535194136774969,-1.6443864768623844,-1.7090951575136628,-0.8193563318358096,-0.2551551815399144,2
0.11248800305203235,-0.29658405734542875,-0.10386981964247785,0.41060570974965577,-0.035019939844588156,0.3573599998312134,-0.07414462704975262,0.9892403907275384,-0.3272996479854572,-0.4888641955393939,-0.6669422075633269,-0.2551551815399144,1
-0.8594573673623506,-0.6269926489272813,-1.06593678103286,-0.9139877903996723,-0.7738283800780325,-1.2565387935921948,0.2784876235800889,1.3772288872453111,-0.20613160015309923,-0.5905501090372499,0.22032573016576873,1.105672453339629,0
2.5843763425623587,1.7341658554812571,3.3403911153033654,1.972047054296546,1.820396711196221,1.2760408514722312,-1.073121482974501,0.09150105038056545,1.3592019608681705,-0.5367739047835761,-0.7830672546280756,0.7654655446197431,3
-0.6095170814896985,-1.068845873930079,-0.9547328586664212,-1.2736456281885626,-1.0928592974515652,-0.802117362642788,-0.20019032669836484,0.5393388362548027,-0.5587995767708552,0.7000787930509192,-0.0899458799603567,-0.5953620902598002,0
2.3454820315575224,2.4622252830061453,0.9969469898381395,2.065616573070891,2.7103250596592336,1.0572626986337024,-0.9842611128996436,-1.0869108193622425,-0.514469803173651,-0.5895723598690011,-0.7993973393715559,0.08505172717997146,3
0.8985597418270909,1.086831254308754,0.9255316268505184,0.659149743994011,0.25042877570015165,0.7888261213821454,-0.6167695158596138,1.2926143747068601,-1.3508248650408996,1.5194325960432562,-0.6052507763101791,0.08505172717997146,2
-0.22069876614260778,0.10789340239062006,-0.3895312715929625,-0.1917480673601931,0.03214446381299766,-0.0722322189116791,-0.34139108114343775,0.05022567841058985,0.6637170684320366,-1.1312453990787326,-0.3421549665541078,0.7654655446197431,1
-0.06264090757950848,-0.1487876522266868,0.08487078253909229,-0.33502639298340964,-0.4044241599613103,0.17512295174944167,-0.6983850304707971,-0.3253802065161896,-0.7489250501988641,-1.1410228907612188,-0.41654757482996246,-1.9561897251393436,1
0.714493633347954,0.6374687431336411,0.20015558279053794,0.5100233234473981,1.1571482250775607,1.272293045856153,-0.7139836478466665,0.5496576792472968,0.31892994045378337,-0.4096665129112564,-0.7957684316507825,-0.2551551815399144,2
-0.8635745034494452,-0.667781726090537,-0.8812770567362967,-1.0718863533313803,-0.9081571873932043,-1.8247998201299582,0.8818805857689289,-1.0683369019757527,-1.4059908055174204,-0.5025526838948745,0.1005717753802466,0.7654655446197431,0
0.5981092254225207,0.6903750775294958,0.7439325609677102,0.4632385640602253,0.9556550141048032,1.2334095625893482,-0.6971282698291394,-0.3976121074636467,1.0616999247269352,1.5575648136049522,-0.9445536482024917,0.08505172717997146,2
0.39837791622175545,0.4354006788604419,0.9540977720455669,0.9076937782383662,1.2243126287351465,0.6918516510661376,-0.7286951400637186,1.6021796644816781,-0.566680425410358,0.7577659939775874,-0.6633132998425535,0.08505172717997146,2
-0.8758254937573855,-0.7046454945728098,-0.7037588687384956,-1.2414811061098816,-0.8158061323640236,-1.0466616790918502,1.459251209965797,0.34740835659441555,1.6448827240501522,-0.05669906317350726,0.2693159843962095,0.4252586358998573,0
-0.005804345986932749,0.030752553529567767,-0.16508298791758166,-0.27362139628774546,-0.22811760036014747,0.5541197946752866,-0.23537962466478093,-1.606980506183937,-0.11648694687875373,0.48986272187746727,-0.26050454283670643,1.4458793620595147,1
-0.7954911310823668,-1.136088118291262,-1.070017658917867,-0.8555068411657064,-0.8325972332784201,-0.8878484161105625,1.9247701370551291,-1.109612273945729,-0.48590172685545363,1.3776589666472079,1.4904434324364577,0.4252586358998573,0
3.0384663275829027,1.6850141641715601,2.060015678882443,1.5334399350418018,1.3502458855931199,1.159390401671816,-1.1236876170270822,-0.23044685098524517,-0.6523846543649529,0.8838956366816584,-0.84657313974161,0.4252586358998573,3
0.9222583788162212,0.9991091385685303,0.8898239453567076,1.2644275685655584,1.089983821419975,1.0502355631035565,-1.0113184302435685,0.2813677614424543,-0.6819378367630885,-0.6345488216084374,-0.7885106162092357,0.7654655446197431,2
2.4819500301517103,2.324327482387273,2.8476251106887784,1.6153132639693537,2.517227399143674,1.6030368914749997,-1.1219133667094476,-0.95482962905832,-0.15786140223614428,1.1938421230164684,-0.8084696086734893,0.4252586358998573,3
-0.7452821544104801,-1.1231175330845362,-0.6211210915671054,-0.633279234076636,-0.7402461782492396,-1.1408252951957993,2.336396210746315,0.029587992425601676,0.6903149325903586,0.2170707039361044,2.0583674907374943,-0.935568998979686,0
-1.043623893794831,-0.7275146842794049,-0.6476467978196503,-0.8584308886274047,-0.5723351691052749,-0.692025572670509,0.6745150798954056,1.5216926891402254,-1.3724971987995327,0.13493977380322092,0.05521042887057914,-1.9561897251393436,0
0.5355488404893499,0.9308429006383955,0.3256425777545007,1.2819718533357478,1.0731927205055787,0.7152754361666225,-0.7661022509271778,-0.455397628221613,0.5445192327595554,-0.5934833565419955,-0.9155223864363045,0.4252586358998573,2
3.216005269094694,2.5164969421606025,3.055749882824132,1.9077180101391833,1.5517390965658777,1.5112156538810992,-1.070312253304913,1.1522781100089425,0.11993851230633476,1.2202413505591811,-0.9481825559232652,-0.2551551815399144,3
2.0945375661514323,2.247357299121046,2.125309725042553,1.5451361248885946,2.7019295092020355,1.062415931355809,-0.9461147310705036,-1.216928241067666,-1.1577440733730777,0.5328836852804063,-0.8792333092285707,0.08505172717997146,3
0.8744594330245852,0.24220722551816043,0.9173698710805044,1.1708580497912129,1.0815882709627767,0.7176178146766715,-0.6566901480063883,-0.707177397238465,1.55326785861593,-1.551677541425636,-0.6487976689594599,-0.2551551815399144,2
-0.5870234599406933,-0.561457060514352,-0.6211210915671054,-0.9432282650166552,-0.7402461782492396,-0.3706512410918564,1.871986190105505,1.7239420117931075,0.634163886033901,1.6152520145316207,1.4396387243456301,1.4458793620595147,0
0.7633971766263717,0.9948424986978969,0.9469562357468048,0.7848837848470377,0.4687130875873057,0.5981565106641981,-0.9472975646155931,-1.1694615633021939,0.8085276621829028,-1.5956762539968237,-0.7540359928618884,-0.2551551815399144,2
0.28801858549694836,1.0351195790766767,0.5919198597512025,1.2147187617166875,0.2756154270717464,1.112074355768837,-0.7119136891427597,1.121321581031461,0.5051149895620402,1.2789063006540982,-0.7594793544430485,0.08505172717997146,2
0.2984620526447007,0.8632593250875621,0.6449712722562925,0.6065168896834419,0.4267353353013145,0.8637822337036967,-0.7037077814237005,0.14515903394153426,0.9188595431359443,0.8711848974944265,-0.7250047310957012,0.4252586358998573,2
-0.4357940222049705,-0.3244025493019588,-0.03551511506861191,-0.2882416335962369,-0.3036775544749315,0.3423687773669034,-0.09883627730349837,0.08943728178206709,-1.447365260874811,-0.42531049960323425,-0.7286336388164747,0.4252586358998573,1
-0.626989805371515,-1.025838144034094,-0.7313047944622922,-1.4286201436585724,-0.723455077334843,-1.933017707294198,1.3537572431631173,-0.8640238107243731,1.500072130299286,-1.5653660297811167,1.488628978576071,1.105672453339629,0
2.093031296851276,2.582373861763183,2.6711271421622294,2.1913506139239183,2.5424140505152693,1.1448676549095154,-0.8775103854553058,-1.514110919251491,0.5366383841200526,1.2994390331873185,-0.8610887706247036,0.08505172717997146,3
-0.5200446850603964,-0.43414052677465054,-0.11611245329749872,-0.2502290165941591,-0.211326499445751,0.2566377238991288,-0.582467343052015,1.2327650853503953,0.7602574642659479,-1.455858122937272,-0.17341075753814483,0.7654655446197431,1
0.41735690940372844,0.7297988299341484,0.3205414803982421,1.0977568632487555,0.149682170213773,1.1757870512421558,-0.925932633707412,-0.4863541571990953,0.7612425703458863,-0.6306378249354427,-0.6397253996575264,0.7654655446197431,2
-0.654102652774334,-1.0985416874296878,-0.7149812829222646,-0.6888361358489035,-0.9585304901363937,-1.3961445527910845,1.2270461996453923,-0.936255711671831,1.5148487214983533,0.32755635994819754,2.1527190914776027,1.4458793620595147,0
-0.5834084136203175,-0.9688358353624316,-0.7384463307610544,-0.7326968477743778,-1.160023701109151,-0.2029369397723847,0.5961523575332187,1.2616578457293786,0.6932702508301724,-1.425547898721565,0.08242723677637968,-1.9561897251393436,0
-0.08995459088901483,0.1271786146058833,-0.45176465933931803,0.4339980894432422,-0.11897544441657044,0.19292502842580997,-0.13543019010470847,-0.49873676879008777,1.31782750551078,0.55830516365487,-0.334897151112561,-0.935568998979686,1
-0.576479574839597,-0.5592384077816226,-0.9802383454477145,-1.4315441911202706,-0.8913660864788078,-1.9067830679816553,1.514179042715896,-1.5182384564484892,-0.057380582082480903,1.554631566100207,-0.2641334505574798,-1.6159828164194576,0
-1.009080117844573,-0.6194833627549666,-0.7231430386922784,-1.4695568081223485,-0.614312921391266,-1.546056777434188,0.9918101783656951,0.7684171506881681,0.569146884758002,-1.0002270105334183,-0.05547125661300952,-1.6159828164194576,0
2.933228312478628,1.6326198265601817,3.2863194833270235,1.4047818467270763,2.1310320781125554,1.5857032905006414,-0.9588301916802169,-0.6947947856474724,-0.4366464228585603,0.018587622781635886,-0.9245946557382381,0.08505172717997146,3
-0.14638948066821555,0.14475717087289305,-0.141617940078792,-0.23560877928566762,-0.16095319670256164,0.4496497131271245,-0.15819973584768343,1.393739036033301,-0.5755463801297991,0.013698876940393099,-0.26776235827825323,0.08505172717997146,1
-0.8195914398848725,-0.8130181472868988,-0.7945584016798996,-1.50172133020103,-1.1348370497375564,-1.8023129864334926,1.3092531310291207,-0.9032354140958503,0.4686660646043387,1.0833564670043756,1.1747284607291721,-0.2551551815399144,0
-0.1310255338066182,-0.4013727325681858,0.01345541955147121,0.4164538046730525,-0.3456553067609227,0.2215020462484015,-0.7283994316774461,0.04197060401659487,-1.2316270293684177,-0.2102056825885395,-0.42017648255073586,-1.9561897251393436,1
-0.05912627921247632,-0.12984377120107438,-0.3058732749503206,0.07434025165435189,-0.3036775544749315,-0.06707898618957245,-0.058102447094474804,-1.4687080100845178,1.2991104899919608,-0.6902805241986082,-0.6941590154691273,1.4458793620595147,1
1.4217372787481506,2.689551855313494,1.3030128312136586,1.5363639825034998,1.7532323075386353,1.579613106374515,-1.073195410071069,-0.10249319787832013,1.7148252557257402,1.148865661277032,-0.8302430549981297,0.4252586358998573,3
0.033157819910451435,-0.06396685159849427,-0.41197609996050055,-0.02507736204339039,0.03214446381299766,0.10344616934195787,-0.4233762312374616,0.8550954318251168,0.8479319053804181,-0.8594311303056182,-0.16796739595698484,0.08505172717997146,1
-0.6609310736017106,-1.1451333948170048,-0.9322880302988833,-0.6011147119979546,-0.9417393892219972,-0.17670230045984153,2.474713808425232,-1.5780877458049538,0.7011510994696765,-0.17989545837283227,0.3237496002078104,-0.5953620902598002,0
-0.2518283316791776,0.10977072393369876,-0.05693972396489833,0.12112501104152441,-0.4799841140760944,0.5091461272823559,-0.11975764563227102,-1.6977863245178832,-1.533069489829405,-0.9523173012892364,-0.28046353530096,1.7860862707794007,1
-0.9503356151384654,-1.2023063690834928,-0.7741540122548649,-1.4783289505074435,-0.5891262700196713,-1.0194900883752878,1.6466563997659331,0.24421992666947617,1.5197742518980422,-1.4392363870770455,0.7628474344213916,1.4458793620595147,0
3.2965404676764,1.8618237204106096,2.3262929608791443,2.159186091845237,2.8530494174316035,1.5262068763454093,-1.0193025566729235,1.0594085230764971,-0.7883292933963779,0.42142028010006444,-0.8864911246701175,0.4252586358998573,3
0.614778605677587,1.076761984214059,0.8296309965528555,1.0743644835551691,0.12449551884217828,0.8389530214971826,-0.7335743284372133,-0.6019251987150271,-1.2326121354483561,0.16916099469192253,-0.768551623744982,-0.2551551815399144,2
-0.6436591856265815,-0.5821075974882177,-0.7466080865310682,-1.4783289505074435,-0.5723351691052749,-0.5149417573108432,1.7979851664408362,1.0800462090614846,-1.2542844692069892,-0.9620947929717226,-0.39114522078454866,-0.5953620902598002,0
-0.8784363605443237,-0.7776903691580541,-1.035330196895308,-1.1771520619525189,-0.8158061323640236,-0.13313406017293966,0.980795040977048,-0.20568162780325952,1.0153999389698556,0.31484562076096567,2.013006144227827,1.105672453339629,0
2.6881080883664774,2.8054337941998986,1.903922099780928,1.3609211348016022,2.9789826742895773,1.0553887958256631,-0.8795064170626445,-1.6874674815253892,0.6459851589931558,1.6328514995600958,-0.9354813789005583,0.7654655446197431,3
0.5332392275624429,1.0706180228003466,0.9551179915168184,0.7965799746938307,0.6030418949024775,0.8633137580016874,-0.8698958945087915,0.9397099443635671,-0.08003802192105222,-1.57025477562236,-0.6742000230048737,0.08505172717997146,2
0.012471721521634088,-0.0629428580295422,-0.1742649631588474,0.4047576148262593,-0.051811040758984635,-0.045060628195116706,-0.37946353587600967,1.065599828871994,-1.576414157346671,-0.31678034192763826,-0.5163425371512309,0.7654655446197431,1
0.3719679944923431,0.9849438941980276,0.2501463368818726,1.1094530530955484,0.2084510234141605,0.8904853487182498,-0.6882570182409673,-0.7195600088294581,1.2518253981549428,1.3062832773650588,-0.8937489401116643,-0.2551551815399144,2
-0.5557934764507797,0.050208431339656204,-0.2885295439390412,0.0041631125735927255,-0.49677521499049093,0.2196281434403624,-0.06275985417826513,-0.3356990495086837,0.63908941643359,1.0657569819759005,-0.599807414729019,-0.5953620902598002,1
-0.5757766491661906,-0.7865649800889716,-0.9822787843902181,-1.4637087131989521,-0.9249482883076007,-1.423316143507647,0.40335048968361126,1.4804173171702506,0.2283001810994995,0.060630837016326204,0.9406639127392882,-0.2551551815399144,0
1.6703721312273334,2.1869416785528766,2.3293536192928994,1.6796423081267164,1.6272990506806615,1.6405149476357754,-0.9039023589301178,0.39487503435988774,-0.9469313722663744,0.1378730213079669,-0.9028212094135977,0.4252586358998573,3
-0.9758417752877839,-1.204866353005873,-0.7537496228298304,-1.127443255103648,-0.9669260405935917,-0.15327851535935663,0.9560294636267339,-1.099293430953235,-1.6837907200598987,-0.29429211105792014,1.8097873118645165,-1.9561897251393436,0
-0.6359270032191109,-0.5778409576175842,-1.035330196895308,-1.355518957116115,-0.723455077334843,-1.3277471002976686,0.329201611825806,-0.5916063557225331,1.1956743515984851,-1.2554195434463065,0.40721447778559855,-0.2551551815399144,0
-0.16697516110368907,-0.05253225674519666,-0.2671049350427548,-0.30870996582812504,-0.1105798939593722,0.24258345283883803,-0.3193608063661436,1.4597796311852622,0.2952873945352751,-1.430436644562808,-0.5617038836608983,1.7860862707794007,1
-0.28215455358899716,-0.2783228386991177,-0.06816213814866731,-0.09233045366245106,-0.3036775544749315,0.4613616056773669,-0.7171625129990948,-0.8495774305348816,-1.6768949775003337,-1.1517781316119535,-0.3457838742748812,1.105672453339629,1
-0.2337531000772983,0.03570185577950265,0.031819370034002335,0.19130215012228358,-0.44640191224730147,0.46323550848540535,-0.2959998438506237,-0.4492063224261164,1.301080702151836,0.7597214923140846,-0.3330826972521744,0.08505172717997146,1
-0.504279066385424,-0.139230378916468,0.02467783373524019,0.2410109569711546,-0.41281971041850857,0.5166417385145109,-0.2227380911516356,0.8654142748176109,0.8124680865026549,-0.02247784228480567,-0.7721805314657555,-0.5953620902598002,1
-0.6976840445255316,-0.9672998450090035,-0.6680511872446849,-1.4403163335053657,-0.933343838764799,-1.130518829751586,0.8309448162335075,-0.16234248723478553,1.679361436847977,-1.0618252081330812,0.831796681116086,1.7860862707794007,0
-0.4780699805626991,-0.4126366618266579,-0.17018408527384038,-0.2882416335962369,-0.4715885636188962,0.09688750951382208,-0.6291892680830546,-1.3634558115610802,0.8617233904995483,1.3786367158154562,-0.44920774431692306,1.7860862707794007,1
3.3499628188552877,2.7600367459763584,2.7251987741385713,1.5802246944289744,2.878236068803198,1.2127966317009216,-0.9175049446986484,0.39281126576138864,1.039042484888364,0.9865592993477628,-0.7957684316507825,-0.2551551815399144,3
-0.8948044869393589,-1.1755118706959147,-0.9781979065052111,-0.4724566236832295,-0.8913660864788078,-0.8157031580010692,1.724723413741848,-1.206609398075172,-1.0178590100219007,-0.6511705574686637,0.6285778487527759,-0.5953620902598002,0
-0.5731657823792525,-0.5408065235404862,-0.975137248091456,-0.5894185221511614,-0.9165527378504025,-1.285584287116796,0.3544107517555286,-0.7814730667844219,-1.5448907627886592,1.4402349134151191,-0.365742866739135,0.7654655446197431,0
-1.029464962373359,-1.0440993626804052,-0.98942032068898,-0.5806463797660665,-1.0256948937939794,-0.17154906773773487,0.5738263743696521,1.0470259114855047,0.5405788084398033,-0.017589096443562536,0.05883933659135246,-1.6159828164194576,0
-0.8090475547837763,-1.14018409256707,-1.01288536852777,-0.5016970983002126,-0.5891262700196713,-1.1530056634480517,2.4926780928912806,0.4320228691328659,0.3947831086089987,-0.15740722750311414,-0.503641360128524,1.105672453339629,0
0.08165969137549399,-0.04707095771078599,-0.5282811196831978,0.305340001128517,0.07412221609898885,0.20604234808208155,-0.07525353349827417,-0.11074827227231583,-0.5873676530890539,0.5270171902709148,-0.42743429799228266,0.4252586358998573,1
0.49216828464483986,0.19356753099293947,0.1675085597104825,1.0129594868595047,0.7625573535892438,0.9579458498076462,-0.6634175137940854,1.7693449209600804,1.5296253126974217,-1.6787849332979559,-0.8211707856961963,0.7654655446197431,2
-0.7716920761398927,-0.9290707517681279,-0.6384648225783848,-0.545557810225687,-0.5891262700196713,-0.17435992194979316,-0.3410214456605971,0.9149447211815822,-0.9420058418666853,1.5497428202589636,2.0873987525036815,-0.2551551815399144,0
-0.674889169116495,-1.1724398899890587,-0.6425457004633917,-0.49877305083851436,-0.723455077334843,-1.6008684345693227,0.6424307199848498,0.39900257155688523,0.5750575212376294,0.1740497405331653,0.9678807206450883,-0.935568998979686,0
3.3637200784633845,2.1321580226139436,2.124289505571302,1.568528504582181,2.9537960229179823,1.1322188109552536,-0.9747245174423587,-0.7443252320114437,-0.33419539054502156,1.695427446328007,-0.9572548252251987,-0.2551551815399144,3
0.5386617970430069,0.9334028845607757,0.8337118744378628,0.7497952153066579,1.20752152782075,0.9073504739905989,-0.7797048366957082,1.2368926225473935,-0.4829464086156399,-1.6875846758121933,-0.5943640531478589,0.4252586358998573,2
-0.8554406492285995,-0.8724097742861162,-0.7986392795649064,-0.8291904140104217,-1.151628150651953,-0.6479888566815974,-0.23914990658975402,1.1811708703879256,-0.17460820559508677,-1.2123985800433674,0.9406639127392882,1.7860862707794007,0
-0.9726284007807833,-0.95791323729361,-0.8578120088975069,-1.2502532484949762,-0.7318506277920414,-0.27836152779594603,0.7621926164251734,-0.7732179923904262,1.2143913671173043,0.23369243979633098,0.08968505221792632,0.7654655446197431,0
0.612669828657368,0.8787898942166678,0.8551364833341488,1.3112123279527312,0.39315313347252173,0.7035635436163801,-0.8089060398401081,1.0552809858794998,1.316842399430843,0.624792107095776,-0.9445536482024917,-0.2551551815399144,2
-0.643860021533269,-0.9036415781391528,-0.6343839446933778,-0.6391273290000324,-0.5807307195624732,-1.9095939221937133,0.12797205496743522,-1.24375723284815,-0.05639547600254394,1.0110030285539782,0.4090289316459852,1.4458793620595147,0
2.8912536079809303,1.9166073763495428,1.9488117565160044,1.4135539891121716,2.7103250596592336,1.5130895566891376,-0.9616394213498047,-0.8021107527694094,-0.14801034143676478,-0.8124991702296848,-1.0044306255952526,0.08505172717997146,3
1.8032250835011459,1.7623256786274377,3.280198166499513,1.8375408710584242,1.702859004795446,1.5866402419046606,-0.8676780816117483,1.3029332176993533,-0.3834506945419149,0.07040832869881247,-1.0080595333160263,0.7654655446197431,3
-0.40787783117540144,0.11096538309747625,-0.5558270454069946,0.24685905189455132,-0.13576654533096694,0.13623946848263618,-0.7547174780556901,-0.3687193470846643,1.4981019181394093,0.13200652629847498,-0.37662958990145506,-1.2757759076995718,1
0.5857578171612366,0.2836789650607175,0.87350043381668,0.7907318797704342,1.123566023248768,1.1303449081472146,-0.7368271206862097,1.7136231688006125,-1.2306419232884809,0.7587437431458358,-0.7776238930469155,-0.2551551815399144,2
-0.8394741946469396,-0.6524218225562567,-0.6731522846009436,-1.0017092142506212,-1.008903792879583,-1.1286449269435472,1.2444929944354641,0.5372750676563036,0.6637170684320366,-0.04105507648152944,2.5809302025288634,1.4458793620595147,0
0.28088891080954037,0.207562109768617,0.7388314636114515,0.8638330663128916,1.1487526746203625,0.8459801570273284,-0.939165583993102,0.20294455469949982,-1.0779504808981104,0.7421220072856095,-0.65424103054062,0.08505172717997146,2
-0.994921186423101,-1.144792063627354,-0.7629315980710959,-0.990013024403828,-1.008903792879583,-1.1174015100953143,1.0331354253472633,0.5661678280352868,0.9622042106532103,0.9855815501795143,0.09875732151985994,1.105672453339629,0
-0.6448642010667067,-0.7338293112879424,-0.8363874000012205,-1.5368098997414095,-0.8913660864788078,-1.1211493157113923,2.3233850417503294,-0.6287541904955112,0.08151937518875792,-1.496923588003714,1.4741133476929773,-0.2551551815399144,0
-0.47224573926876023,-0.02181244967663603,-0.18956825522762322,-0.2326847318239694,-0.33725975630372446,0.265538762237313,-0.34723132177231764,1.2761042259188702,-1.0208143282617144,0.925938850916349,-0.16070958051543804,1.4458793620595147,1
-0.9487289278849651,-0.5390998675922328,-0.9149442992876038,-1.4520125233521588,-0.8074105819068254,-0.3922011233843025,1.582635534137958,0.24834746386647366,0.7346447061875628,0.768521234828322,0.4090289316459852,0.7654655446197431,0
0.8778736434382736,0.9648053540086378,0.29707643255945226,1.1620859074061176,0.4267353353013145,1.2249769999531739,-0.6992721556296144,-1.4233051009175448,0.2795256972562696,1.08726746367737,-0.672385569144487,0.7654655446197431,2
0.12283105224644103,0.015221984400462149,-0.4629870735230871,-0.12741902320283066,0.06572666564179061,0.21822271633433327,-0.7095480220525805,0.723014241521195,1.7089146192461129,-0.6140160890752164,-0.48368236766427036,-0.935568998979686,1
-1.0448289092349563,-0.5754516392900295,-0.8027201574499134,-0.9724687396336382,-0.6562906736772572,-1.4101988238513754,1.0026035344646376,0.6363359603842456,-1.2001036348104068,-1.2671525334652898,2.484764147928368,-1.6159828164194576,0
-0.5944543884881325,-1.088984414119469,-0.6058177994983294,-1.5368098997414095,-0.538752967276482,-1.6238237439677976,0.47276803336105816,-0.38729326447115336,0.5711170969178774,1.6132965161951232,1.0114276132943691,-0.5953620902598002,0
-1.0208290183857944,-0.9452839832765351,-0.9924809791027354,-1.1596077771823292,-0.7570372791636361,-0.9745164209823567,0.26118868298315323,0.4320228691328659,1.2380339130358124,0.8545631616341999,0.5559996943373079,0.7654655446197431,0
-0.5634252409049065,-0.728026681063881,-0.8057808158636687,-1.1449875398738376,-0.8325972332784201,-1.3919282714729975,1.4189609423361822,0.4567880923148508,-0.7804484447568751,-1.6621631974377293,-0.21695765018742563,-1.9561897251393436,0
0.03165155061029478,-0.4035913853009152,-0.16508298791758166,0.20299833996907676,0.023748913355799515,0.4950918562220651,-0.4159835215806515,-0.33982658670568117,-0.11550184079881536,1.3786367158154562,-0.3675573205995216,-0.935568998979686,1
1.9322621535478943,2.2029842444664585,2.3262929608791443,1.8404649185201225,1.4425969406223007,1.2657343860280172,-0.9376131149651719,-1.008487612619288,-1.6956119930191529,-0.2258496692805173,-0.9790282715498391,0.7654655446197431,3
-0.7966961465224921,-0.8679724688206573,-0.8027201574499134,-0.4607604338364363,-0.5639396186480767,-1.6969059534813107,0.6683791308802534,-0.4574613968201121,1.0232807876093584,0.07040832869881247,0.8045798732102858,-1.6159828164194576,0
-0.014440289974497257,-0.25425898982874523,-0.07224301603367433,-0.34379853536850463,-0.429610811332905,-0.02772702722075768,-0.7584138328840953,1.0635360602734947,0.3740958809303041,0.24444768064706565,-0.43287765957344276,1.4458793620595147,1
0.8616059349965822,0.36218513868037244,0.8541162638628973,0.7088585508428821,1.266290381021138,0.7743033746198447,-0.6027233675116745,-1.2128007038706685,1.6301061328510837,-1.4294588953945595,-0.6070652301705658,-0.2551551815399144,2
-0.8704029242768219,-1.1860931375750856,-0.7557900617723338,-1.2063925365695016,-0.7402461782492396,-1.2776202001826311,1.5932071089471962,-0.8083020585649059,-0.01994655104484243,0.6482580871337427,0.5469274250353743,-1.6159828164194576,0
0.7871962315688461,0.673308518046962,0.34298630876578007,1.1884023345614023,0.9976327663907942,1.2657343860280172,-0.9447840433322776,-0.979594852240305,1.0025935599306623,-1.0833356898345508,-0.8756044015077972,-0.2551551815399144,2
0.18087262927914208,0.4685098042565575,0.7082248794738999,0.9427823477787455,0.6282285462740721,0.9560719469996071,-0.9261544149971163,0.037843066819597385,1.3769338703070528,-0.8300986552581598,-0.8012117932319425,0.7654655446197431,2
0.0542455901126438,-0.3834528451115253,-0.21405352253766477,0.41060570974965577,-0.22811760036014747,0.05144536641888112,-0.5324926257719786,1.6269448876636632,1.5453870099764273,0.6687908196669636,-0.21332874246665232,-1.9561897251393436,1
-0.9254319627092097,-1.1632239478684905,-0.8904590319775623,-1.5689744218200905,-0.8074105819068254,-1.6036792887813807,0.42626788961972273,0.04197060401659487,-0.8021207785155081,0.3256008616117004,2.3051332157500855,0.4252586358998573,0
-0.8808463914245742,-0.7759837132098006,-1.0536941473778392,-0.7941018444700422,-0.8242016828212219,-1.459388772562394,1.9865731897860615,1.7548985407705888,1.0843573645655051,0.7000787930509192,0.3908843930421183,-0.5953620902598002,0
-0.265384755380587,-0.038708343564344314,-0.2956710802378033,0.33165642828380193,-0.07699769213057926,0.3292514577106318,-0.20344311894736125,-1.596661663191443,-0.3686741033428477,1.462723144284837,-0.29679362004444043,-0.935568998979686,1
3.1050434306498245,1.1909372671522094,1.097948717492061,1.8580092032903124,2.391294142285701,1.5800815820765248,-0.9619351297360771,-0.07979174329483359,1.0587446064871215,1.4353461675738757,-0.9717704561082923,-0.2551551815399144,3
-0.26066511157342964,-0.3360078097500817,0.08487078253909229,-0.27069734882604723,-0.10218434350217397,0.5236688740446567,-0.39380539261022124,-1.2850326048181258,-0.027827399684345194,-0.1583849766713629,-0.21877210404781228,0.7654655446197431,1
-0.2939034541302187,-0.2610856136217587,-0.1752851826300991,-0.3554947252152978,-0.0686021416733811,0.1563839236690535,-0.43690488990942405,-0.5152469175780777,0.5051149895620402,-0.37935628869554955,-0.15708067279466456,-1.9561897251393436,1
0.14602759946885271,1.1520255115320326,0.44602847536220486,0.7439471203832614,0.26721987661454816,1.1795348568582333,-0.6275628719585565,-1.526493530842484,1.4360402351033241,-1.3023515035222397,-0.9499970097836519,0.4252586358998573,2
-0.8305369967993438,-1.0635552404904935,-0.8588322283687586,-0.5689501899192733,-0.9585304901363937,-1.7713935901008526,0.6311938013064986,-0.7670266865949303,0.5031447774021648,-1.7208281475326461,2.2942464925877655,0.7654655446197431,0
-0.7366462104229158,-0.5489984720921023,-0.5721505569470223,-1.0514180210994923,-1.0676726460799706,-1.6214813654577493,2.208206625297228,0.4093214145493786,0.9119638005763785,0.8095866998947636,2.3087621234708586,1.105672453339629,0
1.9486302799429294,1.7756375950238141,3.232247851350681,1.3667692297249987,1.5685301974802741,1.0952092304964873,-0.9065637344065696,1.300869449100855,-0.17460820559508677,-1.7090951575136628,-1.0280185257802799,0.08505172717997146,3
0.17324086482501538,1.0690820324469184,0.8551364833341488,0.8462887815427017,0.5778552435308828,0.7682131904937187,-0.8024004553421152,1.267849151524875,-1.6079375519046828,-0.5964166040467415,-0.9409247404817184,0.7654655446197431,2
-1.0521594198290518,-0.7343413080724184,-0.7904775237948927,-0.8408866038572148,-0.6311040223056625,-1.18626743829074,-0.054184310976365446,0.19056194310850735,0.3918277903691864,1.4715228867990748,2.3958559087694202,0.7654655446197431,0
-0.49875607895151647,-0.09110268117572293,-0.016130945114829074,0.08018834657774836,-0.3456553067609227,-0.10408856664833852,-0.7037817085202686,1.5567767553147052,-1.0178590100219007,0.7929649640345373,-0.38025849762222846,-1.9561897251393436,1
0.5572391184116049,1.0431408620334675,0.48173615685601556,1.2965920906442396,1.2578948305639395,1.0975516090065363,-0.8899301376787468,1.2761042259188702,-1.1597142855329532,1.2006863671942087,-0.9100790248551445,0.08505172717997146,2
-0.3695181729980801,0.09219216766668903,-0.2977115191803067,-0.3905832947556774,-0.3288642058465262,0.24726820985893475,-0.49028025363159305,-1.262331150234639,1.0942084253648847,1.6866277038137691,-0.6016218685894057,0.4252586358998573,1
-1.0280591110265462,-1.1323334752051046,-0.9547328586664212,-1.2005444416461053,-0.9249482883076007,-1.3511708853981537,0.28447571840210506,1.1729157959939307,-0.7656718535578066,1.5018331110147813,1.0694901368267435,-1.6159828164194576,0
1.0467766409625003,2.9528888681289893,3.5138284254161585,2.150413949460142,2.4668540964004846,1.4723321706142944,-1.0930817990478883,-1.514110919251491,-0.6346527449260706,1.669028218785294,-0.8084696086734893,0.08505172717997146,3
-0.22210461748942062,-0.07420678728801465,0.012435200080219321,0.422301899596449,-0.13576654533096694,0.4885331963939293,-0.791237463760332,-0.9692760092478117,-1.4050056994374829,0.09778530540977375,-0.43832102115460286,-1.6159828164194576,1
0.34395138550943005,0.6139168910477446,0.2583080926518864,1.2819718533357478,0.846512858161226,0.7372937941610789,-0.7159057523574371,-0.4657164712141071,-1.3390035920816457,0.5759046486833455,-0.732262546537248,0.08505172717997146,2
-0.8408800459937525,-1.1536666745582718,-0.9139240798163522,-0.5484818576873854,-0.790619480992429,-0.6081684220107731,1.2745813227386813,0.3639185053824055,0.8745297695387401,-1.2495530484368147,0.09512841379908646,-1.2757759076995718,0
0.9092040448815308,0.8141076337778651,0.7061844405313964,0.5363397506026827,0.6786018490172615,1.19967931204465,-0.907007296985978,0.6487185719752381,-0.961707963465443,-0.7548119693030166,-0.6705711152841003,0.08505172717997146,2
-0.5575005816576238,-0.184286095950357,0.09915385513661658,-0.2560771115175558,-0.12737099487376868,0.3269090792005835,-0.6734715989273471,-0.10249319787832013,-1.080905799137924,0.2786689015357669,-0.6252097687744328,1.7860862707794007,1
-0.21467368894198144,-0.41860995764554476,-0.20793220571015433,-0.0718621214305629,0.015353362898601276,-0.11954826481465847,-0.0703004180282115,-1.190099249287182,-1.5685333087071682,0.11831803794299435,-0.3784440437618418,-1.2757759076995718,1
0.738895196010491,0.2364045952940989,0.4062399159833875,0.7468711678449597,0.5442730417020898,0.8183400906087561,-0.6646742744357431,-1.706041398911879,-0.7085357009214105,0.4116427884175782,-0.6850867461671939,-0.2551551815399144,2
-0.9178001982550829,-1.0048462758705776,-0.5701101180045188,-0.8496587462423099,-0.6982684259632485,-0.17014364063170573,0.6929968540374308,-0.19742655340926454,1.2675870954339497,-1.10484617153602,1.9694592515785458,-1.2757759076995718,0
-0.7624536244322654,-0.9732731408278903,-0.9618743949651833,-1.4637087131989521,-0.5891262700196713,-1.1750240214425074,1.4263536519929922,1.3380172838738331,0.1554023311840979,-0.07723179570672821,1.0096131594339826,0.4252586358998573,0
0.45310570079411183,0.6579486145126816,0.38481530708710104,1.1357694802508331,0.586250793988081,0.9373329189192195,-0.9014627647433705,-0.69892232284447,0.9277254978553855,-0.2600708901692185,-0.5979929608686323,-0.2551551815399144,2
-0.7757087942736435,-0.5401238611611848,-0.8302660831737102,-1.3876834791947963,-0.8493883341928166,-1.0396345435617047,1.7707799949037748,-0.310933826326698,-0.9784547668243868,0.4849739760362241,1.651929826010874,-0.935568998979686,0
-0.06886682068682233,0.0334832030467731,-0.5211395833844358,-0.010457124734898703,-0.19453539853135451,-0.007114096332331089,-0.5537097024870237,1.199744787774414,1.474459372220901,0.427286775109556,-0.4963835446869772,1.4458793620595147,1
-0.1268079797661797,-0.2103979319586336,0.017536297436478047,0.2410109569711546,-0.211326499445751,0.47447892533363784,-0.23678423949957483,1.6331361934591597,-0.8109867332349493,-0.8066326752201932,-0.28046353530096,1.105672453339629,1
0.25638693019365966,1.0231729874389028,0.9275720657930218,0.7614914051534514,0.7373707022176491,1.1242547240210887,-0.7645497818992476,-0.1231308838633083,0.7316893879477492,0.9894925468525086,-0.5961785070082456,0.08505172717997146,2
-0.36279017012404724,0.09560547956319582,-0.2834284465827825,0.010011207496989194,-0.31207310493212975,0.3395579231548451,-0.05647605096997659,1.4350144080032758,-1.7162992206978482,-0.47615345635216205,-0.7594793544430485,-0.2551551815399144,1
-1.0575819893096154,-1.025838144034094,-0.765992256484851,-0.665443756155317,-1.084463746994367,-1.7929434723932984,2.3043118508357594,0.34740835659441555,0.9218148613757581,-0.2551821443279754,1.8134162195852899,1.4458793620595147,0
-0.24560241857186363,-0.12250515062358489,-0.3528033706279002,0.1971502450456803,-0.035019939844588156,0.05659859914098777,-0.5698258095388696,0.7168229357256984,0.6972106751499244,0.6130591170767926,-0.3566705974372014,-0.5953620902598002,1
-0.08905082930892083,0.028192569607187613,-0.2936306412952998,0.314112143513612,-0.41281971041850857,0.0640942103731431,-0.7600402290085934,-0.38935703306965175,1.0459382274479296,0.5123509527471855,-0.5435593450570314,0.7654655446197431,1
-0.3719282038783306,-0.33395982261217755,-0.19568957205513365,0.2760995265115342,-0.4799841140760944,0.297863585675982,-0.19560684671114253,-1.6688935641389,-0.6523846543649529,0.2904018915547503,-0.6760144768652604,0.08505172717997146,1
-0.08864915749554582,0.1229119747352499,-0.08958674704495374,0.08018834657774836,-0.00983328847299344,0.3180080408623993,-0.669627389905806,0.8509678946281193,0.8154234047424687,1.6553397304298134,-0.5762195145439919,1.7860862707794007,1
-0.2645814117538368,-0.07693743680521999,-0.21099286412390963,0.021707397343782388,-0.25330425173174215,0.5709849199476357,-0.10630291405687671,-1.3304355139850994,1.1651360631204108,1.689560951318515,-0.5798484222647653,-1.9561897251393436,1
0.7032468225734514,1.1643134343594568,0.5694750313836642,0.8199723543874171,0.443526436215711,0.9115667553086864,-0.6266757467997393,1.707431863005116,1.6951231341269826,0.32266761410695477,-0.9427391943421051,0.08505172717997146,2
1.928446271320831,2.884281299009204,1.544804845900319,1.4895792231163272,2.3745030413713044,1.5196482165172736,-0.978051236787923,-1.5904703573959464,0.4016788511685645,-1.27399677764303,-0.9717704561082923,0.08505172717997146,3
-0.9816660165817228,-0.5573610862385439,-1.0516537084353357,-0.45783638637473806,-1.1768148020235474,-0.3626871541576914,0.4863706191295888,-0.6101802731090221,0.5258022172407362,-1.4490138787595317,2.392227001048647,-0.5953620902598002,0
-0.3380873536014789,-0.29248808306962065,-0.21303330306641305,0.4281499945198457,0.06572666564179061,0.16622191341125686,-0.5957742204342731,-0.7794092981859227,0.1051619211072662,0.35395558749091005,-0.5834773299855387,0.4252586358998573,1
-0.6436591856265815,-0.8007302244594745,-0.8720950814950311,-0.9490763599400518,-0.790619480992429,-1.6898788179511648,0.7684764196334618,-0.3150613635236955,0.8942318911374977,-0.0713653006972363,0.5559996943373079,-0.5953620902598002,0
-0.7508051418443877,-0.5334679029629967,-0.9802383454477145,-0.960772549786845,-1.0928592974515652,-0.24931603427134486,0.4403140379676618,-0.7298788518219522,1.048893545687742,-1.00609350554291,2.205338253428817,1.105672453339629,0
-0.5336011087618058,-0.19043005736406912,-0.45074443986806634,-0.27069734882604723,-0.28688645356053505,0.1779338059614993,-0.331336996010176,0.04403437261509325,-1.1006079207366817,0.2415144331423197,-0.7286336388164747,-1.9561897251393436,1
-0.05681666628556963,-0.41622063931799,0.019576736378981465,-0.12741902320283066,-0.211326499445751,0.30114291559005024,-0.43121250347368034,-1.3304355139850994,-0.239625206870987,-0.7626339626490055,-0.41291866710918906,1.4458793620595147,1
-0.8117588395240581,-1.1084402919295573,-0.9843192233327215,-1.5952908489753752,-0.9585304901363937,-1.8318269556601032,0.7425280087380585,-0.43269617363812646,0.7011510994696765,0.8144754457360067,1.3398437620243617,-0.5953620902598002,0
-0.24640576219861382,-0.473905610368954,0.07568880729782672,0.33165642828380193,0.08251776655618709,0.28521474172172034,-0.2367103124030067,0.6198258115962556,0.5100405199617293,1.3610372307869814,-0.6469832150990732,-0.2551551815399144,1
0.24182632695881262,0.7844118202782563,0.642930833313789,1.2000985244081959,0.08251776655618709,0.7101222034445158,-0.9163960382501268,-1.1839079434916853,-1.6030120215049937,0.10658504792401124,-0.6125085917517259,0.08505172717997146,2
0.6025276153696466,0.9839199006290755,0.8122872655415764,0.6123649846068383,0.22524212432855695,1.083497337946245,-0.9444144078494372,0.8262026714461344,1.1720318056799752,-0.6990802667128457,-0.6487976689594599,0.08505172717997146,2
0.005342046834226096,-0.28839210879381266,-0.1579414516188197,0.27317547904983597,-0.36244640767531916,0.4941549048180452,-0.08745150443201087,-1.51617468784999,-1.4168269723967368,0.9357163425988345,-0.7504070851411151,-1.2757759076995718,1
-0.6405462290729245,-0.5472918161438489,-1.001662954344001,-1.3292025299608303,-0.5975218204768696,-0.2638387810336453,0.8184511369134984,-1.5842790516004497,0.24898740877819547,-0.3783785395273008,-0.347598328135268,-0.5953620902598002,0
-0.264079321987118,-0.01106051720263987,-0.43646136727054213,-0.13326711812622738,-0.37084195813251736,0.1264014787404328,-0.6217226313296764,1.0779824404629863,0.9819063322519679,-0.4751757071839133,-0.407475305528029,-0.5953620902598002,1
-0.8632732495894139,-0.5561664270747665,-0.6813140403709574,-1.22686086880139,-0.538752967276482,-0.7899369943905359,0.9243886662955869,-0.2820410659477149,-0.9272292506676167,-0.3998890212287701,0.9406639127392882,0.4252586358998573,0
1.3218214151710954,1.9550071351852438,1.1867078114909613,2.197198708847315,2.181405380855745,1.4076825237369557,-1.1073497286855318,-0.9857861580358016,1.3660977034277364,-1.0207597430666393,-0.8393153243000632,-0.2551551815399144,3
-0.39974397695455577,-0.39676476150790163,-0.44258268409805246,0.24978309935624954,-0.37084195813251736,0.24398887994486718,-0.45826982081760526,1.354527432661823,1.2616764589543221,-0.17891770920458386,-0.407475305528029,0.7654655446197431,1
1.871810545634943,2.4644439357388745,2.506871807290701,1.784908016747855,2.836258316517207,1.046956233189489,-1.0517565520663197,-1.097229662354736,1.400576416225561,0.493773718550462,-0.8937489401116643,0.08505172717997146,3
-0.16978686379731472,-0.2648402567079161,0.04202156474651961,-0.4285959117577552,-0.20293094898855274,0.02661615421236709,-0.24240269883875054,1.1956172505774172,1.1592254266407835,1.1273551795755627,-0.7485926312807283,-0.935568998979686,1
0.05143388741901813,-0.13974237570094403,0.0869112214815957,0.39598547244116433,-0.25330425173174215,0.13905032269469447,-0.09987125665545189,-1.315989133795608,-1.5842950059861745,0.20924871059011566,-0.347598328135268,1.7860862707794007,1
-0.735139941122759,-1.0193528514307313,-0.7690529148986063,-1.1830001568759154,-0.6646862241344554,-1.886638612795238,2.2920399528054545,-1.1653340261051963,1.1680913813602247,1.2515293239431369,0.02617916710439194,1.105672453339629,0
-1.0300674700934216,-0.6894562566333549,-0.6211210915671054,-0.6420513764617307,-0.8661794351072131,-0.9993456331888707,0.29401231385939003,1.164660721599935,1.02229568152942,0.9376718409353321,0.02980807482516542,0.7654655446197431,0
0.025124383642949593,-0.22712316025151658,-0.15284035426256096,0.030479539728877347,-0.4799841140760944,0.3062961483121569,-0.1799343022387051,0.3618547367839071,0.31695972829390806,-1.160577874126191,-0.6760144768652604,0.08505172717997146,1
-0.7630561321523281,-0.8688257967947841,-0.7415069891748095,-0.4636844812981348,-1.1432326001947548,-0.9243895208673191,2.129622121645337,-1.4480703240995305,0.20268742302111586,-0.5866391123642551,0.9805818976677952,-0.2551551815399144,0
0.05595269531948796,0.059424373460224514,-0.2956710802378033,-0.24730496913246083,-0.051811040758984635,0.17840228166350922,-0.6501106364118272,-1.0270615300057773,-1.6414311586225705,-1.6533634549234917,-0.20062756544394536,1.105672453339629,1
-0.935975847810306,-0.7380959511585758,-0.8618928867825137,-0.57479828484267,-0.9753215910507901,-1.9779913746871292,0.4666320843459057,-0.4038034132591433,0.11402787582670734,1.2769508023176006,1.2799667846316005,0.4252586358998573,0
-0.8212985450917166,-0.9475026360092644,-0.8965803488050725,-1.5748225167434873,-0.933343838764799,-0.3331731849310807,1.6191555198426,0.35153589379141303,1.3463955818289788,0.672701816339958,-0.05547125661300952,-1.6159828164194576,0
-0.26910021965430664,-0.3721889158530531,-0.4640072929943388,-0.259001158979254,-0.4715885636188962,0.013030358854085898,-0.7852493689383158,-0.6122440417075212,1.6251806024513946,-1.059869709796584,-0.37662958990145506,-1.6159828164194576,1
2.814735127532975,1.298627257486997,1.9937014132510802,2.0568444306857963,1.7280456561670405,1.5510360885519232,-1.0935992887238648,-0.3749106528801602,-1.6030120215049937,1.5526760677637095,-1.0171318026179597,0.4252586358998573,3
-0.2846650024225915,0.030240556745091737,-0.23853878984770632,0.09773263134793803,0.023748913355799515,0.4824430122678028,-0.13380379398021025,-1.6007892003884405,-0.8297037487537685,-0.7694782068267458,-0.6034363224497924,1.105672453339629,1
0.20808589463530475,0.7222895437618336,0.3786939902595908,0.9866430597042201,0.8968861609044154,1.2165444373169991,-0.8318234397762194,-0.7814730667844219,-0.7420293076392983,-1.5653660297811167,-0.7612938083034352,-0.2551551815399144,2
0.4830302508905562,1.074372665886504,0.21851953327306906,1.1825542396380058,1.123566023248768,0.8028803924424361,-0.881354594476847,1.1233853496299593,1.1375530928821505,-0.5944611057102442,-0.84657313974161,0.08505172717997146,2
-0.4375011274118146,0.057376386322320394,-0.18140649945760937,-0.0718621214305629,-0.15255764624536342,0.31988194367043776,-0.7604098644914339,-0.4450787852291189,-1.5182928986303372,1.1938421230164684,-0.14075058805118432,-1.6159828164194576,1
2.0999601356319966,1.5675962349317283,2.772128869816151,1.5714525520438791,1.786814509367428,1.5805500577785347,-1.082658078431786,-0.7773455295874244,0.36227460797104927,-1.3013737543539912,-1.0135028948971863,0.08505172717997146,3
2.5589706003663846,2.8228416848720825,2.6935719705297676,1.6357815962012419,2.2065920322273396,1.4564039967459645,-0.8762536248136481,1.3462723582678282,1.4557423567020817,0.5710159028421024,-0.9645126406667455,0.7654655446197431,3
-0.7159601120340984,-1.0852297710333114,-0.7935381822086478,-0.4461401965279449,-0.8829705360216095,-0.7974326056226909,2.4441079904460383,-0.25314830556873175,1.2015849880781124,1.4676118901260804,-0.07905915679803659,-1.6159828164194576,0
0.6692051363899123,0.6233034987631382,0.7051642210601445,0.9895671071659182,0.7961395554180368,0.6183009658506153,-0.7331307658578047,1.7652173837630822,-1.6916715686994015,0.7763432281743108,-0.6778289307256471,0.08505172717997146,2
0.1606886206570437,0.2674657335523104,0.9612393083443291,0.6913142660726922,1.3082681333071289,0.7049689707224092,-0.8536319332638092,0.5847417454217758,0.27361506077664216,0.09094106123203342,-0.6832722923068072,0.4252586358998573,2
0.6784435880975394,0.8521660614239152,0.5460099835448745,1.0305037716296945,0.18326437204256596,1.174850099838136,-0.9892142283697065,0.30200544742744173,0.8193638290622194,-1.4617246179467638,-0.9028212094135977,0.7654655446197431,2
0.5326367198423805,0.6854257752795608,0.9489966746893083,1.2936680431825414,0.3511753811865305,1.1467415577175544,-0.9263761962868206,0.6487185719752381,-0.3332102844650832,1.4646786426213345,-0.8792333092285707,-0.2551551815399144,2
0.45200110330733045,0.8584806884324526,0.6419106138425371,0.49247903867720816,0.18326437204256596,0.591129375134053,-0.8493441616628593,-1.115803579741225,0.3583341836512986,-0.7342792367697959,-0.6869012000275805,0.4252586358998573,2
-0.9296495167496482,-1.1997463851611125,-1.0526739279065875,-0.5309375729171955,-0.9417393892219972,-1.2303041542796518,-0.3680787630045222,1.1006838950464728,0.3918277903691864,0.8565186599706971,0.3310074156493572,1.4458793620595147,0
-0.14327652411455855,-0.11789717956330073,-0.3528033706279002,0.3755171402092762,0.03214446381299766,0.14935678813890776,-0.4709852814273186,0.603315662808265,-0.4120187708601136,-0.30504735190865484,-0.329453789531401,-0.935568998979686,1
-0.937281281203775,-0.7150560958571553,-0.8567917894262551,-0.4519882914513416,-0.9417393892219972,-0.27273981937182973,2.336470137842883,1.0779824404629863,-0.2366698886311733,1.4167689333771523,0.24209917649040913,-1.9561897251393436,0
-0.8510222592814736,-0.7155680926416315,-0.663970309359678,-0.49584900337681587,-0.7654328296208343,-1.5226329923337032,2.3103738727543437,0.29375037303344675,0.6686425988317256,1.4402349134151191,1.8878088278611445,0.4252586358998573,0
0.6239166394318704,0.6789404826761981,0.1807714128367549,1.0188075817829017,0.3008020784433411,1.2310671840793,-0.7096958762457166,-0.9073629512928478,1.3069913386314636,0.11734028877474593,-0.7014168309106741,0.7654655446197431,2
-0.890285679038889,-0.9522812726643739,-0.5752112153607775,-1.5952908489753752,-0.5135663159048874,-0.16264802939955073,2.5232839108704743,1.657901416641146,-0.365718785103034,-1.6328307223902707,0.9660662667847016,-1.6159828164194576,0
-0.3679114857445796,-0.19486736282952785,0.1175178056191477,-0.17712783005170166,0.08251776655618709,0.03504871684854163,-0.638208373864363,1.230701316751897,0.8538425418600455,0.7528772481363443,-0.42924875185266936,1.105672453339629,1
-1.0204273465724194,-0.9067135588460089,-1.0210471242977837,-0.7502411325445677,-0.5219618663620855,-0.9328220835034936,0.2730170184340493,1.2699129201233734,0.7967063892236494,0.38231031337012006,2.0964710218056144,-0.2551551815399144,0
-0.4822875346031376,-0.24094707343236893,-0.23751857037645463,0.21177048235417173,-0.00983328847299344,0.2566377238991288,-0.7278819420014694,-1.1446963401202082,-1.3005844549640688,-0.4702869613426705,-0.6252097687744328,-1.6159828164194576,1
-0.12530171046602304,0.09150950528738781,-0.19670979152638535,0.00708716003529096,-0.4715885636188962,-0.10174618813828984,-0.3845645055392086,1.2224462423579021,-1.1764610888918972,-1.637719468231514,-0.49819799854736396,-1.6159828164194576,1
0.2551819147535343,0.22394600687184948,0.8826824090579455,0.7848837848470377,0.443526436215711,1.0858397164562938,-0.6428657809481534,-0.6143078103060196,1.2084807306376768,-1.5829655148095918,-0.6451687612386865,-0.2551551815399144,2
0.17605256751864093,0.5639118717639208,0.8051457292428141,0.9047697307766679,0.7793484545036403,0.6450040808651678,-0.9551338368518119,0.6466548033767396,1.6458678301300893,0.7137672814063999,-0.7123035540729943,0.08505172717997146,2
0.7709285231271548,0.7987477302435847,0.5725356897974194,1.0685163886317726,0.5778552435308828,1.167822964307991,-0.7134661581706898,0.15754164553252673,1.321767929830532,-0.8604088794738668,-0.7032312847710609,0.08505172717997146,2
1.1983073325582545,2.4084656206361643,2.9873951782502663,1.6328575487395438,2.945400472460784,1.5632164568041758,-1.0485037598173232,-0.68241217405648,-0.7597612170781806,1.3229050132252853,-1.0280185257802799,0.7654655446197431,3
-1.010385551238042,-0.5595797389712732,-0.7649720370135994,-0.7502411325445677,-0.9669260405935917,-1.2630974534203308,0.27819191519381653,-1.0951658937562376,1.0193403632896063,0.5954596320483176,-0.20425647316471868,0.08505172717997146,0
0.5966029561223639,0.3970009200247411,0.7082248794738999,1.0948328157870573,0.3847575830153235,0.8422323514112509,-0.7768216799295523,-0.3563367354936711,-0.7036101705217215,-1.380571436982129,-0.7776238930469155,-0.2551551815399144,2
-0.7604452653653899,-0.5873982309278032,-0.9241262745288694,-1.3847594317330978,-0.7402461782492396,-0.6648539819539466,1.61213244566863,-0.837194818943889,1.5660742376551218,1.4373016659103732,0.4816070860614532,-0.935568998979686,0
-0.3425057435486049,-0.4286792277402397,-0.25894317927274096,0.413529757211354,-0.2616998021889404,0.11796891610425794,-0.4634447175773723,-1.2561398444391425,1.1996147759182356,1.624051757045858,-0.768551623744982,0.7654655446197431,1
2.6967440323540415,2.9424782668446436,1.6080584531179263,1.9311103898327697,2.7019295092020355,1.4728006463163037,-1.070312253304913,0.2648576126544636,-0.18938479679415535,0.7929649640345373,-0.9590692790855853,0.08505172717997146,3
-0.7450813185037926,-0.8348633434245419,-0.5803123127170362,-1.3818353842713997,-0.9417393892219972,-0.9267318993773678,2.1442596867658206,-0.5441396779570609,-1.4985907770315796,-0.2796258735341907,2.36319573928246,1.7860862707794007,0
-0.4986556609981726,0.0741016146152035,-0.3691268821679279,-0.2180644945154777,-0.3288642058465262,0.27959303329760377,-0.3893697668161352,0.7952461424686521,-0.6385931692458227,0.9533158276273096,-0.4637233752000166,-1.2757759076995718,1
3.281076102861459,1.818474659324974,2.315070546695375,1.507123507886517,3.01256487611837,1.6423888504438144,-0.956686305879742,0.7869910680746571,0.3149895161340327,-1.5399445514066525,-0.8247996934169696,0.08505172717997146,3
-0.977649298447972,-0.7095947968227445,-0.6037773605558259,-1.4754049030457452,-1.0424859947083758,-0.1518730882533275,-0.37798499394464763,0.08737351318356797,-0.8228080061942041,0.546572173635887,1.0640467752455836,1.4458793620595147,0
0.6587616692421597,1.0265862993354098,0.7551549751514792,1.220566856640084,0.6282285462740721,1.101767890324623,-0.5703432992148464,-1.3221804395911039,0.05689172319031126,0.2874686440500044,-0.6941590154691273,-0.2551551815399144,2
1.5175360062381105,2.5018197010056236,2.380364592855486,1.7936801591329496,2.550809600972467,1.1711022942220586,-1.0835452035906032,-0.7030498600414674,1.6281359206912085,-0.17793996003633508,-0.8647176783454771,-0.2551551815399144,3
0.1534585280162919,0.44734727049821554,0.1777107544229998,0.5275676082175874,0.3595709316437288,0.9303057833890739,-0.6379126654780907,0.4402779435268609,1.470518947901149,-0.011722601434070985,-0.6451687612386865,0.7654655446197431,2
-0.5139191899064263,-0.18223810881245286,0.1511850481704548,0.2819476214349309,-0.14416209578816516,0.08892342257965713,-0.33081950633419926,-0.22838308238674682,-1.2798972272853741,1.3111720232063022,-0.44194992887537626,-1.2757759076995718,1
1.298223196135309,2.4728065498853162,1.994721632722332,1.7732118269010615,2.6179740046300526,1.1411198492934378,-0.9271154672525015,-0.026133759733865506,0.8282297837816605,-1.0637807064695783,-1.0116884410367994,0.4252586358998573,3
-0.727608594621976,-0.5445611666266436,-0.8802568372650448,-1.5806706116668836,-1.008903792879583,-0.4427964992013498,2.134279528729127,-1.3263079767881012,1.012444620730042,1.4206799300501465,1.866035381536504,-1.9561897251393436,0
-0.467024005694884,-0.27183754609575483,0.09915385513661658,0.10942882119473121,-0.15255764624536342,0.5157047871104917,-0.3782067752343519,-0.5090556117825819,-0.4494528018977521,0.6238143579275273,-0.3965885823657088,-1.9561897251393436,1
0.00022073121369374247,-0.488582851523933,-0.1283550869525194,0.3024159536668188,-0.28688645356053505,0.19386197982982917,-0.2755220381012597,-0.3687193470846643,-0.7105059130812873,-1.6650964449424752,-0.732262546537248,1.4458793620595147,1
0.7075647945672338,0.25944445059551957,0.47867549844226026,1.0802125784785657,0.4351308857585127,1.0596050771437506,-1.002964668331373,0.20500832329799892,0.44896394300558246,0.2522696739930544,-0.84657313974161,0.4252586358998573,2
-0.0387414346836903,-0.3010213628108875,-0.014090506172325655,-0.051393789198675016,-0.21972204990294922,0.3292514577106318,-0.7784480760540505,0.44853301792085587,-0.6622357151643309,-1.4294588953945595,-0.3602995051579748,1.7860862707794007,1
-0.9061517156672052,-0.7570398321841882,-0.7109004050372577,-0.5046211457619109,-1.0256948937939794,-1.1225547428174214,0.31840825572686343,-0.3088700577281989,-0.440586847178311,-0.796855183537707,-0.256875635115933,1.4458793620595147,0
-0.6885460107712482,-0.6795576521334853,-0.8680142036100241,-1.1508356347972342,-0.7318506277920414,-1.8247998201299582,1.7528896375342944,-1.053890521786262,0.5602809300385609,-1.3864379319916207,-0.371186228320295,-1.2757759076995718,0
-0.33025475324066456,0.03945649886566004,-0.11101135594124,-0.2560771115175558,-0.463193013161698,-0.09612447971417358,-0.5174854251686541,0.5434663734518003,-0.008125278085587585,-0.8124991702296848,-0.6070652301705658,-0.5953620902598002,1
-0.7726962556733303,-1.2002583819455885,-0.9435104444826522,-1.3321265774225286,-1.008903792879583,-0.9965347789768124,1.2984597749301776,-0.3687193470846643,1.464608311421523,0.508439956074191,2.299689854168925,-1.6159828164194576,0
-0.8654824445629768,-0.5539477743420371,-0.9353486887126384,-1.2093165840312001,-0.9585304901363937,-1.1000679091209558,2.0718850592256497,1.1048114322434703,-1.3330929556020181,1.3395267490855118,0.7374450803759778,1.105672453339629,0
0.0010240748404439126,-0.18684607987273702,-0.14875947637755413,0.001239065111894492,-0.38763305904691386,0.3817207363357182,-0.5844633746593536,0.5414026048533012,-1.119324936255501,1.49596661600529,-0.7594793544430485,-0.5953620902598002,1
-0.1526153937755294,-0.199475333889812,0.043041784217771314,0.13282120088831761,-0.035019939844588156,0.42669440372864886,-0.6508499073775084,-1.0229339928087797,0.2814959094161449,0.5954596320483176,-0.3621139590183616,-0.5953620902598002,1
-0.6490817551071453,-0.6445712051942911,-0.811902132691179,-1.592366801513677,-0.9837171415079882,-0.8438117001216511,2.479001580026182,-0.8103658271634043,0.4558596855651469,0.12516228212073466,1.44508208592679,-1.2757759076995718,0
0.7189120232950801,0.9735092993447297,0.430725183293429,1.1591618599444196,0.18326437204256596,1.2053010204687666,-0.7709075122041043,-0.13551349545430078,0.48935329228303465,0.07823032204480156,-0.6614988459821668,0.4252586358998573,2
0.5954983586355826,0.2152420615357572,0.6878204900488649,0.8550609239277969,0.6702062985600632,0.8431693028152701,-0.6017623152562893,-0.6122440417075212,1.5907018896535685,1.0501129952839223,-0.8665321322058637,-0.2551551815399144,2
-0.9001266384665787,-1.191383771014671,-0.9322880302988833,-1.34674681473102,-1.1432326001947548,-1.0785180268285095,0.963348246186976,-0.8041745213679085,1.5572082829356821,-1.3434169685886814,-0.2641334505574798,1.105672453339629,0
-0.1790253155049419,-0.3540983628015673,-0.29975195812281025,-0.051393789198675016,-0.429610811332905,0.19386197982982917,-0.19287154413812277,-0.2779135287507174,0.0588619353501866,-1.607409244015807,-0.24961781967438615,-1.9561897251393436,1
-1.0494481350887699,-1.0666272211973498,-0.9771776870339594,-1.560202279434996,-0.9585304901363937,-1.110842850267179,1.753481054306839,-1.0394441415967703,-0.9351100993071209,1.3268160098982797,0.5015660785257068,0.08505172717997146,0
-0.9911053041960375,-0.5983208289966248,-0.6252019694521123,-0.902291600552879,-0.7738283800780325,-0.753864365335789,0.09618340344315193,-0.25314830556873175,-0.4090634526202999,0.052808843670337474,2.3178343927727925,-1.6159828164194576,0
-0.9721263110140643,-0.7297333370121344,-0.7078397466235024,-0.5514059051490836,-0.7822239305352308,-1.7676457844847748,-0.06335127095081003,-1.0786557449682468,-0.5982038199683705,-0.05572131400525849,1.7208790727055683,0.7654655446197431,0
-0.16868226631053324,-0.4696389704983206,-0.03959599295361892,0.09773263134793803,-0.11897544441657044,0.5053983216662784,-0.21246222472866957,1.5299477635342202,1.683301861167729,0.26595816234853503,-0.28046353530096,-0.935568998979686,1
-0.8278257120590619,-1.159469304782333,-0.8884185930350589,-0.7882537495466456,-0.538752967276482,-0.19544132854022936,1.22091025063024,-1.070400670574252,0.6676574927517887,-1.4812796013117362,1.3670605699301621,0.08505172717997146,0
-0.026289608469062448,-0.22132053002745505,-0.5303215586257013,-0.159583545281512,-0.320468655389328,0.46323550848540535,-0.30841959607406466,1.6723477968306377,-0.6218463658868787,1.6934719479915095,-0.6016218685894057,0.08505172717997146,1
-0.8019178800963684,-0.6645390797888556,-0.8802568372650448,-1.147911587335536,-1.1096503983659618,-0.2863256147301109,-0.15324662037762077,-0.2737859915537199,-0.33124007230520786,0.602303876226058,1.4958867940176177,1.105672453339629,0
-0.635023241639017,-0.6580537871854928,-0.8282256442312068,-0.6040387594596529,-1.008903792879583,-1.967216433540906,1.4086111488166482,0.2669213812529627,1.3710232338274253,1.5966747803348973,0.9080037432523272,1.4458793620595147,0
0.5280174939885669,1.1726760485058985,0.20219602173304135,0.4486183267517336,0.8884906104472173,0.786483742872097,-0.9072290782756824,-0.8248122073528958,-1.623699249183689,1.60156352617614,-0.8447586858812233,-0.2551551815399144,2
-0.7522109931912005,-0.8130181472868988,-0.7914977432661443,-0.852582793704008,-1.0005082424223846,-1.8411964697002974,-0.0697090012556666,0.031651761024100784,1.1680913813602247,0.6775905621812011,0.18948001453919486,0.08505172717997146,0
-0.06926849250019748,0.013173997262558025,-0.31811590860534134,-0.42567186429605697,-0.21972204990294922,-0.11486350779456142,-0.7240377329799282,-0.18917147901526957,-0.7666569596377449,0.26889140985328097,-0.5689616991024451,-0.5953620902598002,1
-0.8081437932036823,-0.9507452823109458,-0.5752112153607775,-1.413999906350081,-0.9417393892219972,-1.2139075047093122,0.7329174861842053,-0.9672122406493125,-0.9676185999450704,0.7724322315013165,1.5503204098292187,0.7654655446197431,0
-0.11164486881126985,0.014709987615986119,-0.27832734922652386,0.37259309274757796,-0.19453539853135451,-0.01507818326649603,-0.27759199680516655,-0.6122440417075212,1.2252275339966208,1.3786367158154562,-0.2713912659990266,-1.6159828164194576,1
0.37126506881893645,0.41133682999006943,0.15730636499796508,1.0568201987849792,0.14128661975657475,0.9509187142775004,-0.5870508230392372,1.4164404906167876,1.6882273915674182,-1.5125675746956915,-0.9173368402966913,0.7654655446197431,2
-0.2386735797911433,0.07017630593422067,0.07874946571158185,-0.2209885419771762,-0.38763305904691386,0.2224389976524207,-0.12648501141996818,0.5641040594367877,0.711987266348993,0.9415828376083265,-0.5707761529628319,-1.9561897251393436,1
0.7944263242095978,0.7180229038912002,0.15424570658420994,1.00418734447441,1.0228194177623893,0.7513480652213697,-0.8077232062950186,-0.6762208682609834,-0.9607228573855046,-1.0012047597016671,-0.6070652301705658,0.08505172717997146,2
-0.974034252127596,-1.0686752083352538,-0.6813140403709574,-0.773633512238154,-0.7654328296208343,-0.34207422326926484,0.3084280976901698,1.4680347055792573,-0.23272946431142122,-1.400126420347101,2.2851742232858316,-1.9561897251393436,0
0.6771381547040703,0.5845624087377866,0.749033658323969,1.0802125784785657,0.8800950599900189,1.1359666165713311,-0.814746280468988,0.23802862087397958,-0.8159122636346383,-0.40673326540651045,-0.9137079325759179,-0.2551551815399144,2
-0.8643778470761955,-0.6097554238499223,-1.0241077827115388,-0.9666206447102417,-1.11804594882316,-1.1188069372013436,-0.04745694518866828,-1.053890521786262,-0.8503909764324631,-0.7773002001727348,-0.2550611812555463,-1.2757759076995718,0
-0.2739202814148077,-0.043486980219453776,0.09405275778035785,0.15328953312020577,-0.22811760036014747,0.4215411710065422,-0.31817797282105403,-1.3861572661445667,-1.5990715971852423,-0.15936272583961167,-0.7377059081184081,-0.935568998979686,1
0.34274637006930475,0.4821630518425844,0.4052196965121358,0.7644154526151495,1.341850335135922,1.1233177726170696,-0.5813584366034934,-0.29648744613720646,-0.3864060127817286,-0.05083256816401536,-0.7050457386314476,0.08505172717997146,2
0.5084359930865309,0.6888390871760677,0.9551179915168184,0.4983271336006046,0.6953929499316579,1.1205069184050112,-0.9467800749396165,-0.8825977281108621,1.260691352874384,-0.6032608482244818,-0.7358914542580215,0.08505172717997146,2
-0.04546943755772314,-0.010377854823338415,-0.010009628287318637,0.15036548565850752,-0.3792375085897156,0.15778935077508263,-0.2183024653575496,-1.4460065555010313,0.11599808798658268,-0.653126055805161,-0.16978184981737152,0.08505172717997146,1
-0.9026370873001731,-0.7256373627363263,-0.9955416375164905,-1.2034684891078036,-1.160023701109151,-0.6475203809795879,2.1818146518224157,-1.6317457293659219,-0.9794398729043238,-0.2219386726075226,1.2491210690050267,-1.9561897251393436,0
2.334034384876332,2.1278913827433104,1.7814957632307205,1.548060172350293,1.375432536964715,1.2113912045948925,-1.0085092005739806,-1.4171137951220483,0.7444957669869424,1.3385489999172635,-0.9790282715498391,0.7654655446197431,3
-0.09176211404920268,-0.12711312168386904,-0.25894317927274096,-0.2560771115175558,-0.3288642058465262,0.24258345283883803,-0.310119919295131,0.9686027047425503,1.6232103902915194,-0.7450344776205305,-0.28046353530096,-0.2551551815399144,1
-0.5722620207991586,-1.1256775170069164,-0.9812585649189662,-1.405227763964986,-0.7822239305352308,-0.28070390630599434,0.3319369143988258,-1.1054847367487317,0.44600862476576875,-1.3013737543539912,1.2019452686349725,-1.6159828164194576,0
-0.654504324587709,-0.8555138803984078,-1.0118651490565183,-1.4490884758904603,-0.8158061323640236,-0.24509975295325742,0.4894016300888809,0.9582838617500562,-0.8760037345108481,-1.5986095015015696,2.1781214455230167,-0.2551551815399144,0
-0.2133682555485123,-0.169096858010902,-0.3221967864903483,0.024631444805480622,-0.38763305904691386,0.43981172338492047,-0.6546941163990495,-0.19123524761376795,0.5395937023598664,-0.22487192011226853,-0.7213758233749279,-0.5953620902598002,1
-0.05701750219225714,-0.27337353644918294,0.10119429407911999,-0.3496466302919011,-0.28688645356053505,0.37188274659351417,-0.624975423578673,-1.1467601087187071,-1.5370099141491564,-1.3082179985317315,-0.3584850512975882,-1.6159828164194576,1
-0.053502873825225124,-0.22473384192396184,0.06344617364280586,0.021707397343782388,-0.42121526087570677,0.3109809053322536,-0.4503596214848185,-0.34808166109967614,-0.3410911331045874,0.5045289594011967,-0.18248302684007844,0.7654655446197431,1
-0.16597098157025125,-0.023007108840413515,-0.360965126397914,0.0626440618075587,-0.4547974627044997,0.16434801060321844,-0.23744958336868777,1.7528347721720905,-0.7715824900374341,-0.017589096443562536,-0.334897151112561,0.4252586358998573,1
-0.03562847813003344,-0.40717536279224714,0.09201231883785443,0.22639071966266316,0.0405400142701959,0.09688750951382208,-0.09765344375840877,-1.53268483663798,0.9001425276171251,0.6844348063589414,-0.5417448911966447,-1.9561897251393436,1
-0.04265773486409747,-0.44472179365382136,-0.36300556534041745,-0.23853282674736587,-0.2784909031033369,0.4102977541583097,-0.26443297361604456,-1.6998500931163822,-1.2395078780079205,-0.9581837962987281,-0.3548561435768148,0.7654655446197431,1
-0.10049847599011101,0.12274130914042447,-0.015110725643577363,-0.0747861688922614,-0.0686021416733811,0.5414709507210249,-0.42285874156148495,-1.4480703240995305,1.3463955818289788,-0.8789861136705904,-0.5145280832908442,-1.9561897251393436,1
0.36664584296512304,0.4908669971786765,0.49091813209728113,0.8258204493108141,0.6030418949024775,0.9307742590910838,-0.6525502305985745,1.0779824404629863,-1.3813631535189739,1.013936276058724,-0.6596843921217801,-0.2551551815399144,2
-0.9936157530296318,-0.607536771117193,-0.6874353571984678,-1.1069749228717598,-0.8325972332784201,-1.3066656937072325,1.768118619427323,0.9562200931515579,0.7612425703458863,-1.0227152414031366,1.9150256357669448,0.08505172717997146,0
-0.8407796280404086,-0.5491691376869277,-1.0516537084353357,-1.2327089637247866,-0.9669260405935917,-0.8128923037890109,-0.10955570630587314,-1.388221034743065,-1.4030354872776067,0.7694989839965705,1.4360098166248565,0.08505172717997146,0
2.8611282219777987,1.7979947879459333,2.2528371589490197,1.6591739758948283,1.5685301974802741,1.2624550561139496,-0.8947353989556733,-0.7484527692084413,-0.46127407485700694,0.3871990592113629,-0.8393153243000632,0.08505172717997146,3
-0.0640467589263213,0.14765848598492357,-0.46706795140809404,-0.1917480673601931,-0.27009535264613865,0.1704381947293443,-0.48821029492768625,0.7828635308776597,0.3662150322908014,-0.6638812966558957,-0.19881311158355872,1.105672453339629,1
-1.0394063397543924,-0.5481451441179757,-1.0302290995390493,-1.1508356347972342,-0.7402461782492396,-0.350975261607449,0.3303844453708958,0.10594743057005704,-0.10565077999943726,-0.6726810391701332,-0.41473312096957576,0.7654655446197431,0
1.882153594829352,1.737579167377764,3.158792049420557,2.200122756309013,2.399689692742899,1.5294862062594774,-0.9224580601687112,0.29168660443494837,1.1424786232818396,0.631636351273516,-0.9391102866213317,-0.2551551815399144,3
2.8138313659528813,2.31272222193915,3.3199867258783304,1.4661868434227407,1.576925747937472,1.3884750199545581,-1.1100850312585515,-0.8784701909138647,-1.319301470482888,-0.3216690877688814,-0.8610887706247036,0.08505172717997146,3
-0.8842606018382626,-0.7674504334685337,-0.6160199942108467,-1.1508356347972342,-0.7150595268776448,-1.7475013292983579,1.1768497010756516,-1.625554423570426,-0.8080314149951355,-1.2691080318017869,2.339607839097433,0.4252586358998573,0
0.13819499910803837,-0.0794974207275999,-0.03755555401111532,-0.08940640620075282,-0.25330425173174215,-0.02491617300869972,-0.18377851126024644,0.46504316670884654,-0.545008091651725,-1.195776844183141,-0.18429748070046512,1.4458793620595147,1
-0.08172031871482534,0.0669336596325393,-0.026333139827346343,0.3930614249794661,-0.4715885636188962,-0.11767436200661971,-0.30317077221772953,-0.8330672817468916,-0.5893378652489293,-0.7997884310424529,-0.5925495992874723,1.7860862707794007,1
-0.6543034886810214,-0.5529237807730851,-0.7466080865310682,-0.6859120883872052,-0.8158061323640236,-0.8292889533593504,2.499405458678978,-1.489345696069506,1.570014661974874,0.9914480451890055,0.8481267658595663,-0.5953620902598002,0
-0.011528169327527765,0.058571045486097637,-0.3364798590878725,0.03925168211397231,-0.00983328847299344,0.5691110171395972,-0.13446913784932318,-1.0373803729982713,-0.042603990883413746,0.8154531949042555,-0.539930437336258,1.7860862707794007,1
0.42338198660435483,0.24015923838025632,0.3950175017996183,0.5655802252196656,0.6702062985600632,0.6862299426420216,-0.8085364043572676,0.8695418120146083,-1.6355205221429432,0.17600523886966282,-0.877418855368184,-0.2551551815399144,2
0.7255396082157691,0.16011707440717327,0.5684548119124126,0.5685042726813638,1.173939325991957,1.1889043708984268,-0.8282749391409506,-0.6576469508744943,0.7405553426671903,-0.49570843971713424,-0.7957684316507825,-0.2551551815399144,2
-0.5032748868519862,-0.18001945607972356,-0.31607546966283784,-0.14203926051132207,-0.15255764624536342,0.10016683942788963,-0.21771104858500478,0.59506058841427,1.0597297125670584,0.5798156453563398,-0.7304480926768613,-0.935568998979686,1
-0.5605131202579371,-1.0519499800423706,-0.9486115418389109,-0.7970258919317404,-0.5975218204768696,-1.2748093459705732,2.1668813783156597,-1.0311890672027746,-0.59327828956868,0.36275533000514754,0.5451129711749876,-0.5953620902598002,0
0.11560095960568935,-0.019593796943906724,0.04610244263152644,-0.12157092827943418,-0.17774429761695812,0.3062961483121569,-0.5543011192595685,-0.8929165711033562,-1.2355674536881698,-0.4429099846317092,-0.41291866710918906,-0.935568998979686,1
0.4141435348967278,0.8755472479149864,0.7245483910139275,1.3170604228761278,0.6702062985600632,1.0952092304964873,-0.9921713122324304,-1.0683369019757527,1.1680913813602247,1.1517989087817782,-0.7885106162092357,-0.2551551815399144,2
0.5625612699388249,0.6306421193406277,0.8561567028054007,1.2819718533357478,0.6198329958168738,0.6979418351922642,-0.6520327409225979,1.5588405239132035,1.5453870099764273,-1.329728480233201,-0.810284062533876,0.7654655446197431,2
0.5839502940010486,0.5741518074534411,0.240964361640607,0.7907318797704342,1.0060283168479927,1.224040048549154,-0.9022020357090516,-1.1818441748931863,0.6518957954727832,1.5634313086144442,-0.8284286011377431,0.4252586358998573,2
0.0024299261872567464,-0.2972667197247301,0.01447563902272292,-0.13326711812622738,-0.4715885636188962,0.2631963837272646,-0.35743326109871554,0.8241389028476352,1.4340700229434489,1.3854809599931965,-0.18248302684007844,0.4252586358998573,1
0.7537570531053694,0.9818719134911714,0.8765610922304352,0.6766940287642005,0.36796648210092703,0.9036026683745214,-0.8962139408870354,0.5083823072773205,1.2863041109527689,-1.4392363870770455,-0.690530107748354,0.7654655446197431,2
-0.49785231737142244,-0.49831079042897725,-0.18956825522762322,-0.21514044705377947,-0.44640191224730147,0.17184362183537344,-0.11554380112788933,1.1398954984179501,1.2764530501533893,1.6054745228491345,-0.316752612508694,0.7654655446197431,1
-1.030770395766828,-0.9457959800610111,-0.9516722002526661,-1.343822767269322,-0.5303574168192837,-0.8452171272276803,1.2243108970723724,-0.2180642393942527,0.1347151035054033,0.6609688263209745,0.7791775191648719,1.105672453339629,0
1.1332364987914891,1.2769527269441792,3.360795504728399,1.787832064209553,2.3745030413713044,1.33881659554153,-1.1004745087046983,0.8984345723935915,-0.6553399726047665,-0.6746365375066303,-0.8338719627189032,0.4252586358998573,3
1.6789076572615544,2.9093691414485283,1.8008799331845031,2.010059671298624,1.7532323075386353,1.4531246668318962,-1.040963195967377,0.6404634975812431,0.30021292493496415,0.24933642648830878,-0.9010067555532109,-0.2551551815399144,3
-0.8347545508397823,-0.802436880407728,-0.9037218851038347,-0.6888361358489035,-0.614312921391266,-1.3938021742810363,2.057543202491438,1.2162549365624054,-1.2030589530502205,-1.4392363870770455,-0.18429748070046512,0.7654655446197431,0
-0.7460854980372305,-0.8224047550022923,-0.6466265783483985,-0.5426337627639887,-1.1684192515663494,-0.73699924006344,-0.269164307796403,-0.7133687030339615,-0.6720867759637105,-0.5152634230821064,1.1892440916122657,-1.9561897251393436,0
0.8383089698208268,0.673820514831438,0.5072416436373088,0.7761116424619431,0.9724461150191998,1.0483616602955175,-0.9268197588662291,-0.837194818943889,-1.6660588106210172,0.669768568835212,-0.7141180079333811,0.4252586358998573,2
0.4984946157054975,0.9187256434057967,0.8388129717941212,1.2615035211038597,0.8129306563324333,1.1237862483190795,-0.7944902560093284,-1.1777166376961887,-1.287778075924877,-1.135156395751727,-0.9427391943421051,-0.2551551815399144,2
0.5694901087195453,0.5644238685483968,0.1777107544229998,1.1065290056338501,1.3082681333071289,1.0122890312407709,-0.6339206022634132,-0.9094267198913462,-1.6798502957401473,0.5133287019154341,-0.7703660776053687,0.08505172717997146,2
-0.19368633669313276,0.07000564033939526,0.07772924624033015,-0.03384950442848509,-0.2365131508173457,0.23602479301070223,-0.40792546805472857,0.5558489850427927,-0.7735527021973108,0.09582980707327655,-0.17159630367775816,0.7654655446197431,1
-0.8788380323576989,-0.6575417904010167,-0.7588507201860889,-0.6888361358489035,-0.6898728755060503,-1.0691485127883158,-0.3005093967412779,-1.5512587540244698,0.3514384410917328,1.015891774395221,1.2981113232354675,1.105672453339629,0
0.668000120949787,1.143662897385591,0.8571769222766522,0.8404406866193053,0.15807772067097123,0.9110982796066764,-0.7081434072177866,0.1657967199265217,-0.11353162863894002,-0.7176575009095695,-0.7358914542580215,-0.2551551815399144,2
-0.8589552775956317,-0.7261493595208022,-1.0496132694928322,-1.4490884758904603,-1.1096503983659618,-0.9033081142768828,0.29578656417702454,0.3577271995869089,0.8952169972174361,-0.5856613631960068,0.00984908236091168,1.4458793620595147,0
-0.6854330542175912,-0.533126571773346,-0.7313047944622922,-1.0251015939442074,-0.5555440681908785,-1.9704957634549742,1.7360342595167675,-1.505855844857496,-0.17854862991483886,-1.021737492234888,2.237998422915777,-1.2757759076995718,0
-0.3207150476730062,-0.35085571649988595,-0.47420948770685617,0.01585930242038592,-0.16095319670256164,0.1264014787404328,-0.44060124473782913,0.5269562246638095,1.3769338703070528,-1.1615556232944395,-0.5453737989174181,-1.9561897251393436,1
-0.07880819806785598,0.14287984932981437,0.11241670826288896,0.19422619758398182,-0.19453539853135451,-0.012735804756447342,-0.5080227568079372,0.8220751342491361,0.4607852159648359,0.7206115255841399,-0.4038463978072556,-1.6159828164194576,1
0.5472977410305713,0.7079536337965054,0.9296125047355253,1.1884023345614023,1.2327081791923449,1.1486154605255927,-0.965483630371346,0.1245213479565461,-0.8819143709904755,-0.09189803323045725,-0.9028212094135977,0.08505172717997146,2
0.2632153510210363,0.5034962511957516,0.859217361219156,0.5802004625281573,0.18326437204256596,0.9171884637328023,-0.8796542712557807,1.0965563578494752,-1.2572397874468029,0.26400266401203787,-0.7522215390015017,0.08505172717997146,2
-0.6261864617447649,-0.5783529544020602,-0.9159645187588555,-0.5894185221511614,-0.647895123220059,-0.25587469409948066,0.30428818028235616,-0.7587716122009346,1.1109552287238285,-1.7042064116724196,1.2763378769108273,0.08505172717997146,0
-0.5133166821863635,-0.3085306489832024,-0.080404771803688,-0.1361911655879256,-0.3960286095041121,0.0715898216052981,-0.4537602679269511,1.0243244569020176,0.8567978600998593,-0.15936272583961167,-0.4746100983623368,1.7860862707794007,1
-0.3328656200276027,-0.363996967301437,-0.31607546966283784,0.2673273841264392,-0.16095319670256164,0.05191384212089072,-0.18747486608865147,0.73126931591519,-0.21598266095247734,0.7802542248473054,-0.7413348158391816,-1.9561897251393436,1
0.7796648850680631,1.0962178620241472,0.2501463368818726,0.588972604913252,0.5022952894160987,1.2198237672310674,-0.6698491711955102,-1.4150500265235497,0.3947831086089987,-0.8437871436136404,-0.8393153243000632,0.08505172717997146,2
