sea_surface_temp_c,atmospheric_pressure_hpa,wind_speed_kmh,wind_shear_kms,humidity_percent,coastal_distance_km,latitude,coriolis_parameter,cloud_top_temp_c,vorticity,previous_cyclone_30d,month,risk_level
21.1,1003.1,21.4,33.5,64.7,239.3,11.32,2.8638,-59.7,0.46,0,3,0
26.8,992.5,45.0,16.2,80.3,497.4,17.8,4.4587,-20.2,0.13,0,5,2
27.9,969.1,60.0,18.5,75.0,461.9,20.18,5.0305,-48.9,12.12,1,10,2
22.5,1000.4,61.6,26.7,77.4,199.8,11.46,2.8974,-51.6,0.12,0,12,1
26.4,970.1,61.6,12.4,81.5,543.5,23.84,5.8937,-24.8,7.55,1,6,2
27.9,1017.9,18.7,41.6,61.3,492.7,12.75,3.2184,-59.5,0.44,0,4,0
23.0,1007.8,46.5,16.1,74.6,133.2,12.18,3.0761,-45.6,1.98,0,7,0
27.8,1009.3,17.2,21.6,70.7,521.2,17.82,4.4623,-40.5,0.45,0,3,0
22.4,1024.1,19.1,38.0,69.0,478.6,22.71,5.6306,-23.6,0.2,0,8,0
30.0,988.8,109.1,45.8,69.8,178.4,17.81,4.4605,-47.3,0.23,0,11,3
31.5,980.3,80.1,11.8,85.0,545.0,20.68,5.1504,-44.0,2.75,0,5,2
31.6,986.2,59.5,52.4,68.2,739.4,20.94,5.2125,-56.9,1.07,1,5,2
21.3,1008.9,51.8,32.9,80.0,152.5,10.06,2.5468,-51.4,0.75,0,8,0
28.7,976.6,57.4,22.6,69.3,89.1,20.12,5.0175,-48.9,0.68,0,10,3
27.2,1006.8,99.0,17.0,82.2,369.6,24.79,6.1159,-42.8,0.9,0,7,1
27.5,979.2,26.5,26.1,93.1,227.5,16.67,4.183,-54.9,5.65,0,5,2
29.2,997.3,52.3,9.2,82.7,352.2,16.46,4.1318,-43.3,3.3,1,11,2
25.3,1026.4,24.1,28.5,89.9,446.8,16.26,4.0847,-55.9,0.07,1,9,0
24.6,1010.0,41.5,12.0,93.7,283.3,9.48,2.4022,-20.3,1.22,0,12,0
26.3,1018.0,20.4,24.5,80.8,196.6,23.77,5.879,-24.7,0.2,0,3,0
25.4,1015.6,23.3,33.4,69.6,227.8,8.08,2.0493,-36.9,1.66,0,7,0
21.9,1016.4,45.4,36.9,66.5,561.4,9.43,2.39,-58.1,0.22,0,9,0
30.3,969.5,59.0,8.8,70.8,488.1,12.15,3.0687,-47.6,0.79,1,5,2
20.3,1009.8,97.0,37.7,82.4,235.2,12.74,3.2168,-48.1,0.69,0,1,1
21.4,1005.4,16.5,26.4,60.3,483.8,8.65,2.194,-47.8,1.92,0,7,0
25.6,1023.1,26.0,40.1,85.6,492.3,22.94,5.6837,-32.5,1.65,0,2,0
31.9,987.5,44.3,18.9,81.6,329.4,23.24,5.7557,-41.1,7.23,0,10,2
26.0,1011.4,56.3,79.6,63.3,81.3,22.24,5.519,-30.8,12.74,0,6,2
24.7,1013.7,44.4,5.9,62.0,231.7,12.9,3.2568,-34.1,0.17,0,4,0
26.9,1019.3,53.8,11.9,75.5,412.7,12.95,3.2685,-32.9,0.76,0,1,1
24.1,1015.1,63.7,41.2,83.1,107.9,22.19,5.5089,-50.3,0.06,0,3,1
29.9,994.1,44.2,8.0,65.7,368.8,13.85,3.4921,-55.6,8.75,0,5,2
30.6,1003.1,38.4,33.2,66.7,150.0,13.31,3.3578,-52.5,2.32,0,5,2
27.0,998.7,57.1,24.8,60.4,383.0,13.06,3.2955,-47.1,0.76,0,12,1
20.4,1006.1,47.9,24.9,83.7,227.2,14.39,3.6246,-53.6,0.26,0,12,0
28.0,1005.3,56.0,3.9,65.3,476.0,8.98,2.2754,-26.7,1.89,1,12,1
22.1,1006.3,61.4,62.5,64.8,103.0,19.67,4.9091,-33.2,7.3,0,9,1
30.0,1002.1,36.4,18.0,93.0,538.7,17.15,4.3012,-26.3,2.15,1,10,2
26.3,1002.4,42.0,15.3,65.9,418.7,11.14,2.8189,-32.0,1.95,0,2,1
27.6,988.5,61.2,35.8,78.8,441.1,18.57,4.6456,-38.6,1.24,0,5,2
24.6,1012.4,45.7,19.9,83.7,351.3,11.97,3.0243,-34.4,1.14,0,3,0
26.3,1007.1,32.7,43.5,79.4,267.3,15.97,4.0116,-51.1,2.69,0,1,1
24.8,1004.7,22.3,14.5,88.4,408.4,23.36,5.7839,-55.4,0.0,0,7,0
23.1,1014.1,29.4,29.6,75.3,54.1,24.14,5.964,-29.2,8.24,0,2,0
20.5,999.4,72.3,25.5,94.5,226.9,8.43,2.1374,-30.9,2.63,1,8,1
26.6,1014.5,61.6,33.4,83.5,384.4,17.42,4.3672,-34.5,1.06,0,9,1
24.0,1015.7,75.6,20.1,69.5,402.6,12.92,3.2614,-54.3,0.28,0,1,0
24.7,1005.1,43.2,33.0,85.3,563.8,19.26,4.8119,-44.1,0.07,0,1,0
27.8,1007.9,51.2,23.0,60.7,204.0,24.74,6.1029,-39.5,0.02,0,1,1
26.8,1010.0,62.8,22.6,92.7,522.5,14.67,3.6939,-42.5,2.46,0,9,1
20.8,1007.9,42.2,20.0,65.5,205.9,23.12,5.7257,-50.9,0.21,0,1,0
24.4,1008.5,40.2,12.2,62.7,281.2,13.61,3.4306,-22.1,0.13,0,2,0
20.1,1020.7,119.0,18.0,65.4,311.2,19.24,4.8049,-24.2,2.35,0,8,0
23.2,986.8,49.6,31.3,93.6,144.5,9.28,2.3519,-51.4,0.23,1,3,1
24.5,1020.2,63.6,5.6,90.5,446.0,24.26,5.9916,-46.3,1.32,0,7,0
27.9,965.7,14.2,22.9,65.3,640.1,8.39,2.1269,-58.9,5.49,0,10,2
24.7,1015.2,54.3,31.1,63.0,532.3,8.64,2.1907,-44.0,0.75,0,2,0
26.7,1016.6,41.0,37.8,82.9,342.8,15.08,3.7953,-54.5,1.15,0,4,0
26.5,991.0,71.9,9.7,70.7,424.4,20.93,5.2092,-52.4,3.94,1,6,2
27.5,991.0,60.9,25.3,80.1,379.2,13.67,3.4457,-49.4,13.04,0,11,2
25.8,1011.2,34.3,14.5,66.1,308.4,19.66,4.906,-20.8,0.36,0,9,0
26.0,1016.4,25.9,14.5,73.6,85.5,22.66,5.6185,-42.5,1.46,0,8,1
22.4,1000.3,29.0,26.1,84.7,236.3,10.62,2.6882,-57.9,1.32,0,4,0
21.6,1013.0,49.0,31.4,69.0,246.1,15.52,3.9016,-25.7,0.07,0,9,0
26.5,989.3,71.7,28.4,68.1,281.5,24.74,6.1029,-47.5,16.68,0,10,2
23.4,1016.7,59.8,34.1,73.0,434.7,16.85,4.2271,-53.5,3.95,0,9,0
27.0,959.5,30.3,25.5,76.7,520.9,12.08,3.0521,-46.8,1.85,0,5,2
28.8,983.6,56.2,29.2,91.2,59.7,19.15,4.7835,-44.4,3.04,0,11,3
24.5,1009.6,58.5,20.5,77.0,316.4,17.51,4.3891,-26.5,0.73,0,4,0
29.9,989.5,45.1,42.9,82.9,94.7,12.96,3.2704,-33.2,1.49,0,5,2
26.6,1021.6,25.7,18.4,67.7,553.7,25.0,6.163,-36.9,1.67,0,3,0
22.0,1015.3,32.1,29.2,81.8,329.6,11.79,2.9805,-45.1,0.17,0,1,0
26.6,1011.0,58.5,36.0,74.9,10.5,19.77,4.9342,-41.1,1.62,0,3,2
25.9,1002.4,50.8,9.8,92.2,481.9,11.92,3.0135,-55.0,4.63,0,8,1
25.9,1016.6,66.2,26.0,89.1,667.3,10.26,2.598,-28.5,0.94,0,7,0
30.0,986.8,61.1,24.0,72.9,414.4,18.06,4.5201,-40.6,1.09,1,10,2
24.4,997.1,62.4,6.9,68.8,452.5,22.98,5.6942,-44.7,0.57,1,2,1
31.6,1018.7,80.8,29.4,66.7,664.5,8.04,2.0393,-23.5,8.84,0,6,2
26.6,999.5,83.9,23.4,80.8,181.9,15.09,3.7977,-42.7,2.88,0,6,2
26.0,1013.4,39.9,28.0,78.1,162.6,12.33,3.1143,-20.8,0.66,0,1,1
28.0,1004.5,18.6,32.9,88.8,607.3,19.68,4.912,-32.3,11.42,0,6,2
25.7,1016.8,26.1,40.6,76.6,160.2,16.08,4.0405,-29.3,6.27,0,7,0
21.1,999.2,57.9,36.7,94.7,526.4,11.39,2.8804,-38.0,0.36,0,1,1
27.8,999.1,70.4,34.4,80.4,253.9,20.41,5.0858,-20.5,1.43,0,1,2
30.5,975.9,45.4,11.2,94.1,222.1,11.02,2.7876,-26.9,16.43,1,6,2
30.2,996.7,30.3,44.7,70.5,317.4,16.93,4.2475,-40.1,4.13,0,6,2
26.9,1022.2,58.2,64.0,86.0,315.5,22.2,5.5094,-50.7,2.96,0,9,1
23.3,1006.9,31.0,53.3,93.3,27.1,17.78,4.4536,-30.5,0.37,0,7,1
24.9,1009.0,28.1,36.8,72.1,195.3,23.01,5.7019,-24.0,0.2,0,4,0
27.1,1014.1,61.4,3.1,92.7,220.8,23.14,5.7309,-25.8,1.16,0,1,1
30.5,1002.2,54.3,7.3,61.0,261.2,14.18,3.5724,-29.2,2.99,1,10,2
23.3,1002.8,37.9,23.6,74.1,581.2,14.09,3.5512,-33.1,1.3,0,8,0
24.8,1012.0,31.2,16.4,81.9,253.7,19.04,4.7573,-42.6,0.32,0,3,0
28.7,983.2,33.3,30.5,93.3,74.8,14.37,3.6193,-24.2,1.7,0,10,2
27.7,1011.0,44.2,3.1,69.8,343.3,20.98,5.2218,-57.6,0.01,0,3,0
31.5,980.4,45.0,26.4,80.3,70.4,24.06,5.9462,-40.1,8.15,0,6,2
28.0,1014.3,66.3,39.2,90.5,742.4,12.4,3.1327,-49.2,2.09,0,9,1
22.7,1008.1,52.3,12.0,61.6,779.4,12.97,3.274,-39.2,0.99,0,2,0
20.9,1003.3,21.3,31.1,80.0,93.8,8.19,2.0784,-46.3,2.21,0,8,1
29.8,988.0,40.2,10.8,84.6,292.3,14.45,3.6397,-45.9,6.28,0,6,2
27.3,1008.6,13.2,9.2,75.5,422.3,14.25,3.5896,-44.9,0.04,0,3,0
26.9,1003.5,54.3,41.7,79.4,157.7,20.13,5.0192,-36.1,3.71,1,11,2
25.6,1011.0,67.0,41.8,71.6,226.6,17.0,4.2631,-42.3,0.92,0,4,0
20.6,1018.9,33.1,44.2,79.3,448.2,22.86,5.6653,-30.5,3.56,0,9,0
22.8,1005.6,34.6,22.8,64.1,604.8,20.99,5.2253,-27.0,1.55,0,12,0
24.4,999.8,50.0,30.6,91.3,132.0,10.23,2.5895,-45.0,1.03,0,3,1
26.6,989.0,45.0,21.8,94.8,251.5,12.82,3.2365,-53.1,12.96,0,10,2
24.7,1015.7,34.6,13.0,63.1,315.7,19.14,4.7821,-43.3,6.14,0,8,0
21.1,999.6,40.6,20.5,85.7,128.2,12.77,3.2236,-43.4,0.77,0,12,1
23.5,995.9,63.2,2.6,64.5,569.1,21.33,5.3043,-47.2,1.46,0,7,1
27.7,997.6,62.9,52.8,88.8,511.5,18.16,4.546,-48.4,0.14,0,8,1
21.7,1013.6,43.2,11.3,85.1,273.4,23.89,5.9069,-40.3,0.03,0,7,0
26.6,1017.7,27.9,23.4,61.4,497.1,18.2,4.5561,-52.9,1.56,0,12,0
26.0,1005.4,24.2,9.8,83.4,222.3,13.44,3.3906,-55.7,1.3,0,1,0
26.4,1013.0,31.7,17.1,63.6,364.4,24.47,6.0418,-48.7,0.76,0,2,0
27.5,1013.3,41.9,22.3,90.1,100.5,17.85,4.4692,-26.9,3.37,0,10,2
31.4,979.2,33.4,21.7,94.4,134.3,12.94,3.2649,-22.5,4.92,1,10,3
31.5,999.8,29.0,10.2,67.0,456.8,9.46,2.3971,-43.5,0.07,1,6,2
24.9,999.7,58.0,45.5,66.0,317.0,19.97,4.9798,-46.4,6.28,0,7,1
20.0,989.4,53.3,25.4,64.5,239.1,20.8,5.1797,-50.8,0.22,0,12,1
30.5,986.6,48.4,22.1,67.3,380.3,8.48,2.1501,-59.8,2.88,1,11,2
20.8,1016.3,40.1,31.3,87.2,798.5,12.36,3.1207,-48.1,0.24,0,3,0
27.2,997.3,33.7,14.8,64.5,237.6,10.38,2.6287,-51.6,3.18,1,5,2
28.3,976.7,35.4,17.2,66.9,387.6,23.37,5.7845,-59.3,2.15,0,6,2
21.5,1003.1,38.5,42.6,65.2,408.1,20.15,5.023,-58.5,0.11,0,2,0
27.5,988.0,92.8,18.9,67.5,322.2,21.17,5.2669,-29.9,4.17,0,10,2
25.8,1007.8,53.4,48.8,91.7,681.5,10.62,2.6868,-35.7,0.66,0,1,0
26.4,987.1,67.1,18.2,79.5,72.0,18.22,4.5604,-40.2,5.75,0,10,2
31.6,1008.3,37.1,21.1,63.8,265.7,13.2,3.3305,-24.8,0.73,0,6,2
30.2,982.1,28.7,25.6,86.8,260.2,18.8,4.7,-31.2,2.66,0,11,2
25.8,998.5,22.1,44.6,70.7,359.3,24.95,6.1525,-32.4,1.57,0,8,0
22.1,1019.0,39.8,20.1,65.4,273.9,20.98,5.2212,-28.1,6.38,1,2,0
23.9,1012.7,54.1,15.7,83.8,301.0,8.08,2.0511,-22.5,0.1,0,8,0
27.0,982.6,40.0,6.6,87.2,627.1,17.09,4.2864,-22.0,0.82,0,11,2
30.8,970.6,104.1,21.7,67.0,210.7,15.31,3.8501,-51.5,3.99,0,10,3
29.3,990.7,63.0,7.9,84.9,210.5,22.8,5.6505,-48.6,0.33,1,11,2
21.4,1001.8,19.3,35.6,83.4,314.9,18.87,4.7163,-32.4,0.11,0,1,0
31.2,957.8,41.2,26.9,90.9,436.1,11.37,2.8756,-33.2,8.97,0,5,2
26.4,1000.0,49.2,7.4,84.3,125.1,10.99,2.7801,-29.7,14.53,1,11,2
29.6,999.4,20.5,21.2,71.0,170.9,22.15,5.4978,-50.1,5.02,0,11,2
26.7,1010.5,23.4,25.1,72.0,500.7,18.93,4.7302,-36.7,1.02,0,8,0
24.3,997.6,67.6,13.4,86.3,92.5,18.95,4.7369,-51.1,0.01,0,2,1
23.0,1016.6,23.7,74.2,65.5,175.7,17.43,4.3675,-22.5,0.21,0,7,0
20.5,980.1,13.8,1.6,65.1,351.1,16.16,4.0579,-40.5,8.03,0,2,0
27.7,997.1,17.7,29.8,76.6,457.8,13.89,3.5006,-50.0,0.42,0,7,1
22.4,1015.7,19.5,19.7,60.2,334.5,11.95,3.0194,-27.3,0.75,0,8,0
23.8,1022.0,57.4,35.1,93.9,359.7,18.98,4.743,-25.3,1.12,0,2,0
31.6,994.0,71.5,31.7,74.2,706.6,11.6,2.9335,-24.6,1.13,0,10,2
31.8,979.2,55.8,19.0,76.5,648.1,18.58,4.6478,-34.5,3.17,0,11,2
22.8,1012.7,30.8,33.6,60.2,328.0,12.74,3.2168,-32.9,0.53,0,3,0
25.3,1014.6,60.6,18.3,78.1,489.7,11.49,2.9042,-26.1,0.68,0,9,0
23.2,1000.2,75.5,25.9,87.7,283.3,18.91,4.7269,-34.5,0.29,0,12,1
27.3,1022.7,29.5,13.5,87.8,719.7,10.02,2.5377,-47.9,1.62,0,3,0
28.7,989.7,42.0,20.5,93.2,459.3,9.0,2.2819,-40.8,4.42,1,11,2
23.7,997.6,16.4,6.3,90.8,188.4,11.73,2.965,-34.2,0.59,1,4,0
25.1,999.7,44.0,31.3,75.6,40.4,9.0,2.2811,-57.7,0.05,0,7,1
24.9,1014.6,45.7,25.3,65.5,103.7,24.47,6.0408,-51.4,7.49,0,12,0
22.0,1008.0,31.9,21.4,75.3,429.6,16.89,4.2368,-36.9,2.06,0,2,0
20.4,1013.7,64.9,31.9,60.6,99.9,14.54,3.6621,-57.7,1.55,0,2,1
22.1,1004.1,56.9,9.4,90.5,175.4,20.16,5.026,-38.6,0.31,0,9,1
24.5,1011.6,58.8,48.3,77.8,390.8,19.99,4.9853,-58.5,5.11,0,7,0
27.4,1020.3,44.3,13.1,84.8,315.0,8.09,2.0533,-24.1,1.41,0,12,0
27.6,1018.9,60.1,17.2,66.3,598.8,21.84,5.4246,-58.1,0.53,0,7,1
30.0,1002.3,53.3,37.5,93.4,551.9,8.44,2.1399,-23.4,16.7,0,10,2
27.1,989.1,23.5,11.9,75.7,255.0,10.51,2.6599,-21.9,5.46,0,10,2
26.7,1013.2,49.6,29.8,93.5,229.4,21.53,5.3518,-25.9,2.72,0,8,1
21.7,1008.1,54.7,21.2,76.0,455.4,14.16,3.5669,-53.4,0.08,0,7,0
24.1,1007.2,65.5,33.0,72.3,389.8,21.8,5.4168,-24.2,2.38,0,7,0
26.2,1028.9,86.4,38.6,69.3,329.1,8.7,2.2055,-24.7,0.53,0,12,1
26.5,1022.4,25.5,44.3,86.4,284.7,13.48,3.4008,-35.5,1.14,0,3,0
28.2,990.2,55.3,29.5,68.1,393.7,15.43,3.8813,-34.1,3.48,0,6,2
27.5,999.6,49.5,18.0,67.4,524.2,8.39,2.1291,-23.8,2.22,0,3,1
29.8,974.9,29.3,23.9,81.7,198.1,8.96,2.2715,-20.4,14.03,1,11,2
25.4,1008.4,37.2,7.8,86.1,161.0,9.02,2.2864,-20.7,1.02,0,8,0
25.8,1020.7,38.2,10.9,89.1,480.7,9.17,2.323,-30.8,1.01,0,3,0
26.8,1010.1,52.7,31.4,95.0,776.7,12.57,3.1728,-42.8,0.28,0,4,1
20.4,1012.2,54.3,28.5,89.9,304.1,16.84,4.2257,-55.9,0.41,0,3,0
24.4,1002.6,85.1,11.8,74.2,310.0,24.95,6.1521,-29.9,0.31,0,1,1
21.1,1021.1,41.4,40.1,65.6,285.4,16.17,4.0619,-38.1,0.2,0,9,0
20.2,1005.4,14.1,19.8,76.0,56.0,8.96,2.2708,-56.6,0.15,0,7,0
21.1,1007.0,52.7,28.7,90.4,495.9,15.24,3.833,-48.3,0.78,0,3,0
21.7,1002.4,41.1,42.7,88.8,260.9,24.58,6.0669,-23.1,2.09,0,3,1
30.1,965.7,43.1,31.3,93.4,417.5,21.65,5.3817,-53.9,0.23,1,11,2
26.9,1006.2,25.0,8.4,71.7,418.3,8.39,2.129,-25.1,24.19,0,11,1
29.2,987.2,42.9,19.9,87.4,436.9,21.22,5.2796,-49.5,0.08,1,6,2
27.7,1008.4,35.7,19.4,84.8,450.0,24.0,5.933,-37.9,3.93,0,9,0
22.7,1024.0,59.4,2.9,69.3,523.0,11.7,2.9579,-26.9,1.46,0,1,0
27.4,1006.0,35.4,19.7,68.3,416.7,14.53,3.6597,-43.3,0.17,0,9,0
22.4,1013.8,40.6,28.0,91.3,377.7,21.0,5.2262,-27.0,1.93,0,7,0
22.1,1018.3,70.6,29.5,92.1,50.1,9.28,2.3507,-56.4,0.35,0,4,1
22.7,1010.2,54.0,27.2,60.6,524.1,20.97,5.2205,-47.4,2.81,0,3,0
25.8,1015.9,26.4,17.0,60.7,282.2,22.89,5.6733,-34.2,1.56,0,4,0
31.9,1011.2,57.6,19.0,76.1,518.8,8.54,2.1652,-59.9,7.01,0,5,2
25.1,1004.5,21.6,15.2,93.5,590.9,15.93,4.0022,-41.1,2.45,0,9,0
27.8,1002.3,29.1,57.2,63.5,481.8,18.44,4.6124,-31.7,0.64,0,9,1
22.1,1026.3,51.7,23.2,83.7,327.1,12.24,3.0914,-57.5,1.24,0,8,0
28.6,978.7,64.5,24.0,68.3,197.3,14.72,3.7056,-26.8,4.21,0,11,3
26.3,978.7,17.3,28.8,79.9,258.2,13.82,3.4843,-54.9,4.43,0,11,2
27.2,1005.4,25.7,26.8,77.0,397.5,19.39,4.8409,-23.9,0.66,0,8,0
23.5,1010.1,57.8,24.2,73.5,361.7,22.65,5.6175,-41.1,3.36,0,9,0
21.5,1022.1,66.1,16.5,78.6,414.6,21.91,5.4417,-24.1,4.15,0,12,0
22.4,1007.2,73.1,26.9,84.6,119.1,17.8,4.4586,-41.9,0.18,0,8,1
30.3,989.0,54.4,33.6,90.8,377.5,17.5,4.3853,-41.6,2.71,0,10,2
27.5,1006.1,47.8,25.9,72.2,315.1,8.83,2.2377,-42.6,0.12,0,7,0
29.8,973.6,23.1,10.9,63.4,39.8,20.88,5.1985,-53.7,4.92,0,10,3
28.0,1011.7,18.4,19.2,61.7,501.3,17.7,4.4336,-23.3,3.1,0,4,0
26.0,1015.1,29.6,10.3,88.5,77.2,9.8,2.4834,-58.5,2.49,0,2,1
26.7,996.3,25.5,22.9,65.9,146.0,22.71,5.6298,-24.9,11.32,0,10,2
22.5,1007.5,80.3,15.5,82.7,429.5,15.25,3.8354,-23.8,0.47,0,8,0
26.8,1014.0,82.6,21.5,92.5,462.6,8.07,2.0463,-24.3,0.73,0,8,1
20.6,1007.3,67.0,49.3,65.4,507.0,15.3,3.8472,-57.8,0.62,0,1,0
28.8,1001.6,51.3,6.5,83.5,657.3,17.17,4.3062,-53.5,4.91,0,6,2
24.3,1006.6,33.4,20.9,68.7,360.9,9.34,2.367,-43.9,0.42,0,12,0
22.9,1006.7,40.4,30.6,95.0,252.4,14.91,3.7538,-45.2,0.96,0,9,0
27.2,983.1,103.9,34.5,61.0,453.6,15.27,3.8415,-33.7,1.84,1,11,2
26.0,1021.1,20.4,28.6,84.7,272.0,12.15,3.0687,-51.4,5.33,0,1,0
29.4,999.6,81.0,12.8,72.9,586.7,16.04,4.0291,-21.6,0.88,0,6,2
21.5,1000.6,87.4,26.6,79.7,250.7,9.23,2.3383,-54.4,4.87,0,9,1
22.2,1005.3,41.3,7.5,70.0,419.2,15.84,3.9818,-43.1,2.47,0,4,0
27.5,1020.5,18.2,13.2,66.9,204.9,11.64,2.942,-38.4,0.4,0,3,0
25.0,1006.8,16.2,14.9,94.2,318.4,16.69,4.1884,-54.2,4.45,0,7,0
22.0,1007.8,58.3,9.6,63.6,404.7,14.74,3.7114,-27.2,0.6,1,8,0
21.6,1012.5,39.4,16.9,63.7,249.7,8.26,2.0949,-42.7,0.26,0,12,0
23.9,1009.4,41.0,18.8,89.1,502.9,19.79,4.9372,-36.3,0.21,0,4,0
26.2,1005.1,34.9,26.3,86.4,526.6,13.3,3.3549,-46.9,1.13,0,12,0
24.4,995.4,86.0,20.5,67.6,266.4,14.02,3.5326,-36.4,1.17,0,8,1
31.6,968.3,63.7,14.6,72.8,374.0,23.27,5.762,-50.3,3.44,0,6,2
20.9,997.9,18.2,31.7,65.4,448.4,21.2,5.2749,-26.2,1.63,0,8,0
22.1,1017.8,53.3,22.9,68.5,344.2,18.11,4.5341,-43.9,0.06,0,1,0
22.3,1011.2,65.6,81.3,73.3,475.6,20.62,5.1372,-40.8,6.82,0,2,0
31.1,982.2,58.0,32.5,93.0,468.3,15.71,3.9491,-36.6,3.64,1,11,2
23.9,1012.8,26.8,30.7,64.8,269.4,9.11,2.3079,-34.6,3.05,0,2,0
25.2,1013.5,28.2,13.4,89.1,218.9,11.11,2.8092,-31.8,1.65,0,2,0
24.5,1001.8,49.1,42.4,66.5,482.6,10.11,2.5611,-28.4,0.47,0,9,0
26.0,974.4,56.4,20.6,76.4,880.9,12.6,3.1804,-31.1,1.3,0,5,2
26.8,1000.4,52.5,20.2,68.2,299.2,15.28,3.8446,-52.6,1.72,0,9,2
30.8,989.2,51.8,24.9,77.4,789.8,17.97,4.4984,-43.4,2.96,0,10,2
30.0,989.5,65.6,16.8,66.5,476.3,12.47,3.1494,-40.7,2.73,0,5,2
26.7,1011.4,20.5,17.8,61.5,112.8,11.11,2.811,-56.8,3.82,0,11,1
24.6,1013.2,74.5,10.0,66.4,446.0,23.3,5.768,-25.1,0.67,0,2,0
26.7,981.0,43.4,14.7,85.7,167.0,21.64,5.3773,-44.2,2.77,0,5,2
29.6,964.2,52.6,33.1,92.9,127.7,16.59,4.164,-49.2,2.78,0,11,3
24.0,1004.3,64.0,42.2,62.7,512.2,13.42,3.3859,-27.9,1.24,0,9,1
24.6,1005.8,51.7,13.3,65.8,265.4,20.73,5.162,-34.9,0.67,0,9,0
26.1,1000.4,14.3,13.1,90.1,439.8,16.78,4.2103,-38.9,5.73,0,10,1
28.0,1011.4,41.1,48.8,84.5,435.3,24.3,6.0014,-25.5,0.32,0,3,0
31.1,989.6,55.8,10.9,64.0,557.4,19.54,4.8776,-27.4,0.44,0,5,2
26.3,1011.0,29.8,2.4,62.3,885.8,9.35,2.3696,-41.5,5.51,0,12,0
29.3,958.2,35.0,17.3,62.5,508.3,24.8,6.1179,-29.2,18.27,1,11,2
20.9,1018.0,60.1,38.9,92.1,560.7,22.58,5.5995,-34.8,0.75,0,2,0
22.7,1017.8,71.3,24.6,68.7,192.2,12.57,3.1739,-39.4,0.0,0,3,0
24.5,1010.8,31.7,9.0,70.8,317.1,18.27,4.5718,-36.4,0.25,0,2,0
26.4,995.5,21.4,4.6,70.4,384.9,10.73,2.7147,-29.6,1.85,0,3,1
24.3,1019.8,31.7,26.4,68.1,54.4,24.27,5.9938,-40.2,0.04,0,2,0
25.9,1008.2,49.3,30.9,78.8,250.5,19.93,4.9711,-33.8,4.3,0,1,0
27.5,1007.9,64.2,27.7,67.7,565.3,15.1,3.7996,-24.7,2.99,1,9,1
28.2,977.9,79.0,47.0,91.4,739.1,11.57,2.9244,-57.2,4.84,1,6,2
30.3,987.7,64.6,37.0,84.6,378.2,14.57,3.6691,-51.2,1.96,0,10,2
23.7,1019.6,64.7,24.5,86.6,283.1,12.38,3.1258,-35.8,1.61,0,12,0
26.8,987.4,39.3,17.8,87.0,90.2,10.11,2.5608,-29.5,7.76,0,6,2
28.3,978.6,40.2,32.5,82.7,307.3,15.76,3.9614,-31.4,0.8,0,6,2
30.4,986.8,64.4,7.1,90.5,239.7,13.13,3.3137,-48.1,1.28,1,11,2
25.4,1007.5,20.3,33.4,74.3,177.9,17.74,4.4448,-29.3,1.76,0,9,0
22.4,1011.3,47.0,43.7,64.3,305.1,23.95,5.9213,-41.9,1.51,0,4,0
24.8,1016.4,32.5,11.7,93.6,32.6,14.05,3.54,-38.5,0.6,0,8,1
22.5,992.3,37.8,6.9,89.2,215.7,14.57,3.6697,-23.3,3.06,0,8,1
21.1,1018.5,40.4,25.7,83.4,559.8,10.98,2.7779,-26.6,1.01,0,7,0
21.8,1006.2,59.3,23.6,72.3,108.7,14.79,3.7238,-55.1,2.59,0,4,1
26.4,1012.2,60.9,31.0,61.9,446.0,10.62,2.687,-56.6,0.92,0,7,1
27.0,976.6,70.3,40.5,81.2,280.3,9.48,2.4017,-57.4,9.27,0,5,2
20.2,1015.9,20.6,35.0,65.7,170.7,11.55,2.9191,-40.7,1.68,0,9,0
29.5,976.7,36.9,3.8,82.2,579.9,20.31,5.0629,-24.1,20.32,0,6,2
20.8,1010.1,20.5,23.1,87.4,269.8,24.22,5.9829,-44.4,1.85,0,1,0
25.2,1004.6,10.8,25.6,76.8,165.5,16.62,4.1706,-56.7,1.44,0,12,0
31.0,974.2,63.4,16.7,68.8,156.8,10.98,2.7777,-47.3,1.0,0,5,3
27.4,969.3,23.5,24.7,60.2,108.3,8.76,2.2215,-22.6,8.73,0,6,2
23.2,997.7,41.8,43.2,63.9,479.9,12.65,3.1929,-29.0,0.25,0,4,0
30.8,990.4,75.8,20.9,93.8,265.0,18.75,4.6868,-46.2,0.48,0,10,2
27.4,1011.5,22.0,33.6,61.6,321.1,10.61,2.686,-36.3,0.95,0,6,1
24.3,1016.7,64.9,40.3,66.2,1120.9,24.52,6.0533,-35.8,0.25,0,3,0
25.5,1010.7,39.3,21.3,70.6,139.4,24.25,5.9891,-39.4,0.01,0,2,0
28.7,1004.1,73.9,5.2,89.4,655.0,14.2,3.5779,-51.2,6.8,0,6,2
24.6,1006.6,29.2,29.3,62.3,351.3,9.66,2.4464,-31.7,0.56,0,7,0
23.6,1002.5,37.8,11.6,81.4,253.4,19.31,4.8233,-42.9,0.38,0,2,1
24.0,993.3,43.5,20.9,77.0,85.2,14.57,3.669,-21.9,0.93,0,9,1
23.0,1018.8,69.4,11.3,63.7,546.7,18.32,4.5853,-28.9,3.7,0,12,0
25.6,1008.0,32.3,29.9,64.1,271.4,21.37,5.3134,-58.4,2.31,0,8,0
22.4,1027.9,62.0,13.8,87.9,472.4,15.74,3.9562,-37.2,1.23,0,12,0
26.4,1006.1,43.8,22.5,85.8,135.5,18.09,4.5276,-31.5,0.34,0,12,1
25.3,1000.2,31.7,45.0,85.9,175.0,21.3,5.297,-51.4,1.0,0,2,1
23.9,997.8,89.6,32.4,81.7,196.8,8.36,2.121,-39.4,0.12,0,1,1
26.2,1006.5,30.1,19.4,69.6,357.6,24.39,6.0232,-40.2,1.4,0,9,0
31.3,997.1,58.2,10.0,70.6,115.6,12.1,3.0577,-40.1,2.74,0,10,2
21.5,1013.1,29.2,41.2,94.0,523.0,14.7,3.6998,-52.4,0.08,0,9,0
20.9,1005.0,103.8,25.6,85.7,185.6,21.76,5.4067,-49.5,1.34,0,4,1
27.8,1009.0,149.3,38.2,68.9,576.4,13.49,3.4033,-20.6,1.04,0,5,2
24.7,1017.6,33.8,18.1,73.6,390.7,11.0,2.7834,-38.2,2.45,0,1,0
27.1,1005.4,45.8,22.6,88.3,392.6,17.45,4.3726,-55.3,1.43,0,4,0
20.7,999.4,59.2,20.3,83.7,320.9,24.74,6.1039,-24.7,2.39,0,12,1
25.4,1006.0,29.6,17.8,80.6,64.5,16.36,4.1076,-49.1,0.22,0,4,0
21.8,1000.5,27.0,26.0,90.2,592.5,18.73,4.6838,-34.4,3.28,0,2,0
20.8,1018.1,55.6,31.2,91.2,265.9,22.55,5.5921,-50.8,0.04,0,2,0
24.8,1009.4,43.6,28.3,82.1,732.4,10.88,2.7518,-39.5,0.33,0,4,0
25.2,1003.5,44.0,36.1,62.4,343.9,24.81,6.1187,-26.4,0.84,0,1,0
28.5,996.5,87.2,55.7,94.5,222.4,10.84,2.7431,-35.9,2.22,1,5,2
26.7,1008.4,52.8,36.9,65.3,587.8,16.12,4.0486,-43.9,4.04,0,12,1
24.2,1009.1,19.1,37.0,77.3,409.2,14.48,3.6476,-49.2,1.25,0,1,0
26.8,981.9,19.6,65.6,62.4,146.7,21.18,5.2681,-31.4,4.98,0,5,2
28.7,986.5,55.1,13.2,82.8,501.4,14.08,3.549,-45.0,3.77,0,5,2
25.0,988.5,29.1,6.1,93.3,157.3,17.45,4.3729,-41.9,0.63,0,7,1
21.6,1020.8,38.3,57.8,80.8,401.1,24.77,6.1108,-53.2,1.91,1,12,0
20.1,1011.3,64.7,18.6,62.0,309.4,16.45,4.1291,-37.4,2.2,0,12,0
27.9,998.8,59.4,27.5,64.9,201.3,17.41,4.3646,-21.5,2.66,0,5,2
30.6,1021.3,67.8,14.2,93.5,526.9,20.09,5.0097,-55.6,15.04,1,11,2
20.1,1022.6,55.4,7.1,69.3,425.1,10.29,2.6062,-44.8,0.93,0,8,0
22.9,1001.7,21.8,22.5,86.6,65.2,23.21,5.7471,-57.3,3.93,0,12,1
21.3,1003.7,53.7,26.2,60.0,227.0,20.61,5.1342,-20.4,1.14,0,2,1
20.7,1004.1,44.4,16.3,88.2,303.6,24.56,6.0624,-48.8,0.55,1,4,0
27.6,1012.1,14.1,65.0,85.7,180.6,11.51,2.9111,-44.6,8.09,0,8,0
23.6,1000.6,44.3,19.5,67.8,384.8,19.67,4.91,-40.3,3.69,0,1,0
27.3,995.7,53.9,10.8,81.3,501.6,12.08,3.0527,-44.6,0.09,0,2,1
20.0,1003.6,27.2,18.2,87.7,527.6,15.7,3.9476,-23.2,0.9,0,4,0
25.4,1009.5,34.9,43.9,80.6,255.6,12.75,3.2189,-42.7,0.08,0,12,0
27.2,1019.4,40.3,22.5,63.0,72.8,9.18,2.3276,-56.9,3.42,0,8,1
27.2,996.0,143.8,30.5,83.5,283.4,21.0,5.2274,-36.5,3.88,0,10,2
20.6,1005.6,32.1,32.9,66.9,193.8,16.45,4.1297,-25.2,0.29,0,8,0
20.4,1024.1,55.0,16.5,72.9,603.7,15.51,3.8996,-45.7,2.31,0,8,0
24.2,1011.4,63.6,11.5,66.1,174.2,20.75,5.1678,-36.3,1.72,0,2,0
26.6,1007.8,37.1,23.5,79.7,487.4,17.54,4.3952,-24.0,0.06,0,7,0
26.6,1011.6,33.5,38.8,72.9,469.0,11.61,2.9338,-54.1,1.81,1,2,0
20.8,1020.7,57.4,46.1,85.4,301.8,13.13,3.313,-22.1,1.87,0,2,0
26.6,1006.4,17.4,29.8,64.2,394.9,22.98,5.6948,-44.9,0.7,0,7,0
25.5,1019.4,22.9,12.1,92.5,348.1,15.03,3.7808,-20.3,0.03,1,12,0
23.1,1006.4,54.0,17.8,79.1,380.0,24.06,5.9458,-59.3,0.36,0,4,0
26.9,1009.2,72.5,10.1,85.9,46.4,21.72,5.3971,-53.4,0.58,0,7,2
27.3,1014.8,56.4,11.5,76.7,86.8,14.09,3.5505,-52.5,1.28,0,2,1
22.2,1003.2,38.3,13.7,91.0,211.1,9.56,2.4212,-38.6,0.95,0,2,1
24.0,1021.4,31.7,28.7,72.8,176.7,21.43,5.3278,-40.1,0.5,0,1,0
24.7,994.4,38.3,15.1,61.8,298.4,17.11,4.2897,-54.7,1.4,0,3,1
27.1,1019.1,31.1,39.8,77.0,486.0,15.99,4.0166,-41.6,1.16,0,1,0
29.8,995.0,56.5,33.0,81.3,503.1,20.17,5.0289,-34.2,0.36,1,11,2
20.2,1028.9,57.9,23.9,80.0,174.3,23.99,5.9303,-22.4,0.02,0,9,0
25.0,1012.5,49.9,40.5,91.1,137.5,24.65,6.0838,-51.0,0.67,0,7,0
31.9,997.0,50.5,10.4,64.8,449.2,17.32,4.3409,-24.3,11.98,1,5,2
26.3,978.2,64.7,54.5,68.0,587.9,20.47,5.0998,-55.0,2.68,0,11,2
26.4,981.8,75.4,25.4,72.1,442.1,9.72,2.4621,-53.2,17.3,0,10,2
21.0,1008.6,59.5,29.6,83.1,347.7,8.27,2.0984,-44.7,1.23,0,8,0
30.7,985.2,89.9,24.4,83.4,518.6,8.89,2.253,-29.7,1.17,0,10,2
27.1,1014.0,35.5,27.1,66.4,262.7,20.86,5.1938,-47.8,5.97,0,1,1
21.4,1024.2,59.1,32.0,77.0,482.5,17.09,4.2858,-22.5,0.07,0,3,0
28.0,957.4,37.6,16.2,67.5,214.1,13.02,3.2845,-43.7,4.61,0,10,2
31.8,955.5,97.4,32.8,86.0,523.0,18.17,4.5489,-36.7,2.24,1,10,3
25.5,1000.5,40.4,10.4,82.6,356.9,24.48,6.044,-47.8,3.64,0,4,0
30.3,981.3,53.1,18.4,83.3,352.4,16.06,4.0342,-40.8,6.43,0,5,2
22.4,1008.1,57.5,23.3,67.8,214.4,10.82,2.7377,-48.6,0.65,0,3,0
28.2,992.0,28.2,6.8,78.7,383.3,19.78,4.9361,-34.8,1.29,0,11,2
24.8,997.0,56.1,8.2,67.8,389.4,17.05,4.2758,-38.4,1.97,0,3,1
30.8,994.3,67.3,24.8,91.5,443.5,9.01,2.2851,-23.2,11.96,1,10,2
30.7,1016.7,71.8,27.0,83.9,486.3,15.82,3.9765,-58.0,9.15,0,11,2
20.9,1004.8,56.8,22.6,60.0,414.8,23.4,5.7925,-51.3,3.4,0,4,1
22.6,1009.9,29.9,26.9,87.7,471.3,13.04,3.2918,-22.0,1.53,0,4,0
27.2,1009.1,38.7,31.6,82.5,403.9,17.17,4.3053,-37.5,0.67,0,9,0
28.5,973.2,43.6,33.0,60.9,234.7,15.14,3.8083,-51.1,0.63,0,11,2
20.5,998.9,27.6,40.1,71.0,260.9,17.82,4.462,-34.9,1.1,0,3,0
29.1,983.1,40.5,23.3,76.4,55.9,10.77,2.7265,-57.4,1.46,1,10,2
24.8,1027.6,30.3,24.4,87.6,67.7,21.05,5.2375,-24.0,0.19,0,3,0
27.6,1002.9,19.1,10.1,83.7,572.8,9.84,2.4913,-41.4,0.97,0,12,1
26.8,990.4,24.5,25.4,90.8,407.7,23.7,5.861,-45.4,6.06,0,10,2
22.3,992.6,17.8,22.9,84.6,536.9,19.42,4.8497,-36.8,0.0,0,7,0
27.2,970.3,15.8,34.3,63.4,215.7,22.65,5.6159,-39.7,9.61,0,11,2
21.9,1000.1,66.3,27.1,87.6,141.8,24.78,6.1124,-28.7,0.14,0,7,1
24.9,1009.9,64.0,24.0,94.0,86.8,8.46,2.1448,-28.7,0.58,0,1,1
27.0,1001.1,19.2,29.0,66.3,210.0,10.88,2.7537,-54.8,0.68,0,8,1
29.6,980.2,20.6,19.4,68.2,544.7,12.79,3.2297,-28.9,10.85,1,10,2
24.2,1003.3,27.3,31.1,92.3,187.6,16.66,4.1808,-44.1,1.81,0,2,0
30.4,1001.8,22.5,7.3,89.5,579.7,9.19,2.3282,-23.2,7.07,1,11,2
24.7,1034.3,47.1,15.3,84.7,297.9,24.18,5.9744,-38.6,2.3,0,12,0
30.7,1011.7,26.5,39.7,61.5,158.2,15.8,3.9701,-32.9,2.6,0,10,1
24.2,1003.8,16.4,30.9,68.0,569.4,19.07,4.7654,-55.2,0.54,0,3,0
27.1,1011.9,67.1,23.4,89.8,306.6,18.64,4.6617,-52.6,0.27,0,5,1
23.3,1004.2,59.3,18.9,70.8,479.9,23.33,5.775,-43.2,0.46,0,4,1
25.8,1022.3,60.5,39.2,60.1,878.8,16.62,4.1721,-20.6,1.42,0,1,0
25.8,1009.5,31.8,9.1,90.3,434.8,19.94,4.9732,-21.7,3.08,0,4,0
30.1,982.6,100.2,15.1,93.0,416.3,15.54,3.908,-48.9,7.82,0,6,2
22.4,1006.8,45.6,38.6,86.3,263.6,9.7,2.4579,-36.9,0.9,0,9,0
22.9,1004.1,90.0,26.4,78.1,503.9,10.12,2.5619,-28.0,0.54,0,7,1
25.5,1019.5,55.0,12.2,88.5,438.8,15.78,3.9669,-29.2,1.52,0,9,0
22.1,1013.7,89.5,0.6,90.4,148.9,17.35,4.3483,-53.2,0.51,0,2,1
21.2,997.7,56.7,21.7,74.9,519.0,15.61,3.9245,-27.0,1.38,0,9,1
22.8,1017.7,22.2,21.7,80.6,554.7,19.08,4.7677,-53.2,0.04,0,3,0
23.0,1012.4,41.4,37.2,90.6,411.1,19.15,4.7831,-50.6,0.61,1,2,0
24.0,990.4,80.5,29.3,74.2,430.3,21.64,5.379,-45.3,2.1,0,4,1
21.8,994.3,47.4,3.0,93.8,81.2,11.09,2.8056,-53.8,0.35,1,3,1
22.6,1006.0,59.5,20.3,77.1,57.3,23.76,5.8767,-26.4,6.51,0,1,1
26.8,1007.0,51.4,40.7,72.5,513.5,23.69,5.8601,-55.3,0.23,0,7,1
31.3,986.3,35.5,11.9,78.2,381.4,16.85,4.2265,-47.7,19.74,1,11,2
25.1,1009.7,54.5,3.7,69.1,339.5,12.02,3.0376,-46.7,0.15,0,1,0
25.4,990.9,87.9,15.4,72.2,236.2,10.52,2.6633,-58.5,0.88,0,4,2
31.9,988.5,26.5,7.8,60.5,530.0,24.4,6.0257,-30.6,6.88,0,11,2
25.3,1014.7,17.2,15.6,65.4,538.1,10.33,2.6144,-30.9,1.08,0,3,0
24.7,1000.5,60.4,25.8,69.7,598.3,12.89,3.2544,-42.3,0.3,0,4,1
22.2,1013.1,37.0,22.0,89.0,388.8,19.05,4.7606,-38.1,0.66,0,3,0
29.8,970.7,112.0,14.8,71.1,270.6,18.35,4.5907,-55.9,17.17,0,5,3
28.0,1015.3,55.7,38.3,83.1,361.7,11.47,2.8991,-24.2,0.16,0,12,1
24.8,998.7,37.1,14.1,64.6,449.4,21.51,5.3467,-37.1,2.1,0,9,0
26.7,1002.6,30.2,18.8,77.1,230.6,11.77,2.9747,-31.1,5.61,0,4,1
20.5,1016.2,33.2,33.3,90.1,174.1,17.44,4.3714,-45.7,4.73,0,2,0
22.2,1001.4,52.3,7.6,82.0,318.2,20.02,4.9919,-46.1,1.76,0,4,1
23.9,1013.0,24.7,15.8,79.7,147.5,10.25,2.5961,-47.9,2.49,0,4,0
28.5,967.4,69.6,44.7,71.3,416.8,14.71,3.7028,-39.0,0.79,1,11,2
29.7,987.7,61.4,31.4,75.5,437.0,21.72,5.398,-48.7,4.64,1,11,2
20.6,1018.1,47.3,43.5,83.9,272.6,24.65,6.0831,-46.2,2.07,0,12,0
27.1,1007.2,31.5,26.2,87.7,111.7,16.59,4.1635,-50.0,3.1,0,9,1
20.0,1007.4,52.6,28.5,92.8,52.8,10.07,2.5507,-30.4,0.21,0,2,1
22.2,1023.0,53.6,46.7,75.1,456.0,22.76,5.6412,-39.8,0.03,0,8,0
28.7,992.2,45.1,7.6,73.9,429.4,12.9,3.2553,-31.9,10.19,1,10,2
31.6,987.6,24.4,29.0,71.0,526.3,10.39,2.6294,-54.4,2.37,0,6,2
21.1,1001.5,32.8,21.6,66.2,71.2,20.36,5.0743,-59.4,2.99,0,9,1
20.3,998.6,53.0,2.9,77.0,528.0,15.86,3.9864,-26.6,4.03,0,8,1
22.3,1007.5,53.5,27.8,94.2,502.5,17.63,4.4169,-49.6,0.9,0,2,0
24.0,1017.0,30.3,30.5,66.5,245.2,20.93,5.2095,-40.9,1.36,0,8,0
25.2,1002.5,74.7,40.7,80.9,359.5,23.46,5.8052,-45.6,0.46,0,3,1
26.2,1018.7,64.4,16.8,60.9,374.4,21.27,5.2899,-25.8,0.12,0,1,1
23.0,1025.6,59.8,27.3,86.2,495.3,24.74,6.104,-44.3,1.55,0,8,0
26.6,1006.1,53.8,25.1,65.1,329.6,17.17,4.306,-31.8,1.31,1,8,1
27.5,1021.8,61.7,44.6,60.1,180.9,21.74,5.4012,-39.8,0.53,0,9,1
30.2,991.6,33.4,21.4,75.0,363.5,13.29,3.3524,-26.0,1.95,0,6,2
28.2,993.0,51.1,13.1,83.0,466.1,17.83,4.4659,-41.6,1.43,0,10,2
28.4,988.0,51.3,16.3,92.8,36.2,20.96,5.216,-29.1,5.48,0,11,3
26.4,992.5,92.1,11.4,63.8,107.9,11.91,3.0086,-33.8,2.69,0,5,3
31.3,974.0,137.6,37.7,77.5,330.3,23.27,5.7624,-20.4,3.48,1,11,3
21.6,999.2,53.3,35.4,60.9,228.9,17.71,4.4359,-30.5,1.91,0,7,1
21.8,997.5,42.1,26.8,80.3,696.7,16.8,4.215,-32.9,3.39,0,2,0
20.2,1016.2,21.9,35.0,79.1,91.9,18.17,4.5479,-48.7,3.96,0,8,0
30.6,994.0,13.6,16.8,64.6,437.6,14.99,3.7731,-56.5,3.14,1,5,2
22.7,1005.0,59.1,39.3,84.1,419.5,17.44,4.3717,-22.0,1.18,0,4,0
24.2,1022.8,57.0,24.1,71.6,283.6,22.56,5.5964,-50.1,2.56,0,4,0
25.7,998.5,65.2,47.3,69.8,254.9,8.07,2.0483,-50.8,1.88,0,4,1
26.3,985.3,59.6,18.8,92.4,216.4,21.46,5.3365,-49.1,2.92,0,10,2
24.8,1013.7,20.8,19.4,78.0,456.6,9.65,2.4442,-44.1,0.33,0,1,0
27.1,998.0,42.5,2.9,88.0,526.9,16.13,4.0513,-27.7,5.09,0,5,2
25.6,1014.6,59.2,37.2,94.2,124.0,17.46,4.376,-38.7,3.05,0,8,1
24.2,1004.0,19.3,21.9,66.2,534.9,11.57,2.9256,-31.1,0.1,0,2,0
20.7,1009.5,67.4,54.9,83.5,326.1,18.23,4.5614,-29.6,4.3,0,1,0
28.4,994.5,89.1,13.5,89.8,318.7,16.52,4.1463,-29.1,21.33,0,5,2
31.6,1037.8,63.6,24.9,93.5,292.6,9.32,2.3631,-52.0,6.53,0,6,2
27.3,972.3,67.5,32.7,69.9,322.6,15.02,3.7806,-33.4,4.08,0,6,2
21.8,1003.7,21.7,75.1,65.7,226.7,20.35,5.0713,-47.8,0.53,0,4,0
28.7,966.8,33.5,35.1,68.8,137.3,18.84,4.7108,-26.4,1.08,0,6,3
20.3,1018.3,39.0,34.3,74.9,434.3,23.34,5.7784,-29.2,1.14,0,1,0
27.0,958.7,32.0,20.4,83.9,378.5,18.5,4.6272,-27.5,2.68,0,11,2
27.2,1028.6,60.8,55.8,62.0,564.2,11.5,2.9084,-23.2,0.35,0,7,1
24.4,1001.4,44.7,8.8,83.7,235.6,13.8,3.4789,-58.0,4.59,0,7,1
26.6,1006.5,21.5,16.1,84.2,488.3,21.28,5.2929,-44.3,0.31,0,1,0
20.7,1001.8,38.1,19.7,82.6,252.1,23.54,5.8238,-32.8,1.21,0,9,1
27.7,1014.9,20.6,26.1,88.6,375.4,8.79,2.2278,-45.9,0.53,0,1,0
25.2,996.7,44.3,19.9,88.9,513.1,13.91,3.5063,-59.6,0.38,0,12,0
27.5,990.1,45.6,22.0,64.7,188.1,21.45,5.3323,-46.8,1.22,0,6,2
27.8,1022.4,76.3,14.4,73.4,364.7,15.74,3.957,-32.4,0.26,0,3,1
26.6,1028.4,49.5,14.1,75.8,164.2,10.67,2.7002,-49.9,2.15,0,8,1
20.5,1014.1,69.6,39.6,61.1,73.9,8.74,2.2152,-55.2,2.55,0,9,1
26.7,976.2,52.8,33.1,91.5,82.9,24.01,5.9333,-43.4,0.12,0,10,3
26.5,983.0,56.3,40.9,77.5,269.1,8.12,2.06,-25.7,0.34,1,5,2
31.6,999.3,48.5,11.6,88.7,494.7,15.0,3.7734,-47.6,22.61,0,5,2
29.7,991.9,34.1,11.2,75.6,260.1,16.68,4.1856,-45.7,5.31,0,6,2
25.2,1004.8,59.9,64.5,75.5,76.6,10.72,2.7124,-50.9,6.96,0,2,1
27.9,989.4,44.4,24.7,92.1,79.2,21.25,5.2863,-37.6,2.61,0,10,2
22.3,1024.1,18.3,47.4,90.3,431.4,13.9,3.5033,-22.5,0.53,0,7,0
27.0,1015.7,30.2,12.4,90.7,368.9,9.45,2.3939,-55.3,0.33,0,9,0
21.1,1018.6,44.4,25.1,65.5,231.8,15.42,3.8789,-48.1,0.23,0,12,0
27.6,997.6,41.1,28.6,77.1,346.0,22.7,5.6283,-30.9,0.45,0,10,2
23.7,1010.7,23.6,44.8,90.4,393.4,11.47,2.9003,-58.4,0.99,0,4,0
29.8,978.1,45.5,28.4,86.5,346.6,13.33,3.3617,-45.9,1.03,1,6,2
21.1,999.7,25.8,28.2,88.9,479.9,22.82,5.6567,-23.8,0.71,0,4,0
21.0,1007.9,64.1,18.2,72.7,580.4,21.77,5.4096,-39.0,2.47,0,4,0
22.2,1003.2,61.2,40.2,83.0,635.4,20.46,5.0983,-26.0,0.07,0,9,1
21.0,1009.7,79.7,29.4,74.4,507.8,14.99,3.7722,-48.4,1.08,0,9,0
28.1,1005.8,123.8,11.0,69.9,556.3,21.81,5.4186,-50.4,0.74,0,5,2
21.6,1014.8,15.6,9.9,71.5,505.1,12.76,3.2201,-43.7,0.36,0,2,0
21.3,1002.0,30.6,25.8,85.5,352.6,11.47,2.899,-21.1,1.39,1,9,0
22.0,1019.7,59.4,16.0,61.2,368.2,12.68,3.2011,-50.7,0.49,0,1,0
25.3,1014.0,58.4,18.3,83.3,109.1,9.43,2.3895,-55.5,1.83,0,4,1
26.7,1009.0,47.0,1.8,79.4,371.5,12.78,3.2265,-40.1,0.62,0,9,0
28.1,981.9,71.8,8.4,63.7,453.7,24.6,6.0716,-53.8,0.22,1,10,2
22.6,1017.3,28.7,30.8,70.0,348.6,8.28,2.1009,-33.9,0.91,0,12,0
30.2,976.4,51.8,45.5,68.0,243.8,18.52,4.6332,-34.2,2.24,0,5,3
27.4,1007.0,40.3,39.8,74.9,423.8,24.05,5.9434,-42.2,0.22,0,1,0
31.1,992.6,58.7,35.6,75.9,170.2,11.24,2.8437,-45.7,2.85,1,11,2
27.5,1022.2,92.9,39.0,63.6,322.1,14.23,3.5858,-26.4,19.37,0,6,2
21.9,1008.2,62.8,49.2,70.5,556.8,8.17,2.0738,-35.4,0.24,0,1,0
21.6,999.7,42.1,24.6,74.6,376.5,8.97,2.2749,-42.7,0.33,1,8,0
27.5,1010.2,55.5,27.4,93.7,311.6,24.25,5.9898,-32.1,1.09,0,8,1
27.8,975.5,37.1,26.5,80.3,318.6,14.29,3.5992,-49.2,8.34,0,11,2
27.5,1011.4,18.9,4.8,68.8,455.8,20.98,5.2215,-37.0,1.02,0,9,0
25.1,1004.3,51.1,16.6,83.9,315.5,13.76,3.4682,-44.8,0.78,0,12,1
21.8,1002.2,49.4,42.9,91.9,234.7,18.41,4.6071,-31.8,1.17,0,4,1
24.8,1005.5,40.4,24.3,93.2,418.8,18.05,4.5199,-42.1,1.58,0,3,0
30.0,990.5,67.9,10.3,65.4,372.4,9.29,2.354,-38.2,0.07,0,6,2
21.5,1016.8,34.7,31.9,67.9,132.0,10.18,2.5781,-48.8,2.54,0,7,0
23.0,994.7,34.2,36.9,63.7,379.1,24.59,6.0698,-23.5,0.43,0,8,1
23.9,1014.0,42.6,14.6,76.0,97.5,9.16,2.3211,-41.2,3.76,0,12,0
26.1,987.5,24.4,18.6,62.9,346.8,15.55,3.9093,-45.0,0.44,0,11,2
27.2,1008.9,14.1,15.7,67.7,120.6,22.57,5.5983,-32.9,5.21,0,1,1
27.9,1010.7,71.1,16.1,89.7,212.8,21.75,5.4048,-34.9,0.78,0,1,1
23.4,1003.0,56.2,12.3,87.3,53.9,16.0,4.0207,-21.3,0.05,0,8,1
25.9,1011.2,61.6,18.7,75.1,553.2,9.63,2.4405,-48.4,4.83,0,1,0
26.6,990.2,36.5,27.2,79.9,372.0,20.03,4.9941,-23.4,7.28,0,6,2
24.4,1025.6,47.3,21.4,93.5,306.7,13.9,3.5026,-51.9,1.88,0,3,0
26.3,996.1,53.4,96.4,94.0,359.2,23.04,5.7076,-39.0,0.11,0,12,1
27.0,969.3,73.1,8.1,76.5,185.4,9.74,2.4684,-27.6,3.72,0,6,2
27.6,1009.6,36.1,17.5,85.1,373.6,23.6,5.8399,-43.2,0.12,0,6,1
20.0,1011.9,44.5,3.8,60.2,483.5,22.56,5.5955,-37.2,3.27,0,9,0
23.0,1015.3,38.1,30.2,86.8,175.4,13.77,3.4718,-44.8,1.74,0,1,0
23.3,1002.3,42.7,34.7,94.7,33.9,16.51,4.144,-23.0,0.43,0,8,1
24.6,1017.9,29.5,30.9,71.1,432.1,14.59,3.6739,-33.4,3.13,0,9,0
26.3,987.7,75.5,22.1,67.7,187.1,22.2,5.5095,-21.6,6.73,1,6,2
27.8,976.2,38.1,21.2,65.0,649.8,11.85,2.9954,-50.6,0.19,0,6,2
28.9,989.0,55.9,19.8,70.7,53.1,10.09,2.555,-33.0,0.45,0,6,3
25.9,1007.3,47.4,33.9,76.0,505.9,22.28,5.5301,-30.7,1.14,0,4,0
21.1,1021.3,47.7,32.2,76.8,281.4,8.72,2.2119,-58.4,1.15,0,3,0
21.4,997.2,37.4,11.6,66.0,495.3,20.89,5.1999,-59.8,1.97,0,8,0
26.2,1010.4,34.9,28.9,63.7,647.4,14.34,3.6113,-38.4,0.27,0,1,0
23.6,1015.7,25.9,7.0,77.3,204.7,22.33,5.5422,-26.0,1.71,0,12,0
22.4,1006.6,23.0,37.9,69.7,314.4,12.45,3.145,-35.8,0.5,0,9,0
22.7,1025.0,69.0,26.2,80.3,147.7,20.81,5.1817,-44.1,0.21,1,8,1
24.7,1015.0,79.6,26.6,81.3,257.8,22.91,5.6782,-57.4,6.12,0,8,0
25.1,1028.9,57.0,7.6,84.8,513.5,15.97,4.0132,-57.4,0.61,0,8,0
26.0,994.8,25.5,25.1,64.8,244.0,17.96,4.4973,-38.5,6.84,0,4,1
27.1,991.2,63.7,19.4,85.8,336.5,14.26,3.593,-36.4,10.13,0,11,2
25.6,1016.9,13.7,26.1,67.3,299.3,10.21,2.5862,-38.0,3.72,0,8,0
27.6,994.5,70.2,14.8,61.8,463.9,10.46,2.6469,-40.0,7.92,0,6,2
21.9,1002.9,19.9,25.1,84.7,351.5,8.04,2.0399,-24.5,3.06,0,2,0
23.6,1013.8,37.1,30.2,79.5,605.2,10.02,2.5367,-25.1,0.34,0,3,0
26.4,1007.8,86.2,11.7,82.8,90.2,16.0,4.0206,-50.0,13.31,0,6,2
21.3,997.4,21.0,13.4,84.5,216.2,10.91,2.7603,-21.3,0.08,0,3,0
28.9,979.3,36.2,27.2,89.5,584.3,18.71,4.6794,-35.8,0.91,0,6,2
25.6,1013.8,80.2,10.0,82.0,365.1,20.15,5.025,-35.1,0.92,0,3,0
27.5,1010.2,41.4,24.7,70.6,531.7,10.36,2.6215,-23.5,0.66,0,3,0
28.5,995.9,70.5,16.9,78.7,122.8,24.56,6.0615,-35.9,0.95,0,5,2
25.0,1013.7,21.7,33.7,70.1,154.1,11.56,2.9236,-47.7,2.1,0,1,0
28.6,998.5,26.6,38.1,67.1,279.9,10.03,2.5402,-48.2,23.42,0,11,2
26.2,967.2,63.1,41.9,62.1,503.7,10.5,2.6583,-57.3,0.84,0,5,2
27.2,1025.9,29.2,33.4,80.9,393.5,21.81,5.4182,-28.5,0.69,0,3,0
26.7,990.7,35.1,11.1,68.2,231.1,10.71,2.7111,-35.2,9.05,0,5,2
26.1,975.9,50.5,27.8,64.4,265.9,24.56,6.0612,-57.5,2.31,0,11,2
24.8,1017.3,58.4,7.8,85.6,306.7,23.6,5.8387,-43.2,2.21,0,3,0
22.8,1007.5,59.6,35.4,92.6,145.2,8.79,2.2294,-31.9,2.42,0,8,1
22.6,1005.6,18.0,36.8,92.4,449.7,11.97,3.0259,-23.6,2.13,0,7,0
22.7,1007.1,31.6,21.7,75.3,320.1,21.15,5.2617,-34.3,1.67,0,4,0
27.2,1008.0,78.1,18.0,62.8,455.5,12.05,3.0437,-53.2,1.53,0,12,1
21.4,1001.9,39.6,13.6,68.1,331.8,12.71,3.2093,-40.5,1.0,0,7,0
31.9,984.7,90.6,60.2,67.2,512.0,17.45,4.3733,-53.0,0.25,1,11,2
27.6,1013.7,85.7,8.6,91.1,392.0,17.69,4.4308,-58.6,1.43,0,5,2
30.8,990.8,39.9,12.7,76.5,570.6,15.99,4.018,-47.2,12.13,0,6,2
24.9,1012.0,56.4,24.4,67.0,224.2,17.35,4.3497,-37.2,0.81,0,3,0
22.0,1010.8,23.2,24.3,76.7,228.4,20.02,4.9927,-25.0,0.82,0,4,0
20.8,1005.1,16.2,49.1,67.8,193.4,16.82,4.2212,-34.7,0.12,0,1,0
26.3,993.0,52.3,24.1,60.4,481.4,17.45,4.3745,-38.7,7.43,1,5,2
22.1,1022.4,54.4,19.8,66.6,552.3,14.23,3.5857,-21.8,0.06,0,1,0
28.5,968.5,85.9,22.8,79.3,182.6,8.34,2.1144,-47.8,0.56,0,11,3
25.4,1010.1,56.5,10.3,83.1,318.8,13.15,3.3174,-35.0,2.4,0,3,0
25.1,1010.6,39.6,38.2,64.6,146.2,10.14,2.5675,-46.9,1.62,0,8,0
24.3,1014.6,59.8,21.5,86.6,446.4,18.62,4.6562,-53.5,0.7,0,4,0
27.8,1026.3,31.3,24.9,83.9,407.8,19.29,4.817,-36.1,3.01,1,7,0
21.3,1006.3,65.6,42.0,62.2,254.5,9.58,2.4263,-25.8,0.23,0,7,0
21.6,1013.5,49.3,9.0,82.6,555.5,19.87,4.9574,-29.6,0.33,0,8,0
29.6,992.0,50.0,27.9,74.2,361.8,19.52,4.8733,-54.8,6.91,1,5,2
26.6,984.0,142.8,22.9,67.1,444.5,20.49,5.1053,-58.2,5.84,0,6,2
20.3,1031.4,42.7,37.2,63.7,230.6,11.51,2.9096,-59.3,0.01,0,1,0
21.7,1003.5,31.6,10.3,89.2,55.9,24.29,5.9994,-38.2,3.71,0,7,1
23.6,1017.1,59.0,4.5,89.3,338.7,22.24,5.5189,-22.2,1.2,0,3,0
29.7,1015.7,54.9,8.6,90.2,341.5,16.15,4.0561,-42.8,5.8,1,11,2
26.4,1016.2,73.0,34.0,90.7,486.1,15.16,3.8138,-39.1,0.08,0,7,1
28.5,979.1,26.6,29.2,92.1,389.5,10.12,2.5624,-37.5,1.78,0,6,2
31.0,1001.6,32.4,34.0,92.4,215.4,18.28,4.5733,-46.5,1.91,0,5,2
25.8,1001.6,57.6,15.8,94.6,672.3,17.99,4.5048,-38.2,0.24,0,12,1
25.2,1005.1,65.8,22.8,63.2,289.5,12.05,3.0451,-42.0,0.78,0,7,0
29.6,962.5,31.1,30.2,91.9,365.6,22.51,5.5826,-45.8,9.67,0,10,2
24.5,1014.8,47.4,12.6,68.8,404.1,9.96,2.5235,-30.6,0.32,0,4,0
29.6,993.7,24.9,23.0,62.8,74.3,20.15,5.0245,-30.2,2.06,0,5,2
20.3,1013.3,33.2,17.3,82.8,388.3,22.92,5.6803,-46.8,0.98,0,8,0
24.5,1014.2,27.9,13.7,82.8,365.0,11.18,2.8272,-44.9,2.1,0,2,0
22.4,1017.6,51.3,28.5,79.1,518.2,12.82,3.2362,-44.6,1.05,0,9,0
22.7,1018.3,49.1,37.3,73.9,596.9,22.79,5.6484,-23.1,0.8,0,7,0
30.5,973.8,51.9,25.0,60.8,65.6,20.02,4.993,-24.9,2.14,0,10,3
20.2,1006.8,34.9,29.4,66.8,197.6,16.05,4.0327,-25.4,0.8,0,3,0
24.7,1011.0,64.7,29.0,70.9,446.9,20.01,4.9906,-52.9,1.2,0,9,0
26.4,976.6,50.2,25.9,83.6,507.8,17.21,4.3163,-58.9,2.15,0,6,2
21.2,1012.7,48.1,17.2,73.4,447.9,19.01,4.7505,-50.3,1.84,0,8,0
20.7,1018.2,47.4,0.7,94.9,172.2,17.31,4.3397,-59.7,0.02,0,9,0
28.9,1005.5,57.7,36.8,79.9,454.8,12.41,3.1345,-22.7,0.02,0,11,2
22.1,1004.7,19.0,29.8,68.2,483.1,15.58,3.9175,-30.7,0.08,0,2,0
21.1,1011.0,66.4,34.9,64.6,458.3,10.72,2.7124,-45.1,0.92,0,4,0
23.1,1004.1,29.3,31.2,71.3,388.9,14.39,3.6234,-23.4,4.79,0,3,0
21.8,1025.9,51.0,22.7,80.4,610.5,14.71,3.7044,-58.3,1.2,0,2,0
29.1,988.2,27.8,37.2,94.6,576.7,23.26,5.7584,-34.1,4.46,0,11,2
29.3,996.4,56.1,32.8,76.7,37.7,15.3,3.8491,-59.7,1.14,0,10,3
24.5,1012.7,45.5,30.1,83.1,513.2,18.34,4.5892,-25.0,0.84,0,12,0
24.7,1001.3,43.5,26.6,76.0,424.1,14.95,3.7626,-50.2,1.55,0,12,0
29.2,1002.6,68.3,24.3,90.4,128.1,16.83,4.2228,-25.6,2.55,0,6,2
27.8,1007.9,26.0,25.6,80.8,354.8,10.48,2.6524,-57.3,1.24,0,12,0
22.8,1013.9,26.1,5.8,83.2,211.3,10.66,2.6987,-44.7,1.88,0,12,0
20.8,1011.3,34.2,20.5,65.2,7.4,14.25,3.5908,-31.2,1.38,0,7,1
20.4,1007.1,38.4,25.0,88.7,475.8,20.59,5.1286,-54.6,2.94,0,9,0
23.2,996.2,44.8,42.5,72.6,348.5,19.16,4.786,-35.1,1.45,0,9,0
26.8,1013.1,50.8,65.6,78.8,582.3,21.9,5.4398,-44.1,0.97,0,12,1
24.0,1019.2,32.4,7.8,79.5,123.5,18.65,4.6641,-43.9,0.34,0,3,0
20.2,1021.1,43.8,24.5,91.5,404.1,20.54,5.1178,-55.6,1.49,0,8,0
28.5,970.1,34.4,7.0,70.3,539.2,11.58,2.9266,-46.9,3.25,1,6,2
21.1,1017.3,56.4,9.6,84.5,492.5,24.74,6.1047,-29.4,6.52,0,12,0
24.3,1017.9,48.3,25.6,73.1,525.0,23.92,5.9138,-43.8,0.75,0,9,0
21.1,1021.4,67.7,20.0,62.2,103.1,13.99,3.5247,-48.9,0.3,0,2,1
31.6,1008.7,59.1,80.4,85.2,333.7,13.49,3.4019,-25.3,2.23,0,5,2
28.8,997.9,32.5,32.0,63.3,147.1,18.83,4.7071,-37.2,4.31,0,5,2
30.7,983.8,81.5,8.3,85.7,178.6,18.28,4.5748,-28.7,0.58,0,6,3
24.7,1019.4,21.8,8.3,86.2,803.2,24.21,5.9812,-38.2,0.24,0,4,0
26.2,1014.6,23.1,32.7,92.0,176.8,13.89,3.5005,-51.5,0.86,0,3,0
21.8,1003.2,18.0,18.6,79.8,484.1,16.29,4.0901,-54.4,2.68,0,3,0
29.2,1001.6,131.4,24.8,77.1,280.4,15.81,3.973,-58.4,2.4,1,6,3
22.1,1001.2,22.2,15.7,69.9,609.8,8.81,2.2331,-39.5,0.46,0,7,0
27.3,1017.5,17.5,39.1,73.9,250.3,16.97,4.2576,-24.8,0.17,0,12,0
27.2,968.6,67.4,24.8,92.6,92.7,13.67,3.4462,-52.4,7.46,1,11,3
25.6,1009.8,33.0,17.9,73.6,396.8,17.27,4.3303,-56.4,0.59,0,12,0
21.0,1008.3,52.1,29.6,76.4,72.8,22.52,5.5867,-55.7,2.73,1,7,1
26.7,988.7,56.4,6.8,62.3,476.4,10.05,2.5445,-38.8,0.25,0,2,2
27.9,1010.8,47.5,41.1,88.9,201.9,16.67,4.1828,-55.9,1.01,0,8,1
23.3,1006.5,18.5,31.9,87.7,429.2,14.89,3.7477,-33.1,1.87,0,4,0
22.9,1008.7,71.2,39.8,69.6,178.6,19.53,4.875,-44.4,1.61,0,1,0
29.4,1019.3,27.0,27.1,79.2,284.5,21.72,5.397,-46.0,0.15,0,11,1
27.0,1014.8,62.3,46.3,65.4,504.0,21.36,5.3112,-42.6,0.36,0,1,1
22.0,994.1,84.1,12.0,73.4,318.8,22.71,5.6298,-42.6,0.98,0,3,1
22.6,1014.3,50.8,28.5,82.5,480.5,24.2,5.9773,-22.2,3.3,0,2,0
23.2,1016.4,70.1,25.6,71.5,441.2,10.41,2.6343,-30.1,0.62,0,3,0
31.5,985.6,60.7,34.5,71.4,711.4,16.07,4.0376,-44.0,4.28,1,10,2
31.4,1010.3,42.6,33.2,79.4,507.0,8.84,2.2412,-57.9,0.61,1,11,1
26.7,978.4,52.8,30.7,61.2,510.1,20.04,4.997,-29.3,3.18,0,6,2
21.1,1011.2,82.3,38.6,91.5,81.3,20.77,5.1725,-42.9,4.36,0,4,1
27.7,1003.8,39.3,52.9,68.9,346.0,10.52,2.6621,-46.8,0.37,0,8,1
25.5,1001.4,30.3,31.8,60.4,345.8,19.21,4.798,-56.1,1.03,0,3,0
25.3,1000.3,25.7,37.8,65.6,370.7,18.21,4.557,-39.9,0.91,0,7,0
31.5,1003.3,50.3,4.1,89.5,487.0,12.87,3.2477,-51.9,2.5,0,11,2
25.8,1000.1,57.7,53.7,85.0,68.6,24.3,6.0012,-54.3,0.12,0,3,1
29.7,1000.4,62.4,34.5,82.8,440.7,16.01,4.0221,-25.5,7.21,0,5,2
21.6,1005.0,47.3,2.6,60.7,147.5,11.6,2.9331,-20.5,3.97,0,1,1
27.6,1004.5,26.2,66.7,70.7,225.1,9.91,2.5094,-44.6,3.39,0,3,1
24.1,1010.5,34.8,22.9,91.4,294.2,8.31,2.1085,-32.1,1.53,0,1,0
22.7,1017.5,46.0,2.2,80.3,235.2,17.47,4.3792,-31.1,0.83,0,12,0
27.9,1001.1,61.9,14.1,88.3,356.4,20.42,5.0896,-37.4,1.63,0,12,1
20.4,999.5,42.1,20.9,86.8,519.2,9.5,2.4079,-56.7,1.29,0,1,0
30.2,992.3,59.9,33.1,65.3,27.7,20.57,5.1241,-24.2,1.03,1,6,3
23.8,1020.3,42.7,23.5,63.8,376.4,11.52,2.9127,-31.3,0.37,0,3,0
27.4,986.5,18.6,40.8,89.6,489.0,20.53,5.1139,-53.3,1.42,0,5,2
26.5,1018.3,59.6,5.9,67.0,252.6,23.38,5.7865,-47.6,1.09,0,7,1
21.2,1015.4,41.8,12.7,83.0,485.0,17.05,4.2762,-40.7,0.68,0,9,0
20.4,1012.6,32.8,13.6,60.0,52.7,8.69,2.204,-58.8,3.18,0,3,0
24.3,1012.8,60.7,25.4,60.1,284.5,8.75,2.2174,-58.2,0.2,0,12,0
21.4,996.5,52.3,24.7,61.6,355.2,24.13,5.9622,-26.1,0.2,0,1,1
26.8,1010.4,42.1,43.2,87.1,176.3,23.79,5.8832,-23.8,1.38,0,8,1
30.4,994.1,24.2,30.7,76.4,90.8,8.49,2.1537,-50.9,21.58,0,5,2
26.0,1010.4,84.9,12.2,68.7,325.6,18.79,4.6982,-47.7,1.68,0,8,1
22.9,1004.3,27.1,17.7,69.6,44.2,17.03,4.2716,-32.1,3.94,0,4,1
26.9,1024.5,23.5,15.2,94.1,406.9,16.69,4.1887,-47.7,1.79,0,1,0
21.3,1015.9,20.0,32.4,71.6,220.0,19.25,4.8092,-28.8,1.17,0,8,0
26.4,1005.5,33.5,29.7,94.3,238.3,22.76,5.6418,-43.3,3.8,1,11,1
28.5,994.3,24.9,48.4,67.9,461.1,8.74,2.2157,-38.0,9.44,0,11,2
24.4,1009.6,44.0,11.2,86.1,77.8,8.77,2.224,-40.1,2.61,0,4,0
31.2,1007.4,34.2,27.1,94.0,518.6,16.69,4.1877,-23.7,6.4,1,10,1
25.3,1011.2,52.3,5.7,88.0,135.3,18.54,4.6383,-35.7,0.98,0,9,1
26.9,1003.6,55.7,25.7,88.3,258.3,17.9,4.4833,-32.9,0.19,0,4,2
28.3,979.0,21.6,22.8,78.8,130.0,21.23,5.2813,-40.8,5.18,1,11,2
27.6,1017.4,56.1,43.0,64.4,534.1,21.19,5.2717,-50.0,3.11,0,3,1
21.5,1009.6,36.3,61.2,84.9,257.7,8.68,2.2016,-24.9,0.89,0,8,0
21.2,1010.1,34.5,23.6,91.2,489.2,12.69,3.203,-31.7,2.23,0,12,0
25.5,1013.2,60.3,26.1,84.2,228.2,17.76,4.4492,-52.5,0.16,0,4,0
20.4,1008.7,41.9,37.9,88.7,102.3,15.8,3.9719,-40.5,0.01,0,1,0
30.6,996.7,55.9,21.6,79.3,231.4,11.26,2.8469,-55.1,1.98,0,5,2
29.1,966.8,31.1,10.9,70.7,332.3,16.06,4.0335,-33.6,12.51,0,10,2
30.1,978.9,34.2,35.2,81.3,265.6,14.45,3.6398,-42.5,5.21,0,11,2
20.1,1013.0,56.6,8.9,80.5,569.6,16.97,4.2579,-33.2,3.07,0,12,0
24.9,1009.5,23.3,15.3,85.9,730.7,18.26,4.5697,-31.4,0.4,0,1,0
21.0,1006.2,35.8,8.5,71.7,555.9,22.25,5.5212,-28.3,1.23,0,12,0
21.5,1002.7,29.1,48.9,77.3,419.6,15.39,3.8698,-60.0,3.02,0,1,0
21.0,1009.3,46.5,47.2,88.2,419.7,10.06,2.5485,-37.0,0.65,0,12,0
25.7,1003.8,50.9,12.8,72.6,268.5,21.44,5.3315,-27.9,0.94,0,1,1
25.7,1010.7,23.4,13.9,65.8,105.2,18.96,4.7393,-30.8,0.39,0,3,0
20.5,1003.2,12.6,28.9,94.6,267.0,20.03,4.9963,-59.5,6.42,0,12,0
24.0,1003.5,74.2,53.0,77.5,371.2,22.25,5.5218,-46.1,1.41,0,7,1
24.7,997.3,23.5,12.1,70.3,284.1,18.83,4.7065,-26.4,0.08,0,12,0
22.5,1014.6,54.9,16.7,65.2,113.3,10.82,2.7379,-20.3,0.53,0,1,1
23.6,1011.3,83.7,14.5,66.4,493.5,14.35,3.6139,-20.2,1.76,0,1,0
27.9,1000.9,31.8,29.7,64.9,235.8,16.53,4.1499,-44.4,1.57,0,2,1
25.8,1008.3,16.0,14.7,91.3,320.8,19.85,4.9528,-59.9,3.05,0,2,0
30.6,1002.1,28.7,39.0,89.3,398.4,21.75,5.4049,-46.2,0.27,0,11,2
20.7,992.5,37.9,30.4,94.2,453.7,8.42,2.1345,-52.1,0.82,0,1,1
31.6,991.6,51.2,25.2,60.9,774.9,23.7,5.863,-22.4,3.47,0,11,2
24.8,1007.2,25.4,49.7,82.6,755.7,11.89,3.0046,-46.8,0.28,0,7,0
26.2,1009.1,40.4,15.4,94.6,390.5,22.77,5.6442,-50.9,1.45,0,8,0
26.8,1030.1,45.7,28.8,62.3,549.0,16.95,4.2521,-35.2,0.6,0,7,0
23.5,1024.2,58.0,24.0,91.1,498.3,20.23,5.0434,-23.1,2.55,0,3,0
31.1,993.7,91.5,16.9,71.3,83.3,22.4,5.5585,-45.2,6.43,0,11,3
26.3,1001.4,58.7,24.9,83.7,454.5,14.36,3.6166,-37.9,0.63,0,3,1
26.2,1011.0,75.4,39.0,77.3,586.9,17.01,4.2665,-37.3,0.27,0,5,1
31.2,985.7,35.6,33.0,60.9,330.2,16.93,4.2482,-57.9,13.7,0,5,2
24.3,1007.5,37.5,21.0,81.7,391.2,12.46,3.1461,-53.2,0.02,0,4,0
20.5,1002.6,77.2,37.8,60.5,387.7,24.87,6.1344,-34.7,1.58,0,1,1
24.0,1006.5,41.6,19.6,76.2,545.3,20.43,5.0902,-34.2,1.63,0,7,0
29.1,976.7,49.9,51.0,76.7,401.4,22.53,5.5879,-37.7,4.15,0,6,2
22.6,1020.0,53.1,25.5,93.7,457.9,18.86,4.7142,-36.3,0.08,0,12,0
27.1,999.4,67.2,32.3,67.9,267.7,23.29,5.7654,-45.4,0.14,0,2,2
25.5,1009.8,43.7,12.9,61.7,711.0,11.63,2.9396,-49.8,7.36,0,7,0
24.9,1010.0,48.1,36.4,81.8,322.1,22.63,5.6127,-53.9,2.6,0,2,0
21.0,994.1,60.2,28.0,76.4,372.6,13.58,3.4251,-48.8,2.48,0,2,1
21.9,1023.4,35.2,25.4,61.7,631.1,19.88,4.9593,-56.5,3.44,0,2,0
28.9,980.1,111.0,38.2,75.9,140.8,13.13,3.3132,-28.7,0.66,1,10,3
21.0,1005.7,66.5,23.0,80.7,37.7,18.38,4.5978,-37.1,0.15,0,1,1
27.8,1010.0,49.4,23.7,69.2,360.9,8.57,2.1734,-50.1,2.92,0,9,0
23.8,998.4,45.7,32.8,72.7,1036.7,23.36,5.7819,-48.7,0.11,0,12,0
26.4,976.3,20.2,32.8,83.0,450.5,17.66,4.4254,-43.3,0.78,0,6,2
30.7,984.3,25.6,8.0,91.8,293.8,8.2,2.0797,-29.9,1.7,0,6,2
20.7,1013.5,103.0,45.5,77.6,279.8,22.49,5.5783,-54.6,2.44,0,12,1
25.4,1009.2,22.4,34.6,90.7,514.6,14.19,3.5757,-52.3,0.82,0,9,0
28.3,996.1,66.6,12.3,72.2,577.9,11.69,2.9551,-43.7,10.03,0,6,2
22.7,1004.1,57.5,22.8,72.5,436.0,10.58,2.6783,-38.9,0.11,0,2,1
22.5,1013.0,52.5,23.0,78.7,323.9,24.91,6.1426,-48.2,1.3,0,7,0
31.2,993.5,45.0,8.8,82.7,427.2,15.61,3.9248,-35.8,0.4,1,5,2
21.2,1002.6,20.2,24.0,75.0,299.8,13.95,3.5166,-42.9,0.54,0,9,0
27.8,1004.2,39.9,21.5,78.3,294.6,15.14,3.8089,-22.9,0.35,1,3,1
29.6,990.6,54.9,9.7,78.0,168.7,12.38,3.1272,-45.8,5.81,0,10,2
27.9,1002.8,51.7,27.6,90.1,315.3,20.61,5.1325,-57.1,0.61,0,9,1
28.0,995.9,51.9,30.6,94.0,350.7,16.9,4.2387,-44.1,5.43,0,6,2
26.6,1005.7,40.5,30.8,91.9,408.4,17.73,4.4409,-34.1,2.47,0,4,0
28.8,963.6,41.8,18.1,89.7,330.3,22.69,5.6262,-20.8,4.62,0,10,2
21.5,1005.3,60.6,26.1,64.3,437.5,10.12,2.5626,-33.0,0.52,0,2,0
26.6,992.6,73.3,44.6,70.6,510.9,23.32,5.7743,-49.4,7.15,1,6,2
28.9,979.1,29.7,13.7,92.2,322.7,13.53,3.411,-23.2,10.98,0,11,2
23.3,1015.4,26.8,12.2,78.0,457.5,18.56,4.6427,-38.5,0.02,0,9,0
21.6,1003.0,30.9,14.8,72.2,99.4,13.03,3.2883,-24.4,3.92,0,12,1
31.1,976.8,61.9,42.1,62.5,356.4,13.04,3.2912,-23.3,9.35,1,6,2
22.3,1008.1,55.8,27.9,71.0,69.3,17.95,4.4955,-38.7,1.63,0,9,1
20.8,1011.9,43.8,41.8,92.6,176.0,9.46,2.3977,-21.5,0.34,0,7,0
26.7,1003.3,61.3,22.6,64.6,461.0,22.05,5.4762,-23.2,0.94,1,10,2
20.9,1005.2,29.5,26.4,66.6,362.4,21.9,5.4409,-45.2,1.46,0,8,0
30.4,990.2,14.6,28.4,85.7,317.3,16.14,4.0533,-51.2,0.44,0,6,2
27.2,1008.7,52.4,33.5,75.3,145.5,16.46,4.132,-54.3,1.69,1,7,1
27.2,997.9,47.3,36.7,91.3,344.4,18.44,4.6136,-28.4,10.35,1,6,2
21.8,1005.9,28.3,36.3,90.3,756.0,10.47,2.6497,-44.9,0.99,0,2,0
27.3,1006.7,59.9,14.0,69.8,474.4,8.64,2.1915,-44.6,2.37,0,4,1
26.2,998.9,52.5,8.7,70.3,169.1,17.13,4.2954,-47.5,6.91,0,1,2
20.6,1018.1,48.9,12.3,88.2,521.4,9.92,2.5116,-54.7,0.54,0,8,0
28.1,1004.8,35.3,36.6,60.7,508.9,18.5,4.6287,-34.8,10.41,0,11,2
27.2,1012.1,59.1,8.5,77.4,331.4,14.86,3.7413,-57.1,2.26,0,1,1
29.1,992.4,79.2,12.9,83.6,520.5,19.28,4.8164,-55.1,0.23,0,6,2
23.3,997.8,36.2,37.1,66.5,337.0,17.7,4.435,-47.4,1.9,0,9,0
21.5,1009.0,55.8,27.7,86.5,497.5,8.01,2.0334,-53.5,2.89,0,4,0
25.0,1019.2,57.4,24.4,67.4,375.7,20.65,5.1444,-56.8,0.16,0,9,0
21.9,994.1,70.7,24.7,89.1,524.7,17.12,4.2927,-58.7,0.63,0,3,1
30.1,986.5,82.2,18.7,86.5,212.6,9.02,2.2859,-54.8,4.71,0,10,3
20.7,1031.1,65.7,23.6,90.2,382.3,10.24,2.5937,-32.7,1.42,0,4,0
25.9,1017.9,58.8,45.7,65.4,255.6,23.82,5.8907,-43.7,1.78,0,8,0
28.6,1001.1,69.9,25.0,90.2,500.1,12.12,3.0627,-30.7,5.21,0,10,2
24.5,1017.9,26.8,15.0,94.1,414.1,16.92,4.2457,-45.8,0.25,0,8,0
23.2,1021.5,78.4,0.6,62.4,501.5,16.75,4.2041,-38.6,0.41,0,2,0
20.8,1002.4,42.0,24.1,92.0,600.1,12.71,3.2097,-20.6,1.11,0,4,0
22.8,1014.3,43.0,2.8,68.5,20.6,21.23,5.2802,-38.3,1.66,0,2,1
30.2,1000.9,22.4,9.1,68.8,311.2,24.68,6.0889,-43.3,0.82,0,6,2
29.9,994.0,121.4,5.6,72.8,336.5,9.63,2.4401,-29.1,5.96,0,10,3
20.9,995.9,51.3,4.5,63.7,607.4,24.02,5.9368,-35.3,3.17,0,12,1
27.1,1001.1,24.1,3.5,65.8,187.4,8.39,2.1292,-34.6,0.14,0,8,1
28.2,1004.6,57.8,51.3,92.7,500.7,13.48,3.3984,-48.9,2.58,0,6,2
22.5,997.5,17.8,35.9,75.4,408.1,17.4,4.3621,-53.0,4.82,0,12,0
22.7,998.7,35.2,47.0,79.0,425.6,21.78,5.4123,-55.9,0.77,0,8,0
30.6,1006.2,62.3,33.0,88.5,409.4,17.15,4.2997,-36.8,31.97,0,5,2
26.0,1007.8,75.0,3.8,87.7,499.6,10.9,2.7589,-53.7,0.93,0,12,1
27.7,996.4,72.4,25.5,75.0,347.7,12.6,3.1815,-56.8,0.16,0,8,1
26.2,1007.8,47.2,24.0,92.6,629.0,11.38,2.8781,-32.6,1.31,0,3,0
26.7,1015.5,40.5,41.4,74.0,173.6,8.04,2.0394,-33.6,1.4,0,7,1
29.2,991.5,103.3,7.8,74.5,303.2,8.93,2.2626,-35.7,11.49,0,10,2
27.7,1027.5,52.1,22.5,83.5,255.9,15.05,3.7866,-33.8,5.67,0,2,1
24.0,1001.0,62.5,13.4,88.5,491.1,19.47,4.8612,-28.7,2.66,0,4,1
24.1,1006.0,46.3,14.0,61.9,112.8,22.45,5.5691,-29.5,1.82,0,9,0
24.1,1011.5,79.8,21.8,74.6,143.9,12.16,3.0718,-30.8,0.66,0,4,1
24.9,1017.0,31.0,11.8,78.9,442.4,21.46,5.3353,-55.8,3.34,0,8,0
22.1,1006.4,30.1,26.5,64.7,97.1,12.03,3.0403,-48.3,7.25,0,7,0
26.2,993.1,36.5,39.3,81.8,98.8,8.58,2.1759,-51.1,5.77,0,6,2
23.9,1011.3,24.3,37.6,83.7,247.8,20.72,5.1594,-20.6,0.95,0,1,0
23.2,1010.8,51.1,46.5,79.4,203.7,11.42,2.8885,-32.0,0.01,1,2,0
24.2,1008.7,19.6,17.0,87.0,197.0,18.06,4.5212,-59.7,2.76,0,3,0
27.3,974.6,49.1,11.7,84.3,477.7,17.33,4.3449,-21.1,2.35,1,6,2
25.7,1001.8,54.5,32.0,63.1,429.7,19.25,4.8072,-25.4,2.09,0,3,1
22.9,1011.7,47.4,28.6,62.0,260.9,16.38,4.1125,-40.0,0.94,0,2,0
22.2,1019.1,68.5,46.6,84.2,481.2,11.86,2.9965,-46.0,5.8,0,9,0
30.9,987.4,68.1,18.7,79.9,434.8,23.64,5.8483,-56.7,7.12,0,6,2
28.6,1029.7,45.5,26.3,89.7,531.1,21.48,5.3409,-34.8,4.35,0,5,1
24.4,1011.5,55.8,15.1,65.3,381.4,11.9,3.0085,-47.1,0.93,0,8,0
22.2,1003.2,23.8,6.3,84.2,417.0,15.01,3.7777,-22.6,4.94,0,8,0
23.0,1006.3,28.6,27.3,80.7,480.4,16.3,4.0923,-55.0,3.46,0,2,0
28.2,1008.2,36.1,12.8,68.5,571.3,21.48,5.3404,-40.0,4.27,0,11,1
24.3,1008.7,23.6,65.5,92.5,134.3,9.08,2.3003,-27.1,0.29,0,7,0
27.3,1004.6,18.0,18.8,84.6,185.6,21.73,5.4002,-52.0,3.32,0,8,1
23.4,1006.5,20.0,3.6,86.3,247.0,19.43,4.8514,-21.3,2.5,0,8,0
29.7,1004.9,43.6,15.4,83.1,221.2,11.37,2.8741,-21.7,3.29,0,11,2
20.9,998.5,54.8,26.3,74.4,519.0,12.38,3.1258,-53.4,0.23,0,1,1
26.4,1012.3,16.6,26.7,70.0,210.9,15.37,3.865,-30.5,1.08,0,3,0
20.9,1025.2,53.3,27.2,90.6,357.8,16.68,4.1867,-58.6,0.14,0,1,0
24.9,997.7,49.6,10.5,60.7,18.4,10.64,2.6916,-50.7,0.43,0,7,1
29.1,1011.6,24.6,7.9,94.1,641.1,10.64,2.6925,-38.0,13.45,0,6,1
25.2,1007.2,36.1,35.4,90.2,59.3,24.23,5.9859,-55.0,1.0,0,1,0
20.8,993.9,36.1,22.6,84.0,505.5,19.85,4.9534,-52.5,0.12,0,8,1
22.9,1009.2,27.9,28.5,90.2,189.2,19.25,4.8088,-25.9,1.13,0,1,0
29.4,970.7,14.5,30.2,93.4,361.9,11.25,2.8464,-58.6,2.04,0,11,2
21.1,1019.9,41.4,23.9,79.7,193.1,23.59,5.8374,-46.2,4.87,0,4,0
20.1,1011.3,47.4,29.7,86.5,412.9,23.15,5.733,-49.4,0.23,0,1,0
21.3,1002.0,38.7,13.8,63.3,575.2,19.37,4.8372,-24.5,0.15,0,7,0
26.0,1006.5,27.0,13.8,90.6,698.5,10.49,2.6547,-56.8,1.22,0,4,0
21.9,990.3,36.8,31.4,77.1,258.4,23.16,5.7363,-44.6,0.6,0,9,1
20.9,1029.4,28.7,29.3,70.1,389.5,16.85,4.228,-37.5,0.21,0,9,0
22.8,1002.1,42.5,37.6,61.0,594.5,9.53,2.4141,-29.2,0.43,0,12,0
25.4,1018.7,67.5,12.5,68.3,440.9,13.83,3.4865,-54.5,0.72,0,7,0
24.3,1009.2,38.0,16.7,78.5,32.5,17.35,4.3495,-28.9,1.82,0,3,1
24.5,1009.0,47.2,12.0,89.2,327.4,16.91,4.2424,-38.1,0.44,0,4,0
23.4,1000.7,53.0,16.9,65.7,157.6,16.51,4.1455,-51.6,0.32,0,3,1
26.5,997.5,45.4,53.4,72.4,271.4,18.98,4.743,-32.7,2.15,1,10,2
29.2,980.2,55.9,33.0,75.6,409.2,13.54,3.4143,-31.1,0.02,0,11,2
31.7,1011.4,77.7,35.2,94.4,426.2,18.82,4.7038,-36.8,3.55,0,11,2
22.6,1012.1,45.6,19.0,82.3,486.4,9.14,2.3163,-46.8,5.29,0,8,0
31.7,957.2,33.4,30.7,90.2,417.7,22.89,5.6718,-27.9,2.64,0,6,2
21.7,1007.1,61.3,14.2,88.8,158.7,9.43,2.3887,-37.7,0.03,0,2,0
26.0,993.5,98.4,6.5,69.8,130.1,22.52,5.586,-27.9,3.11,0,6,3
28.6,970.0,63.8,26.5,91.6,223.8,21.46,5.3357,-20.4,5.78,1,11,3
23.4,993.0,26.5,37.7,60.4,201.8,15.35,3.8611,-30.2,2.24,0,7,1
24.9,1005.2,42.8,30.4,86.7,272.2,8.09,2.0535,-22.2,0.16,0,8,0
21.0,1007.2,30.8,27.7,67.7,124.6,15.08,3.7946,-20.8,4.63,0,7,0
22.4,1000.7,19.5,7.1,92.9,169.2,15.08,3.7938,-44.9,2.71,0,9,0
20.6,1005.4,33.5,8.4,70.5,424.6,9.4,2.3832,-29.8,0.66,0,12,0
24.8,1027.7,29.1,50.2,89.0,485.9,18.67,4.668,-42.0,2.09,0,2,0
28.0,997.8,44.2,8.2,89.2,529.0,16.23,4.0755,-28.3,2.4,0,4,1
29.1,975.7,49.3,31.1,62.9,129.0,19.8,4.9402,-46.5,2.69,0,6,3
24.5,1023.2,59.4,40.6,82.8,509.4,8.28,2.0998,-57.7,0.43,0,8,0
24.8,999.7,49.0,9.8,75.0,395.3,12.24,3.0913,-53.3,3.91,1,9,0
21.9,1004.5,62.8,55.1,68.3,396.0,23.32,5.7723,-23.5,2.21,0,8,1
23.1,1001.6,38.4,30.1,73.4,665.6,23.8,5.8844,-57.8,4.86,0,8,0
25.7,1017.0,37.1,34.7,68.4,231.8,18.13,4.5381,-29.4,0.54,0,8,0
30.8,991.6,63.9,28.4,88.0,187.9,11.46,2.8981,-52.3,1.95,0,5,2
30.8,1005.1,66.9,23.0,83.2,249.6,9.85,2.4953,-32.4,2.11,0,11,2
24.9,1009.6,49.1,28.8,77.6,290.2,12.54,3.1662,-36.6,3.38,0,1,0
24.4,1006.5,45.5,31.7,86.4,286.7,17.33,4.3436,-56.4,0.29,0,1,0
27.1,1016.2,62.7,21.0,73.5,261.9,18.88,4.72,-29.9,0.21,0,2,1
25.8,1000.0,18.3,30.5,63.0,312.4,24.4,6.0243,-24.4,0.41,0,1,0
27.7,1012.7,14.8,13.5,77.7,563.0,17.58,4.4041,-41.4,0.14,0,3,0
23.1,1010.5,31.8,9.3,90.5,283.9,12.68,3.2014,-39.7,0.27,0,8,0
20.3,1028.0,30.0,38.0,94.0,261.1,13.93,3.5112,-48.9,0.65,0,7,0
21.4,1013.9,67.3,63.5,66.3,27.9,21.62,5.3735,-53.2,4.55,0,2,1
24.2,1005.8,46.3,32.3,91.1,366.8,12.83,3.2381,-40.7,1.48,0,9,0
24.3,1012.8,68.6,14.5,67.4,385.3,23.9,5.9089,-46.1,2.25,0,8,0
30.9,962.1,66.4,28.6,85.8,407.1,15.19,3.8214,-42.4,7.95,0,10,2
30.6,994.6,59.8,22.8,63.4,398.3,9.74,2.4684,-57.2,1.44,0,10,2
27.4,987.4,57.2,29.4,69.5,502.2,18.89,4.7212,-42.2,8.71,0,5,2
26.9,997.3,76.2,24.0,89.6,561.3,8.77,2.2242,-53.9,14.94,0,11,2
26.7,1011.2,29.7,14.6,85.6,667.0,21.13,5.2573,-22.6,1.84,0,2,0
29.5,986.2,52.5,39.1,74.4,571.0,19.51,4.8698,-49.2,6.88,0,5,2
24.1,1027.8,30.1,7.1,83.1,195.0,16.37,4.1112,-58.7,3.1,0,4,0
24.5,1000.8,39.0,7.0,65.0,207.8,14.43,3.6347,-21.1,2.17,0,12,1
26.5,975.5,63.0,27.1,66.1,466.3,9.27,2.3501,-36.2,1.32,1,6,2
24.1,1004.1,55.2,63.4,90.0,442.8,16.48,4.137,-39.1,1.14,0,2,1
27.1,976.5,163.4,26.2,66.9,97.2,24.48,6.0424,-41.1,0.15,0,11,3
29.5,984.3,114.7,7.6,82.7,281.8,24.56,6.0613,-45.9,11.2,1,10,3
22.5,1025.4,36.8,13.7,62.9,239.7,16.14,4.0546,-21.7,0.63,0,8,0
21.8,1004.6,36.6,42.5,66.2,188.2,13.42,3.384,-41.5,1.52,0,4,1
21.6,1011.1,41.7,22.3,68.1,663.5,24.68,6.0904,-22.9,1.88,0,3,0
26.4,1004.7,60.7,28.7,79.7,251.9,9.07,2.2984,-59.9,1.13,1,11,2
26.2,964.3,14.2,33.3,94.8,420.4,16.16,4.0602,-35.2,3.53,0,5,2
27.7,982.5,23.8,15.8,91.7,378.2,19.18,4.7904,-41.3,3.63,1,10,2
23.3,1002.4,47.0,11.0,77.1,543.8,15.83,3.9795,-34.4,1.26,0,1,0
26.5,1003.7,71.7,19.3,82.3,518.8,22.33,5.5419,-55.5,0.94,1,5,2
22.2,1030.0,39.0,53.4,89.2,392.5,17.37,4.3547,-34.4,0.7,0,2,0
21.3,1010.3,22.4,40.8,64.1,350.1,16.03,4.0285,-46.0,0.38,0,9,0
27.9,1018.1,55.3,31.8,80.2,149.1,8.35,2.1168,-47.1,1.46,0,2,1
27.5,1009.2,19.5,13.1,93.0,550.7,8.44,2.1405,-38.7,0.38,0,9,0
24.7,1009.5,59.2,26.2,82.5,129.3,17.69,4.4318,-22.1,1.41,0,12,1
26.0,996.3,36.8,36.1,61.1,206.3,23.83,5.8915,-22.8,2.79,0,1,1
27.1,1018.5,72.3,22.4,92.9,370.5,14.23,3.584,-49.4,2.53,0,3,1
29.5,989.3,29.1,33.5,93.7,111.2,24.25,5.9905,-43.2,0.54,0,10,2
20.5,1022.6,23.6,27.5,77.0,167.1,9.3,2.358,-58.6,2.35,0,1,0
22.0,1015.3,24.8,18.4,89.4,547.2,21.75,5.4038,-43.8,3.12,0,4,0
23.0,1021.0,37.6,23.6,81.9,346.0,15.69,3.943,-21.0,0.95,0,3,0
30.1,983.4,101.7,19.4,75.1,421.0,21.3,5.2971,-21.4,0.45,1,6,2
28.5,996.5,79.5,15.2,85.5,236.7,8.45,2.142,-33.9,10.03,0,6,2
27.6,1015.8,39.2,29.8,80.4,97.5,14.1,3.5519,-53.1,1.1,0,8,1
29.3,981.8,56.4,22.0,87.8,317.4,21.53,5.3528,-55.0,8.29,1,6,2
28.0,996.1,24.0,46.3,91.7,445.6,16.62,4.1708,-35.7,1.41,0,10,2
22.5,1008.7,61.2,30.5,89.0,70.4,15.61,3.9249,-51.2,0.72,0,1,1
23.1,991.4,88.9,12.1,91.2,172.5,11.11,2.811,-38.4,1.05,0,2,2
30.7,996.0,55.1,15.7,91.3,202.2,11.22,2.839,-41.4,5.83,1,5,2
20.1,1011.9,31.9,21.2,83.8,260.2,12.89,3.2525,-26.5,1.64,0,12,0
27.3,1011.3,61.6,26.9,71.9,338.6,11.09,2.8059,-42.7,0.11,0,1,1
24.7,1010.8,26.7,6.0,69.0,212.5,10.35,2.6202,-26.2,0.4,0,1,0
22.2,1006.1,24.0,16.3,72.2,554.4,13.98,3.523,-35.9,0.99,0,12,0
22.4,1003.1,57.0,8.3,72.4,458.2,15.24,3.8329,-23.2,1.16,0,4,1
31.2,973.6,82.3,10.5,88.3,492.7,17.23,4.321,-44.7,8.34,0,5,3
24.4,1006.8,25.4,14.6,83.9,232.2,20.53,5.1135,-54.4,1.18,0,4,0
27.4,1014.6,40.7,14.6,83.2,242.9,22.24,5.519,-38.5,1.33,0,7,1
20.4,986.7,55.8,24.7,73.1,479.3,11.08,2.8036,-46.6,0.98,0,3,1
20.7,1019.4,25.7,35.7,80.2,475.4,17.1,4.2885,-46.3,2.1,0,7,0
31.1,985.3,55.7,2.1,90.3,502.6,9.4,2.3824,-26.9,16.63,0,10,2
21.0,1000.5,20.9,35.6,75.1,467.1,8.6,2.1806,-54.9,0.96,0,7,0
22.0,1023.4,41.3,19.2,83.9,300.6,24.88,6.1355,-21.3,0.26,0,1,0
22.2,1005.4,57.9,6.3,71.2,502.1,16.25,4.0803,-31.5,0.36,0,9,0
22.2,1015.2,34.1,15.3,66.7,198.9,20.6,5.1319,-39.4,3.2,1,12,0
24.6,1000.7,52.0,17.4,67.3,194.6,13.97,3.5206,-27.9,0.06,0,9,1
24.2,1009.2,32.2,43.7,60.8,657.7,15.73,3.9529,-38.7,0.61,0,1,0
26.2,990.1,49.6,34.7,87.8,295.1,11.82,2.9871,-36.5,6.43,1,5,2
22.4,1007.0,51.6,18.1,79.6,417.1,12.67,3.1984,-57.9,2.32,0,1,0
25.2,1009.3,21.7,18.3,77.8,214.9,18.63,4.6584,-40.0,2.76,0,12,0
26.2,992.0,31.9,33.2,71.7,486.4,22.12,5.4925,-50.9,3.62,1,10,2
23.1,1017.3,44.1,30.7,65.5,483.5,12.34,3.1178,-46.6,0.01,0,9,0
23.8,1017.0,33.2,13.1,64.6,308.9,19.51,4.8704,-40.3,0.75,0,8,0
27.7,952.4,97.9,19.9,71.7,521.5,11.21,2.8353,-27.4,2.73,1,6,2
20.7,1003.7,63.4,26.5,83.8,76.5,21.75,5.4032,-31.3,0.17,0,12,1
21.3,1010.3,26.1,24.2,77.5,267.4,18.93,4.7323,-23.2,3.75,0,8,0
27.9,995.9,34.8,37.0,76.8,223.0,16.89,4.2384,-33.7,0.39,0,1,1
27.6,1008.8,43.4,23.2,81.2,307.8,24.78,6.1136,-52.2,0.1,0,4,0
29.4,978.9,46.1,18.3,86.1,139.9,11.36,2.8718,-54.1,2.59,1,6,3
27.6,1010.4,77.6,33.4,70.3,217.1,11.85,2.9958,-59.3,0.74,0,10,2
23.9,1006.6,57.4,21.7,69.5,498.4,19.95,4.9752,-31.8,0.87,0,2,0
20.5,1006.5,65.1,26.9,71.9,458.0,15.56,3.9125,-34.6,0.46,0,3,0
22.6,1015.4,30.2,17.4,92.8,240.2,14.33,3.6098,-52.1,5.43,0,8,0
28.6,983.0,74.8,33.6,94.5,155.4,22.88,5.6704,-25.5,10.15,0,5,2
28.0,968.2,61.4,27.9,83.0,390.0,13.22,3.3345,-43.7,0.46,1,6,2
27.0,1012.3,47.4,21.2,64.9,492.9,8.87,2.2481,-54.4,0.12,0,1,0
25.7,1009.3,36.1,17.6,64.4,274.8,15.79,3.9685,-24.8,0.57,1,3,0
22.6,1003.1,49.7,10.4,79.5,943.7,17.64,4.4188,-51.6,5.2,0,4,0
25.5,1009.5,37.9,27.6,79.5,337.9,15.78,3.9651,-53.3,0.41,0,7,0
28.7,1000.4,61.2,31.8,65.1,556.2,15.94,4.0044,-23.9,4.43,0,5,2
31.5,991.7,51.2,6.2,65.7,235.3,10.12,2.5627,-21.1,0.01,0,10,2
22.5,1006.5,57.3,43.0,88.9,526.6,15.91,3.9978,-22.2,0.6,0,3,0
29.8,1006.3,28.1,1.1,74.7,442.0,21.76,5.4077,-47.2,0.76,0,10,1
29.5,994.3,50.0,25.1,69.5,786.7,10.84,2.7419,-38.8,7.79,1,11,2
23.9,1016.8,40.0,10.8,87.1,525.3,14.87,3.7421,-35.6,0.23,0,7,0
27.5,1018.2,50.9,16.4,61.2,538.3,12.84,3.2403,-52.6,2.55,0,9,1
26.9,1008.5,46.4,19.9,60.7,416.4,9.62,2.4379,-21.7,0.53,0,7,0
23.2,1007.1,37.5,32.2,89.0,91.9,12.94,3.2647,-31.6,1.3,0,8,0
25.2,1011.8,42.2,18.1,78.5,259.0,20.7,5.1552,-37.4,1.8,0,3,0
22.2,1013.1,42.1,18.2,78.7,299.3,18.06,4.5211,-44.1,0.28,0,2,0
26.3,991.7,56.7,25.5,93.4,401.7,10.76,2.7236,-32.8,5.69,0,11,2
30.5,983.3,44.8,18.6,74.9,832.5,9.46,2.3983,-30.3,4.44,0,11,2
21.2,1006.4,26.3,14.1,93.2,245.3,15.86,3.9868,-28.1,0.33,0,7,0
27.9,1016.3,33.4,55.9,67.6,238.0,15.32,3.8544,-22.7,0.46,0,3,1
27.1,995.0,33.7,11.6,81.9,417.4,12.98,3.2748,-58.1,2.35,1,5,2
32.0,971.8,95.1,22.0,63.2,518.3,22.05,5.4755,-40.4,18.63,0,5,3
20.8,1017.1,51.5,41.0,73.6,223.4,16.35,4.1067,-31.0,0.27,1,2,0
27.1,1014.4,39.5,28.8,91.3,161.1,19.55,4.8795,-51.5,1.3,0,5,1
26.9,980.2,46.1,20.1,71.7,515.7,23.8,5.8845,-33.9,8.71,0,11,2
31.6,991.9,97.2,9.1,76.0,92.7,14.75,3.7119,-36.8,17.21,0,5,3
27.9,1015.8,30.2,65.2,70.5,194.1,19.12,4.778,-53.6,0.14,0,12,1
26.0,1008.2,40.0,31.2,86.9,382.4,22.46,5.5708,-45.7,0.59,0,8,0
29.3,991.0,37.0,27.4,65.9,364.3,13.84,3.4881,-27.9,9.52,0,10,2
20.6,1003.7,62.9,18.6,74.1,681.6,10.1,2.5583,-54.1,0.13,0,9,1
29.1,997.3,42.7,40.7,70.2,502.9,21.82,5.4213,-27.9,4.15,0,5,2
27.8,1005.5,42.0,31.6,79.5,92.8,16.29,4.0909,-41.8,3.19,0,12,1
29.7,979.1,28.8,8.5,79.0,370.6,15.53,3.9042,-30.0,7.89,1,10,2
30.3,985.2,49.9,1.0,90.7,460.7,19.31,4.823,-21.9,0.32,1,6,2
22.1,1019.4,32.8,22.8,79.5,504.2,19.26,4.8098,-22.4,2.05,0,8,0
28.8,968.5,52.9,36.7,70.3,524.0,22.53,5.5874,-52.0,8.14,1,5,2
25.1,1027.5,52.0,23.6,74.8,218.6,21.54,5.3554,-56.5,0.0,0,7,0
21.0,1017.5,34.0,30.7,62.5,501.1,23.31,5.7707,-33.5,1.59,0,8,0
26.3,974.8,63.1,25.8,65.1,185.5,8.14,2.0651,-39.0,4.15,0,6,2
28.0,1007.4,37.8,14.0,88.3,705.8,16.75,4.2032,-50.2,1.21,0,3,0
30.1,986.0,43.9,29.3,84.6,331.4,20.5,5.107,-35.5,5.02,1,10,2
27.1,1001.8,68.8,26.1,70.8,203.7,17.55,4.3976,-23.1,2.21,0,8,2
27.4,1004.8,21.5,9.3,79.9,319.6,16.21,4.0716,-38.8,4.55,0,12,1
20.7,1000.8,22.6,32.0,86.4,349.3,8.52,2.1604,-20.7,1.14,0,4,0
22.5,1009.2,63.0,45.7,88.5,505.1,15.94,4.0053,-51.7,3.42,0,3,0
27.9,1021.4,43.6,8.1,89.3,245.4,16.67,4.1836,-56.8,0.56,0,11,1
31.4,977.4,35.6,17.6,75.2,588.4,8.97,2.2749,-56.3,4.15,0,11,2
21.8,994.0,58.5,24.0,90.2,436.9,21.34,5.3068,-44.7,1.49,0,2,1
24.7,1013.4,50.5,31.7,84.6,533.7,12.67,3.1983,-32.1,0.18,0,1,0
22.3,1001.7,59.5,18.1,61.0,284.7,16.54,4.1518,-20.5,0.46,0,12,1
24.9,1011.0,74.1,28.8,79.6,698.9,12.61,3.1831,-39.9,0.15,0,3,0
24.7,1009.5,15.3,18.4,63.0,433.7,14.2,3.5785,-39.1,1.0,0,9,0
27.6,1011.8,30.4,31.1,66.7,121.1,8.31,2.1082,-41.6,1.75,0,7,1
28.0,997.9,39.9,17.8,93.9,486.3,8.28,2.1012,-40.7,1.7,0,11,2
27.9,1017.1,14.5,14.3,60.4,343.5,18.43,4.6106,-59.4,1.05,0,3,0
20.2,1004.9,32.6,3.1,87.0,272.0,10.21,2.5846,-45.7,0.99,0,4,1
27.7,1009.3,51.6,2.7,93.2,485.4,9.49,2.4045,-34.5,1.2,0,7,1
27.4,1007.1,81.0,44.2,60.7,673.0,22.57,5.5974,-59.8,1.61,0,9,1
27.3,1009.0,17.6,30.8,90.7,426.9,11.94,3.0167,-52.3,3.21,0,1,0
30.8,978.6,25.3,31.0,66.5,524.8,16.35,4.1064,-59.8,6.5,0,10,2
24.9,1011.8,33.0,35.5,75.9,322.9,15.81,3.9732,-54.2,0.42,0,9,0
28.6,969.2,37.6,26.3,67.7,143.7,20.76,5.1688,-48.7,2.31,0,10,3
31.6,969.7,60.3,30.5,67.6,489.7,24.29,5.9997,-47.2,1.37,1,6,2
23.4,1014.6,19.0,11.1,70.9,746.3,9.19,2.3292,-57.8,0.07,0,2,0
23.5,1020.5,49.8,33.2,81.1,682.2,8.55,2.1681,-47.9,1.58,0,4,0
27.2,973.0,136.8,14.8,75.9,144.5,22.56,5.5953,-29.1,12.25,0,5,3
20.8,1003.7,65.3,24.6,60.9,133.3,11.06,2.799,-53.5,1.91,1,7,1
26.0,1011.8,52.2,26.1,72.1,265.0,20.88,5.1983,-53.3,2.54,0,3,1
20.1,1005.7,32.9,47.3,60.4,65.2,13.72,3.458,-45.8,0.0,0,7,0
27.6,985.4,16.3,32.0,74.0,440.4,23.09,5.7187,-46.7,0.71,1,6,2
28.7,956.4,99.5,18.1,89.6,102.1,15.09,3.796,-44.5,11.51,0,11,3
26.6,1013.5,51.4,20.2,82.7,405.6,15.18,3.8186,-34.7,1.49,0,12,1
27.1,1011.9,40.3,37.2,80.7,508.8,16.53,4.1489,-58.2,1.43,0,3,0
30.1,1016.4,63.5,20.4,64.4,189.9,20.97,5.2195,-31.4,0.08,0,6,2
30.4,984.3,30.5,15.2,92.9,128.5,12.39,3.13,-30.4,7.07,0,10,2
22.2,998.9,15.4,38.1,80.9,254.2,11.02,2.7889,-24.7,1.79,1,7,0
24.4,991.9,34.5,42.1,80.2,357.4,12.93,3.2637,-26.6,4.95,0,12,1
24.0,1007.8,41.9,29.0,65.0,220.0,17.98,4.5011,-23.9,2.3,0,4,0
27.9,988.9,110.7,28.8,67.4,370.4,19.43,4.852,-23.6,7.02,0,6,2
22.9,1004.8,72.4,20.7,75.8,277.4,19.16,4.7871,-54.2,0.99,0,7,1
25.7,1017.2,29.5,13.6,87.7,284.8,9.03,2.2897,-56.4,0.83,0,9,0
27.7,1024.6,64.0,14.4,76.9,499.0,10.48,2.6539,-38.3,0.74,0,8,1
25.1,1003.4,35.8,47.2,62.3,575.9,12.15,3.0689,-39.2,3.25,0,9,0
28.7,1012.7,40.9,39.3,72.9,500.9,20.46,5.0969,-32.4,6.22,1,5,1
27.0,1004.6,48.1,19.6,63.8,620.7,9.87,2.5002,-34.1,5.31,0,4,1
25.2,1000.2,54.7,31.0,64.6,239.1,21.4,5.3215,-38.2,1.98,0,7,1
27.1,996.1,38.4,8.7,82.3,346.7,14.79,3.7234,-43.5,2.36,0,11,2
24.8,1029.2,18.1,38.4,69.0,456.6,10.24,2.592,-25.3,1.08,0,12,0
24.2,1003.1,66.4,24.0,76.8,161.7,15.38,3.869,-55.1,1.05,0,7,1
25.9,1013.1,65.9,28.1,61.4,555.4,13.34,3.3654,-54.9,1.54,0,1,0
28.3,980.2,71.7,30.5,66.0,173.2,11.05,2.7944,-28.6,1.88,0,11,2
21.3,1005.7,52.5,21.2,60.3,419.5,13.79,3.4761,-44.9,0.12,0,2,0
27.0,989.1,61.5,40.7,94.2,744.2,13.14,3.316,-25.9,0.27,0,10,2
23.6,1013.4,32.0,2.7,78.0,54.7,12.27,3.0995,-45.1,1.01,0,4,0
31.9,1001.3,64.3,10.1,68.2,395.8,15.67,3.939,-35.3,0.29,0,10,2
27.8,1024.5,42.8,17.2,95.0,278.7,16.86,4.2288,-47.8,1.98,0,3,1
20.4,1006.8,46.8,36.1,63.9,410.9,9.3,2.3579,-30.1,3.19,0,3,0
26.7,996.0,52.7,17.5,76.7,447.1,23.66,5.8535,-25.1,1.99,1,11,2
31.8,990.1,113.4,47.6,88.9,469.4,18.38,4.5996,-26.2,2.53,0,11,2
25.4,1013.0,41.5,12.7,86.7,447.1,11.64,2.9434,-39.9,1.78,0,1,0
25.1,1020.5,52.6,46.4,93.1,377.2,13.37,3.3718,-27.8,0.81,0,12,0
21.0,1005.6,16.3,19.5,71.1,457.8,10.9,2.7575,-55.3,3.07,0,12,0
24.5,1020.1,56.6,5.9,66.5,256.4,16.56,4.1567,-51.8,0.58,0,1,0
27.7,1011.3,51.2,34.5,81.4,180.8,13.42,3.3858,-48.9,2.22,0,1,1
23.7,1012.4,24.2,23.4,93.3,348.4,22.37,5.5497,-59.2,0.27,0,2,0
27.5,1011.0,65.6,21.5,63.0,380.0,22.01,5.4668,-45.9,2.61,0,8,1
23.9,1007.8,37.3,31.9,93.6,564.2,11.55,2.9208,-40.3,1.25,0,7,0
24.2,1015.5,20.3,12.9,60.3,432.6,20.06,5.0015,-25.4,0.57,0,3,0
23.8,1006.0,56.0,22.3,71.7,395.7,17.88,4.477,-31.5,0.72,0,7,0
26.2,1011.7,39.7,11.7,72.6,756.2,8.98,2.2771,-48.6,0.35,0,4,0
26.3,1008.4,21.6,29.6,88.9,124.8,22.9,5.6741,-33.4,0.12,0,8,1
26.0,1021.0,62.6,40.9,85.6,196.7,18.82,4.7039,-27.4,0.46,0,7,1
22.2,1018.9,75.0,22.2,61.2,636.3,21.17,5.2665,-27.0,1.39,0,4,0
23.5,1028.9,37.4,30.9,69.1,300.2,16.61,4.1685,-46.8,2.88,0,1,0
23.9,1007.5,14.9,8.6,67.9,402.2,16.96,4.2544,-37.4,0.19,0,1,0
23.3,1018.3,57.6,46.5,82.4,695.1,16.01,4.0234,-25.5,3.51,0,3,0
26.7,1009.2,43.4,16.5,81.8,556.7,22.69,5.6265,-39.1,1.76,0,9,0
23.9,998.4,50.1,8.2,84.6,197.1,15.75,3.9587,-40.7,0.4,0,4,1
20.7,1025.5,18.8,14.7,82.2,156.6,23.25,5.7578,-51.4,3.0,0,7,0
27.8,1011.4,58.8,35.4,89.5,650.9,24.4,6.0247,-42.1,3.89,0,12,1
26.8,992.4,54.7,12.1,88.4,61.5,15.93,4.0017,-57.2,1.64,0,6,2
22.1,1016.9,55.0,19.4,88.4,171.6,22.63,5.612,-57.0,1.58,0,7,0
21.4,1022.1,84.6,21.6,70.7,185.7,16.5,4.1424,-22.7,3.99,0,4,1
21.3,1018.0,48.5,11.7,63.3,366.8,11.61,2.9341,-24.9,3.44,0,1,0
22.0,994.1,62.3,19.3,78.4,275.1,12.42,3.137,-31.3,0.65,0,2,1
29.7,997.7,65.5,19.7,73.2,412.6,14.68,3.6951,-52.5,0.01,1,11,2
26.8,1005.2,18.1,30.3,64.6,136.3,9.88,2.503,-38.9,0.72,0,8,1
28.0,993.9,15.8,13.3,84.8,155.1,15.4,3.8721,-58.3,7.31,1,10,2
27.5,1018.5,35.9,21.0,93.7,293.9,10.14,2.5669,-34.8,0.6,0,9,1
28.5,986.3,68.3,30.9,78.1,112.3,23.2,5.7459,-27.9,7.15,0,5,3
21.3,1002.5,32.2,2.0,60.9,670.6,17.44,4.3714,-39.5,0.42,0,12,0
23.5,1010.7,61.3,11.3,70.0,495.7,9.19,2.3288,-48.7,2.01,0,8,0
26.2,1027.0,83.1,35.0,70.0,149.6,22.82,5.6569,-57.3,0.08,1,10,2
20.9,1011.9,70.1,20.2,91.5,326.0,8.39,2.1284,-53.2,3.8,0,9,0
22.8,1014.4,47.5,25.3,62.3,629.1,16.92,4.2451,-20.0,0.47,0,2,0
30.1,975.5,30.6,37.2,84.0,354.8,10.36,2.6232,-42.9,10.98,1,11,2
26.3,1017.8,68.0,17.6,61.2,202.4,8.9,2.2563,-29.7,1.54,0,7,1
22.5,1008.7,45.9,19.3,68.5,465.8,8.86,2.2462,-26.3,1.91,0,4,0
26.3,1008.1,75.8,24.8,89.3,733.8,19.73,4.9226,-52.3,0.56,0,12,1
23.2,1002.5,38.4,14.8,70.5,275.1,24.39,6.0231,-44.4,2.94,0,12,1
27.6,1000.9,34.4,29.4,75.3,353.9,13.56,3.4189,-57.1,4.49,0,6,2
24.3,1028.3,50.1,19.8,91.6,311.1,8.88,2.2504,-29.7,1.22,0,12,0
26.3,1012.0,62.6,27.2,91.2,234.4,16.77,4.2079,-43.9,3.39,0,8,1
23.4,1018.6,29.9,7.1,83.8,373.8,11.84,2.9921,-35.6,0.42,0,8,0
21.6,1015.6,28.7,28.2,85.0,385.6,17.74,4.4437,-28.5,1.35,0,8,0
25.1,1017.6,53.4,14.5,65.4,265.6,15.68,3.9426,-53.4,0.96,0,12,0
26.6,990.7,57.7,16.3,87.7,206.2,16.19,4.0668,-20.0,1.23,0,5,2
27.7,1003.5,15.6,16.0,92.9,389.0,20.02,4.9929,-58.5,0.58,0,8,1
26.6,983.4,47.1,27.9,84.7,361.8,21.26,5.2885,-30.8,2.11,0,6,2
23.0,1008.8,32.6,23.8,83.2,655.6,16.68,4.1862,-26.8,1.81,0,3,0
24.5,1007.2,53.8,8.3,93.0,191.5,12.19,3.0783,-40.7,2.44,0,12,0
21.1,1006.8,30.6,39.9,90.2,634.6,18.41,4.6064,-29.2,2.23,0,9,0
27.1,1005.2,21.1,10.4,67.9,183.6,24.09,5.9534,-53.5,1.28,0,8,0
27.4,981.0,57.0,23.9,84.8,642.8,15.92,3.9998,-33.5,8.91,1,10,2
23.1,1002.5,44.7,4.3,79.9,195.7,16.13,4.0506,-25.3,1.94,0,4,1
31.7,1018.3,60.8,14.9,87.1,230.4,14.45,3.6398,-23.5,0.02,1,10,2
27.9,981.5,82.0,16.5,83.0,101.4,18.56,4.6419,-58.1,12.85,0,6,3
26.7,1009.9,50.5,24.5,84.7,284.7,9.08,2.302,-23.1,0.57,0,4,1
27.2,988.1,43.3,29.7,60.1,419.4,20.58,5.1257,-44.8,8.6,0,11,2
29.3,996.6,23.9,7.4,72.5,525.7,15.51,3.901,-22.6,8.3,0,5,2
27.2,1010.3,36.2,31.1,89.2,373.9,15.05,3.7875,-21.8,0.47,0,1,0
27.1,999.9,57.1,32.4,68.4,226.0,8.75,2.2196,-57.3,3.94,0,8,2
31.9,980.4,72.1,26.4,94.2,238.8,21.39,5.3187,-34.8,7.31,0,5,2
22.4,1006.9,18.1,20.1,61.4,152.0,19.01,4.7517,-20.2,0.09,0,3,0
26.3,1004.5,12.3,21.2,63.6,465.4,14.08,3.548,-58.1,3.22,0,2,1
20.4,1002.6,54.4,39.4,70.6,156.1,8.12,2.0592,-50.6,0.52,0,12,1
23.5,1000.5,44.7,25.1,75.4,327.2,17.49,4.3828,-28.5,0.29,0,1,0
24.1,1027.9,63.3,21.5,92.8,547.6,9.35,2.3687,-30.5,0.05,0,4,0
20.1,1006.2,64.4,19.2,75.9,523.8,10.26,2.5989,-32.2,0.9,0,2,0
29.6,987.6,61.5,37.3,81.8,88.2,18.55,4.6388,-28.1,0.3,0,5,3
27.8,970.3,55.9,39.8,61.2,544.5,18.0,4.5072,-21.0,2.7,0,5,2
28.5,1018.6,31.6,44.0,89.8,184.3,20.51,5.11,-43.8,2.97,0,10,2
20.3,1002.5,46.5,17.3,91.4,465.1,18.84,4.71,-28.5,3.15,0,3,0
22.6,1015.5,23.1,31.4,90.4,543.6,21.15,5.2627,-43.9,0.75,0,1,0
30.3,969.4,59.4,39.7,94.5,293.7,14.86,3.7413,-56.9,2.6,0,10,3
31.3,1005.0,13.1,57.7,86.8,319.2,8.63,2.1878,-46.9,11.52,0,10,2
23.8,1003.6,22.7,2.2,92.3,146.6,17.92,4.4881,-21.1,0.02,0,8,1
25.3,1017.3,61.2,30.0,85.1,392.2,19.8,4.9412,-30.2,0.1,0,3,0
27.6,1007.1,52.3,8.2,78.0,369.6,12.51,3.1582,-53.2,1.31,0,8,1
25.0,1004.2,44.0,24.9,74.2,277.0,20.3,5.0586,-53.8,0.65,0,12,1
21.2,1002.0,54.4,34.8,86.5,347.2,15.23,3.8312,-23.4,1.43,0,4,1
26.7,1010.6,35.5,5.1,86.0,355.7,24.84,6.1255,-32.7,0.12,0,8,0
27.6,1006.7,38.5,26.4,86.6,110.0,19.42,4.8502,-36.4,0.02,0,9,1
22.9,1029.8,60.5,13.8,73.3,554.5,11.4,2.8836,-34.6,1.22,0,4,0
23.4,990.9,36.9,8.2,89.7,466.4,8.18,2.0745,-24.4,2.35,0,1,1
31.8,983.0,58.6,27.7,91.4,214.0,17.97,4.4988,-41.5,0.73,0,10,2
27.1,1004.2,34.4,30.7,61.5,334.3,9.53,2.4145,-48.6,1.21,0,7,1
24.1,1013.6,36.5,44.7,89.2,197.9,20.71,5.1585,-28.5,0.53,0,4,0
21.1,1010.2,67.2,15.7,85.0,274.9,20.27,5.0538,-41.9,2.61,0,2,0
23.3,1007.3,65.7,10.3,63.5,430.9,11.38,2.8785,-38.0,5.17,0,12,0
23.8,1009.2,34.4,28.2,81.0,244.6,19.51,4.87,-38.9,2.82,0,8,0
21.2,1000.2,49.2,27.2,62.3,553.5,16.81,4.2181,-31.9,2.26,0,1,0
28.4,964.9,48.9,43.3,77.4,388.6,14.1,3.5519,-51.8,10.94,0,6,2
32.0,982.9,38.0,53.4,68.0,239.6,10.08,2.5524,-48.6,4.03,1,11,2
22.3,999.4,26.7,47.9,65.8,614.9,12.87,3.2489,-33.6,2.33,1,12,0
29.1,983.4,106.1,79.8,80.1,125.4,11.59,2.9307,-25.3,9.87,0,6,3
29.2,988.9,78.2,35.9,65.4,138.4,24.41,6.0277,-49.5,0.64,0,5,3
21.0,1010.2,56.0,16.6,74.3,205.1,11.78,2.9781,-21.1,0.61,0,9,0
27.9,997.5,15.9,18.5,62.3,517.2,10.62,2.6882,-23.0,1.29,0,4,1
22.0,998.8,29.1,29.1,64.2,148.8,10.87,2.7502,-40.2,5.95,0,9,1
20.6,1017.6,37.9,19.9,89.2,332.8,23.46,5.8067,-47.2,3.39,0,8,0
27.1,1011.9,70.1,50.3,83.0,130.0,17.49,4.384,-50.5,0.37,1,1,1
24.7,1006.1,54.1,3.6,60.3,486.1,15.74,3.9553,-39.8,1.13,0,4,0
23.7,1004.5,55.6,43.3,70.1,650.0,19.12,4.7779,-35.7,2.02,0,12,1
20.9,1027.2,55.0,16.4,92.6,417.1,21.62,5.3731,-58.8,3.41,0,1,0
24.3,1018.0,62.0,9.5,94.8,423.6,18.39,4.6009,-20.9,4.98,0,1,0
21.0,1021.0,41.0,6.0,67.1,531.7,9.49,2.4058,-56.6,0.07,0,12,0
22.7,1006.6,48.8,43.5,63.0,613.9,12.08,3.051,-57.5,1.9,0,3,0
25.4,1015.0,43.5,41.3,94.5,145.3,20.69,5.1535,-26.4,2.59,0,9,0
20.8,1004.8,39.0,28.8,73.9,558.4,15.75,3.9583,-37.9,1.7,0,2,0
20.0,998.6,41.3,22.6,78.3,410.8,15.24,3.8332,-34.0,9.31,1,1,0
27.3,986.5,44.3,29.0,78.0,204.1,22.87,5.6671,-52.4,4.2,0,5,2
21.2,1011.1,79.9,21.4,85.3,708.7,20.02,4.9921,-36.6,4.71,0,4,0
20.8,1012.5,59.9,14.7,87.9,446.2,12.8,3.2318,-41.6,0.39,0,7,0
27.6,1000.9,68.0,25.3,73.6,444.7,8.89,2.2535,-55.4,0.03,0,12,1
30.1,995.5,69.0,33.3,76.1,354.1,22.12,5.4922,-51.0,1.91,0,5,2
27.1,1013.5,34.3,48.1,61.0,350.5,23.75,5.873,-36.2,1.29,0,12,0
26.8,982.7,48.1,22.7,81.9,478.0,19.24,4.8059,-54.2,1.76,1,10,2
23.2,1017.5,39.9,21.3,85.4,182.0,22.28,5.5292,-51.3,0.03,0,8,0
26.1,990.8,63.4,31.0,80.2,293.8,18.22,4.5599,-46.8,7.28,1,11,2
22.5,1017.3,62.7,19.8,69.2,270.2,18.11,4.5323,-32.9,0.71,0,2,0
21.4,1015.5,59.3,15.6,79.8,362.5,17.19,4.3107,-50.5,2.68,0,8,0
23.7,1006.0,32.3,7.5,67.5,543.8,19.88,4.96,-22.7,0.17,0,12,0
22.3,1012.6,37.7,10.8,79.2,273.6,9.85,2.4954,-39.9,6.27,0,4,0
29.7,1006.5,23.3,25.6,75.8,209.7,17.31,4.3393,-54.0,24.37,0,10,1
25.1,1023.0,25.5,36.0,69.8,612.7,17.34,4.3466,-41.7,2.07,0,1,0
25.6,1019.5,43.7,16.9,73.1,269.9,16.52,4.1467,-30.2,5.01,0,9,0
27.3,1013.8,60.6,66.6,88.6,453.1,10.82,2.7373,-39.5,1.05,0,12,1
30.5,984.6,40.6,22.2,65.9,87.5,24.06,5.9466,-30.4,3.03,1,6,2
31.7,986.0,75.6,20.6,92.2,324.7,24.18,5.9749,-51.9,1.17,1,5,2
27.3,1017.8,64.1,18.2,73.8,503.7,17.8,4.4582,-30.4,0.99,0,7,1
30.9,989.5,97.5,20.8,60.0,265.4,13.88,3.4985,-35.0,0.08,0,6,3
28.6,979.7,61.2,13.8,85.0,349.9,14.31,3.6035,-49.4,0.09,0,6,2
26.6,987.8,80.1,56.2,87.4,99.4,10.13,2.5651,-21.2,2.5,0,10,3
22.3,1001.9,65.4,40.5,75.3,252.1,9.24,2.3416,-40.1,1.03,0,12,1
26.8,1004.8,89.6,29.8,63.5,182.7,24.59,6.069,-58.0,0.4,0,8,2
27.9,1020.6,15.1,9.6,79.1,530.8,16.53,4.1504,-26.2,0.03,1,1,0
26.2,1001.6,63.5,44.6,92.1,380.7,18.95,4.7371,-58.7,2.26,0,12,1
31.4,995.3,73.6,13.5,89.1,621.3,9.45,2.394,-46.1,10.59,1,6,2
29.5,1010.1,60.0,40.7,81.8,406.1,21.8,5.4156,-56.3,1.38,0,10,2
27.0,981.2,32.0,39.0,71.8,153.6,23.91,5.9119,-30.4,6.22,0,5,2
27.6,1001.5,44.2,14.4,77.2,758.6,12.2,3.0822,-54.7,0.38,0,4,1
29.1,1004.5,96.0,29.7,93.4,178.0,11.63,2.9393,-38.6,3.16,1,6,2
26.4,981.0,53.1,30.0,82.5,378.5,11.39,2.88,-55.6,1.98,0,10,2
25.8,1002.3,61.2,27.0,72.2,121.0,15.44,3.8833,-27.6,0.02,0,2,1
26.0,1008.6,32.6,19.1,61.4,700.0,15.87,3.9876,-27.1,2.42,0,3,0
29.9,987.3,76.7,30.9,66.5,166.2,19.19,4.7948,-31.5,17.14,0,5,2
27.4,974.6,96.3,31.7,87.9,592.2,17.86,4.4719,-24.0,3.18,0,10,2
31.0,1007.6,80.0,15.1,73.7,396.2,9.86,2.4982,-59.9,1.35,1,11,2
25.4,1007.4,47.6,24.0,75.6,460.6,21.95,5.4509,-25.6,0.11,0,7,0
28.3,940.3,82.6,37.9,73.2,180.7,10.76,2.7239,-38.4,3.99,0,11,3
25.0,1004.6,32.4,26.4,72.6,652.0,17.29,4.3339,-48.9,4.75,0,12,0
25.2,1010.1,59.3,20.9,60.4,680.8,22.73,5.6349,-44.1,0.65,0,8,0
28.2,985.2,44.3,25.8,79.2,640.9,11.12,2.8129,-54.5,19.78,1,11,2
26.7,1011.7,48.2,30.4,77.1,338.9,11.42,2.8864,-49.5,1.36,0,4,0
20.9,1005.9,18.0,19.6,63.5,172.5,10.47,2.6492,-41.6,0.66,0,3,0
24.5,1017.5,28.4,22.4,62.8,496.6,10.44,2.644,-48.6,0.39,0,4,0
29.6,1006.5,65.6,36.1,67.5,402.2,19.86,4.9543,-37.4,0.58,0,10,2
20.7,1009.1,53.1,33.9,90.8,691.8,23.1,5.7229,-48.3,0.46,0,12,0
24.1,1014.0,28.4,51.7,65.0,228.7,18.26,4.5691,-27.1,0.29,0,3,0
28.0,1014.2,26.6,7.3,60.5,200.2,11.99,3.031,-37.9,0.37,0,1,0
32.0,972.3,70.2,32.2,81.7,268.9,19.56,4.8832,-33.9,2.26,1,5,3
26.2,1019.2,61.9,19.0,75.4,329.1,22.56,5.5947,-24.5,0.37,0,8,1
25.2,1019.1,56.4,24.7,61.4,239.9,23.08,5.7166,-24.6,1.37,0,1,0
26.5,993.5,62.0,9.1,62.8,488.9,9.71,2.4602,-55.8,1.6,0,5,2
31.2,1016.2,124.1,39.7,93.0,74.3,15.24,3.8344,-29.5,7.8,0,5,2
26.2,1002.2,60.6,3.4,83.5,189.4,19.2,4.7956,-51.6,6.88,0,9,2
24.4,1014.8,28.1,11.6,62.1,210.2,19.0,4.7471,-40.0,1.99,0,7,0
28.1,1005.6,34.5,10.7,87.2,429.5,11.18,2.8266,-27.6,10.08,1,6,1
31.0,1003.0,48.9,31.8,84.0,642.4,13.7,3.4537,-56.8,5.34,1,11,2
31.4,995.5,48.4,36.7,69.0,604.1,21.23,5.2818,-44.6,1.61,0,6,2
21.0,1016.7,61.7,17.9,87.9,311.9,16.38,4.1133,-54.5,1.65,0,7,0
29.6,992.6,39.0,2.8,75.1,310.0,18.24,4.5646,-48.5,4.03,0,10,2
27.7,1012.4,20.6,23.0,86.6,81.0,23.88,5.9049,-36.4,2.28,0,12,1
28.4,974.8,44.8,32.6,75.6,306.0,12.11,3.0601,-44.6,0.07,0,11,2
29.5,971.2,39.2,14.6,78.2,407.8,15.44,3.8831,-52.5,3.38,0,11,2
21.9,1014.8,49.0,15.7,93.6,256.0,18.97,4.741,-24.5,0.47,0,12,0
24.8,1015.4,19.0,20.6,83.4,359.4,19.45,4.8569,-53.9,0.13,0,1,0
27.5,977.9,35.6,30.3,67.6,122.5,15.26,3.8392,-51.1,0.51,1,11,2
26.0,1014.4,77.9,6.9,93.0,365.7,11.36,2.8729,-27.4,0.17,0,12,1
21.0,999.0,51.0,11.5,92.4,290.5,13.99,3.5265,-23.8,1.1,0,3,1
24.8,999.1,48.5,45.1,83.9,185.3,15.51,3.899,-49.0,1.16,0,4,1
24.9,1007.6,32.8,20.1,77.5,256.6,12.44,3.1418,-54.1,0.01,0,12,0
26.4,993.6,43.5,23.9,75.7,439.8,17.68,4.4283,-29.8,3.96,0,4,1
20.6,1016.3,45.4,12.6,83.2,754.4,8.17,2.0713,-58.3,0.38,0,4,0
23.0,1011.8,43.7,22.2,63.2,307.9,8.98,2.2771,-42.7,1.34,0,3,0
29.1,1008.8,52.4,25.2,69.6,309.3,24.19,5.9762,-23.6,4.59,0,11,2
30.8,991.7,44.9,23.3,92.2,454.2,10.63,2.6892,-37.3,0.17,1,6,2
26.2,1008.7,60.4,15.2,74.8,305.1,18.2,4.5559,-58.7,0.71,0,9,1
30.0,971.1,75.5,40.4,70.4,440.0,21.9,5.4406,-29.1,5.68,1,6,2
25.6,1013.5,50.4,19.7,72.4,475.7,12.87,3.2493,-57.7,0.24,0,9,0
22.8,1010.8,44.9,22.9,85.9,238.9,11.32,2.8621,-25.0,0.34,0,1,0
29.1,973.4,39.2,18.7,78.1,89.3,9.41,2.3834,-53.3,2.98,0,11,3
30.9,1001.6,92.3,14.6,71.6,259.2,14.02,3.5339,-35.3,4.17,0,5,2
26.2,977.7,46.9,12.6,74.0,450.8,9.5,2.4073,-53.2,2.4,0,11,2
21.2,1014.4,29.1,54.8,87.0,143.0,16.56,4.1572,-30.5,0.64,0,9,0
23.4,1010.4,77.3,10.2,87.5,160.4,19.5,4.869,-39.6,1.82,0,9,0
30.1,1015.0,77.6,31.1,64.2,111.8,22.28,5.5282,-29.1,1.9,1,5,2
26.3,998.3,37.5,14.5,62.3,761.4,14.94,3.7603,-25.8,0.6,0,4,1
24.2,1006.9,63.3,20.3,67.2,101.3,15.44,3.8839,-31.2,3.17,0,8,1
21.6,1001.3,43.0,3.1,82.1,248.9,23.92,5.9135,-25.5,0.1,0,1,1
26.9,974.9,100.3,11.6,84.0,465.2,17.96,4.4974,-28.0,4.9,0,11,2
27.0,1014.2,53.1,30.8,69.4,362.1,17.66,4.424,-24.9,1.42,0,7,1
27.0,1002.9,19.0,20.9,72.1,222.1,20.65,5.1441,-32.7,1.64,0,4,1
20.8,1000.7,31.3,10.1,65.6,548.4,8.38,2.1252,-48.7,5.06,0,4,0
27.3,1016.3,37.6,21.8,70.7,289.3,8.3,2.1063,-45.6,0.33,0,12,1
26.9,1020.0,50.0,22.6,91.2,467.2,15.21,3.8259,-46.9,23.0,0,5,1
21.7,1006.8,58.9,23.4,94.3,399.0,19.89,4.9629,-27.2,0.22,0,12,0
30.6,986.3,63.5,34.6,66.4,78.4,9.92,2.5113,-25.1,4.66,0,10,3
28.7,993.5,56.5,10.1,67.5,214.2,20.58,5.1258,-27.9,2.31,0,11,2
24.3,1012.4,55.6,45.2,79.6,220.8,24.03,5.9395,-40.4,4.0,0,2,0
26.1,1014.4,43.9,17.8,81.5,440.7,14.48,3.6477,-53.9,1.1,0,12,0
27.0,986.7,34.2,6.4,83.7,449.9,16.75,4.2033,-35.7,1.93,1,10,2
28.9,984.0,61.4,37.0,71.4,500.1,16.85,4.2271,-42.0,7.31,1,10,2
20.8,1006.9,20.5,30.7,87.1,205.4,11.0,2.7825,-27.4,0.05,0,8,0
25.5,1006.5,51.4,4.8,89.4,179.7,20.5,5.1069,-32.6,0.9,0,1,0
26.3,1015.9,27.5,52.3,66.2,462.0,21.88,5.4355,-59.9,0.64,0,2,0
29.8,1009.3,113.4,27.7,74.0,294.5,19.74,4.9247,-54.5,7.28,1,6,2
21.1,1009.5,47.1,44.8,64.7,439.0,8.29,2.1017,-38.9,2.71,0,2,0
24.3,999.4,71.8,27.5,70.7,445.1,10.71,2.7115,-56.2,1.4,0,8,1
20.5,1012.6,56.6,32.3,76.2,309.4,20.16,5.0255,-55.1,1.11,0,4,0
22.1,1003.0,22.0,24.0,89.0,43.1,22.54,5.5896,-51.4,0.56,0,12,1
23.3,1003.1,94.4,23.7,80.1,235.8,18.38,4.5978,-22.8,1.56,0,1,1
21.1,1003.9,64.4,5.7,69.4,328.6,18.47,4.6206,-28.3,3.83,0,9,1
23.7,1017.7,33.0,33.9,73.8,377.5,21.32,5.3034,-50.6,0.17,0,7,0
24.7,1017.4,63.5,9.5,72.7,265.1,13.43,3.3876,-58.5,1.58,0,8,0
26.3,977.1,64.8,37.9,72.4,229.7,19.97,4.9814,-54.8,6.99,0,5,2
24.6,1003.2,19.1,11.4,85.5,148.7,13.87,3.4961,-44.8,0.28,0,12,1
31.6,982.3,55.0,37.8,64.4,327.1,8.02,2.0355,-35.8,4.3,1,6,2
23.4,1005.4,38.4,33.3,74.0,60.7,14.66,3.6921,-33.4,0.56,0,3,0
27.8,1012.1,65.5,22.2,71.3,190.7,18.23,4.5626,-32.3,1.88,0,1,1
27.6,1002.9,54.7,30.3,90.3,143.1,14.97,3.7664,-59.7,1.06,0,12,2
31.3,1006.7,44.3,27.2,87.0,245.9,24.71,6.0971,-34.1,6.71,0,6,2
26.6,1003.3,60.8,8.4,75.5,206.6,16.63,4.1732,-46.6,0.37,0,12,2
21.0,1001.1,20.1,33.2,82.6,130.3,23.41,5.7937,-48.8,3.46,0,7,1
26.6,1009.0,39.3,25.4,94.7,739.8,18.09,4.5287,-37.9,1.14,0,8,0
27.6,1024.4,52.5,26.4,92.6,522.5,22.07,5.4801,-33.1,1.01,0,1,1
30.3,988.7,26.9,9.5,92.6,553.5,13.31,3.3571,-46.8,3.45,0,6,2
25.7,1017.2,55.3,27.9,91.5,276.1,17.14,4.2972,-32.5,2.79,0,12,0
26.3,1006.8,20.8,12.3,81.0,356.8,16.32,4.0993,-54.2,1.91,0,8,0
31.5,976.8,43.9,11.5,83.9,546.9,17.25,4.3248,-20.4,17.44,0,6,2
27.6,1003.5,24.1,8.8,70.7,358.8,23.69,5.8607,-53.0,2.73,0,3,1
24.4,1025.5,19.7,39.4,85.3,367.0,16.57,4.1584,-33.3,8.99,0,7,0
28.8,993.9,57.9,27.9,84.1,382.2,14.26,3.593,-30.3,2.24,0,11,2
20.3,1012.7,25.4,28.6,92.5,48.6,18.1,4.5302,-27.3,1.27,0,12,0
28.3,988.1,75.8,32.0,83.2,286.5,18.3,4.5802,-29.9,7.37,0,6,2
22.1,1010.1,23.0,27.1,83.3,301.2,14.49,3.6496,-40.7,1.42,0,2,0
29.7,1005.8,38.4,59.1,66.3,497.8,8.59,2.1777,-21.6,1.33,0,10,1
25.6,1003.8,68.7,20.1,65.6,133.7,18.9,4.7245,-58.0,3.47,0,7,1
30.1,970.8,101.5,28.9,78.1,130.4,24.45,6.037,-42.5,2.72,0,10,3
24.6,1011.7,33.5,10.7,77.1,722.0,13.57,3.4207,-21.9,0.26,0,1,0
26.2,999.1,18.0,33.2,79.2,305.9,18.22,4.5602,-20.3,6.76,0,11,1
20.2,1012.1,49.7,6.8,70.3,229.1,10.12,2.5619,-26.5,2.27,0,1,0
26.9,1007.4,55.8,38.0,69.9,495.0,14.0,3.5286,-42.1,0.14,0,7,1
23.7,1019.6,14.0,25.8,67.5,168.5,12.46,3.1478,-42.6,0.87,0,7,0
27.5,997.1,15.3,12.1,87.1,230.8,22.36,5.5472,-36.2,0.92,0,12,1
28.9,986.2,47.3,6.6,74.0,80.5,18.6,4.6526,-34.7,0.68,0,11,2
23.0,1021.4,42.5,23.7,72.7,181.8,19.42,4.8502,-28.6,3.52,0,9,0
24.0,1009.9,55.9,49.4,88.8,133.6,11.28,2.8535,-20.2,1.24,0,8,1
26.2,992.3,45.0,6.9,94.7,419.1,22.98,5.6947,-38.8,18.65,1,6,2
21.8,1012.8,29.0,26.2,66.0,484.0,17.15,4.3016,-48.0,1.04,0,4,0
29.8,991.5,52.0,12.6,74.5,389.3,18.68,4.6704,-48.8,7.4,0,6,2
22.5,1006.1,39.9,20.0,69.3,97.5,18.44,4.6128,-26.4,1.26,0,7,0
29.2,994.0,134.9,23.2,79.6,327.0,19.1,4.7721,-46.0,1.79,0,11,3
28.7,978.5,63.6,24.6,81.8,360.7,17.54,4.3956,-58.3,9.38,1,11,2
22.2,1002.2,37.7,38.7,87.9,350.9,9.18,2.3261,-54.3,2.67,0,8,0
22.0,1004.2,41.3,43.3,65.3,263.7,23.94,5.9172,-24.0,0.3,0,7,1
21.3,1006.4,32.9,7.6,93.8,460.5,18.79,4.6985,-35.2,0.54,0,8,0
20.1,1008.3,83.6,19.8,66.6,169.5,23.93,5.9154,-30.7,1.75,0,4,1
21.5,1005.3,69.9,30.2,91.0,335.7,19.15,4.7842,-41.9,1.16,0,2,0
28.5,993.4,74.3,13.1,60.7,282.1,12.06,3.0464,-25.7,14.01,0,10,2
27.6,1001.3,90.2,15.5,68.2,360.8,12.42,3.1361,-26.8,1.42,0,10,2
20.3,1010.1,43.5,17.2,78.0,684.6,17.09,4.2853,-54.7,0.25,0,8,0
27.4,1006.4,48.0,21.4,87.4,647.3,18.87,4.7172,-28.5,6.34,0,5,1
28.3,974.9,66.8,38.9,74.8,730.3,14.93,3.7585,-31.5,6.08,0,10,2
24.3,1004.7,29.3,48.9,74.3,561.7,23.65,5.8495,-29.8,0.64,0,8,0
24.8,1017.7,40.0,20.6,60.6,240.4,11.28,2.8532,-39.6,1.76,0,12,0
24.4,1010.1,18.7,32.8,72.9,511.1,21.88,5.436,-34.9,0.03,0,7,0
21.3,1018.8,57.0,11.8,68.9,292.3,13.89,3.5014,-52.8,0.35,0,1,0
26.6,987.9,32.3,26.5,78.0,46.0,24.39,6.0232,-22.4,0.09,0,10,2
20.9,995.4,28.7,27.6,60.7,70.4,11.16,2.8222,-20.4,0.45,0,1,1
27.4,1011.6,51.3,32.6,94.1,258.0,13.76,3.4699,-35.4,2.9,0,8,1
31.1,995.1,57.6,35.4,65.2,273.9,10.26,2.5986,-25.6,7.19,0,10,2
29.9,983.0,88.4,12.0,67.2,243.5,23.04,5.7086,-28.4,10.62,0,6,3
28.8,987.2,53.6,11.7,94.5,465.8,10.87,2.7507,-26.8,3.09,0,6,2
31.8,998.4,51.5,25.7,87.0,406.5,13.45,3.3919,-55.1,0.31,1,11,2
22.0,1006.8,51.6,35.2,85.1,540.8,20.81,5.1815,-59.7,1.83,0,3,0
26.8,1022.9,31.3,15.5,85.5,303.7,12.85,3.2434,-45.6,0.56,0,4,0
27.8,999.6,51.9,34.6,80.8,377.7,19.45,4.8557,-57.4,0.22,0,3,1
27.4,1007.0,43.3,21.0,88.0,501.7,16.55,4.1555,-51.3,0.1,0,4,0
28.9,1002.3,27.5,34.6,63.8,567.8,8.6,2.1805,-35.5,4.37,1,11,2
20.1,1011.3,53.8,53.2,79.9,203.8,22.84,5.6615,-26.0,0.82,0,1,0
31.8,1000.4,63.4,17.6,65.5,41.7,16.24,4.0781,-44.4,4.45,0,11,3
25.4,1026.4,42.1,39.0,84.1,743.3,11.82,2.9885,-27.3,5.87,0,7,0
20.2,1012.0,48.2,54.5,87.1,288.3,14.02,3.5338,-27.2,0.54,0,7,0
24.2,994.4,50.6,7.2,89.8,85.0,9.55,2.4191,-21.7,0.17,1,9,2
27.4,1009.2,52.5,29.3,91.6,252.1,23.87,5.9025,-54.5,0.57,0,7,1
20.7,1008.6,22.1,9.5,68.5,304.3,23.05,5.7106,-23.3,0.51,0,3,0
22.5,1010.4,59.0,20.6,85.6,150.4,18.7,4.6763,-37.7,0.11,0,3,0
31.9,985.1,57.4,25.9,65.9,1019.1,18.11,4.5331,-43.0,4.66,0,5,2
24.9,1011.8,40.7,32.6,81.9,314.9,14.54,3.6626,-42.2,0.36,0,12,0
22.3,1025.4,25.0,15.2,86.0,389.7,24.08,5.95,-51.1,0.01,0,2,0
20.1,1002.7,104.9,3.1,81.6,365.4,12.73,3.2139,-34.4,1.52,0,12,1
28.4,973.2,63.1,26.1,79.0,112.4,9.02,2.2857,-48.2,8.33,1,10,3
26.2,1000.3,51.8,18.5,71.5,437.7,16.79,4.2118,-41.6,1.57,0,6,2
25.0,1003.4,12.4,38.8,91.8,221.2,20.47,5.0993,-46.6,0.05,0,7,0
23.6,1012.2,23.8,21.3,94.5,308.2,9.24,2.3426,-38.4,0.93,0,8,0
24.5,1003.7,21.1,24.2,85.3,223.6,18.14,4.5416,-29.2,2.44,1,4,0
21.5,1009.8,55.3,11.6,66.9,507.6,8.72,2.2098,-49.4,0.68,0,7,0
20.4,1014.8,33.3,33.2,70.4,438.6,17.42,4.3669,-32.1,0.92,0,8,0
31.1,991.5,80.5,7.2,84.6,388.3,19.79,4.9375,-36.5,22.25,0,11,2
25.9,1019.2,57.0,26.2,65.5,579.5,17.52,4.3904,-30.5,1.11,0,12,0
27.8,1010.4,48.5,41.8,67.9,548.6,21.98,5.4596,-28.2,0.59,0,3,0
24.0,1034.1,10.5,13.5,85.2,219.2,17.34,4.3472,-36.3,0.61,0,2,0
27.4,980.7,86.6,20.2,84.8,462.2,20.19,5.0342,-44.3,13.46,1,10,2
30.7,998.7,78.1,20.7,81.0,241.1,10.55,2.6707,-28.5,1.98,0,10,2
23.7,1001.1,50.8,34.5,93.4,591.1,15.02,3.7794,-20.7,0.46,0,4,1
29.9,991.5,45.4,11.5,75.3,248.2,20.74,5.1638,-37.9,4.76,1,10,2
26.0,1004.1,48.5,19.7,83.4,138.6,14.53,3.6593,-30.2,2.39,0,7,2
25.1,1015.5,60.0,31.1,79.1,478.9,10.48,2.6528,-25.4,0.99,0,8,0
31.7,1003.6,34.8,27.8,66.8,139.5,12.54,3.1663,-59.4,3.02,1,6,2
30.0,967.7,66.0,12.9,72.0,154.4,8.87,2.2479,-43.9,11.33,0,10,3
27.0,1006.3,37.4,31.0,69.5,525.1,15.25,3.8373,-34.1,3.47,0,5,1
21.0,1019.1,51.0,26.4,82.2,335.3,12.14,3.0664,-31.2,2.54,0,4,0
29.6,974.3,37.2,3.5,81.7,229.2,10.98,2.7787,-60.0,5.63,0,6,2
24.3,998.3,50.0,45.1,90.4,708.4,20.35,5.072,-37.5,1.32,0,2,0
20.3,1014.5,31.1,25.1,65.2,135.9,23.64,5.8477,-36.6,4.01,0,7,0
25.3,1012.3,55.5,32.3,88.7,71.2,23.74,5.8721,-28.7,2.93,1,3,1
21.8,1020.4,25.6,35.5,63.2,612.1,15.08,3.7953,-28.6,1.23,0,3,0
27.7,1007.0,74.1,18.3,93.8,224.9,18.74,4.6867,-51.0,5.66,1,5,2
21.0,1000.1,28.1,31.1,64.6,465.3,18.74,4.6849,-44.0,1.91,0,12,0
26.5,1007.9,19.3,17.3,92.1,30.8,8.01,2.0316,-24.0,2.59,0,7,1
21.0,1019.6,58.1,46.5,70.6,95.3,18.95,4.7359,-57.2,3.07,0,9,1
20.8,1012.7,53.8,67.0,92.7,499.9,20.36,5.0753,-45.1,1.07,0,12,0
27.8,1016.3,46.9,60.5,62.9,513.8,10.74,2.7183,-20.8,4.89,0,10,1
21.9,1022.2,47.9,15.7,73.6,173.0,21.6,5.3694,-51.4,0.26,0,2,0
23.8,1006.3,34.8,26.9,80.0,601.9,24.95,6.1511,-56.9,2.08,0,3,0
25.9,1004.8,39.5,28.9,90.8,222.7,19.67,4.908,-47.3,2.18,0,1,1
27.6,1011.5,32.2,36.3,81.0,432.8,23.33,5.7766,-59.7,0.01,0,12,0
22.9,1025.8,53.8,23.6,78.9,382.5,9.37,2.3743,-41.5,1.33,0,12,0
26.4,1005.9,48.7,12.2,82.3,443.5,20.88,5.1969,-40.3,0.49,1,11,1
27.5,1017.9,49.7,25.0,69.0,218.8,22.36,5.5472,-45.0,1.46,0,12,1
27.4,1022.3,11.3,11.5,70.2,305.2,18.73,4.6826,-59.7,3.34,0,9,0
20.6,1019.2,22.2,29.2,82.8,479.3,12.14,3.0678,-33.5,0.9,0,4,0
31.4,999.5,148.5,11.9,89.9,403.0,13.78,3.4733,-34.0,2.63,1,11,2
21.4,1020.7,15.7,29.5,77.4,47.2,16.72,4.1969,-42.6,1.94,0,1,0
21.3,1013.2,57.1,43.0,77.5,221.6,21.12,5.2556,-40.0,0.96,0,9,0
27.2,988.7,80.7,10.5,78.6,348.3,13.59,3.4268,-48.6,12.48,0,6,2
28.0,1005.9,32.8,3.3,85.7,20.3,24.14,5.9654,-52.6,2.79,0,12,1
27.0,1005.7,37.0,28.5,90.0,350.7,9.95,2.5205,-31.6,1.57,0,7,0
21.2,1019.0,62.1,34.4,80.5,601.1,22.15,5.4991,-47.5,0.96,0,1,0
29.5,971.3,91.8,16.6,87.4,577.3,12.55,3.1702,-29.4,5.01,0,5,3
24.8,1013.6,67.9,8.5,81.3,535.4,17.92,4.4878,-22.8,0.35,0,2,0
21.7,1013.0,43.2,30.7,61.1,508.5,9.95,2.5204,-48.0,2.48,0,12,0
25.5,1009.3,21.6,11.1,83.1,77.1,16.71,4.1935,-46.9,0.38,0,9,0
20.7,1001.3,137.6,27.2,88.6,339.3,19.35,4.8321,-51.8,1.61,0,2,1
21.6,1005.0,45.9,23.1,69.7,70.7,14.74,3.71,-35.6,0.46,0,2,1
21.2,994.8,37.2,17.3,72.5,202.2,24.8,6.1184,-41.7,0.69,0,2,1
23.5,1011.9,56.3,27.9,90.8,102.4,9.61,2.4337,-28.7,1.6,0,4,1
21.6,1006.3,51.5,18.9,90.0,475.4,23.91,5.9114,-49.3,1.25,0,4,0
30.5,984.7,23.6,23.9,63.9,455.9,23.05,5.7097,-21.3,4.69,1,11,2
21.3,1015.2,37.6,19.6,61.1,285.7,10.56,2.674,-43.7,0.29,0,4,0
20.1,1012.9,57.9,0.2,90.3,295.5,19.2,4.7968,-34.2,1.23,0,1,0
29.2,1013.2,49.1,23.7,78.4,299.4,10.5,2.6586,-42.6,6.99,0,11,2
26.6,1007.1,27.9,33.9,60.3,533.7,24.73,6.1021,-41.7,1.92,1,9,0
20.9,1011.9,83.4,27.8,80.0,1314.5,9.47,2.4003,-59.9,0.73,1,7,0
20.5,1005.0,37.4,17.2,71.0,486.6,13.27,3.3486,-41.8,3.03,0,7,0
22.7,1008.4,41.7,22.4,88.3,318.4,23.32,5.7724,-56.5,3.44,0,12,0
23.3,996.4,60.1,18.7,81.7,272.4,13.71,3.4561,-56.6,0.34,0,7,1
22.9,1007.9,17.8,16.5,60.1,477.2,22.93,5.6818,-36.9,0.07,1,12,0
24.0,1012.6,16.0,25.7,61.7,485.1,8.92,2.2616,-42.2,0.74,0,8,0
26.6,991.9,105.4,13.7,67.1,233.9,17.71,4.437,-26.4,3.63,0,11,2
26.9,1007.7,74.1,14.5,83.1,445.6,18.56,4.6421,-21.6,4.99,0,7,1
26.0,1011.5,34.1,10.8,60.3,520.5,24.65,6.0821,-52.7,1.61,0,9,0
28.9,1014.5,49.7,1.9,76.2,404.6,23.67,5.8557,-34.5,0.04,0,11,1
20.1,1019.5,63.2,29.0,63.4,777.2,8.04,2.04,-57.6,0.13,0,3,0
26.5,1019.5,53.6,18.1,79.6,494.2,14.88,3.7449,-53.8,3.86,0,4,1
27.3,1011.5,26.1,25.1,79.6,399.5,14.94,3.7597,-45.9,1.06,0,12,0
22.0,1019.0,20.8,28.3,60.8,348.8,14.56,3.6675,-29.1,4.03,0,7,0
25.6,1017.3,41.5,17.8,63.9,51.1,11.27,2.8503,-40.6,2.1,0,1,0
22.8,999.8,43.2,32.3,63.0,257.9,22.18,5.5051,-45.9,0.95,0,12,1
31.2,985.8,67.5,37.4,70.2,87.2,13.02,3.2847,-29.3,9.94,0,5,3
27.7,991.6,19.1,49.2,81.3,548.2,11.24,2.8437,-38.0,13.92,0,10,2
23.7,999.1,50.7,9.8,89.2,381.8,9.63,2.4405,-21.1,3.46,0,12,1
23.1,1008.2,55.5,27.3,74.9,391.2,18.24,4.5657,-55.9,1.04,0,9,0
24.2,1017.2,36.7,27.1,68.3,587.7,8.7,2.2053,-52.2,1.01,0,7,0
25.7,1009.0,24.4,40.3,85.1,475.0,15.41,3.8765,-35.3,1.44,0,9,0
26.8,1015.2,66.2,41.9,60.9,457.1,19.06,4.7625,-24.6,0.02,0,9,1
22.9,1014.2,56.2,23.8,75.1,633.2,21.04,5.2351,-25.5,2.3,0,8,0
20.3,1009.4,40.3,30.1,81.6,375.0,20.1,5.0117,-55.4,0.07,0,7,0
26.9,1005.2,58.9,27.8,76.1,130.9,23.21,5.7473,-36.3,9.91,0,10,2
25.0,1015.8,92.9,29.5,81.5,362.7,20.62,5.1349,-53.2,0.31,0,2,0
30.9,993.3,51.6,18.6,70.3,299.9,10.78,2.7277,-52.0,11.64,0,5,2
21.1,1009.1,57.2,42.2,90.6,95.2,21.01,5.2297,-20.4,1.9,1,8,1
24.8,1009.4,110.1,16.9,94.2,92.7,23.74,5.8713,-47.2,1.33,0,3,1
25.6,1009.6,46.2,29.4,77.1,135.4,19.7,4.9166,-58.9,1.5,0,2,0
22.5,1010.1,15.8,20.0,73.2,490.6,19.51,4.871,-25.3,1.43,0,3,0
24.7,1015.6,27.6,14.9,93.1,443.7,23.9,5.9081,-53.8,0.15,0,7,0
26.9,1004.1,57.3,47.2,83.1,122.5,8.12,2.0594,-34.1,0.76,0,7,2
22.2,1008.6,44.8,29.3,63.3,553.1,19.97,4.9807,-23.0,0.6,0,4,0
26.9,975.7,81.1,24.4,80.0,611.7,21.63,5.3755,-55.7,7.13,0,6,2
23.5,1017.6,54.3,24.0,74.2,469.7,20.38,5.0798,-53.8,0.96,0,12,0
23.8,1008.2,43.3,32.3,63.5,373.1,10.0,2.533,-36.8,1.07,0,12,0
27.5,991.1,39.6,38.6,64.3,526.3,14.82,3.7311,-20.6,1.18,0,3,1
31.2,999.0,57.8,31.0,83.7,192.4,20.97,5.22,-29.6,0.65,0,10,2
27.5,987.8,58.6,25.0,67.8,268.0,17.75,4.4471,-26.1,3.1,0,5,2
26.8,1005.5,43.3,23.0,84.1,119.3,18.93,4.7305,-57.9,2.59,0,1,1
31.1,966.2,51.2,32.6,90.0,535.6,20.2,5.036,-40.7,11.83,1,11,2
20.5,1004.0,43.3,28.9,68.8,212.3,20.71,5.1574,-20.7,0.68,0,7,1
23.6,1012.0,60.3,27.3,87.3,408.2,13.48,3.3993,-37.4,5.31,1,4,0
31.3,1018.7,24.7,12.7,91.7,382.4,8.95,2.2689,-43.1,1.08,0,10,1
22.8,1001.8,49.3,20.7,71.4,155.7,22.67,5.6219,-47.9,0.43,0,3,1
22.8,1008.5,47.7,19.1,94.0,527.9,21.81,5.418,-40.5,0.86,0,12,0
26.1,991.6,36.5,19.1,89.3,358.9,20.37,5.0767,-56.5,1.46,1,6,2
27.1,1013.3,52.9,26.7,67.4,98.0,13.42,3.3858,-44.0,1.92,1,2,1
20.4,1008.5,63.9,18.4,78.6,417.2,24.04,5.9423,-43.3,1.42,0,8,0
20.7,1014.6,29.5,26.7,80.7,534.9,10.51,2.6593,-27.8,4.64,0,7,0
26.8,1013.3,57.7,19.0,79.3,658.5,20.17,5.0294,-53.0,2.47,0,1,1
28.6,995.0,43.6,32.9,66.7,478.8,19.36,4.8341,-37.7,9.48,0,11,2
28.7,1004.2,40.2,19.9,86.0,466.6,15.7,3.9466,-58.3,9.8,0,11,2
21.9,1021.1,67.0,21.2,88.5,356.1,8.95,2.2699,-50.2,1.65,0,3,0
30.2,996.2,46.5,33.0,77.8,519.4,13.7,3.4536,-48.3,1.88,0,6,2
22.6,1004.2,31.1,10.7,69.0,477.9,12.14,3.0683,-49.5,0.98,0,9,0
29.1,991.0,65.1,27.2,64.3,547.1,9.81,2.4838,-20.0,3.29,0,10,2
20.1,1014.5,41.4,31.9,80.7,549.2,15.11,3.8006,-44.4,1.43,0,9,0
28.3,1004.0,68.6,25.9,86.7,519.6,11.89,3.0053,-28.6,0.33,0,10,2
21.0,1021.2,23.0,10.8,85.6,347.3,17.79,4.4548,-33.0,3.14,0,1,0
25.6,1003.2,23.4,4.5,73.9,116.6,15.47,3.8912,-23.6,1.35,0,8,1
27.2,1006.1,37.3,35.7,64.4,497.2,15.66,3.9361,-57.3,4.44,0,5,1
31.1,1017.4,94.4,6.3,63.9,367.9,11.05,2.794,-52.5,0.62,0,6,2
26.7,983.9,93.6,4.5,83.7,628.5,13.66,3.4431,-43.3,4.2,0,10,2
24.1,1006.5,28.5,45.0,74.1,625.0,15.78,3.965,-43.2,1.18,0,9,0
23.2,1009.6,19.4,19.1,61.6,712.1,20.41,5.0849,-37.0,0.28,0,9,0
31.7,994.5,27.8,8.7,79.4,240.0,11.58,2.9279,-35.2,4.29,0,11,2
25.8,1010.9,50.0,35.4,89.5,488.4,20.01,4.9896,-32.3,1.13,1,1,0
27.0,1018.8,43.3,5.1,77.5,344.0,22.55,5.594,-44.3,3.92,0,12,0
28.6,980.7,30.5,23.1,94.7,19.4,17.17,4.3054,-57.3,2.31,0,6,3
21.2,1011.5,58.6,29.0,93.3,279.7,8.06,2.0438,-24.1,0.55,0,4,0
28.0,1009.7,69.5,21.3,65.2,517.2,13.1,3.3067,-53.3,0.41,0,8,1
25.7,1014.2,38.0,33.1,73.0,153.1,23.51,5.8167,-36.2,1.25,0,4,0
26.0,1015.5,57.3,35.9,73.4,800.8,10.21,2.5853,-55.0,0.83,0,8,0
20.9,1003.8,51.4,22.2,63.9,530.0,17.94,4.4921,-45.9,0.4,0,12,1
27.4,1000.9,72.3,29.9,91.1,249.5,10.6,2.6835,-36.5,9.05,1,11,2
26.8,990.9,52.6,7.6,77.6,478.2,9.24,2.3416,-30.5,12.77,0,5,2
25.3,1008.8,43.7,32.4,69.3,323.7,24.74,6.1045,-40.4,0.2,0,4,0
25.7,1019.6,35.8,21.4,61.8,183.1,12.12,3.0617,-21.7,0.39,0,9,0
31.0,977.6,21.9,13.8,69.3,864.8,18.55,4.6385,-55.0,6.13,0,6,2
20.6,1007.3,68.2,30.6,65.0,442.4,13.8,3.4792,-59.8,4.6,0,1,0
31.5,1009.2,55.1,7.3,75.8,400.3,17.49,4.3839,-23.0,4.9,0,11,2
27.3,998.0,37.3,22.6,70.1,545.1,24.75,6.1065,-53.3,0.91,0,3,1
23.4,1014.6,61.3,35.6,94.2,392.7,19.16,4.7875,-26.8,0.28,0,9,0
29.7,979.5,26.7,9.9,83.7,417.7,22.85,5.6622,-54.0,0.4,0,5,2
20.5,1006.1,59.9,67.2,77.9,378.1,9.31,2.3586,-43.4,0.64,0,12,0
20.4,1004.6,90.8,37.8,64.8,302.5,8.69,2.2029,-52.4,1.37,0,1,1
29.9,991.1,21.4,31.3,84.7,154.0,17.63,4.416,-22.6,4.34,0,10,2
25.2,1011.6,68.6,11.0,64.2,580.3,19.61,4.8953,-35.5,1.25,0,8,0
27.1,1016.0,47.1,13.3,67.6,271.9,17.82,4.4635,-56.7,0.38,0,1,1
26.4,993.9,45.1,52.2,82.9,430.1,16.15,4.0559,-28.7,2.19,0,4,1
22.3,1008.0,56.4,15.7,64.6,548.6,13.62,3.4348,-46.9,1.37,0,4,0
26.3,1001.8,16.1,41.5,93.8,626.0,22.77,5.6436,-36.7,0.38,0,8,1
23.6,1005.9,17.8,31.9,75.0,354.5,8.08,2.0509,-22.1,1.21,0,1,0
29.7,1000.2,16.1,16.4,82.0,544.0,24.69,6.0908,-37.8,3.29,1,10,2
23.7,1002.5,24.4,11.1,74.2,564.6,17.27,4.3285,-41.3,1.53,0,4,0
32.0,988.5,88.5,15.7,94.0,685.5,16.63,4.1743,-45.3,5.07,0,5,2
20.8,1008.0,32.9,33.2,82.2,131.8,19.21,4.7979,-35.9,0.92,0,7,0
24.8,1023.2,78.7,36.0,75.1,456.8,10.7,2.7078,-31.3,1.47,0,8,0
30.9,1006.8,54.3,11.2,82.2,128.6,9.42,2.3862,-38.3,9.13,0,5,2
22.8,1023.1,44.8,32.7,92.9,455.0,15.97,4.0129,-48.3,3.47,0,9,0
21.2,1025.4,40.7,5.3,94.4,323.4,10.36,2.6227,-27.2,1.31,0,2,0
25.4,1003.6,40.6,18.6,88.0,189.4,16.95,4.2523,-25.4,0.34,0,3,1
29.3,999.3,83.7,25.9,85.9,60.3,12.92,3.261,-44.0,2.88,1,5,3
26.8,1018.0,56.5,24.9,61.0,206.9,16.39,4.1153,-43.8,4.74,0,7,1
27.4,999.4,33.3,7.6,73.7,571.8,18.43,4.6114,-43.7,1.89,0,10,2
28.5,988.4,50.2,19.3,64.3,298.4,21.45,5.3344,-53.7,6.39,0,6,2
26.3,1001.3,21.0,44.6,89.4,168.2,17.21,4.3145,-34.7,0.45,0,4,1
20.2,1010.7,26.3,32.2,63.1,365.2,13.69,3.4514,-23.1,2.58,1,7,0
20.1,1018.2,14.9,32.9,66.2,90.5,17.56,4.4002,-40.4,0.01,0,4,0
27.2,1009.7,81.9,25.9,74.1,705.4,22.16,5.5021,-51.2,3.99,0,12,1
25.5,1018.7,58.7,15.8,83.8,287.2,12.08,3.052,-43.3,3.81,0,12,0
26.7,1012.0,19.4,11.4,90.7,263.4,8.22,2.0864,-55.5,8.79,0,10,1
27.8,1009.7,44.7,41.5,91.2,160.7,22.37,5.5495,-27.3,1.53,0,9,1
20.6,1005.3,44.7,9.3,64.3,208.7,22.33,5.5403,-54.3,0.25,0,2,0
28.1,983.0,13.2,38.1,65.3,703.5,13.54,3.4153,-36.6,1.97,0,11,2
27.6,1014.8,43.5,19.1,76.1,316.7,12.97,3.2723,-45.8,2.68,0,1,0
21.6,1013.3,44.4,15.0,89.0,442.4,23.99,5.9287,-43.6,9.33,0,8,0
30.3,991.2,67.1,8.8,64.1,336.5,20.76,5.1698,-57.1,7.46,1,6,2
20.4,1019.1,62.8,32.7,61.1,210.9,8.36,2.1203,-56.6,0.82,0,9,0
24.7,1011.1,73.5,37.1,78.9,278.8,18.51,4.6311,-54.8,1.93,0,12,0
20.8,1002.5,29.9,22.2,86.2,47.4,12.22,3.0858,-58.4,0.27,0,12,1
27.7,1018.3,45.9,15.2,93.2,227.5,19.74,4.9267,-33.9,2.49,0,1,1
21.8,1017.9,27.9,32.1,72.5,126.9,14.53,3.6599,-42.9,1.05,0,1,0
30.3,986.9,41.3,17.6,71.5,651.2,17.99,4.5044,-31.5,20.5,1,6,2
26.5,983.4,63.1,46.5,77.3,151.0,14.26,3.5919,-42.9,5.5,0,6,2
28.7,997.1,31.3,15.5,62.7,501.6,23.77,5.8787,-36.3,1.4,1,11,2
28.6,970.7,73.1,31.5,84.5,519.0,20.27,5.0524,-36.8,6.09,0,11,2
30.6,977.4,29.9,19.1,81.4,539.8,18.89,4.7228,-50.7,6.74,0,11,2
32.0,977.9,69.7,8.4,93.1,40.8,13.94,3.5144,-50.8,3.32,0,6,3
27.7,1013.5,12.0,17.4,76.5,57.0,15.13,3.8066,-27.7,3.89,0,10,1
29.8,955.9,56.5,16.0,69.8,511.0,18.77,4.6926,-41.1,0.33,1,10,2
23.2,1007.6,66.8,14.4,68.0,27.8,19.77,4.9333,-28.7,2.57,0,2,1
24.9,1013.7,15.2,14.5,68.4,242.4,9.47,2.4001,-56.9,0.26,1,8,0
20.7,1019.7,60.6,2.1,68.1,393.4,9.33,2.365,-45.5,3.43,0,8,0
27.2,1022.8,24.5,27.7,86.4,183.8,8.38,2.1265,-50.6,1.56,0,1,0
23.3,1019.6,13.6,19.9,95.0,839.2,15.87,3.9879,-59.7,1.38,0,2,0
20.9,1008.6,47.0,19.2,87.8,76.4,11.03,2.7897,-37.8,2.4,0,8,0
24.1,1008.7,60.4,43.4,63.6,166.0,18.67,4.669,-29.5,0.36,0,12,0
21.2,1015.4,37.0,21.4,75.8,417.9,24.38,6.0212,-38.2,0.46,0,12,0
23.5,1008.4,43.2,28.3,93.5,284.7,13.41,3.3828,-30.1,1.51,1,9,0
28.3,974.5,48.0,24.5,89.7,251.6,10.31,2.6102,-53.2,3.48,1,5,2
23.3,997.1,51.6,31.1,60.1,375.3,9.78,2.4766,-36.8,0.89,0,7,1
21.6,999.0,26.7,34.9,76.1,400.8,12.16,3.0715,-40.9,0.17,0,3,0
23.4,1016.9,25.8,10.2,76.6,351.5,17.93,4.4892,-49.6,7.32,0,7,0
21.2,1003.5,56.0,7.0,68.7,128.4,24.44,6.0336,-43.7,0.76,0,12,1
29.4,984.1,23.9,11.8,80.7,362.4,13.07,3.2978,-21.9,1.76,0,6,2
27.7,1007.6,33.3,22.7,63.7,481.0,14.76,3.7161,-50.5,3.5,0,12,0
26.7,1022.1,32.0,21.4,82.0,273.0,14.29,3.6009,-32.1,3.59,0,1,1
24.9,1011.8,42.0,53.0,93.6,225.7,9.65,2.444,-32.9,1.6,0,2,0
27.3,1003.1,44.9,23.2,70.8,213.9,15.63,3.9286,-51.9,0.09,0,3,1
30.9,962.4,31.5,9.8,89.7,265.2,10.75,2.7213,-58.2,7.99,0,10,2
30.5,984.9,32.6,25.5,76.3,283.4,24.4,6.0251,-59.5,1.84,0,10,2
24.8,1005.6,54.8,40.0,60.5,261.4,15.38,3.8685,-24.6,0.78,0,3,0
25.5,999.0,35.4,29.0,82.7,400.8,19.22,4.8014,-48.3,0.94,0,1,0
21.9,1015.6,83.9,14.7,94.4,409.3,15.69,3.9452,-24.9,0.04,0,1,0
24.7,1003.9,67.8,11.1,66.2,577.7,15.28,3.8446,-42.2,1.74,0,9,1
23.1,1008.8,58.6,32.2,82.9,553.1,11.78,2.9787,-48.3,2.11,0,1,0
27.9,1011.9,29.5,7.3,85.6,363.6,20.06,5.0026,-59.7,0.07,0,12,0
26.0,1012.3,41.5,11.5,90.0,141.0,22.24,5.5199,-53.2,0.93,0,7,1
23.5,1014.2,49.1,9.3,90.5,318.5,15.07,3.7915,-43.8,1.77,0,2,0
30.0,988.0,18.6,23.9,91.4,464.9,13.21,3.3334,-35.1,0.9,0,11,2
27.4,1019.7,39.7,23.5,61.5,193.5,16.28,4.089,-38.5,2.07,1,5,1
23.7,1014.2,38.4,11.7,79.1,128.0,24.5,6.0489,-51.8,0.1,0,2,0
25.5,1002.9,54.4,10.2,74.0,502.6,17.04,4.273,-57.7,5.74,0,8,1
25.5,1005.4,19.8,18.7,81.2,540.4,20.64,5.1407,-21.9,1.03,0,8,0
23.0,1017.5,31.7,9.4,61.3,506.5,23.82,5.8912,-31.5,0.55,0,4,0
27.0,1008.9,13.7,7.9,94.5,365.8,21.5,5.3451,-49.7,1.11,0,9,0
25.5,1006.2,32.4,30.5,61.8,647.2,10.83,2.7405,-45.4,1.58,0,7,0
25.7,999.3,41.8,31.8,94.3,333.7,23.73,5.8688,-44.7,2.07,0,7,0
27.0,992.1,64.1,36.6,81.6,162.4,22.6,5.6056,-54.2,2.94,0,10,2
30.9,983.6,27.1,16.8,93.5,445.9,17.55,4.3966,-43.7,8.63,1,10,2
26.0,1011.7,38.5,11.4,63.6,97.3,16.21,4.0708,-36.2,1.55,0,7,0
26.2,1006.4,79.1,45.7,81.8,43.8,14.67,3.6944,-28.3,1.34,0,8,2
28.6,1025.8,65.9,18.8,61.7,25.8,16.95,4.2507,-44.4,7.71,1,5,2
26.4,983.5,69.7,19.5,68.5,375.0,14.3,3.6034,-23.7,1.63,0,6,2
24.4,1017.2,52.9,9.3,68.8,248.2,21.47,5.3378,-36.5,0.59,0,3,0
20.6,1008.9,16.2,21.2,92.6,464.7,9.65,2.4442,-55.8,0.22,0,1,0
26.4,1002.7,32.6,25.3,76.1,221.8,21.32,5.3016,-35.0,1.91,0,3,1
26.8,978.4,37.7,12.4,80.3,610.6,11.55,2.9193,-24.3,10.24,1,5,2
24.9,1000.5,26.5,18.7,60.0,217.7,11.9,3.0073,-40.1,0.62,0,3,0
22.4,1007.2,58.8,13.5,79.7,97.4,17.3,4.3359,-55.8,0.71,0,7,1
31.7,1004.7,56.7,31.4,69.8,388.5,16.14,4.0531,-42.9,2.42,0,11,2
20.5,1013.8,31.0,28.9,91.6,594.2,9.86,2.498,-46.1,6.25,0,1,0
24.8,1009.2,11.3,27.7,88.5,365.0,9.6,2.4329,-52.4,0.96,0,12,0
27.0,1005.0,34.7,34.0,72.1,484.1,10.68,2.7017,-23.3,1.26,0,12,0
23.1,1008.2,30.7,31.0,67.0,396.5,24.54,6.0581,-31.6,1.18,0,2,0
24.9,991.5,58.1,31.8,68.4,585.3,16.6,4.1655,-35.6,3.74,0,9,1
24.6,1011.0,24.3,10.7,89.8,506.5,8.64,2.191,-26.2,0.45,0,8,0
31.6,991.5,58.8,21.7,69.7,389.2,12.47,3.1491,-39.9,2.17,1,10,2
30.5,1019.3,30.3,30.7,61.0,468.0,21.94,5.4498,-59.9,13.63,1,5,1
23.8,998.6,68.5,18.7,90.8,381.2,24.15,5.9661,-30.9,1.93,0,9,1
25.8,1012.0,22.7,46.9,81.9,632.6,18.8,4.6999,-25.2,2.33,0,7,0
31.1,996.5,52.7,32.8,67.9,464.5,24.7,6.0931,-37.9,2.45,1,6,2
31.0,1006.5,80.2,16.0,87.9,409.1,16.36,4.1079,-58.5,15.52,0,6,2
20.2,1023.0,49.1,24.0,74.4,123.5,11.15,2.8196,-31.7,2.82,0,12,0
26.0,1012.4,56.5,38.0,85.7,225.1,11.47,2.8998,-35.0,2.55,0,9,1
21.0,1016.9,49.3,5.3,89.0,162.3,21.4,5.3224,-36.5,0.27,0,3,0
29.9,993.7,34.2,22.0,93.5,632.8,23.82,5.8907,-59.9,4.9,0,10,2
28.6,983.6,56.4,12.1,62.8,94.0,8.08,2.0509,-27.4,11.15,1,6,3
30.3,998.4,23.4,39.8,94.2,323.4,18.49,4.6264,-45.2,4.02,0,5,2
21.4,1016.0,33.3,19.2,91.9,197.6,24.76,6.108,-50.1,2.56,0,12,0
30.1,954.7,14.5,37.9,76.3,407.2,19.31,4.8238,-56.9,1.62,1,11,2
26.4,1012.8,27.2,23.1,73.5,560.8,8.08,2.0502,-49.0,5.95,0,12,0
27.2,1008.7,47.5,41.4,65.1,252.0,13.33,3.3621,-47.3,2.8,0,5,1
26.3,980.5,16.4,42.9,75.9,257.1,21.69,5.389,-46.2,5.03,0,11,2
26.9,994.2,43.2,17.3,63.5,233.5,15.7,3.9472,-25.1,2.01,0,5,2
22.5,1003.2,50.4,19.2,89.6,604.3,22.91,5.6767,-33.2,0.32,0,9,1
22.7,1015.6,57.7,7.8,82.3,509.4,18.7,4.675,-40.5,3.32,0,9,0
22.0,993.3,39.7,9.8,84.7,447.2,12.25,3.0945,-25.8,3.07,0,9,1
25.2,1018.9,69.5,12.9,79.6,185.8,12.79,3.2297,-55.2,3.52,0,2,0
27.5,986.4,34.1,5.4,88.6,545.7,8.07,2.0484,-23.2,5.28,0,6,2
29.8,990.9,53.8,17.3,94.8,100.3,18.19,4.5539,-49.3,2.66,1,6,3
25.7,1018.6,60.1,33.5,85.9,215.7,24.56,6.063,-51.6,2.26,0,9,0
31.4,991.2,54.5,21.4,71.2,87.7,16.64,4.1765,-36.4,6.07,0,10,3
22.6,1009.9,38.9,29.0,70.4,387.0,19.56,4.8818,-27.1,0.72,0,8,0
27.9,1007.1,59.9,22.2,64.8,216.8,8.86,2.2459,-56.9,1.83,0,8,1
25.2,995.8,28.4,37.5,90.2,370.6,21.89,5.437,-46.8,2.92,0,1,0
27.9,1006.9,33.5,24.1,61.5,395.4,20.35,5.0708,-21.5,0.01,0,8,0
25.5,1009.3,33.3,14.7,73.6,166.2,15.9,3.995,-49.6,0.1,0,9,0
23.4,1010.4,56.4,44.8,72.7,284.1,14.88,3.745,-33.3,0.42,0,4,0
24.3,1012.3,45.7,22.7,65.1,32.9,11.14,2.8168,-54.8,1.37,0,12,1
21.0,999.4,43.0,29.1,67.0,416.8,10.69,2.7059,-55.7,1.07,0,2,0
24.1,1011.2,63.4,37.3,88.3,593.2,15.94,4.0052,-24.5,0.12,0,9,0
24.4,1014.9,54.3,22.9,68.0,52.1,11.31,2.8596,-59.9,0.57,0,7,1
25.7,1015.3,42.2,15.6,87.8,167.6,8.62,2.1855,-37.4,3.91,0,4,0
30.4,963.1,53.5,41.1,79.7,667.5,15.32,3.853,-50.6,0.31,1,6,2
26.4,990.7,50.2,9.1,74.0,300.7,16.55,4.1537,-45.6,11.47,1,10,2
20.7,995.1,13.5,11.5,92.3,883.7,21.81,5.4177,-29.2,4.18,0,4,0
20.9,998.4,15.2,19.2,77.6,433.9,19.31,4.8226,-41.1,2.07,0,7,0
28.4,979.8,142.8,16.2,85.3,231.3,15.8,3.9708,-21.4,0.09,0,11,3
24.1,1007.3,53.1,27.9,84.1,158.8,22.88,5.6713,-48.5,5.95,0,12,0
27.7,1002.5,28.5,10.3,91.6,271.7,17.38,4.3554,-50.6,1.08,0,2,1
24.7,1007.8,47.1,10.6,94.2,532.9,12.42,3.136,-55.7,1.52,0,9,0
22.4,1013.5,40.2,22.9,92.2,633.7,8.19,2.0773,-52.9,1.45,0,2,0
31.6,1000.5,49.3,15.3,78.0,519.5,8.74,2.2166,-30.7,0.42,0,5,2
27.7,1020.1,57.9,22.1,81.0,170.2,17.17,4.3046,-34.4,0.37,0,4,1
29.6,994.4,66.4,24.6,77.6,313.1,13.19,3.3276,-41.5,2.35,0,11,2
23.2,1012.0,72.0,14.7,90.2,122.6,16.88,4.2337,-39.0,0.39,0,8,1
27.5,1002.2,50.1,43.7,76.1,332.4,15.38,3.8677,-56.1,0.89,0,8,1
24.6,1010.6,45.6,23.6,70.7,109.2,12.86,3.246,-23.0,1.12,0,1,0
27.7,1017.9,90.1,20.0,68.8,377.8,14.17,3.5702,-45.9,3.93,1,5,2
31.5,987.4,54.1,74.4,90.3,482.9,18.05,4.5199,-36.3,0.52,0,11,2
20.2,1005.1,59.4,31.2,83.2,319.4,23.02,5.7042,-44.8,0.24,0,9,0
23.3,1004.8,21.4,27.5,80.7,240.1,23.66,5.8521,-25.6,1.22,0,9,0
21.6,991.8,83.1,25.7,71.8,355.5,24.69,6.091,-40.4,0.15,1,9,1
22.7,1012.1,16.6,55.9,61.6,346.9,13.46,3.3955,-48.7,1.36,0,3,0
27.9,998.8,20.2,11.3,65.2,220.1,9.98,2.5286,-59.3,1.5,0,4,1
28.9,993.6,70.5,25.1,89.2,411.9,22.79,5.6502,-33.8,3.56,0,5,2
27.3,1020.9,38.2,14.2,78.7,654.8,17.52,4.39,-42.8,1.06,0,8,0
30.3,976.4,35.9,12.0,84.4,138.8,16.66,4.181,-37.0,2.13,0,5,3
24.6,1020.6,35.3,24.2,66.3,590.4,10.59,2.6801,-31.7,0.42,0,12,0
22.3,1012.4,36.4,9.2,86.4,583.6,8.14,2.0661,-26.1,0.08,0,12,0
27.3,1008.2,42.0,18.0,76.6,491.9,12.04,3.0423,-27.8,2.66,0,3,0
22.3,1002.7,60.1,14.7,69.1,219.3,19.3,4.8204,-54.8,0.04,1,1,1
22.0,990.8,59.2,29.7,82.7,162.3,24.77,6.1099,-23.9,0.94,0,1,1
28.9,996.3,58.5,47.3,68.7,162.2,15.18,3.8194,-50.3,9.58,1,10,2
26.3,1005.0,64.9,21.2,79.6,267.2,16.68,4.1871,-44.9,0.55,0,8,1
20.2,1004.5,50.2,30.0,79.0,472.3,20.91,5.2058,-28.9,0.48,0,7,1
23.3,1002.4,64.6,21.0,70.6,411.2,24.28,5.996,-27.9,0.52,0,3,1
21.5,1014.8,40.9,24.6,78.2,652.4,23.08,5.7184,-29.7,0.92,0,2,0
28.6,995.0,30.7,9.3,62.3,299.2,10.65,2.6961,-35.8,13.62,0,6,2
31.9,980.3,49.4,15.9,80.2,267.2,19.99,4.9864,-43.5,5.33,0,6,2
25.7,1011.9,34.3,32.8,86.5,450.5,24.72,6.0983,-55.2,3.79,0,9,0
30.7,986.0,53.5,18.1,73.7,492.7,21.66,5.3837,-24.7,0.26,0,11,2
29.0,1009.8,59.3,36.5,90.4,331.8,8.83,2.2377,-38.9,3.16,0,11,2
29.2,1011.8,54.3,52.2,68.1,1047.5,12.92,3.2613,-20.6,4.8,1,5,2
20.8,1012.3,62.0,17.9,74.9,139.1,23.95,5.9195,-24.6,1.61,0,4,1
28.6,991.9,73.0,16.6,67.0,505.4,16.12,4.0499,-51.8,4.72,1,5,2
23.6,1007.9,37.9,24.0,63.0,266.5,23.65,5.8512,-42.8,0.11,0,3,0
24.8,1015.2,48.5,15.1,61.3,206.1,8.04,2.0394,-59.5,1.5,0,2,0
25.4,993.9,75.8,19.8,84.6,169.2,13.21,3.3335,-46.9,1.9,0,7,1
31.6,983.6,30.5,26.7,93.5,449.5,21.58,5.3649,-53.8,2.37,1,6,2
31.8,987.3,60.7,69.8,93.8,276.3,12.91,3.2591,-44.2,0.46,1,11,2
21.1,1020.5,16.4,24.4,80.3,588.2,13.94,3.5128,-29.6,4.7,0,12,0
22.8,1015.6,51.1,17.7,81.4,267.3,15.65,3.9354,-41.0,2.82,0,1,0
30.7,987.9,53.1,30.0,73.2,408.6,16.97,4.2556,-57.0,2.25,0,10,2
24.3,1000.2,51.8,6.5,80.9,462.6,12.25,3.0955,-43.5,1.17,0,7,1
20.9,1006.9,67.3,19.5,63.3,934.7,11.81,2.9852,-24.0,0.65,0,3,0
26.7,1000.5,39.5,31.6,62.8,252.0,17.53,4.3938,-52.3,0.58,0,1,1
23.4,1005.2,55.1,32.7,64.3,69.8,23.27,5.7616,-50.4,1.11,0,7,1
23.5,1017.1,42.3,17.9,62.3,510.5,10.65,2.6943,-36.1,0.09,0,7,0
26.1,985.6,45.0,38.2,89.0,560.1,12.68,3.2002,-41.3,0.79,0,11,2
27.2,1019.0,28.2,28.2,81.0,232.0,19.32,4.824,-39.2,0.11,0,1,0
25.1,994.3,53.6,18.0,61.1,105.1,20.03,4.9962,-36.3,1.9,0,2,2
27.4,995.1,32.1,36.4,61.3,205.6,15.07,3.7927,-38.8,6.64,1,10,2
25.3,1017.1,62.2,23.0,88.0,444.7,20.11,5.0138,-35.2,2.2,0,9,0
23.1,998.1,67.4,19.9,93.9,483.4,20.69,5.1527,-55.7,0.26,1,12,1
31.4,967.5,106.8,8.4,63.2,505.2,21.05,5.2377,-53.5,18.27,1,10,3
23.1,1010.8,69.0,26.9,94.3,503.5,21.1,5.2511,-55.4,2.37,0,2,0
27.4,1021.6,39.8,19.2,62.0,769.8,22.45,5.5696,-32.8,0.32,0,4,0
25.0,1012.3,31.7,11.5,75.4,654.4,11.73,2.965,-22.4,0.49,0,3,0
31.9,981.6,71.2,26.0,72.0,407.1,18.32,4.5853,-33.3,0.61,1,11,2
25.9,1006.5,52.6,17.8,65.3,156.6,23.56,5.8295,-43.4,0.07,1,3,0
27.6,992.2,27.6,9.3,88.9,88.3,10.43,2.6395,-55.3,3.02,0,6,2
26.4,990.5,68.0,40.1,83.5,475.5,15.33,3.8555,-55.7,7.28,0,11,2
31.5,978.6,31.6,34.1,60.6,319.2,21.77,5.4095,-42.6,6.4,0,11,2
25.8,1020.1,72.9,11.8,66.4,457.5,8.07,2.0469,-53.4,0.61,0,2,0
24.7,1022.9,32.5,6.6,83.8,642.4,24.27,5.9945,-34.7,2.02,0,9,0
29.2,997.2,81.1,10.5,82.7,425.4,12.58,3.1776,-44.0,3.63,0,5,2
23.2,1018.6,35.3,22.2,84.1,179.7,23.83,5.8918,-50.1,0.73,0,12,0
22.9,1001.2,35.7,29.2,86.0,228.6,21.46,5.3355,-37.5,0.6,0,4,1
23.7,1028.0,38.7,26.9,70.6,615.0,18.01,4.508,-50.0,1.36,0,2,0
29.9,973.8,68.7,8.5,74.1,548.2,12.15,3.0698,-45.5,0.3,0,11,2
29.6,984.2,40.6,16.6,62.0,539.4,20.58,5.1275,-25.0,2.4,0,5,2
26.9,1003.8,48.8,25.9,91.9,351.8,14.04,3.537,-30.6,0.57,0,8,1
26.5,1009.7,29.3,21.1,72.3,94.5,24.48,6.0424,-42.6,0.03,0,7,1
26.6,1008.2,60.0,16.0,77.1,32.9,12.89,3.2541,-37.0,0.35,0,9,2
25.4,993.0,26.1,22.9,81.5,249.0,14.59,3.6733,-54.6,3.59,0,3,1
23.7,1015.7,50.1,13.0,67.5,382.0,15.32,3.8545,-33.1,0.06,0,3,0
26.2,1004.2,25.5,2.2,65.1,214.6,9.09,2.3037,-26.1,1.87,0,4,1
24.4,1015.6,14.9,29.3,94.3,238.2,20.07,5.0053,-27.9,1.74,0,1,0
20.1,1011.4,17.5,16.1,72.2,411.6,17.87,4.4763,-39.6,7.25,0,9,0
20.6,1010.0,48.2,18.0,87.0,445.7,21.37,5.3151,-28.5,1.15,1,8,0
29.4,989.4,56.7,24.6,67.1,629.8,9.79,2.4801,-54.1,12.97,0,5,2
27.1,991.4,63.8,23.4,62.9,427.5,9.1,2.3066,-51.8,7.85,1,11,2
29.9,968.5,51.9,45.3,81.3,134.3,21.84,5.4246,-33.4,2.22,0,11,3
20.1,1010.8,32.8,29.1,89.3,441.1,24.35,6.0125,-47.2,6.79,0,4,0
30.0,989.8,48.9,36.8,84.7,552.1,17.79,4.4549,-46.1,0.31,0,10,2
30.0,975.7,46.2,25.9,79.1,475.2,17.89,4.4807,-46.5,4.34,0,5,2
27.1,981.3,102.8,23.3,85.2,399.4,23.57,5.8321,-24.8,12.26,0,5,2
27.3,1012.3,31.6,9.4,91.1,242.5,16.12,4.0487,-33.0,1.42,0,2,1
27.4,1009.2,40.2,9.2,70.2,572.7,19.46,4.8579,-50.0,0.24,0,7,0
20.4,997.6,39.5,22.5,81.7,420.1,12.06,3.0466,-47.4,0.71,0,9,0
27.4,1016.4,20.3,16.0,61.2,375.1,16.25,4.0801,-44.9,1.12,0,1,0
30.1,979.7,57.0,3.7,83.1,98.5,16.8,4.2149,-26.0,11.06,0,5,3
21.8,1011.7,48.9,33.4,83.0,109.3,19.46,4.8584,-35.2,1.0,0,3,0
23.9,1023.7,47.5,19.3,77.7,324.8,12.73,3.2134,-58.1,1.56,1,1,0
25.0,1010.0,38.4,15.3,90.6,279.7,18.55,4.6406,-47.5,2.0,0,7,0
29.8,991.5,76.7,27.1,83.6,470.0,23.71,5.8636,-35.1,10.89,0,5,2
24.0,1015.4,45.9,21.3,79.4,452.4,21.52,5.3505,-48.7,0.28,1,4,0
22.8,1010.9,91.0,32.9,90.5,509.4,9.81,2.4857,-42.5,2.57,0,8,0
26.9,1037.9,73.8,29.1,66.3,818.2,19.85,4.9512,-34.1,19.36,1,5,1
27.3,1010.3,62.5,21.9,71.3,300.4,16.09,4.0411,-45.3,6.41,0,11,1
21.6,1008.5,41.8,15.1,62.8,686.2,18.05,4.5192,-59.5,1.2,0,9,0
21.0,1017.2,27.5,15.7,71.0,205.8,12.72,3.2104,-23.9,1.95,0,2,0
27.1,1012.9,54.1,28.5,84.1,369.3,19.17,4.7898,-52.1,10.07,0,10,1
27.7,1015.9,54.9,28.4,87.7,526.3,17.56,4.4007,-46.7,1.64,0,4,1
23.0,1009.6,42.8,60.4,88.8,387.7,21.9,5.4396,-45.5,0.23,0,9,0
24.8,1020.9,48.3,34.0,89.5,530.3,14.77,3.7193,-29.1,2.49,0,8,0
24.2,1005.8,54.1,15.4,82.2,439.1,23.28,5.7636,-57.5,1.28,0,12,0
27.9,987.9,60.1,42.0,67.9,394.5,10.05,2.545,-50.3,1.31,1,6,2
28.1,991.1,120.3,43.7,94.6,394.8,10.28,2.6031,-22.5,2.04,0,5,3
21.5,1017.2,46.9,16.5,84.9,141.0,16.37,4.1111,-32.1,1.24,0,2,0
26.5,994.8,24.0,21.6,89.8,661.7,14.86,3.7407,-37.6,5.66,0,5,2
28.9,985.8,41.1,4.4,71.6,450.1,23.15,5.733,-37.8,2.51,0,5,2
23.0,1001.4,75.7,35.1,62.0,639.4,10.36,2.6218,-35.3,3.0,0,3,1
26.1,1014.6,71.9,24.0,94.8,385.3,24.2,5.9774,-37.1,3.82,0,11,1
26.9,1008.4,53.0,20.1,91.3,254.9,24.66,6.0856,-57.0,0.77,0,7,1
23.3,998.0,22.1,2.3,79.8,359.1,15.84,3.981,-43.0,0.61,0,7,0
31.7,1004.7,50.2,7.6,75.5,416.0,14.42,3.6315,-41.3,0.16,1,10,2
21.0,1028.3,39.8,20.8,63.7,159.0,17.1,4.2876,-55.9,0.51,0,8,0
21.9,995.8,37.6,5.4,75.2,185.7,9.8,2.4828,-28.9,0.1,0,8,1
31.0,1019.1,54.8,31.2,85.3,447.0,24.3,6.0026,-46.7,3.87,0,10,2
28.1,971.7,17.5,27.0,88.4,325.0,10.27,2.6007,-48.9,3.95,0,5,2
30.3,973.2,15.9,10.6,62.3,503.9,20.28,5.0557,-44.3,23.53,1,6,2
28.6,989.5,79.8,27.5,77.2,156.5,21.65,5.3805,-44.4,0.49,0,10,2
21.1,1024.6,28.2,16.5,60.2,198.7,19.36,4.8352,-24.8,0.17,0,4,0
24.7,1015.2,32.5,19.0,67.2,88.1,17.6,4.411,-28.0,0.2,0,3,0
23.8,1012.8,55.8,17.2,89.0,294.7,16.55,4.1533,-26.9,0.22,0,8,0
27.9,1001.4,40.5,21.8,62.4,506.7,23.39,5.7897,-54.1,2.05,0,3,1
24.4,1021.8,45.4,16.2,85.4,643.2,20.33,5.0678,-48.9,1.69,0,9,0
27.8,970.5,55.5,17.7,69.2,544.6,12.92,3.2617,-27.3,1.24,1,6,2
22.1,999.2,49.9,17.8,79.2,497.8,19.44,4.8549,-39.2,1.98,0,12,0
20.3,989.9,50.2,37.5,79.8,53.8,24.44,6.0332,-37.9,0.31,0,12,2
24.6,1017.8,31.8,13.7,81.6,236.9,21.1,5.25,-57.9,1.77,0,3,0
28.4,974.9,50.0,28.4,68.0,219.5,20.16,5.0262,-21.5,15.03,0,11,2
31.8,984.8,62.3,6.5,93.5,204.5,22.25,5.5212,-38.3,3.63,0,11,2
27.8,1012.2,59.6,36.8,81.2,556.2,12.39,3.1283,-45.5,1.64,0,1,1
28.2,984.0,49.8,36.8,76.4,255.9,19.77,4.9339,-33.7,3.59,0,10,2
20.8,1015.3,22.3,15.7,93.6,108.3,24.53,6.055,-42.6,0.23,0,4,0
32.0,969.6,74.7,45.8,64.1,311.7,17.32,4.341,-45.9,5.52,0,10,2
28.1,1007.5,70.5,20.6,67.7,465.7,16.18,4.0638,-40.8,6.83,0,10,2
22.4,1001.1,35.0,52.2,81.0,256.1,14.01,3.5315,-51.7,0.73,0,12,1
30.6,995.9,76.5,21.7,61.9,1069.4,9.22,2.3377,-37.7,2.14,0,10,2
23.4,998.9,30.5,23.5,73.2,690.2,9.5,2.4075,-32.6,2.57,0,7,0
22.3,996.6,35.1,19.4,83.0,271.0,13.01,3.2821,-43.5,0.4,0,2,1
27.7,1007.9,82.0,23.2,68.7,553.9,22.29,5.5322,-29.6,0.42,0,1,1
27.5,1011.1,15.4,22.4,65.4,294.5,18.69,4.6723,-57.9,5.88,0,7,0
22.8,1026.4,41.4,29.8,86.9,366.9,24.15,5.9666,-24.6,0.19,0,8,0
25.9,1012.2,55.3,27.9,92.2,295.4,24.56,6.0628,-22.0,2.27,1,7,0
28.4,995.3,61.4,20.8,87.7,325.1,9.22,2.3358,-26.6,24.77,0,5,2
20.5,1009.6,32.1,11.1,85.8,232.8,10.5,2.658,-53.2,0.94,0,2,0
29.3,1002.8,51.8,24.9,79.6,93.1,23.45,5.8036,-20.3,29.89,0,6,2
25.1,1006.5,58.7,18.9,60.8,118.2,8.19,2.0766,-53.2,4.21,0,4,1
24.0,999.7,38.2,31.6,68.9,271.2,10.7,2.7081,-33.5,7.72,0,2,1
24.6,1012.3,53.5,40.5,81.7,659.3,16.93,4.2463,-59.2,4.14,0,4,0
23.1,1013.6,83.7,21.5,61.1,30.6,8.52,2.1596,-43.5,0.9,0,8,1
22.8,1014.0,55.1,30.9,84.4,308.3,16.22,4.0728,-26.5,0.84,0,8,0
26.1,1011.8,71.3,20.4,78.4,369.0,8.29,2.103,-55.0,3.66,0,2,1
20.2,1006.9,48.9,28.7,60.8,497.1,8.1,2.0547,-40.0,0.15,0,9,0
31.5,963.8,66.2,40.7,75.3,250.8,8.88,2.2509,-35.8,8.0,0,5,3
20.6,1019.0,59.1,53.8,69.8,349.1,19.21,4.7977,-50.2,4.18,0,12,0
26.4,1022.6,42.1,7.2,70.9,598.1,14.27,3.5947,-35.3,2.25,0,2,0
28.0,996.2,56.9,29.7,80.0,517.3,24.53,6.0547,-55.8,3.98,0,6,2
26.8,1014.9,43.8,19.0,79.5,457.4,9.02,2.2859,-34.1,3.05,0,2,0
25.5,1014.7,16.7,28.8,82.2,522.4,20.68,5.1509,-52.4,2.28,0,3,0
26.0,1014.0,59.7,11.5,89.9,367.9,14.81,3.729,-53.7,4.29,0,11,1
20.6,1020.1,24.8,17.7,85.7,425.6,13.43,3.3863,-33.4,4.15,0,3,0
23.6,1021.5,36.8,58.0,71.8,289.3,20.34,5.0699,-28.3,0.27,0,8,0
20.1,1009.6,71.9,25.1,90.0,500.1,18.48,4.6222,-46.7,2.02,0,3,0
20.3,1015.7,42.3,15.1,87.3,318.5,9.21,2.3355,-20.8,1.17,0,4,0
28.9,986.5,53.0,21.2,72.9,55.6,20.89,5.1993,-23.0,1.1,0,11,3
25.1,1001.7,43.2,30.4,90.3,92.9,18.69,4.6723,-23.3,1.73,0,7,1
25.7,1015.6,23.6,26.5,65.6,634.3,20.3,5.0599,-42.1,1.55,0,4,0
28.7,970.9,58.1,38.4,88.7,482.9,18.23,4.5613,-30.7,11.1,1,10,2
20.4,1018.2,46.4,32.0,68.0,256.6,18.16,4.5466,-53.6,2.0,0,3,0
28.2,992.3,30.3,22.9,90.6,239.6,18.75,4.6868,-20.8,1.2,0,11,2
25.6,1014.1,65.7,20.6,80.4,413.7,12.87,3.2479,-57.4,0.33,0,1,0
22.9,1008.8,48.6,28.0,62.9,505.3,20.24,5.0453,-40.6,0.39,0,7,0
23.4,1016.7,46.7,6.5,91.1,281.7,19.0,4.7475,-32.2,0.24,0,9,0
23.9,1005.0,43.2,19.3,79.9,457.5,24.27,5.9944,-26.9,0.05,0,8,0
31.6,976.9,46.3,31.7,67.3,103.4,22.22,5.5162,-46.0,1.98,1,5,3
27.0,1009.4,24.6,12.4,75.0,377.8,17.39,4.3592,-42.9,0.96,0,11,1
20.4,1011.9,52.5,41.3,72.3,357.0,20.31,5.0628,-40.9,0.36,0,2,0
27.1,1021.3,29.5,30.1,91.8,442.2,19.4,4.8445,-26.4,0.16,0,9,0
27.2,984.7,132.2,24.8,89.2,51.9,19.62,4.8964,-32.8,21.11,1,10,3
24.7,1007.4,40.2,17.9,84.6,331.6,21.79,5.4138,-24.4,0.1,0,4,0
20.1,1012.8,13.4,38.1,76.8,586.5,13.74,3.4632,-26.0,3.09,0,8,0
23.4,1019.2,59.4,20.4,71.1,370.4,17.28,4.3313,-21.9,1.77,0,3,0
27.7,1003.5,41.3,27.8,62.4,344.3,19.16,4.7874,-31.5,3.02,0,4,1
31.5,994.1,55.7,21.5,60.4,92.6,12.59,3.18,-47.8,3.04,0,6,3
25.9,1005.2,53.7,9.3,67.7,134.3,14.76,3.7165,-51.3,0.76,1,7,1
22.8,1013.8,56.3,39.7,90.6,159.6,9.63,2.4387,-57.1,0.43,0,4,0
20.5,1011.6,60.9,25.6,82.6,281.8,8.08,2.0491,-45.3,1.38,0,4,0
20.3,1002.2,39.4,30.2,89.0,350.5,14.97,3.7681,-47.5,0.52,0,9,0
22.2,1016.9,37.3,27.9,79.7,352.7,18.16,4.5445,-38.7,1.79,0,1,0
26.9,996.5,80.8,38.6,68.5,499.7,10.83,2.7411,-52.2,0.17,0,4,2
26.5,1005.5,34.9,27.4,94.6,409.7,17.19,4.3102,-50.2,0.06,0,4,0
29.4,976.7,30.9,10.0,67.8,495.4,18.44,4.6132,-37.1,1.54,1,6,2
25.0,999.7,29.1,9.6,63.2,31.6,19.58,4.8868,-37.0,0.15,0,3,1
22.5,1008.8,41.1,31.9,64.0,95.2,17.22,4.3179,-30.1,1.23,0,4,0
31.6,1003.9,44.2,60.5,67.0,368.8,8.18,2.0761,-56.2,2.2,0,11,2
28.8,970.3,56.4,19.9,80.6,290.9,10.04,2.5424,-59.6,11.77,0,11,3
24.6,1012.4,42.2,8.7,86.4,220.4,9.3,2.3576,-44.3,2.13,0,2,0
30.7,977.9,30.7,45.3,91.3,317.7,24.15,5.9658,-35.4,1.05,1,11,2
21.9,1011.5,53.8,62.4,78.8,357.9,23.55,5.8282,-52.8,4.59,0,2,0
26.7,1005.0,45.0,23.5,93.1,450.0,22.59,5.6021,-28.8,0.41,0,1,0
25.6,1008.7,60.7,29.8,73.8,309.9,21.33,5.3046,-22.0,0.89,0,4,0
28.3,986.6,43.3,46.8,77.4,260.1,12.92,3.262,-30.0,6.7,0,11,2
30.9,976.0,34.5,34.1,76.7,95.3,8.97,2.2737,-30.4,2.55,0,6,3
25.9,1018.9,16.9,20.5,70.2,238.2,20.92,5.2075,-30.3,2.34,0,9,0
31.0,967.2,37.2,11.4,60.1,551.1,20.41,5.0859,-22.4,3.47,0,10,2
27.0,1002.3,25.0,24.9,65.0,525.2,22.89,5.6733,-56.5,0.87,0,12,1
20.6,1010.7,44.4,7.6,77.0,529.0,21.34,5.3079,-52.8,4.89,0,7,0
23.0,1023.2,66.0,5.1,71.7,175.7,10.22,2.5875,-28.3,2.38,0,4,0
25.7,1012.7,73.9,30.2,85.6,230.2,13.46,3.3936,-58.8,0.3,0,8,0
26.0,1007.6,13.8,26.9,78.2,333.0,10.21,2.5864,-36.7,1.65,0,9,0
28.7,971.1,30.1,3.8,90.8,415.8,13.44,3.3889,-32.5,0.58,1,10,2
23.4,1002.9,24.1,14.6,79.5,309.8,17.71,4.4356,-27.0,0.36,1,9,0
25.7,998.6,51.9,17.3,93.6,587.3,10.96,2.7724,-36.3,7.04,0,12,1
20.7,998.2,43.1,53.0,86.3,574.5,21.53,5.3519,-21.5,2.98,0,8,0
23.3,1015.4,47.6,29.6,90.4,498.2,20.04,4.9988,-41.0,0.25,0,1,0
28.0,948.1,50.2,27.0,62.4,115.2,17.15,4.2999,-46.4,4.36,0,6,3
29.5,972.7,94.9,12.6,75.1,357.0,20.3,5.0598,-24.0,0.97,0,5,3
27.2,981.4,76.1,24.8,86.2,126.7,10.21,2.586,-46.4,1.6,0,11,2
20.5,1008.2,35.6,30.2,63.1,233.1,10.2,2.5834,-53.8,5.12,0,9,0
20.4,1007.4,42.5,24.0,84.5,520.0,14.8,3.7251,-44.8,2.26,0,3,0
20.6,1008.3,43.5,21.8,93.8,478.0,18.36,4.5938,-49.6,0.1,0,4,0
26.0,999.4,64.1,6.6,80.8,319.3,13.39,3.3784,-33.1,2.45,0,7,1
24.3,1026.8,43.9,20.5,87.6,144.4,14.15,3.5655,-47.5,1.99,0,3,0
26.6,996.3,54.2,43.6,89.7,400.5,16.58,4.1612,-37.2,7.45,0,6,2
20.6,1002.9,46.6,30.9,73.8,146.0,9.87,2.4997,-40.8,0.96,0,1,1
26.5,1009.7,72.6,28.8,77.6,120.9,16.22,4.0726,-32.7,0.14,0,1,1
20.7,1001.1,70.2,14.8,77.4,1017.8,24.49,6.0453,-41.4,11.65,1,1,1
27.2,1019.4,97.1,13.6,94.5,275.5,23.43,5.8001,-31.7,6.08,0,11,2
27.8,1016.7,28.7,26.6,75.7,486.5,24.68,6.0889,-23.3,0.63,0,3,0
30.6,988.3,58.7,14.5,93.5,185.9,16.65,4.1786,-39.0,0.34,0,10,2
29.1,971.3,33.9,29.5,63.0,240.6,13.65,3.442,-42.1,2.89,0,11,2
25.6,1009.3,22.0,19.6,90.6,86.1,15.28,3.8445,-55.0,5.81,0,4,0
26.9,1015.1,30.4,12.7,74.8,638.3,12.53,3.1644,-26.6,0.3,0,8,0
22.8,1007.8,27.4,15.9,64.5,478.5,24.06,5.9452,-20.3,0.98,0,9,0
27.5,997.8,32.9,27.8,62.7,537.4,23.52,5.8197,-40.7,0.02,0,7,1
20.4,1007.5,65.7,30.7,72.2,262.5,18.76,4.6903,-37.1,1.23,0,12,0
27.7,1006.5,41.0,25.7,81.7,554.3,19.43,4.8518,-54.1,0.96,1,6,1
26.7,1007.0,58.2,44.6,64.0,436.5,17.58,4.406,-39.4,5.2,0,12,1
27.6,1005.6,41.3,19.1,69.3,431.1,23.84,5.8938,-32.7,0.1,0,8,0
20.5,1005.6,62.8,18.8,68.3,293.0,9.59,2.4293,-59.7,1.36,0,7,0
26.9,1003.3,96.7,9.1,72.0,103.8,12.69,3.2033,-28.2,0.25,0,10,2
21.7,1018.4,43.8,40.8,86.3,435.8,21.25,5.2866,-24.8,0.54,0,12,0
24.1,1008.5,68.2,22.3,85.3,692.1,15.4,3.8722,-38.3,2.42,0,9,0
31.7,979.7,178.4,11.5,77.3,288.7,14.91,3.7531,-53.9,6.05,0,11,3
29.2,1004.8,33.0,7.8,76.5,364.2,10.6,2.6828,-34.8,6.14,0,6,2
22.9,1028.2,31.3,13.2,92.9,264.3,12.59,3.1792,-47.6,0.15,0,2,0
24.9,1001.6,36.7,24.5,90.0,510.3,12.5,3.1578,-53.5,1.18,0,1,0
31.5,978.6,99.8,21.9,82.2,457.8,24.24,5.9871,-45.4,7.03,1,6,3
29.7,993.4,57.7,31.3,65.3,208.7,13.0,3.2818,-46.4,1.68,0,10,2
30.2,997.9,54.4,17.0,83.8,430.9,16.04,4.0292,-55.9,12.16,0,10,2
30.6,1017.6,38.2,35.9,93.9,217.9,11.0,2.784,-32.8,0.43,0,6,2
25.5,1010.8,32.0,5.9,83.5,529.0,23.79,5.8821,-59.9,1.63,0,3,0
25.6,1013.7,58.0,40.0,78.8,223.0,21.9,5.4401,-22.8,0.56,0,9,0
22.2,1021.4,37.8,3.1,83.0,143.0,10.53,2.6657,-49.7,2.14,0,1,0
22.0,1013.7,77.8,12.3,60.8,233.9,22.66,5.6183,-36.1,2.78,0,8,0
23.0,1006.0,24.1,74.5,80.6,132.8,19.44,4.8533,-21.1,3.59,0,12,0
31.9,990.2,58.8,18.3,78.2,446.2,23.55,5.8267,-21.0,2.77,1,6,2
27.9,1015.4,21.7,27.9,80.1,205.9,8.94,2.2671,-57.3,0.37,0,7,0
29.0,1012.8,16.4,52.6,79.3,87.8,19.5,4.8692,-37.4,0.77,0,11,2
27.6,979.6,76.2,41.4,75.7,317.2,9.4,2.3824,-32.6,7.02,1,5,2
26.1,1017.7,32.2,29.3,64.2,469.4,14.5,3.6507,-37.8,1.54,0,12,0
26.7,997.6,33.6,34.4,67.5,112.5,21.18,5.2693,-38.9,4.35,0,4,2
31.3,1011.2,35.9,8.5,63.4,236.2,10.42,2.6371,-58.0,8.15,0,6,2
24.0,994.3,40.5,22.6,67.7,83.8,11.06,2.7968,-50.5,3.23,0,4,1
20.0,1002.0,38.0,25.4,67.4,163.2,19.43,4.8522,-43.1,3.95,0,12,1
24.3,992.9,45.1,28.2,63.5,350.1,22.25,5.5229,-55.9,1.55,0,9,1
26.3,1019.1,58.6,24.3,83.8,357.1,16.34,4.1039,-22.2,0.82,0,2,1
29.0,1009.3,59.9,3.4,69.4,162.4,24.45,6.0361,-38.6,4.26,0,10,2
24.4,1011.3,32.7,16.5,92.8,266.1,19.97,4.9814,-36.8,0.79,0,7,0
24.6,1010.1,16.1,27.6,63.7,86.6,12.41,3.1347,-53.4,0.81,0,4,0
21.0,1013.5,26.6,6.2,89.1,562.9,21.13,5.2576,-31.0,0.86,0,1,0
23.4,1012.1,69.6,30.5,94.6,561.8,11.4,2.8832,-27.7,4.26,0,3,0
22.5,1007.0,28.2,44.2,87.1,415.0,13.71,3.4559,-23.3,1.57,0,1,0
31.5,962.3,83.7,8.0,63.4,261.0,11.46,2.8966,-51.5,2.13,0,6,3
26.9,990.0,69.7,10.9,68.4,260.6,23.28,5.7637,-22.8,0.59,1,11,2
20.7,996.9,22.7,26.9,93.5,400.4,18.58,4.6481,-46.7,3.06,0,3,0
28.5,980.3,74.8,38.6,80.7,404.9,8.14,2.0643,-42.1,0.2,0,10,2
28.4,988.2,52.2,21.8,80.2,125.5,17.19,4.3094,-49.3,0.52,1,5,3
22.9,997.4,28.9,30.9,84.3,511.8,18.61,4.6538,-54.9,5.54,0,8,0
24.4,1021.9,44.9,33.3,63.6,445.6,19.69,4.9149,-35.4,2.9,0,2,0
29.1,1000.1,42.5,27.7,86.0,310.5,17.99,4.5041,-29.0,8.39,0,6,2
30.0,994.0,47.5,35.7,84.8,501.9,11.92,3.0114,-41.3,0.33,0,11,2
29.0,989.6,23.4,28.8,87.6,499.1,15.91,3.998,-30.0,3.9,0,11,2
26.4,998.3,59.9,15.6,60.4,526.2,22.22,5.5144,-20.1,0.26,0,7,1
20.7,1013.1,56.9,29.5,77.6,161.4,18.94,4.7333,-25.8,0.26,0,7,0
20.9,1016.5,29.3,38.3,83.3,289.0,8.42,2.1364,-58.1,0.05,0,7,0
26.7,1022.7,29.8,37.9,61.2,277.9,9.0,2.2815,-45.4,2.74,0,1,0
21.0,1012.6,33.1,34.4,83.5,282.6,14.3,3.6026,-40.1,1.75,0,8,0
28.8,988.8,30.6,28.5,68.0,173.9,18.47,4.6209,-39.1,9.81,0,5,2
25.7,1014.5,33.0,26.5,60.8,322.9,22.51,5.5826,-33.8,1.19,0,3,0
20.3,1001.0,53.4,22.9,81.6,424.0,20.11,5.0139,-46.5,1.91,0,4,1
21.5,1010.8,37.9,5.0,78.4,542.4,22.66,5.6194,-38.2,0.51,0,3,0
20.2,1005.2,32.1,9.3,93.5,312.6,18.92,4.7283,-47.6,0.11,0,1,0
24.6,1005.5,27.0,21.0,74.4,380.4,8.54,2.1661,-54.7,3.29,0,7,0
27.3,978.4,69.5,27.5,88.1,380.3,23.17,5.7391,-34.2,5.76,0,5,2
30.7,985.2,61.2,32.4,64.4,89.6,11.06,2.7973,-29.8,17.96,0,10,3
31.0,976.4,61.7,49.4,84.1,48.1,15.67,3.9383,-59.3,12.06,0,10,3
21.3,1020.8,29.6,20.5,91.9,241.0,15.27,3.8403,-52.3,0.11,0,9,0
22.5,1004.6,29.5,25.7,62.3,437.6,11.44,2.8917,-22.6,0.39,0,3,0
30.0,998.3,37.0,28.0,90.6,463.2,17.82,4.4643,-29.9,2.08,1,10,2
27.5,1009.1,15.1,2.7,76.5,69.1,12.1,3.0564,-30.4,2.47,1,4,1
32.0,1013.2,65.2,19.9,77.8,387.6,17.73,4.4424,-22.3,0.03,0,6,2
21.2,1015.3,55.0,25.4,77.7,311.2,13.91,3.5052,-26.2,3.74,0,2,0
25.0,999.9,55.9,34.3,60.0,546.3,9.15,2.3204,-48.0,2.92,0,1,1
26.4,1024.0,46.5,26.5,92.5,674.3,19.78,4.9343,-29.5,1.68,1,9,0
24.7,1009.9,56.8,12.0,76.2,452.0,9.39,2.3803,-32.6,0.33,0,3,0
23.3,1019.4,62.1,26.4,66.1,379.2,24.47,6.0406,-30.3,0.44,0,2,0
20.8,1001.5,74.3,18.6,68.8,480.1,17.58,4.4051,-39.0,0.73,0,4,1
27.4,1003.8,55.4,16.6,67.7,147.7,19.29,4.8176,-56.4,2.86,0,3,2
21.8,998.4,39.6,13.7,85.9,167.6,21.63,5.3755,-24.0,0.1,0,8,1
21.0,1003.5,25.9,4.9,86.3,485.4,14.99,3.7714,-31.2,2.61,0,12,0
29.3,1004.6,41.7,14.0,79.1,107.6,21.04,5.2369,-48.0,2.22,0,6,2
21.2,1000.7,48.7,49.5,82.6,463.4,17.71,4.4354,-58.1,0.04,0,3,0
25.2,1007.0,51.8,14.4,67.4,451.3,23.2,5.7463,-51.0,0.88,0,9,0
24.4,1001.9,37.5,21.2,60.7,13.5,21.04,5.2349,-58.9,0.15,0,7,1
20.3,1014.4,18.0,13.0,81.7,111.5,20.35,5.0709,-32.5,1.29,0,9,0
29.6,1021.4,44.9,12.0,79.1,470.1,15.1,3.7989,-53.4,0.31,0,11,1
24.0,1018.1,29.4,25.1,77.6,364.2,12.37,3.1249,-34.3,5.55,0,4,0
27.4,1021.1,55.7,16.1,88.6,393.0,13.57,3.4219,-42.1,1.48,0,2,1
25.0,1000.6,50.7,19.5,71.5,457.3,10.01,2.5361,-29.2,1.5,0,8,1
24.8,1012.6,47.8,14.8,86.1,549.3,22.33,5.541,-52.3,1.08,0,3,0
28.0,994.2,62.9,27.2,66.2,587.7,8.7,2.2057,-45.5,1.72,1,5,2
31.0,982.9,79.3,57.8,70.9,143.7,15.85,3.9823,-24.1,1.12,0,5,3
28.0,1026.5,35.4,6.7,67.2,345.1,17.02,4.2685,-25.6,0.0,0,2,0
23.9,1005.3,46.1,34.2,71.9,426.5,23.82,5.8912,-40.6,0.13,0,1,0
27.4,1020.3,59.8,25.3,60.6,282.2,21.44,5.3318,-37.6,5.46,0,12,1
27.2,1010.4,28.7,26.3,79.9,261.5,19.86,4.9542,-46.7,6.24,0,5,1
29.9,997.2,106.5,27.0,88.9,272.8,12.41,3.1336,-56.5,5.99,0,6,2
21.5,1020.6,45.7,8.6,84.9,576.9,22.1,5.4858,-39.1,1.06,0,3,0
22.5,986.4,59.2,23.5,82.6,415.2,16.99,4.2604,-36.2,0.74,0,1,1
28.1,1001.9,77.5,18.1,73.1,455.1,20.35,5.0709,-57.7,2.33,0,6,2
29.7,993.2,39.5,15.6,77.9,207.6,13.46,3.3941,-51.2,1.18,1,6,2
21.6,1017.0,40.4,25.4,88.4,514.5,9.21,2.3332,-57.2,0.23,0,8,0
24.6,1009.1,30.3,9.4,85.6,351.4,22.17,5.5036,-57.6,0.06,0,12,0
26.7,1011.1,57.3,57.8,81.1,198.7,21.08,5.245,-47.9,0.24,0,3,1
24.1,1015.4,36.0,16.1,62.6,800.9,14.46,3.642,-57.4,4.73,0,8,0
22.3,1015.3,41.8,10.6,62.9,59.0,23.24,5.7556,-31.7,0.91,0,2,0
26.3,1013.8,59.8,23.2,65.0,450.4,12.47,3.1485,-44.3,1.59,0,9,1
22.9,1010.3,58.0,35.3,65.5,526.1,8.58,2.1764,-48.7,4.39,0,2,0
25.2,1011.4,46.0,8.7,83.2,760.5,8.46,2.1455,-20.7,0.68,0,12,0
24.3,1026.0,23.7,21.2,87.9,471.3,22.68,5.6233,-31.9,0.65,0,8,0
26.4,956.6,84.7,5.1,89.7,584.5,23.38,5.7883,-29.1,1.71,1,5,2
24.2,1013.9,20.2,28.4,78.1,766.0,24.37,6.0172,-23.1,3.28,0,8,0
30.8,988.4,77.6,28.0,69.8,491.7,9.46,2.3965,-29.2,2.44,0,11,2
30.3,997.2,42.9,35.7,90.5,494.4,17.61,4.4129,-23.4,0.81,0,5,2
25.4,1029.2,30.1,38.9,85.7,540.4,21.41,5.3229,-20.6,0.6,0,9,0
28.8,982.8,33.2,37.7,80.7,311.6,22.93,5.6815,-23.1,5.45,0,11,2
30.8,1001.7,30.0,21.0,77.1,458.9,24.76,6.1072,-44.0,5.12,0,10,2
20.2,1009.1,23.8,29.5,80.6,197.5,8.27,2.0972,-54.8,6.01,0,8,0
22.6,1007.1,36.1,5.4,90.5,7.9,21.84,5.4245,-34.5,1.24,0,12,1
23.7,1024.7,47.3,18.5,80.8,610.4,23.96,5.9229,-51.8,1.29,0,2,0
27.4,1002.4,50.5,73.6,88.5,435.0,17.93,4.4899,-33.8,0.76,0,9,1
28.9,969.2,36.4,33.0,70.1,425.5,12.39,3.1284,-28.5,4.62,0,11,2
24.9,999.6,46.3,7.5,92.7,83.3,11.45,2.8942,-29.4,2.21,0,2,1
30.0,962.3,108.0,31.8,64.8,206.5,18.61,4.6538,-37.8,33.24,0,10,3
23.3,997.7,52.3,7.9,75.2,606.2,14.31,3.6058,-25.3,0.87,0,2,1
21.7,999.2,45.8,11.5,90.4,420.8,14.84,3.735,-51.3,1.32,0,7,0
28.2,1012.4,63.8,12.6,61.0,545.0,10.72,2.7139,-49.8,6.0,0,6,2
30.6,999.2,24.4,13.1,93.2,511.8,18.11,4.5345,-35.1,8.09,1,10,2
20.7,1016.7,90.8,36.1,89.2,384.8,20.39,5.0824,-46.7,0.56,0,4,0
23.7,1006.6,30.6,21.6,75.4,543.4,10.88,2.7521,-48.9,0.31,0,2,0
25.3,1009.0,25.5,18.7,84.6,537.9,12.57,3.1747,-20.3,1.32,0,12,0
31.4,996.2,35.5,20.8,78.3,262.0,20.56,5.1218,-43.3,0.11,0,11,2
28.0,1003.6,67.9,23.7,83.2,569.3,15.1,3.7981,-25.3,0.09,0,2,1
23.7,1004.8,35.5,44.0,91.3,545.2,21.66,5.384,-35.8,2.66,0,4,0
21.4,1005.0,38.1,23.8,77.6,330.5,17.01,4.2664,-21.4,0.14,0,4,0
26.4,983.3,60.7,8.7,84.9,314.5,8.18,2.0747,-44.7,6.28,0,11,2
21.1,1014.8,41.5,14.2,75.7,90.3,20.03,4.9959,-40.3,2.2,0,2,0
