seismic_zone,ground_acceleration_g,p_wave_velocity_kms,s_wave_velocity_kms,recent_quakes_30d,max_recent_magnitude,fault_distance_km,soil_type,building_age_years,bedrock_depth_m,historical_count_5y,population_density,hour_of_day,month,risk_level
2,0.313,5.3,3.1,2,3.6,140.1,2,40,31.8,7,5673.0,2,12,0
2,0.01,5.42,2.56,1,2.7,111.9,3,13,18.8,11,2362.0,4,8,0
5,0.228,5.03,3.23,13,6.8,33.5,1,77,53.2,22,3694.0,5,7,2
3,0.233,5.16,2.81,2,2.3,378.3,2,67,60.9,17,4191.0,23,6,0
4,1.894,4.82,2.85,10,5.0,75.9,4,53,9.1,17,3845.0,2,9,3
5,0.001,4.96,2.76,12,4.5,56.3,3,73,31.5,29,2712.0,23,8,2
5,0.111,6.03,2.77,8,3.9,106.2,2,77,82.9,29,4057.0,1,10,2
4,0.217,4.55,2.94,10,2.2,117.6,1,16,41.9,23,5266.0,6,11,1
3,0.67,5.65,2.89,7,2.6,134.0,4,43,22.0,6,5591.0,0,3,2
3,0.039,4.88,3.14,6,2.6,63.3,1,19,41.3,16,5196.0,7,10,1
3,0.037,5.44,3.64,6,4.0,113.3,2,73,29.5,9,2954.0,1,3,1
4,0.152,4.8,2.6,9,2.7,42.8,4,72,23.4,18,5394.0,11,10,2
3,1.174,4.79,3.08,14,3.1,95.3,3,79,44.9,13,3955.0,15,9,2
5,0.493,5.07,2.57,13,4.0,227.9,3,83,29.2,29,3484.0,21,4,2
5,0.398,4.99,3.53,13,5.6,48.4,2,82,36.5,29,2113.0,12,6,3
5,0.214,6.23,2.65,10,6.8,78.9,1,1,75.9,23,2638.0,15,10,2
2,0.149,4.74,3.31,4,2.3,127.7,4,80,67.0,17,5683.0,3,4,1
2,0.036,4.96,3.18,3,3.3,50.7,3,27,29.3,14,4509.0,4,8,1
4,0.102,4.18,3.26,7,4.9,96.3,3,84,40.3,17,3721.0,9,2,2
2,0.065,4.51,3.06,3,3.8,78.9,2,73,29.2,11,1356.0,8,7,0
3,0.015,4.26,3.07,3,2.8,49.9,3,31,33.8,19,496.0,3,6,2
5,0.125,5.29,2.38,9,5.9,106.9,2,40,23.2,21,2953.0,19,4,2
4,0.898,5.62,3.15,7,3.0,37.2,3,91,61.4,20,2396.0,15,5,3
3,0.921,5.04,2.93,2,3.1,82.9,2,59,10.4,13,2381.0,7,8,1
4,0.266,4.47,2.83,9,3.4,31.4,4,29,31.3,15,2524.0,11,4,2
4,0.471,4.86,2.95,6,5.9,171.8,3,66,68.5,19,3301.0,19,4,2
3,0.003,4.59,2.61,6,3.9,78.1,4,68,32.9,16,4825.0,15,11,2
4,0.129,4.09,3.24,7,3.2,62.7,2,60,94.1,18,1961.0,19,4,2
5,0.244,4.89,2.88,7,4.2,73.1,3,42,42.3,28,2552.0,8,5,2
4,0.205,5.13,2.65,10,5.1,210.1,3,22,28.8,24,4243.0,9,12,2
2,0.095,4.65,3.06,8,3.7,99.4,4,38,34.4,13,3413.0,13,2,1
2,0.29,5.6,3.48,2,3.8,123.8,2,65,155.6,13,3960.0,11,11,0
5,0.499,4.95,3.03,12,6.6,242.1,4,75,27.3,21,362.0,5,3,3
2,0.423,5.16,3.36,3,2.1,146.0,4,9,117.0,9,2589.0,23,11,1
2,0.259,5.21,2.61,1,3.5,109.9,4,77,30.2,9,4587.0,10,7,0
3,0.196,5.11,2.76,6,3.3,74.9,1,80,68.9,14,4213.0,13,12,1
4,0.17,5.1,3.47,6,2.9,59.7,3,92,57.4,23,4555.0,23,5,2
3,0.042,4.89,3.1,4,3.6,130.2,3,51,77.3,8,4254.0,9,5,1
5,1.082,4.55,2.8,11,4.5,53.2,4,62,31.7,23,3268.0,2,8,3
2,0.376,4.95,2.97,7,2.1,32.1,3,69,13.0,11,5017.0,9,5,2
2,0.093,4.15,2.75,6,3.9,132.2,3,49,9.6,6,1144.0,1,12,1
3,0.138,5.07,2.79,6,2.7,124.4,4,14,66.1,22,6193.0,22,6,2
4,0.533,5.06,3.02,12,5.9,272.0,2,69,34.3,25,520.0,6,12,2
2,0.009,5.34,2.7,7,3.4,198.8,2,14,70.3,9,5008.0,13,12,0
4,0.698,4.85,3.36,10,5.2,88.2,3,61,19.5,23,924.0,0,2,2
2,0.058,4.99,2.62,1,3.0,18.0,4,50,35.7,6,4030.0,0,3,1
5,0.346,4.96,3.3,7,6.7,102.7,2,20,58.1,25,548.0,0,10,2
4,0.091,4.76,2.98,8,2.5,108.6,1,85,67.4,23,1245.0,5,2,1
4,2.65,4.56,2.77,6,3.9,40.8,3,81,16.1,16,2843.0,11,1,3
3,0.306,4.8,2.99,7,4.0,177.0,2,72,61.3,17,3149.0,21,10,1
2,0.304,3.96,3.06,1,2.1,212.7,3,79,59.5,10,3288.0,19,5,0
4,0.247,5.38,2.63,14,5.2,154.0,3,48,74.6,23,6005.0,22,10,2
5,0.137,5.88,3.14,8,3.6,162.1,1,2,54.0,28,783.0,19,1,2
3,0.015,4.34,3.11,2,4.8,58.2,4,75,37.2,11,2475.0,5,10,1
3,0.151,5.19,2.76,4,2.5,84.3,1,25,95.4,24,905.0,20,7,1
2,0.275,4.49,3.15,1,2.2,162.7,2,92,90.5,14,4875.0,5,2,0
4,1.233,5.21,2.75,4,3.7,82.9,4,65,54.0,18,1112.0,20,10,2
3,0.334,5.58,2.33,3,4.6,93.0,3,69,31.0,16,4078.0,3,11,2
4,0.69,5.2,2.82,10,5.3,231.2,4,81,31.0,28,3093.0,2,3,2
4,0.098,4.79,3.53,10,2.9,43.9,3,5,62.7,24,1471.0,9,7,2
3,0.03,5.27,2.69,8,5.0,81.7,1,72,20.0,11,3411.0,13,2,1
2,0.134,3.98,2.59,5,3.2,94.4,2,89,65.6,12,2912.0,17,8,0
2,0.313,4.79,2.94,2,2.7,254.0,2,70,31.3,5,525.0,2,1,0
4,0.032,4.94,3.03,4,2.2,117.3,1,41,15.6,20,2170.0,11,1,1
3,0.078,4.64,2.94,3,3.4,123.2,3,37,33.9,15,2376.0,19,7,1
4,0.13,4.58,2.84,13,2.3,114.1,3,62,25.7,15,835.0,13,11,2
5,0.257,5.25,2.73,12,2.4,91.2,4,94,117.0,27,5215.0,22,4,3
3,0.099,5.08,2.71,7,3.3,121.0,4,63,46.0,19,4126.0,19,12,2
3,0.636,4.94,3.29,5,3.4,67.2,2,9,48.8,19,6399.0,22,9,2
4,0.15,4.87,2.59,10,2.4,190.6,3,72,61.0,23,2977.0,15,5,2
5,0.18,5.21,2.98,11,6.0,47.8,2,31,21.0,28,3246.0,6,1,2
3,0.431,4.83,3.11,3,4.4,105.1,4,42,71.3,13,3409.0,18,12,2
2,0.064,5.01,2.93,5,3.3,89.0,1,25,81.9,14,3847.0,16,8,0
2,0.243,5.25,3.66,2,2.3,109.4,4,20,8.3,5,4085.0,15,12,0
5,0.247,4.95,2.23,5,4.1,30.9,3,61,18.9,28,3102.0,17,8,2
5,0.278,4.7,2.63,7,4.8,98.2,1,50,65.2,21,2176.0,18,12,2
5,0.122,4.68,3.18,18,6.9,52.2,4,80,46.6,26,5140.0,1,12,3
4,0.569,5.52,2.84,3,4.6,112.1,3,96,44.4,22,1434.0,3,4,2
3,0.764,5.63,2.53,5,4.5,34.6,2,43,74.2,21,4371.0,4,4,2
2,0.993,5.55,2.96,2,2.8,73.8,2,54,64.5,8,3470.0,8,10,1
3,0.156,5.07,2.85,8,2.0,77.7,4,23,34.1,12,5430.0,15,5,2
3,0.989,4.35,3.4,7,4.1,98.6,1,10,17.3,16,3143.0,22,3,2
3,0.035,4.45,2.86,3,2.8,73.4,4,16,140.4,15,1905.0,7,9,2
3,0.18,4.73,2.81,3,4.1,113.0,1,26,46.8,13,5497.0,7,4,1
4,0.058,4.85,2.08,8,5.4,133.2,1,93,52.7,15,1261.0,6,2,1
3,0.099,5.64,2.67,4,3.5,149.1,1,19,33.7,18,4597.0,4,11,1
3,0.002,4.86,3.3,7,3.5,75.7,3,31,41.7,20,5678.0,23,1,2
3,1.136,5.09,2.87,7,2.7,108.1,4,52,36.5,17,5644.0,4,2,2
3,0.591,5.68,3.11,11,3.9,108.8,4,93,24.4,24,459.0,14,8,2
4,0.683,4.77,2.7,7,3.2,36.1,4,30,35.8,13,4422.0,21,4,3
4,0.103,4.67,2.89,9,5.7,97.6,2,96,58.5,20,4046.0,19,10,2
3,0.131,5.08,2.88,4,2.3,71.1,4,74,16.4,18,2273.0,2,6,2
3,0.137,5.43,3.43,8,4.6,94.9,1,51,43.5,9,6124.0,0,4,1
2,0.474,5.38,3.25,3,3.6,171.4,4,14,53.9,15,6441.0,19,11,1
3,0.145,4.49,3.35,4,4.2,139.3,4,36,39.3,10,2961.0,15,10,1
3,0.692,5.22,3.3,5,2.0,49.9,4,78,57.1,15,4392.0,4,3,2
4,1.059,4.81,2.86,7,5.8,115.9,4,54,53.7,14,602.0,0,5,2
3,0.117,5.68,2.25,3,4.6,72.9,4,20,42.9,20,1548.0,15,10,2
4,0.064,4.41,3.23,8,2.3,90.9,4,94,41.2,22,2167.0,11,8,2
5,0.397,4.31,3.12,9,2.7,122.1,1,49,68.0,20,4502.0,6,7,2
4,0.203,4.86,3.37,10,5.0,44.7,2,64,101.4,16,2020.0,0,10,2
4,0.338,4.62,2.95,7,3.6,108.0,3,42,18.3,22,4438.0,21,7,2
4,0.169,4.74,3.19,9,3.4,172.5,1,83,30.4,20,2480.0,0,8,1
2,0.219,5.44,2.96,2,2.2,65.6,1,63,43.9,9,2754.0,13,7,0
5,0.367,5.71,2.82,8,3.9,150.8,2,74,27.0,29,476.0,20,12,2
3,0.472,4.81,2.67,4,3.0,101.8,1,81,31.4,16,2353.0,10,1,1
2,0.224,4.27,2.98,6,2.7,119.9,1,5,36.4,12,1159.0,3,11,0
3,0.307,5.02,3.29,4,2.7,115.1,3,58,104.9,14,4828.0,3,12,1
3,0.043,4.07,2.61,4,4.8,111.4,3,55,65.9,10,1074.0,9,3,1
3,0.072,5.43,3.12,5,4.8,85.6,1,9,56.7,13,1470.0,10,12,1
4,0.424,5.76,2.74,7,4.8,36.8,2,70,48.4,16,4744.0,1,10,2
3,0.979,4.56,3.6,12,4.2,148.1,2,12,25.7,12,4602.0,8,8,2
5,0.643,5.37,3.27,13,7.0,133.6,3,27,89.4,26,1529.0,16,3,3
3,0.084,5.05,3.24,5,3.8,98.9,3,17,35.2,19,645.0,0,10,1
3,0.04,4.47,3.19,8,2.3,141.4,4,96,52.1,14,2102.0,12,6,2
3,0.395,4.31,3.09,5,3.1,132.6,2,77,68.6,16,1400.0,7,2,1
4,0.377,4.87,2.91,4,3.3,86.4,1,6,42.1,14,3072.0,22,2,2
2,1.09,5.46,3.12,6,2.2,192.8,1,88,73.3,9,4863.0,13,3,1
3,0.42,5.28,3.08,5,4.8,165.0,2,68,17.5,13,4616.0,15,7,1
5,0.917,4.37,3.04,8,2.6,58.9,2,26,97.3,18,2954.0,4,11,2
3,0.08,4.26,3.01,5,3.6,62.5,4,51,41.9,13,2293.0,13,1,2
4,0.06,5.13,2.57,11,2.5,220.0,2,44,66.0,20,1830.0,4,10,2
5,0.796,4.64,2.85,10,7.0,102.2,3,25,21.1,29,2618.0,12,1,2
4,0.001,5.27,3.03,4,2.7,174.2,3,88,104.6,21,4594.0,3,9,1
5,0.225,4.46,3.2,13,2.1,109.5,2,18,60.8,30,2746.0,7,2,2
5,0.45,5.66,3.11,7,2.5,63.2,1,8,50.2,19,3105.0,7,9,2
3,0.153,4.65,2.72,10,2.9,79.1,2,90,32.2,16,4424.0,4,3,1
5,1.027,4.56,3.16,15,6.6,123.5,2,33,16.4,19,4625.0,10,4,2
3,0.103,4.29,3.36,2,2.3,19.9,3,45,16.8,19,5560.0,9,1,2
5,0.409,4.18,3.27,8,3.5,177.5,4,67,27.9,34,1256.0,2,3,2
5,0.276,5.51,2.84,9,3.0,116.1,4,47,78.5,15,612.0,13,8,2
2,0.162,5.1,3.14,1,3.4,57.5,3,46,72.1,7,6167.0,12,2,0
4,0.08,4.22,3.15,11,2.1,139.0,4,33,32.2,18,4902.0,19,9,2
2,0.423,4.42,3.2,1,2.6,134.4,3,73,25.7,14,1241.0,3,5,0
3,0.26,4.67,3.14,11,4.4,122.2,3,69,55.0,20,1840.0,18,2,2
5,0.975,5.22,2.54,14,4.7,39.4,4,8,44.4,17,849.0,23,4,3
4,0.22,3.79,2.57,5,5.8,76.5,2,5,48.7,18,1603.0,20,7,1
5,0.737,5.69,3.29,10,4.0,107.1,2,8,23.5,17,1151.0,12,9,2
2,0.029,5.85,2.92,3,3.0,32.2,1,93,50.5,7,1593.0,4,9,1
2,0.31,5.23,3.2,4,3.0,63.8,2,23,27.2,6,4573.0,0,10,1
3,0.658,5.47,3.59,7,4.6,79.9,4,23,56.1,10,3008.0,7,3,2
3,0.288,5.07,2.98,4,2.6,60.4,3,86,35.1,11,3431.0,8,11,1
4,0.238,5.49,2.77,13,3.4,93.0,2,11,24.5,18,5156.0,18,5,2
2,0.226,5.07,2.95,4,3.1,137.3,1,13,40.6,6,1510.0,1,10,0
5,0.379,5.0,3.94,8,5.8,34.2,2,21,60.7,34,2417.0,22,12,2
4,0.324,4.98,2.86,14,2.1,78.7,1,32,61.6,17,1851.0,6,11,2
4,0.56,5.84,3.71,9,4.2,56.2,3,88,87.6,14,3898.0,2,11,2
4,0.16,4.64,2.82,13,3.9,92.0,3,33,52.8,18,2804.0,10,4,2
4,0.442,4.91,3.23,7,2.0,96.0,4,28,72.0,20,3147.0,18,10,2
5,0.788,4.62,3.26,13,3.5,101.4,4,89,42.1,20,3483.0,5,4,3
3,0.335,5.62,2.9,7,3.6,118.3,3,1,32.7,11,4100.0,22,11,2
4,0.259,5.8,2.9,11,2.4,120.5,1,50,42.5,22,1768.0,5,7,2
5,0.264,4.68,3.31,11,6.7,105.4,4,15,54.1,21,3010.0,17,11,2
2,0.203,4.91,3.16,3,2.7,62.0,2,22,43.9,9,4548.0,1,2,0
3,0.869,5.3,3.15,7,4.7,80.0,3,2,49.8,13,3347.0,11,4,2
3,0.349,5.09,3.1,6,2.9,116.6,4,7,73.8,20,2488.0,0,6,2
4,0.137,4.73,2.69,9,2.7,106.4,2,95,108.9,15,2913.0,3,6,1
2,0.035,5.06,3.2,2,2.1,156.3,4,3,9.2,5,2210.0,9,10,0
2,0.129,4.78,2.78,2,4.0,19.7,4,27,8.7,6,5483.0,7,11,1
5,0.427,5.01,3.39,14,3.5,89.4,2,13,48.6,19,314.0,14,3,2
4,0.039,4.0,3.34,9,4.8,135.7,2,2,142.3,30,4086.0,8,7,1
4,0.579,4.54,3.06,11,3.6,60.7,4,9,81.3,21,3597.0,14,9,3
4,0.072,3.88,3.01,13,5.6,200.0,3,62,63.8,13,5066.0,7,3,2
4,0.91,5.22,2.75,9,2.4,191.8,2,42,26.6,13,1160.0,5,6,2
3,0.297,5.7,2.64,5,3.7,50.4,3,45,72.8,16,1450.0,17,4,1
3,0.04,4.4,2.93,5,3.7,63.6,3,8,16.4,18,6212.0,11,2,1
3,0.065,4.27,2.69,4,4.2,32.8,1,8,23.0,13,2011.0,0,12,1
4,0.306,5.01,2.83,7,5.2,276.5,1,4,94.3,20,226.0,15,1,2
4,0.274,4.92,2.68,6,5.4,183.6,1,55,29.9,17,2563.0,15,3,1
2,0.213,5.13,2.91,3,3.7,88.7,3,38,45.6,9,3270.0,11,9,1
2,0.007,4.53,3.43,6,3.2,6.3,1,28,23.1,10,3026.0,6,5,1
4,0.245,5.04,2.65,5,3.1,89.2,4,25,95.0,16,5059.0,2,2,2
5,0.495,5.41,2.95,18,3.4,30.5,2,48,19.4,28,2605.0,7,6,3
5,0.165,4.59,3.26,10,5.0,94.3,1,64,37.9,23,848.0,0,3,2
4,0.009,4.44,3.07,3,2.8,141.7,1,12,21.3,12,4455.0,12,8,1
5,0.304,5.38,2.72,4,3.5,69.0,4,69,15.1,27,4360.0,14,7,2
4,0.218,5.31,2.43,10,2.2,217.2,3,29,47.8,15,4588.0,14,5,2
3,0.551,5.38,3.11,5,3.7,13.7,4,22,54.9,20,4392.0,14,2,3
4,0.536,5.16,3.2,10,3.2,75.2,2,93,77.6,20,3123.0,10,2,2
3,0.158,4.52,2.98,7,2.9,105.4,3,95,74.8,13,3903.0,1,10,1
4,0.457,4.5,3.2,14,2.8,69.3,1,36,49.5,21,2488.0,19,9,2
3,0.788,5.03,2.57,4,2.8,30.5,3,98,42.2,11,4169.0,21,9,2
4,0.132,4.78,2.68,9,4.4,131.8,1,92,15.3,21,3315.0,0,10,1
2,0.632,5.47,2.92,4,2.6,104.3,3,11,53.2,8,4587.0,7,5,1
3,0.17,4.85,2.39,7,2.1,157.5,3,83,65.9,12,3596.0,9,6,1
2,0.153,5.32,2.81,3,3.4,29.6,4,6,53.1,11,1920.0,5,7,1
4,0.768,5.08,3.12,8,5.0,168.4,1,58,56.4,19,1685.0,18,12,2
2,0.186,5.55,3.13,7,2.4,57.1,1,73,50.4,7,3372.0,20,12,1
5,0.268,5.16,3.38,5,6.9,71.5,1,46,33.2,30,5058.0,22,5,2
3,0.002,5.11,2.69,8,4.7,85.2,2,98,41.6,15,5122.0,21,10,1
2,0.06,4.64,3.09,1,2.6,66.5,3,83,45.9,15,1455.0,22,12,0
4,0.098,4.83,2.98,8,3.1,84.9,2,49,17.0,20,997.0,19,6,2
2,0.033,4.94,2.95,0,2.1,78.6,3,47,75.9,10,3877.0,17,7,0
4,0.101,5.12,2.51,12,3.8,204.6,2,7,49.8,20,1966.0,7,7,2
2,0.024,4.88,2.86,4,3.6,18.6,3,12,69.7,6,3196.0,21,6,1
2,0.099,4.55,2.78,9,3.2,111.8,4,60,44.3,8,4249.0,0,11,1
3,0.755,4.78,3.12,7,4.5,91.6,3,71,35.4,17,4247.0,12,7,2
3,0.299,5.6,3.27,11,4.1,79.6,4,92,49.4,16,2602.0,9,6,2
3,0.202,4.82,2.8,13,3.2,98.5,3,85,66.4,12,1609.0,17,10,2
2,0.044,6.0,3.13,7,2.2,40.4,2,50,28.0,12,5628.0,16,5,1
3,0.268,4.39,2.93,7,3.4,119.6,3,71,44.8,11,3094.0,13,7,1
4,0.859,4.76,2.7,10,3.4,113.2,4,22,85.8,22,887.0,4,10,2
5,0.073,5.24,3.09,8,3.4,90.3,3,39,52.4,21,4442.0,12,6,2
3,0.065,5.5,3.22,7,4.2,106.0,2,57,17.5,10,4544.0,22,8,1
2,0.267,4.7,2.88,3,3.2,63.6,4,43,52.2,11,4190.0,19,1,1
3,0.03,5.2,3.16,6,4.2,88.2,2,78,43.1,18,3874.0,17,10,1
3,0.306,5.27,2.88,11,3.9,129.8,3,59,25.0,12,4305.0,13,6,2
2,0.2,4.7,2.63,5,3.5,82.2,1,80,18.7,6,3429.0,16,3,0
2,0.087,5.45,2.6,5,2.5,37.0,1,54,62.6,18,4737.0,18,1,1
3,0.167,5.04,3.41,7,4.9,148.3,4,82,91.1,19,3235.0,14,5,2
4,0.721,6.45,3.14,3,2.1,118.9,3,61,14.8,30,2120.0,16,10,2
5,3.147,5.32,3.41,11,3.3,70.0,1,64,31.8,26,5861.0,17,8,3
4,0.03,5.06,2.85,8,3.5,85.9,4,85,67.2,22,1425.0,7,4,2
4,0.124,4.73,3.37,2,2.1,52.9,4,29,106.2,11,4668.0,6,1,2
5,0.073,5.29,2.64,10,3.0,59.5,2,9,7.8,22,2561.0,2,10,2
3,0.065,5.5,3.21,6,4.8,113.5,3,21,36.9,15,2543.0,1,8,1
4,0.098,5.01,3.24,9,4.0,127.0,3,24,96.6,16,2949.0,12,12,2
5,0.81,4.89,2.93,10,4.4,208.1,1,3,27.7,24,4015.0,3,1,2
5,0.899,5.14,3.12,11,4.4,54.6,4,3,32.6,31,4621.0,15,9,3
2,0.019,5.38,3.05,8,3.1,83.4,1,77,50.3,8,3461.0,19,9,1
2,0.244,4.8,3.05,9,3.6,308.1,3,34,26.4,6,4669.0,6,11,1
3,0.023,6.31,2.32,6,5.0,34.1,3,4,42.4,9,3355.0,5,10,2
3,0.211,5.1,3.4,8,4.3,92.3,2,0,50.2,13,495.0,8,5,1
4,0.077,5.32,2.79,10,5.2,40.0,3,24,48.3,36,3251.0,16,12,2
2,0.308,4.46,3.02,5,2.4,101.6,4,20,70.8,10,838.0,22,5,1
4,0.198,5.39,2.52,10,3.1,119.4,2,21,20.7,26,4678.0,13,2,1
3,0.743,4.92,3.0,3,4.4,141.4,1,1,31.8,18,2775.0,11,7,1
2,0.218,5.74,3.34,3,2.6,81.8,2,48,51.6,15,488.0,3,10,0
2,0.081,5.14,2.51,2,2.8,146.2,4,41,67.7,7,1233.0,18,8,0
4,0.661,3.99,3.18,8,4.5,87.6,1,86,31.9,28,6096.0,2,12,2
3,0.102,4.74,2.89,4,4.2,114.3,1,61,47.9,13,4062.0,9,5,1
5,0.876,4.39,2.77,11,6.1,103.5,2,76,45.2,26,4226.0,2,9,2
5,0.024,4.86,2.84,13,2.9,42.0,3,8,44.1,19,1194.0,2,8,3
4,0.214,4.83,2.57,11,3.0,30.7,4,66,46.0,21,2567.0,1,11,3
4,0.592,5.09,2.84,9,2.4,67.4,2,42,15.1,21,4690.0,14,8,2
2,0.095,4.95,3.35,3,3.9,52.7,3,67,36.2,11,4671.0,1,7,1
3,0.038,5.07,2.49,3,3.3,27.9,1,59,30.3,14,3709.0,14,7,1
4,1.185,4.68,3.15,6,5.3,176.4,1,86,67.8,19,5467.0,8,1,2
2,0.393,5.08,2.83,3,2.1,44.8,3,89,86.3,10,3172.0,0,11,1
3,0.074,4.96,3.0,2,3.8,267.9,4,50,37.6,19,949.0,9,5,1
2,0.209,4.62,2.82,2,2.0,52.9,2,81,50.5,12,2000.0,11,7,0
5,0.0,4.27,2.71,6,6.9,37.6,1,82,52.5,25,5930.0,8,6,2
2,0.262,5.62,3.42,6,2.2,117.0,1,79,67.9,7,5493.0,19,10,0
3,0.268,5.33,2.84,7,4.6,64.5,4,37,37.1,18,1742.0,2,4,2
2,0.384,3.99,2.75,7,3.8,34.4,4,58,19.9,14,4609.0,4,6,2
3,1.513,5.08,3.59,6,2.5,71.2,3,28,50.7,21,2526.0,3,3,2
3,0.39,5.66,2.31,8,3.8,70.3,3,51,24.1,17,1875.0,2,10,2
2,0.247,4.76,2.92,0,3.2,18.1,3,23,101.4,14,195.0,1,1,1
5,0.228,4.23,2.8,7,5.2,220.7,1,57,17.0,22,5288.0,4,6,2
5,0.655,5.53,3.42,8,3.6,107.0,1,18,57.8,17,1546.0,19,1,2
2,0.073,5.36,3.02,3,3.0,53.5,1,17,13.8,11,6293.0,7,12,0
5,1.926,5.13,2.92,7,5.5,152.2,2,22,41.8,18,4211.0,19,7,2
4,0.052,4.7,2.96,13,5.8,183.3,3,91,22.2,16,2139.0,19,8,2
4,0.148,5.57,2.82,7,3.6,72.9,4,33,33.3,15,816.0,19,5,2
2,0.25,5.19,3.24,3,2.2,115.6,1,38,30.9,8,4957.0,23,10,0
2,0.324,4.6,3.26,4,2.1,166.7,3,13,56.8,8,4451.0,5,4,1
4,0.081,5.2,3.52,9,5.8,75.8,3,94,58.2,12,2278.0,10,12,2
2,0.026,4.96,2.62,4,2.5,155.6,1,87,77.3,9,808.0,6,4,0
3,0.339,4.44,2.61,5,4.5,129.0,1,5,126.6,14,3395.0,8,4,1
4,0.403,4.39,2.49,4,3.3,68.8,4,48,39.3,23,2655.0,20,7,2
4,0.486,4.09,3.25,5,4.9,56.1,4,14,13.8,21,1479.0,3,8,2
4,0.488,5.72,2.78,6,3.9,34.4,2,21,41.7,27,4313.0,18,7,2
4,0.021,4.99,3.21,5,2.6,59.1,2,32,25.4,18,1829.0,21,3,1
3,0.465,5.17,3.04,7,4.8,41.8,4,25,45.2,21,3254.0,7,8,2
3,0.246,5.1,2.56,4,2.3,43.9,3,28,15.1,16,1754.0,7,1,2
2,0.055,5.26,3.31,3,2.6,97.0,3,80,48.1,8,756.0,11,1,1
3,0.502,4.83,3.04,8,2.9,142.8,1,61,40.8,22,2530.0,23,10,2
5,1.668,4.24,2.85,11,2.4,133.3,4,21,68.5,35,504.0,12,7,3
3,0.846,5.58,3.38,8,3.4,288.1,1,29,35.4,12,3986.0,15,6,2
2,0.168,5.46,3.48,6,2.8,67.7,1,28,39.2,14,4089.0,23,12,1
5,1.529,4.89,2.62,8,3.3,202.1,1,51,45.1,24,3923.0,22,9,2
2,0.015,5.35,3.04,1,3.4,86.5,1,92,36.1,10,3828.0,7,4,0
4,0.07,5.35,3.3,13,2.8,24.8,3,83,20.2,20,5416.0,11,2,2
3,0.115,6.46,2.9,5,3.2,100.6,3,46,105.8,17,1060.0,16,12,1
3,0.21,4.98,2.97,6,4.6,52.8,3,48,16.8,8,2419.0,5,11,2
4,0.314,4.96,2.74,7,4.0,198.8,1,74,44.8,18,1548.0,16,1,2
2,0.181,5.19,2.58,2,3.9,125.0,3,93,59.2,2,3016.0,11,8,0
2,0.965,5.36,3.2,5,3.8,33.4,4,95,62.0,10,5817.0,13,1,2
2,0.725,4.5,2.83,2,3.5,118.1,2,85,43.6,8,5522.0,19,12,0
5,1.393,5.08,3.32,18,6.3,87.8,3,67,20.6,23,4480.0,19,1,3
3,0.028,5.63,3.2,7,2.8,66.9,4,73,42.2,17,5199.0,14,5,2
3,0.331,4.71,2.86,11,3.6,28.3,2,62,67.5,12,3432.0,4,3,2
3,0.05,4.73,3.15,8,2.5,104.0,2,9,54.8,21,4861.0,10,6,1
3,0.743,5.14,3.24,4,3.7,48.3,2,96,30.7,11,1854.0,3,1,2
4,0.032,5.06,2.95,11,4.1,29.0,1,56,21.7,18,843.0,10,12,2
2,0.352,5.38,2.73,5,3.1,39.2,1,6,18.8,19,2490.0,12,1,1
2,0.21,4.75,2.8,7,3.2,107.0,4,35,71.7,16,4123.0,12,9,1
3,0.088,5.07,3.16,6,2.4,39.0,3,57,16.6,12,4468.0,13,6,2
3,0.299,3.83,3.1,5,3.8,169.4,1,31,21.1,11,5196.0,7,1,1
2,0.027,5.59,3.63,4,3.6,169.9,3,84,31.5,4,761.0,20,1,0
2,0.017,5.4,2.66,5,4.0,19.6,4,6,51.6,9,877.0,11,12,2
3,0.426,6.43,2.79,5,4.4,131.6,3,82,127.2,15,2163.0,1,8,1
3,0.457,4.89,2.69,4,3.9,85.2,2,77,44.8,25,3730.0,3,1,1
5,0.973,5.55,2.57,10,3.8,167.6,2,26,85.0,25,451.0,4,7,2
2,0.147,5.18,3.6,5,2.6,107.6,2,23,49.2,11,4198.0,19,8,0
5,0.05,4.8,2.56,13,2.1,132.7,3,1,74.6,19,4197.0,23,5,2
3,0.609,4.26,3.02,7,2.1,148.0,3,88,75.1,11,3454.0,4,10,2
3,0.515,4.68,2.98,10,4.8,80.3,2,48,56.0,17,4792.0,9,3,2
3,0.156,4.28,3.15,9,3.3,38.9,3,43,89.7,15,4713.0,11,2,2
3,0.014,4.24,2.52,3,4.4,190.3,4,78,32.9,6,5241.0,8,1,1
2,0.005,5.91,3.45,9,2.8,22.5,4,41,31.9,10,4342.0,14,8,2
3,0.133,5.02,3.16,2,4.2,57.2,1,64,25.5,13,1331.0,0,10,1
3,0.11,5.23,3.25,10,4.5,79.0,1,62,49.6,12,3910.0,2,6,1
2,0.454,6.02,2.75,4,3.2,81.9,4,10,57.9,12,1000.0,16,9,1
4,0.464,3.9,3.18,5,5.1,16.3,2,22,34.8,25,974.0,3,4,2
3,0.126,4.85,3.02,9,2.4,201.1,4,75,34.3,21,1011.0,15,7,2
4,0.001,4.22,3.11,8,2.5,29.4,4,62,54.4,14,1604.0,7,4,2
3,0.546,5.7,3.08,11,3.6,30.2,2,68,29.5,10,4010.0,17,2,2
4,0.168,4.89,2.65,7,4.0,143.7,3,31,62.7,18,2708.0,7,5,2
4,0.498,5.34,2.47,7,5.0,103.5,3,51,60.2,23,3968.0,12,4,2
5,0.213,5.51,2.85,7,5.0,91.2,2,13,50.6,25,4921.0,16,9,2
4,1.448,5.3,3.48,6,3.7,69.8,3,46,51.5,25,1786.0,22,12,2
2,0.364,4.79,2.75,5,2.8,111.1,2,82,37.0,11,6509.0,3,12,0
5,0.511,4.64,3.33,10,6.8,136.4,3,31,25.2,26,5928.0,15,11,2
3,0.092,5.87,3.16,6,3.1,67.7,3,80,71.4,11,2911.0,22,1,2
3,0.096,4.72,2.92,7,2.2,90.3,4,0,51.6,18,535.0,6,3,2
3,0.358,5.61,3.38,5,4.9,99.9,4,22,67.9,22,1285.0,18,2,2
2,0.001,4.7,2.99,4,2.8,89.7,2,7,25.5,13,2895.0,7,12,0
3,0.025,4.85,2.34,9,5.0,219.8,2,40,41.2,15,5006.0,11,2,1
5,0.088,4.36,2.68,5,5.9,74.6,1,16,85.9,25,938.0,11,7,2
3,0.116,5.06,3.66,5,2.5,111.0,4,78,29.6,13,2376.0,13,6,1
2,0.018,4.92,3.56,2,2.7,56.0,2,3,58.6,6,2207.0,7,9,0
3,0.073,4.97,3.27,7,2.4,66.6,1,19,26.8,15,1040.0,15,3,1
4,0.615,5.62,3.53,6,4.0,105.8,3,12,63.2,23,5201.0,22,9,2
4,0.644,4.89,2.34,10,2.9,140.7,1,0,18.9,16,2920.0,10,10,2
3,0.197,4.84,3.37,4,3.0,26.6,1,66,37.3,14,4251.0,22,2,1
3,0.277,4.36,2.88,6,2.5,50.8,3,85,31.3,14,4458.0,19,7,2
5,0.286,4.78,3.11,9,5.9,128.0,1,8,75.3,30,2082.0,23,8,2
5,0.278,5.24,2.91,12,4.0,98.4,3,18,36.7,18,4008.0,11,4,2
2,0.044,5.13,2.92,2,2.9,132.8,3,90,28.0,10,3019.0,0,6,0
3,0.184,3.8,2.75,5,2.3,59.4,2,5,13.4,9,4065.0,2,11,1
4,0.436,4.37,2.83,9,4.8,119.0,2,44,34.3,17,1201.0,20,2,2
3,0.294,4.6,2.79,9,4.5,125.1,4,65,30.9,15,5714.0,13,3,2
3,0.329,4.74,2.97,3,4.8,62.1,4,29,21.1,16,4322.0,2,10,2
3,0.213,5.05,2.54,4,2.2,106.1,3,65,75.0,24,4470.0,17,9,1
2,0.16,5.06,3.34,5,3.5,89.6,4,54,58.6,17,5232.0,3,3,1
3,0.092,5.34,2.92,6,2.2,117.3,1,53,15.2,16,4507.0,21,8,1
5,0.299,4.82,3.25,12,2.8,90.3,2,81,142.2,30,4229.0,18,8,2
5,0.454,4.15,2.98,9,6.6,85.1,2,44,85.9,26,1456.0,21,4,2
3,0.33,4.94,3.45,12,2.4,132.6,2,75,29.2,22,573.0,7,8,2
2,0.041,3.92,3.55,1,4.0,97.1,4,48,68.6,12,699.0,7,1,1
4,0.756,4.19,3.36,9,4.3,118.2,1,63,15.7,21,751.0,4,5,2
4,0.548,5.34,3.21,16,4.7,87.3,3,38,43.7,20,1101.0,16,7,3
4,0.062,4.72,2.91,8,5.7,188.7,1,39,46.0,13,5606.0,16,11,1
4,0.067,5.71,2.9,16,4.7,17.0,1,38,51.2,23,1116.0,2,10,2
3,0.606,4.51,3.26,9,3.7,33.7,3,22,45.7,15,4429.0,1,5,2
3,0.068,5.41,2.91,5,4.2,68.1,3,73,20.1,14,4606.0,10,4,1
3,0.028,5.53,2.88,4,2.5,50.9,4,87,49.7,14,887.0,1,4,2
3,0.154,4.78,2.47,4,4.3,47.5,4,37,37.2,18,5112.0,19,6,2
5,1.894,5.04,2.64,10,4.0,44.0,2,19,62.1,30,1009.0,14,3,3
4,0.126,4.99,3.02,9,3.3,128.1,4,41,71.0,20,1710.0,5,11,2
3,0.533,4.17,3.03,7,2.7,145.5,4,91,51.1,12,5258.0,14,11,2
3,0.272,6.13,2.88,10,3.2,150.5,2,35,102.7,10,4907.0,22,9,1
2,0.095,5.01,2.89,4,3.7,151.4,2,23,44.3,8,3559.0,1,3,0
3,0.319,5.46,2.71,8,3.9,92.3,4,28,24.8,23,4146.0,22,2,2
2,0.035,4.93,3.02,1,3.9,83.3,3,2,45.1,7,307.0,19,4,0
4,0.18,4.8,3.4,11,2.7,61.4,1,25,79.0,17,3528.0,19,7,2
5,0.335,5.04,3.46,8,4.2,94.9,2,57,74.2,35,5441.0,14,5,2
3,0.517,6.0,2.92,7,3.9,99.2,3,52,58.3,16,4888.0,15,1,2
3,0.141,5.16,3.13,6,4.3,79.9,1,22,104.9,17,1423.0,19,9,1
3,0.491,4.74,2.53,5,4.0,92.4,2,40,51.0,12,3178.0,2,11,1
2,0.052,4.57,2.85,5,2.9,123.1,4,56,45.2,9,1082.0,8,5,1
4,0.214,5.27,4.0,8,3.8,141.0,3,56,44.8,25,2796.0,9,4,2
3,0.039,4.61,2.81,9,3.0,107.6,3,16,38.0,12,3072.0,11,2,1
3,0.207,4.23,3.28,4,4.4,128.5,4,93,46.1,12,2881.0,23,3,1
2,0.006,4.81,2.97,6,3.2,63.2,2,32,41.1,6,531.0,4,1,1
3,0.499,5.63,3.34,2,3.1,158.9,3,77,52.1,15,2384.0,1,4,1
4,0.02,4.39,3.09,8,2.4,34.9,3,45,49.5,20,498.0,3,7,2
2,0.013,5.01,2.88,6,2.3,117.3,1,61,62.6,10,3629.0,13,3,0
3,0.071,5.46,2.62,8,2.6,14.0,4,27,43.0,10,2748.0,4,6,2
4,0.171,5.18,3.52,9,5.7,90.0,4,20,42.8,12,2492.0,4,10,2
2,0.082,5.58,2.6,4,2.6,19.3,2,93,58.9,4,1965.0,2,12,1
3,0.519,5.12,2.98,1,4.8,44.7,3,28,66.0,14,4194.0,14,7,2
3,0.198,5.59,3.5,5,3.7,43.7,2,8,79.8,15,818.0,20,5,1
5,0.193,4.68,2.51,10,5.1,29.2,4,56,20.7,15,1219.0,10,1,3
2,0.012,5.34,3.07,8,3.6,195.3,1,59,24.6,8,3512.0,3,7,0
5,0.293,5.79,3.5,10,6.4,37.9,2,18,17.0,31,5873.0,20,1,2
2,0.384,5.1,3.13,7,2.2,266.6,1,46,78.2,5,2006.0,22,1,1
4,0.603,5.26,3.33,4,5.9,198.0,3,87,47.5,19,1672.0,14,8,2
5,0.455,6.1,3.29,11,4.5,184.7,1,7,50.4,23,3840.0,1,12,2
3,0.534,5.22,3.0,3,3.2,112.6,3,21,59.8,16,1403.0,2,6,2
3,0.0,5.17,3.34,2,4.8,170.1,3,67,46.1,13,573.0,20,1,1
4,1.496,4.83,2.55,4,5.2,97.3,4,57,22.2,17,2976.0,4,3,2
4,0.107,5.2,3.65,4,3.0,94.2,3,25,36.0,23,3568.0,3,9,2
3,0.201,4.63,3.18,7,4.2,39.2,3,5,26.1,15,3002.0,12,7,2
5,0.408,5.14,2.84,15,4.4,99.4,3,62,53.5,37,3158.0,9,4,3
2,0.21,5.5,2.68,1,3.0,111.0,1,95,34.0,10,3338.0,14,1,0
4,0.489,5.67,2.84,5,2.1,186.9,4,52,51.9,14,2678.0,7,1,2
3,0.219,5.41,2.76,6,3.9,109.6,2,89,45.6,13,5175.0,16,7,1
3,0.566,5.99,3.48,7,3.1,136.2,4,6,80.6,22,2294.0,5,10,2
3,0.588,5.69,2.63,7,4.5,136.5,2,22,106.3,14,5445.0,9,11,2
2,0.168,4.04,2.93,7,2.5,49.6,1,83,51.0,9,3158.0,18,11,1
4,0.096,5.55,3.47,6,2.9,153.5,2,47,54.9,25,3448.0,2,2,1
2,0.168,4.85,2.73,3,2.1,89.7,2,8,30.6,14,2195.0,17,3,0
2,0.002,4.68,3.18,4,2.1,69.6,1,95,20.2,3,3914.0,4,8,0
3,0.886,4.87,2.54,5,4.7,65.9,2,52,43.6,20,1427.0,3,8,2
3,0.751,5.89,3.34,5,4.5,164.1,4,34,59.6,9,5120.0,9,6,2
2,0.134,5.49,3.28,3,2.6,15.4,1,47,45.0,11,3028.0,4,4,1
4,0.293,5.01,3.13,10,3.1,158.0,3,99,67.6,25,2717.0,17,8,2
5,0.791,4.63,2.83,7,7.0,156.5,2,38,6.3,28,2724.0,20,2,2
2,0.374,5.46,3.06,3,2.6,91.8,1,94,91.3,10,1337.0,5,5,1
3,0.084,5.19,3.34,6,4.8,29.8,4,53,27.9,22,3925.0,16,9,2
3,0.17,5.31,2.76,3,4.0,92.2,3,81,56.4,24,2544.0,3,10,1
4,0.576,5.09,3.08,8,4.2,96.7,3,1,24.2,20,1362.0,23,6,2
5,0.829,5.82,2.66,8,6.4,129.2,4,80,28.8,30,1640.0,14,2,3
4,0.842,4.66,3.3,3,5.5,65.4,3,87,77.5,18,3166.0,3,10,2
3,0.456,5.4,2.99,5,2.1,96.6,4,26,62.2,16,1006.0,6,1,2
3,0.222,3.93,3.03,5,3.9,73.0,3,17,54.4,10,2339.0,15,8,1
4,0.149,5.74,2.62,14,4.1,52.0,1,62,40.9,24,4526.0,12,7,2
3,0.253,4.79,2.61,9,2.4,47.4,1,72,61.3,14,5602.0,8,2,2
5,1.231,4.94,2.92,10,6.5,24.6,4,50,49.9,33,4346.0,17,10,3
2,0.135,5.26,2.52,3,2.4,65.2,2,63,53.3,8,401.0,23,11,0
2,0.339,4.11,2.68,8,3.7,45.9,1,53,48.7,11,1604.0,17,10,1
2,0.171,4.68,3.38,1,2.1,29.4,2,70,76.0,16,1959.0,7,3,0
2,0.025,4.44,2.55,1,2.6,88.4,1,75,82.3,16,4696.0,12,7,0
3,0.103,4.5,2.78,6,2.7,68.8,2,66,29.8,17,3549.0,1,5,1
3,0.001,5.32,2.95,5,2.6,76.1,2,20,81.7,9,5568.0,5,11,1
4,1.112,5.75,3.09,10,5.6,160.1,2,38,39.4,18,872.0,4,7,2
4,0.017,4.65,2.93,11,2.3,113.6,4,83,46.2,14,1463.0,4,3,2
2,0.035,5.3,3.14,3,2.8,86.3,3,1,44.0,10,3102.0,23,8,1
5,0.068,4.22,3.03,4,5.9,62.1,3,5,29.9,23,2672.0,0,5,2
3,0.131,4.48,3.04,7,3.2,188.7,1,10,46.7,15,1815.0,16,11,1
3,0.366,4.72,2.66,2,2.0,120.7,3,11,34.5,12,4612.0,2,12,1
4,0.933,4.96,3.08,7,5.8,80.4,4,74,72.1,15,5163.0,0,9,3
4,0.154,5.12,3.13,9,2.6,121.7,1,2,99.5,16,3535.0,0,3,1
5,0.472,5.58,3.32,6,3.0,104.9,1,86,22.7,32,730.0,3,5,2
4,0.87,5.28,3.3,12,3.7,63.3,3,9,139.0,19,4534.0,19,11,3
4,0.115,4.89,3.16,9,3.7,106.0,2,77,80.4,17,709.0,12,11,1
3,0.043,4.88,2.57,6,4.8,138.0,2,32,62.0,18,1518.0,20,6,1
2,0.025,5.29,2.7,6,2.2,177.6,1,68,11.7,11,3993.0,12,8,0
4,0.93,5.85,2.52,9,4.6,24.6,2,80,54.6,24,1957.0,16,5,2
3,0.284,4.65,3.08,3,3.4,79.8,4,31,53.8,14,2879.0,7,7,2
4,0.324,4.88,2.08,8,2.9,350.5,2,57,22.0,18,2324.0,9,3,2
3,0.672,4.7,2.73,8,3.5,75.9,1,27,39.5,10,2106.0,22,9,2
3,0.143,4.84,3.27,5,2.3,88.8,2,22,56.7,17,4935.0,22,2,1
3,0.439,5.36,3.17,4,4.2,164.9,4,31,41.9,22,4205.0,23,4,2
3,0.493,5.5,2.91,4,3.1,67.0,2,22,147.6,15,5163.0,18,2,1
3,0.305,4.01,2.69,4,4.3,45.0,3,44,42.1,14,4876.0,8,4,2
3,0.394,4.61,2.53,8,4.9,66.9,1,42,25.8,17,3466.0,7,6,2
5,0.063,4.43,2.65,9,3.6,313.4,1,36,34.7,33,3092.0,1,1,2
2,0.03,5.53,2.76,8,3.0,100.1,1,78,49.6,11,1176.0,4,3,0
5,0.056,4.45,2.89,11,6.4,52.2,3,14,54.7,26,688.0,17,11,2
4,1.136,4.98,3.2,4,3.0,41.1,1,60,15.6,24,5491.0,4,1,2
2,0.044,5.41,2.27,4,2.7,95.7,3,83,126.9,13,2389.0,10,4,1
5,0.276,5.31,3.04,12,4.4,11.9,1,95,58.1,24,1127.0,15,3,3
5,0.12,4.72,2.97,14,2.8,22.8,1,77,51.8,21,1916.0,0,9,2
2,0.145,4.56,3.1,6,2.8,113.5,4,94,46.0,10,1626.0,22,3,1
2,0.092,4.38,3.03,9,2.2,277.8,1,5,23.7,8,3179.0,2,9,0
5,0.01,5.45,3.1,6,2.8,149.2,4,41,74.9,34,3263.0,17,4,2
2,0.065,4.66,3.31,2,2.5,34.6,1,0,16.3,7,3721.0,10,4,0
3,0.538,5.06,3.14,2,4.8,98.5,4,28,21.2,15,595.0,7,11,2
3,0.081,5.28,2.8,7,4.5,160.3,1,43,16.4,13,4653.0,10,7,1
4,0.575,4.71,3.03,12,5.2,145.9,2,40,105.8,25,3976.0,10,6,2
5,0.349,5.06,3.05,9,5.8,48.6,4,30,22.5,30,405.0,18,7,3
4,0.003,4.02,2.74,7,3.0,148.5,4,16,49.7,15,3954.0,10,5,2
2,0.212,4.84,2.81,5,3.5,54.7,2,53,21.7,10,1075.0,6,3,0
3,0.193,5.96,2.72,7,3.6,136.4,3,84,90.8,15,3564.0,1,10,1
3,0.653,5.19,3.0,5,3.4,116.5,1,93,44.6,13,2650.0,17,9,1
5,0.923,4.89,3.29,9,2.8,75.7,4,26,72.8,30,4543.0,17,4,3
5,1.433,6.11,2.49,7,5.5,65.8,1,10,42.7,15,2153.0,16,11,2
3,0.274,4.4,3.09,5,4.2,74.5,1,54,24.5,20,2744.0,14,5,1
5,0.218,4.66,2.94,13,4.4,69.0,2,7,96.0,22,1704.0,19,7,2
2,0.314,5.1,2.91,10,2.2,97.7,3,36,85.8,10,2638.0,9,5,1
5,0.597,4.67,2.94,16,5.8,91.1,1,7,42.0,24,986.0,22,6,3
2,0.357,4.33,3.16,5,3.8,155.3,2,20,30.0,13,6544.0,14,1,0
3,0.245,4.07,3.35,2,4.7,28.7,4,11,9.7,16,2378.0,15,4,2
3,0.402,4.74,2.49,10,2.9,180.8,4,37,54.8,12,2158.0,4,9,2
4,0.342,5.55,2.91,7,2.4,185.1,4,39,39.0,27,3826.0,5,3,2
4,0.645,5.05,2.79,13,2.9,77.1,4,61,56.3,21,2159.0,21,2,3
2,0.073,5.35,2.85,2,2.6,22.1,4,58,19.0,10,1992.0,10,6,1
3,0.41,4.91,2.94,6,2.8,110.9,1,31,46.2,12,3546.0,6,7,1
2,0.065,4.49,2.91,0,2.5,103.3,4,56,15.1,12,3465.0,12,4,0
5,1.275,4.39,2.45,8,3.7,62.1,3,63,43.6,22,3988.0,14,6,3
3,1.529,4.34,2.89,12,3.0,50.1,1,89,46.6,16,3756.0,3,6,2
2,0.039,5.99,2.89,2,3.2,260.5,4,33,159.8,7,4853.0,11,5,0
5,0.134,3.68,2.92,9,5.2,107.4,3,73,74.6,27,4622.0,22,9,2
2,0.137,6.03,3.0,6,3.1,125.5,1,83,59.1,14,2379.0,4,9,0
3,0.153,4.53,2.77,12,2.7,69.1,3,69,25.3,6,2183.0,15,12,2
5,0.179,4.84,3.44,8,4.8,82.9,2,82,13.4,20,2461.0,15,5,2
3,0.284,5.52,2.85,5,4.1,35.7,4,93,38.4,18,5062.0,6,11,2
3,0.684,5.16,3.1,3,2.1,64.2,2,43,50.5,10,2026.0,12,10,2
3,0.213,6.37,3.32,5,3.3,95.9,1,81,19.0,18,3865.0,0,4,1
4,0.426,5.23,2.98,14,4.4,50.9,3,76,56.7,17,3761.0,5,4,2
4,0.416,5.23,2.7,7,3.3,138.4,2,72,51.2,13,3648.0,18,6,2
2,0.008,5.3,2.59,2,3.4,97.8,1,43,79.3,11,5486.0,0,2,0
3,0.656,5.9,3.02,8,4.4,268.9,4,60,61.3,14,1342.0,15,9,2
2,0.098,4.52,2.72,2,2.3,119.3,4,87,52.2,7,4531.0,0,2,0
3,0.365,5.8,3.33,5,2.1,60.9,4,53,90.4,13,3804.0,12,11,2
4,0.012,4.85,2.49,11,5.1,126.5,1,44,15.3,21,1224.0,8,5,2
3,0.158,4.46,2.71,5,3.9,58.5,3,94,37.3,13,6927.0,22,6,1
3,0.092,4.89,3.12,4,4.3,106.2,2,96,85.0,15,931.0,7,3,1
5,0.25,5.87,2.71,8,3.0,163.6,3,64,70.3,32,4702.0,4,5,2
2,0.046,4.8,2.88,5,2.1,196.4,3,29,31.1,13,1492.0,21,10,0
5,0.183,5.28,3.19,10,4.8,64.3,4,28,31.9,20,1688.0,9,5,2
5,1.53,6.56,2.39,7,5.9,68.8,2,30,89.5,27,1482.0,12,1,2
2,0.144,4.03,2.85,1,3.1,102.9,1,89,14.1,14,5026.0,11,10,0
5,1.39,4.83,2.4,10,5.9,146.7,2,76,11.4,37,2976.0,10,6,2
3,0.294,4.92,2.96,6,2.4,103.2,4,59,29.3,13,4186.0,13,10,2
4,0.218,4.99,3.18,8,5.0,84.1,3,95,179.3,24,4808.0,8,2,2
4,0.584,4.88,3.19,10,5.3,180.2,4,91,30.0,24,4600.0,11,6,2
2,0.017,5.49,2.99,2,3.5,69.4,2,40,39.6,11,2753.0,6,12,0
5,0.803,4.75,3.07,6,6.0,117.9,2,31,121.6,20,2447.0,16,1,2
3,0.201,5.45,3.08,5,2.4,96.1,4,62,52.2,11,1521.0,12,1,2
2,0.005,5.38,2.81,5,3.6,161.1,3,63,39.5,11,5428.0,2,5,0
3,0.125,5.62,2.34,9,3.1,158.6,3,53,87.8,14,1217.0,23,11,1
3,0.279,3.93,2.69,5,2.2,89.6,4,76,52.6,11,5008.0,21,1,2
3,0.066,5.34,3.32,5,5.0,82.1,3,2,27.3,17,2644.0,5,7,1
4,0.193,4.74,2.79,2,5.3,99.8,3,11,34.7,13,3761.0,0,3,1
3,1.011,4.56,2.87,6,4.8,166.0,3,54,49.8,15,2185.0,18,6,2
2,0.032,4.17,3.28,2,3.2,90.1,2,5,38.4,10,2057.0,9,5,0
3,0.238,4.55,2.85,3,4.2,30.6,3,28,44.8,12,1143.0,16,5,2
2,0.252,4.86,3.33,1,2.3,110.1,1,96,37.1,4,4999.0,17,9,0
2,0.262,4.56,2.99,2,3.4,102.1,3,25,44.8,16,4453.0,23,6,0
5,2.48,4.21,2.65,15,4.2,99.8,4,91,58.7,15,5108.0,9,11,3
3,0.082,5.48,3.48,4,4.8,88.2,1,0,18.0,17,1265.0,5,3,1
5,1.073,4.12,3.15,11,2.6,125.6,1,9,39.5,28,1693.0,8,7,2
4,0.26,5.86,3.58,7,4.7,142.9,3,1,33.5,22,5018.0,18,3,2
3,0.01,5.11,2.36,13,4.0,80.5,1,85,43.4,20,3756.0,23,1,2
2,0.168,5.96,3.36,6,3.8,119.5,4,66,48.0,11,4586.0,2,4,1
4,0.071,4.86,2.68,10,4.0,23.3,2,75,29.3,17,5104.0,19,5,2
4,0.187,5.7,2.83,9,3.5,50.6,4,35,41.8,16,2276.0,3,12,2
2,0.255,4.31,3.31,3,2.2,88.7,1,44,96.1,11,2537.0,4,7,0
4,0.907,4.52,2.69,8,5.0,103.8,3,46,38.1,27,2365.0,9,12,2
5,1.075,5.26,2.79,11,4.2,70.4,4,45,41.3,16,5383.0,12,11,3
3,0.767,4.97,3.35,5,4.6,103.7,1,44,55.6,19,1217.0,11,5,1
3,0.05,4.97,2.92,8,3.4,246.9,4,36,98.1,25,1542.0,21,9,2
4,0.044,5.62,2.92,6,4.3,14.0,2,96,35.4,21,3652.0,13,12,2
3,0.199,5.16,3.25,7,3.0,72.5,4,97,11.9,15,2164.0,17,3,2
2,0.021,4.85,3.12,4,3.6,34.2,1,1,22.6,14,2392.0,9,4,1
3,0.015,4.62,2.89,7,4.6,129.3,4,62,45.9,20,1785.0,21,1,2
2,0.118,4.87,3.12,4,3.4,45.3,2,60,61.7,11,549.0,19,9,1
3,0.181,3.82,2.62,10,3.9,302.8,4,3,36.3,15,2062.0,3,7,2
5,0.605,4.39,3.33,7,3.4,76.9,1,87,62.4,22,2295.0,4,3,2
3,0.142,5.6,3.07,5,3.0,130.6,3,87,41.5,12,2860.0,13,8,1
2,0.304,5.21,2.94,2,2.4,126.0,3,30,25.0,9,953.0,13,8,0
3,0.044,5.64,3.47,2,2.8,193.2,4,93,51.8,12,1037.0,10,11,1
3,0.123,4.35,3.14,8,2.8,22.0,3,87,19.1,12,1528.0,8,2,2
4,0.075,5.0,2.77,8,4.7,233.7,4,75,45.9,20,1076.0,15,2,2
3,0.13,5.29,2.9,7,3.2,160.1,2,80,39.3,14,1469.0,23,3,1
2,0.201,4.6,2.83,1,2.0,110.3,3,69,15.2,10,4606.0,23,1,0
3,0.16,3.97,3.12,6,3.0,154.9,2,8,58.1,13,1864.0,10,10,1
2,0.711,4.95,3.47,4,2.9,100.9,1,97,61.1,9,2141.0,13,5,1
3,0.711,4.47,3.11,6,3.9,74.5,4,94,40.9,17,4158.0,9,2,2
4,0.639,4.65,3.01,11,5.0,86.4,1,37,28.2,20,4002.0,7,4,2
4,0.551,4.76,2.88,3,2.3,84.5,1,49,58.5,24,3855.0,7,11,2
5,1.273,4.52,3.38,4,2.9,150.5,3,8,56.5,24,1961.0,12,4,2
4,0.262,4.2,3.4,7,4.1,72.0,3,52,22.4,21,658.0,18,10,2
2,0.664,5.5,3.43,6,3.5,163.5,2,34,47.2,7,3848.0,6,12,1
4,1.276,5.33,2.78,9,3.3,64.0,2,77,32.2,14,2437.0,8,12,2
4,0.01,5.4,2.96,9,5.5,111.4,2,84,37.0,25,3075.0,10,3,1
4,1.497,5.46,3.12,10,3.1,48.6,2,74,66.2,20,2098.0,12,10,2
2,0.098,5.1,3.4,2,3.7,74.2,2,49,11.7,15,4975.0,21,9,0
4,0.128,5.88,3.59,6,4.8,24.1,3,5,35.5,17,3270.0,20,6,2
2,0.278,4.11,3.05,3,2.6,116.8,2,81,51.6,14,3250.0,0,7,0
3,0.166,5.22,2.63,7,2.8,61.2,2,70,135.7,16,1066.0,22,11,1
3,0.911,4.71,3.13,5,2.2,231.1,3,99,43.0,11,5100.0,10,11,2
5,1.0,4.43,2.78,10,3.5,55.7,1,60,49.6,33,5532.0,19,9,2
2,0.082,5.25,3.29,4,3.4,117.7,2,77,28.3,15,1001.0,2,11,0
2,0.168,5.12,2.77,5,2.2,113.6,4,4,59.1,9,3881.0,6,10,1
4,0.286,5.31,2.91,7,4.8,120.8,2,1,82.8,29,2570.0,0,2,1
3,0.216,5.43,2.78,13,3.7,120.6,2,89,56.4,13,4269.0,13,3,1
4,0.175,6.28,2.58,9,4.5,146.7,4,55,54.4,22,6521.0,9,5,2
5,0.023,5.57,3.3,12,3.4,102.3,1,88,18.1,23,2052.0,22,8,2
2,0.252,4.15,3.08,2,2.9,107.3,3,43,44.1,11,3774.0,5,1,0
4,0.04,6.08,3.14,12,2.1,96.8,3,73,43.5,16,2628.0,9,7,2
3,0.04,5.8,3.0,7,4.4,35.5,4,17,59.5,15,4486.0,0,5,2
3,0.658,4.46,3.37,9,3.3,10.9,1,86,48.9,15,1630.0,10,12,2
2,0.075,5.06,3.53,4,2.6,76.5,3,5,71.7,11,2225.0,5,11,1
3,0.598,5.18,3.24,12,3.9,62.9,3,56,48.7,10,3952.0,22,12,2
3,0.468,4.97,2.71,7,4.8,22.1,1,66,20.4,12,2284.0,3,8,2
3,0.527,3.92,3.54,7,3.8,122.7,2,98,29.9,14,1621.0,4,8,2
4,0.079,4.51,2.91,7,2.7,162.8,3,66,37.0,18,4611.0,18,12,2
3,0.234,5.11,3.05,5,4.9,99.4,1,2,39.6,19,786.0,14,5,1
3,0.051,4.21,2.89,3,4.5,98.9,4,6,21.0,10,3050.0,14,10,2
3,0.005,5.0,3.24,6,3.2,186.9,3,89,20.7,13,2920.0,20,2,1
5,0.983,4.4,3.09,14,3.1,134.6,1,15,40.2,16,3970.0,22,3,2
5,0.052,4.45,2.78,7,3.1,66.0,4,66,57.8,41,3259.0,11,1,2
3,0.062,5.26,3.18,8,2.9,29.1,4,30,29.4,14,2718.0,6,9,2
5,0.822,4.31,3.3,10,2.0,122.8,1,12,73.1,22,1284.0,22,12,2
3,0.722,4.32,3.27,7,2.7,30.0,1,71,39.0,15,4498.0,8,11,2
4,0.355,4.48,2.98,8,2.0,110.1,1,1,60.6,17,3204.0,6,9,2
4,0.041,4.6,2.99,10,4.6,135.0,4,10,10.5,17,5487.0,4,3,2
5,0.238,5.66,3.42,7,4.0,95.8,3,37,14.2,23,2022.0,11,12,2
5,0.094,4.63,3.15,11,4.6,101.1,4,66,40.5,14,3792.0,9,8,2
3,0.116,5.19,3.23,8,4.8,53.4,3,55,60.9,20,923.0,5,2,2
4,0.324,5.41,2.35,6,4.8,51.3,4,72,42.0,27,1905.0,7,6,2
4,0.539,5.51,3.35,11,4.6,257.1,4,18,56.1,15,1671.0,5,6,3
5,0.393,4.34,3.2,5,2.5,143.2,1,75,31.2,27,5202.0,5,7,2
4,0.354,5.46,3.3,7,2.9,34.4,4,96,36.7,23,1322.0,14,3,3
3,0.136,4.45,2.84,5,3.4,109.1,2,79,51.8,15,3131.0,1,12,1
5,0.077,4.47,3.7,7,5.2,49.3,1,14,36.9,23,4795.0,1,5,2
2,0.128,5.81,2.26,6,3.5,92.2,4,19,74.3,9,1701.0,19,4,1
4,0.278,6.34,3.19,8,3.2,81.0,2,95,55.4,20,3060.0,14,3,2
3,0.656,5.26,3.11,4,4.3,50.3,4,32,17.9,11,2688.0,5,4,2
2,0.143,5.01,3.09,6,2.2,35.9,2,18,28.5,14,1562.0,17,4,1
4,0.112,4.94,3.19,5,4.9,121.0,4,61,22.2,19,3328.0,2,4,2
2,0.022,5.03,3.38,5,3.5,88.0,3,38,46.8,11,6368.0,20,3,1
3,0.242,5.34,2.99,5,4.9,170.6,3,41,31.5,18,2513.0,3,8,1
3,0.61,4.44,3.38,9,3.6,168.6,4,44,36.4,8,5078.0,9,1,2
5,0.094,5.37,2.83,9,3.4,104.3,3,43,51.0,26,1657.0,0,12,2
2,0.876,4.43,3.08,5,3.9,106.8,4,62,53.0,10,1179.0,5,4,1
3,0.014,4.77,3.58,4,4.8,144.7,3,65,45.7,14,1168.0,14,9,1
4,0.439,4.69,2.78,11,4.7,116.4,2,40,41.4,17,4779.0,0,12,2
2,0.326,5.62,3.56,3,2.3,111.8,2,59,80.1,9,1414.0,17,7,0
5,0.308,4.77,2.99,10,4.3,107.5,4,34,34.4,30,3169.0,3,9,2
5,0.166,5.48,2.87,18,2.1,117.9,1,84,39.1,29,4303.0,21,2,2
3,0.46,4.8,3.18,7,4.8,27.2,2,30,27.9,16,496.0,6,8,2
4,0.047,4.92,2.94,9,3.2,61.8,1,22,37.9,24,1554.0,17,2,2
2,0.05,4.5,3.13,3,2.5,74.7,4,53,58.0,10,7043.0,3,5,1
3,0.03,5.54,2.76,6,3.0,18.6,3,12,38.9,14,1951.0,21,7,2
4,0.403,4.65,3.15,8,5.7,49.6,2,14,51.2,23,2768.0,21,4,2
3,0.053,5.39,2.4,5,3.9,147.4,3,66,49.4,16,3463.0,5,9,1
3,0.22,4.96,2.67,5,4.0,62.4,3,28,23.7,12,2660.0,23,2,1
3,0.126,6.61,2.9,9,3.4,42.5,3,38,36.2,17,1330.0,13,4,2
5,0.083,5.19,3.1,10,2.8,20.6,1,19,36.0,27,5025.0,9,8,2
2,0.595,4.59,3.25,4,2.6,28.4,4,76,36.3,12,3528.0,0,2,2
2,0.023,5.47,2.93,4,2.9,84.9,4,69,55.5,7,1517.0,16,3,1
3,0.073,4.95,3.3,5,4.7,73.9,2,0,18.0,17,851.0,7,12,1
5,0.19,5.25,3.31,9,3.1,54.0,4,60,104.0,19,727.0,18,3,2
4,0.349,5.68,2.49,9,3.3,97.0,4,28,102.9,24,4524.0,8,9,2
4,0.016,5.33,2.66,7,4.0,63.8,2,58,74.3,18,4788.0,0,3,2
3,0.068,4.48,2.75,3,4.0,116.8,1,7,88.8,16,495.0,21,5,1
2,0.03,5.54,3.31,7,3.2,82.6,4,80,67.6,5,5060.0,3,4,1
4,0.104,4.88,3.0,5,3.0,100.0,4,28,41.6,19,5874.0,13,6,2
4,0.353,5.51,3.98,4,3.5,155.6,3,30,42.8,19,5050.0,17,5,2
3,0.472,5.11,2.88,6,4.8,85.7,3,9,60.1,20,2593.0,14,4,2
4,0.967,4.0,2.95,7,3.9,8.2,4,91,44.9,13,1786.0,0,6,3
4,0.312,4.13,2.72,7,5.2,91.0,4,15,46.3,16,4188.0,12,12,2
3,0.209,5.16,2.97,10,2.6,99.8,4,72,24.3,12,3681.0,14,6,2
4,1.009,5.28,3.37,7,2.1,50.2,4,19,41.8,10,5540.0,19,7,3
2,0.404,5.27,2.99,5,3.3,123.8,4,52,44.3,9,4251.0,16,9,1
3,0.229,4.98,2.51,3,4.3,113.5,1,17,41.9,14,916.0,18,2,1
3,0.233,5.07,2.9,10,3.4,59.9,4,76,36.2,23,887.0,3,1,2
2,0.031,4.84,2.85,5,3.4,97.9,3,76,37.9,10,3966.0,23,4,1
2,0.165,5.17,2.4,6,2.7,117.1,1,43,23.9,8,1080.0,13,8,0
4,0.261,5.31,2.44,6,3.4,106.1,2,26,40.1,16,3536.0,12,3,1
2,0.035,3.69,3.21,5,2.7,103.0,2,70,87.1,9,5070.0,19,5,0
3,0.446,4.91,2.85,6,2.5,66.3,1,23,35.1,9,3132.0,3,2,2
2,0.207,5.62,3.08,7,4.0,64.7,4,93,24.8,7,952.0,6,2,1
4,0.216,4.85,3.34,7,5.1,66.8,4,82,39.7,20,857.0,2,12,2
5,0.14,5.27,2.96,12,5.0,152.0,3,98,24.8,19,6096.0,16,12,2
3,0.874,4.53,3.19,11,4.4,98.6,2,23,55.7,10,2131.0,19,4,2
3,0.462,5.41,3.24,5,3.4,118.6,3,79,19.7,17,2649.0,1,9,1
5,0.758,4.99,3.81,14,7.0,132.4,2,94,29.2,23,3756.0,21,7,2
4,0.06,4.67,2.67,7,3.2,128.8,2,25,87.9,16,2254.0,23,2,1
3,0.12,4.91,3.1,8,4.1,84.4,4,23,87.1,14,3297.0,18,2,2
3,0.049,4.54,3.68,5,4.4,85.2,2,64,43.4,15,2230.0,11,8,1
2,0.78,5.56,3.16,4,3.1,139.5,4,88,48.1,21,2628.0,11,4,1
5,0.316,6.11,3.19,13,2.3,57.0,1,3,35.9,29,2001.0,11,9,2
2,0.116,5.02,3.74,2,2.5,173.5,2,63,42.4,10,4127.0,11,3,0
2,0.15,4.65,2.95,2,2.3,165.7,3,55,17.5,9,1279.0,12,3,0
2,0.179,5.44,2.67,5,2.0,73.4,1,56,56.8,11,1440.0,4,10,0
3,0.315,4.87,2.99,5,4.4,90.2,1,37,51.2,12,2308.0,22,1,1
3,0.149,5.51,3.04,4,3.3,21.1,4,71,36.3,11,2052.0,2,2,2
2,0.34,4.75,3.24,4,3.9,25.0,2,26,13.2,6,1573.0,3,7,1
3,0.193,4.33,3.17,6,4.9,121.3,2,78,38.1,19,3442.0,7,9,1
5,0.439,5.61,3.41,10,2.4,145.6,3,89,31.0,23,2680.0,16,11,2
4,0.394,4.86,3.31,6,3.3,38.9,1,76,78.8,21,2086.0,5,7,2
2,0.053,5.36,2.62,5,3.7,44.7,1,43,48.4,6,2119.0,22,12,1
3,0.028,4.84,3.05,5,3.4,34.8,1,45,66.7,7,5209.0,9,10,1
5,0.14,4.62,3.39,5,3.3,151.0,4,0,46.4,30,4742.0,10,4,2
4,0.715,5.33,2.61,7,4.4,205.4,2,51,68.7,26,4210.0,18,3,2
4,0.875,5.19,2.82,6,3.5,19.9,1,71,51.0,19,4425.0,23,6,3
3,0.04,4.91,3.04,1,4.8,128.1,2,45,41.6,14,3569.0,8,5,0
2,0.425,4.87,3.28,8,2.4,129.3,1,60,48.8,11,4553.0,12,7,1
2,0.075,4.18,3.07,7,2.8,190.1,4,18,79.5,7,3838.0,9,12,1
3,0.66,4.57,2.88,9,2.4,162.1,1,4,22.4,16,2003.0,12,5,2
3,0.237,5.08,3.33,7,3.8,69.8,1,48,58.8,19,1244.0,0,5,1
5,0.001,4.45,2.79,10,6.5,61.9,4,70,36.3,25,5727.0,12,3,2
2,0.081,4.4,3.39,5,2.8,220.0,1,90,61.0,11,3665.0,19,10,0
3,0.239,4.76,2.44,4,3.9,52.7,1,31,27.1,20,3582.0,9,5,1
3,0.519,4.83,3.38,5,4.0,56.6,1,76,40.8,25,2503.0,21,12,2
3,0.298,4.2,3.14,6,3.7,38.3,4,85,58.6,18,709.0,15,10,2
5,0.046,4.59,3.32,14,4.5,91.7,3,58,33.6,21,4795.0,15,7,2
4,1.025,5.25,3.27,6,4.8,182.2,4,98,51.5,21,3258.0,18,11,2
3,0.516,4.51,2.8,7,4.5,80.8,1,88,48.0,11,4221.0,9,12,2
4,0.643,4.74,2.96,7,5.1,80.7,1,37,17.6,16,5618.0,18,3,2
2,0.492,4.52,2.66,8,2.4,188.0,4,87,46.2,6,3639.0,20,8,1
3,0.098,5.22,2.84,5,3.6,81.6,3,13,27.1,14,2720.0,13,12,1
2,0.352,5.34,3.89,5,2.2,165.4,4,27,75.6,6,5630.0,18,7,1
4,0.048,5.34,3.24,7,5.2,119.3,4,28,79.6,17,4848.0,4,6,2
3,0.099,4.4,3.01,3,4.8,97.5,3,24,40.4,11,4175.0,5,12,1
4,1.133,4.53,3.08,4,4.2,153.9,1,44,62.9,17,1496.0,21,12,2
3,0.134,4.73,3.08,7,3.8,138.1,1,30,41.4,16,4349.0,8,1,1
2,0.107,4.93,2.79,3,2.2,54.7,1,54,12.7,10,883.0,4,8,0
2,0.157,4.76,3.07,3,3.5,21.6,3,14,51.2,9,3974.0,12,7,1
2,0.405,4.97,2.71,4,2.4,76.9,4,14,45.7,8,3136.0,6,12,1
2,0.073,4.23,3.73,8,3.3,92.4,4,24,32.8,16,4786.0,6,7,1
5,1.352,4.95,3.21,12,2.5,212.9,3,11,29.2,21,4193.0,19,9,3
4,0.121,4.48,2.76,4,3.4,33.9,2,18,56.7,18,5726.0,1,3,2
4,0.054,4.85,2.33,11,2.9,115.1,4,79,46.6,21,1604.0,19,8,2
3,0.829,5.77,3.12,6,3.2,91.3,4,61,28.7,13,948.0,11,10,2
3,0.231,4.85,3.04,5,3.9,61.1,2,7,69.2,13,1748.0,3,11,1
3,0.138,5.28,2.59,7,3.2,174.6,1,19,61.6,24,4090.0,16,8,1
3,0.567,4.03,3.35,5,3.1,87.2,2,57,39.5,14,4024.0,21,2,2
5,0.257,5.31,3.37,13,4.8,120.3,2,33,41.0,24,1664.0,19,9,2
4,0.645,4.94,3.19,4,5.2,50.0,4,18,22.1,21,3413.0,17,12,2
4,0.287,4.91,2.7,8,2.5,91.3,1,86,52.3,20,4940.0,13,2,2
3,0.14,4.93,2.76,9,3.1,41.5,3,29,31.6,14,4862.0,8,12,2
3,0.287,5.84,2.84,5,2.9,143.7,2,64,145.5,12,1804.0,13,8,1
4,0.23,4.63,3.0,8,3.1,85.0,2,16,48.9,17,1456.0,2,3,2
4,0.542,5.25,2.69,7,2.9,42.8,4,4,24.4,21,4395.0,13,5,3
5,0.324,5.04,3.34,14,5.5,110.7,1,58,50.6,21,2855.0,3,10,2
3,0.119,4.35,2.75,8,3.9,122.0,1,69,10.6,14,4719.0,12,7,1
3,0.532,5.42,2.72,9,2.5,137.5,2,91,97.3,14,3221.0,1,8,2
3,0.432,4.73,2.71,9,3.7,89.9,4,74,26.8,10,3543.0,6,4,2
5,0.132,5.85,3.05,13,5.2,128.1,4,27,44.7,19,4675.0,15,6,2
2,0.212,4.92,2.32,5,3.7,28.8,4,18,57.0,4,4392.0,13,2,1
3,0.417,5.65,2.47,7,2.1,237.8,4,51,35.0,19,3412.0,1,3,2
3,0.776,5.01,2.87,4,3.6,189.3,3,12,55.1,12,2203.0,3,8,2
2,0.315,4.97,3.07,1,2.7,219.2,4,35,47.4,6,3355.0,6,11,1
4,0.166,4.91,2.85,14,4.3,125.3,3,62,20.2,26,4878.0,1,1,2
2,0.294,5.32,2.51,3,2.4,90.0,1,11,40.0,11,1457.0,19,1,0
4,0.13,4.91,3.49,8,3.4,85.9,3,25,57.2,26,4526.0,22,12,2
4,1.035,5.02,2.89,6,2.1,89.0,1,8,59.5,19,3494.0,9,8,2
4,0.284,5.13,3.24,12,5.5,89.8,1,35,55.9,28,4362.0,0,5,2
3,0.22,4.6,2.96,5,5.0,148.0,2,9,45.4,10,5002.0,20,12,1
2,0.327,5.78,2.71,3,2.8,146.4,3,34,44.7,8,3526.0,5,3,1
2,0.026,4.86,3.12,5,2.6,96.3,4,9,102.0,7,1696.0,22,1,1
3,0.092,4.77,2.64,3,2.5,67.0,4,36,18.3,18,4738.0,0,5,2
5,0.061,4.93,3.37,11,6.1,97.5,2,1,32.7,20,5356.0,15,11,2
2,0.056,3.76,2.55,6,3.9,12.0,1,68,73.2,16,3306.0,15,6,1
4,0.26,5.57,2.41,11,5.0,90.4,3,66,58.4,24,3611.0,22,10,2
2,0.116,5.24,3.08,4,2.2,100.7,3,29,14.3,6,2698.0,11,7,0
3,0.124,4.6,2.92,11,4.5,46.0,2,58,42.3,14,1593.0,5,8,2
3,0.315,4.65,3.02,3,2.4,129.4,3,67,104.4,19,5034.0,21,4,1
5,0.064,5.52,3.15,8,6.1,82.6,2,79,118.4,20,1956.0,0,9,2
4,0.006,5.15,3.12,10,2.9,45.7,2,95,13.5,21,4504.0,4,5,2
3,0.742,5.09,2.77,7,4.4,205.0,3,8,31.6,16,644.0,23,1,2
3,0.234,4.74,3.16,6,4.9,119.4,3,37,26.6,18,4689.0,16,11,1
3,0.072,5.82,2.3,6,4.9,305.7,4,49,35.4,10,5209.0,5,6,2
3,0.13,5.19,2.94,2,4.5,93.7,4,7,37.3,12,208.0,19,7,1
2,0.049,5.0,2.96,4,2.7,142.0,3,85,34.9,8,5644.0,21,10,0
2,0.266,4.64,2.92,5,2.6,133.0,4,6,52.8,5,3792.0,22,12,1
3,0.255,4.92,3.08,7,3.4,134.8,3,57,58.6,25,860.0,19,7,1
2,0.017,4.53,3.02,4,2.0,113.6,3,99,68.4,7,1645.0,1,2,0
3,0.152,5.78,3.67,11,2.4,201.5,2,89,42.1,15,950.0,3,1,1
4,0.055,4.81,2.85,11,4.9,31.5,4,7,25.2,19,1167.0,6,8,3
3,0.032,5.37,3.35,3,4.4,119.2,2,24,28.9,17,1984.0,10,8,1
3,0.036,5.04,3.22,6,4.8,65.6,1,99,44.6,13,4830.0,20,10,1
3,0.15,5.08,3.01,7,4.7,100.0,1,93,46.7,12,3614.0,7,1,1
3,0.072,4.83,3.04,7,2.4,157.5,4,62,47.7,15,5364.0,5,7,2
3,0.084,4.11,3.08,6,3.9,74.7,4,61,39.3,12,1158.0,14,10,2
5,0.059,4.86,2.85,13,2.1,63.7,2,38,48.8,23,4004.0,4,6,2
2,0.029,5.02,2.94,7,2.9,127.8,3,17,21.6,8,322.0,4,2,1
3,0.11,5.98,2.9,5,2.4,99.5,1,29,16.7,19,2926.0,7,6,1
2,0.577,4.87,3.12,4,3.5,80.4,1,50,29.6,7,883.0,21,8,1
2,0.165,4.61,2.78,3,3.1,107.1,1,58,18.4,12,1922.0,10,4,0
5,0.109,4.08,2.94,12,6.2,78.0,1,91,8.0,26,526.0,12,10,2
4,0.004,5.17,3.19,6,5.1,37.2,3,29,21.6,13,1544.0,3,3,2
4,0.236,5.36,2.99,7,4.9,157.8,1,18,49.4,13,293.0,15,7,1
3,0.057,5.68,3.32,9,4.0,136.9,1,63,65.1,16,2482.0,2,6,1
2,0.159,4.95,3.04,5,2.3,112.1,3,88,55.5,8,1890.0,8,10,0
4,0.112,5.83,3.41,10,5.7,125.8,3,69,37.8,19,821.0,10,5,2
2,0.352,5.58,2.92,4,3.8,186.2,2,31,48.9,17,3499.0,10,7,0
3,0.053,5.28,3.3,1,3.6,101.2,2,67,42.3,13,3288.0,16,10,0
2,0.311,4.46,3.08,3,4.0,173.7,4,73,28.3,16,5946.0,9,11,1
3,0.603,4.51,3.17,5,4.8,238.2,1,71,27.1,22,2646.0,1,5,1
5,0.091,5.62,2.93,6,6.0,73.1,2,99,50.8,19,2252.0,0,2,2
3,0.478,5.19,3.37,2,2.3,285.9,4,75,50.7,15,1342.0,22,2,1
5,3.203,5.45,3.15,8,6.0,108.2,4,47,68.8,24,4572.0,10,9,3
5,0.639,4.71,2.94,11,3.7,105.8,4,27,54.1,25,3362.0,16,5,3
3,0.017,5.0,2.67,13,5.0,149.9,4,14,52.1,16,5037.0,9,5,2
3,1.111,5.09,3.2,8,4.6,161.8,3,37,5.6,8,1503.0,11,10,2
3,0.58,5.13,3.24,9,2.3,86.8,1,0,45.8,10,1261.0,14,12,2
3,0.16,5.39,2.56,8,3.0,62.9,3,53,21.1,11,3537.0,11,12,2
3,0.386,5.36,3.08,7,4.2,117.6,4,83,46.0,17,4285.0,7,2,2
5,0.387,4.67,3.14,7,3.3,98.8,1,82,32.7,25,4546.0,21,4,2
5,0.659,4.99,3.46,8,2.6,84.8,1,92,39.6,28,3578.0,20,7,2
4,1.2,5.5,2.43,10,4.6,166.0,4,64,21.7,14,2378.0,15,8,2
2,0.177,5.43,3.48,7,3.4,50.0,3,96,43.0,14,179.0,7,3,1
3,0.239,5.22,3.3,8,5.0,207.1,2,73,68.6,9,4547.0,0,5,1
4,0.008,5.15,3.14,10,4.9,131.3,1,9,58.5,22,1012.0,15,3,1
3,0.251,5.96,3.07,6,3.3,102.8,4,90,33.1,19,2636.0,22,5,2
5,0.032,4.62,3.41,9,6.9,42.9,2,93,25.7,22,1659.0,2,6,2
4,0.044,5.56,2.61,11,5.2,161.0,3,48,83.2,24,3486.0,17,1,2
2,0.066,4.22,2.72,3,3.3,116.7,2,86,68.9,15,6568.0,6,8,0
3,0.036,5.54,3.23,5,4.5,158.1,4,90,22.4,16,2354.0,9,2,1
5,0.304,5.18,3.02,7,5.7,64.4,3,39,12.1,17,1746.0,11,10,2
5,0.038,5.43,3.81,10,5.7,91.3,1,40,89.4,32,2901.0,9,11,2
4,0.059,4.13,3.2,11,3.5,46.2,2,40,39.1,15,190.0,5,1,2
2,0.006,4.7,2.88,4,3.8,73.6,4,65,23.2,13,5231.0,19,3,1
2,0.271,5.39,3.45,3,3.8,165.7,4,6,79.9,14,4387.0,5,9,1
2,0.01,4.64,2.96,5,2.8,86.2,3,12,58.4,11,1239.0,1,4,1
3,0.221,4.55,2.61,5,2.5,135.8,4,31,26.7,15,4287.0,7,10,1
3,0.027,5.47,3.1,7,4.6,66.2,1,29,31.1,20,4931.0,8,2,1
5,1.512,5.2,2.74,13,6.9,42.5,3,49,33.5,22,1526.0,23,1,3
3,0.137,4.85,2.93,3,2.4,116.3,4,10,58.6,14,2827.0,17,1,1
3,0.021,5.24,3.87,3,2.0,156.6,3,30,38.7,13,5082.0,8,11,1
3,0.339,5.19,2.72,8,4.5,75.6,2,14,18.2,17,2084.0,17,11,2
4,0.06,4.64,2.76,6,2.2,102.4,2,21,49.9,17,4258.0,0,9,1
4,0.484,4.64,2.37,9,3.2,131.1,2,58,64.5,28,3044.0,19,12,2
3,0.209,5.28,3.0,4,3.4,103.6,3,30,110.6,19,5655.0,6,8,1
3,0.053,4.93,2.87,3,3.3,56.8,3,91,61.3,16,5020.0,12,2,1
3,0.313,4.71,2.81,8,3.8,27.9,1,24,31.6,13,5568.0,8,7,2
4,0.52,5.22,2.61,7,3.9,57.4,3,42,49.9,12,4935.0,12,12,2
3,0.43,5.08,3.2,4,4.5,46.8,2,2,36.6,10,5250.0,22,7,2
4,0.27,5.15,3.11,7,2.3,79.5,1,48,125.8,23,3057.0,1,12,2
4,1.018,4.44,2.98,6,5.8,133.8,3,18,36.9,27,4181.0,16,4,2
2,0.004,4.55,3.06,0,2.5,52.3,4,29,70.9,15,2670.0,16,6,1
4,0.52,4.56,2.55,5,5.8,159.3,3,55,25.6,25,4529.0,20,6,2
3,0.428,4.78,2.56,6,3.5,344.8,2,51,33.7,11,3978.0,16,7,1
3,0.191,5.24,2.42,6,2.6,115.2,4,79,19.4,14,2716.0,19,7,2
3,0.278,5.08,2.91,5,3.0,134.4,3,63,28.7,12,4957.0,19,6,1
2,0.013,5.02,2.94,4,3.5,47.9,4,14,39.5,15,2549.0,9,10,1
3,0.284,5.56,3.15,8,2.4,43.4,3,50,35.7,12,3299.0,15,8,2
5,0.149,5.03,3.46,6,6.8,179.5,3,83,28.8,23,2071.0,11,2,2
3,0.101,4.81,3.32,8,3.5,13.6,3,19,67.6,13,3093.0,10,1,2
3,0.098,5.04,2.68,6,4.6,101.1,2,53,11.9,20,4380.0,6,9,1
3,0.057,5.51,2.96,5,4.3,169.3,4,14,56.4,16,971.0,0,2,1
3,0.035,5.18,3.08,3,3.7,110.7,3,35,71.2,12,3205.0,18,4,1
3,0.431,5.05,2.35,5,4.1,128.3,1,52,55.7,20,4848.0,6,10,1
3,0.168,4.85,2.68,5,3.5,69.9,3,16,48.4,19,3180.0,20,11,1
2,0.05,5.12,3.56,3,2.1,189.6,3,59,33.1,9,3454.0,3,5,0
3,0.533,5.28,3.12,5,3.9,62.7,2,8,14.8,15,1422.0,19,12,2
4,0.385,5.2,3.03,6,5.1,200.6,2,16,46.9,26,3532.0,15,10,2
2,0.211,5.49,2.91,4,2.5,71.0,3,38,54.0,11,1049.0,20,9,1
2,0.142,5.0,3.35,3,2.6,93.3,2,13,65.9,5,4507.0,10,10,0
2,0.515,3.96,2.67,3,3.6,55.7,1,7,80.2,10,2410.0,11,4,1
5,0.634,4.74,2.53,8,4.3,88.1,4,20,25.7,28,4285.0,1,1,3
2,0.232,5.21,2.9,2,3.1,91.5,3,61,47.1,15,5956.0,3,2,0
3,0.321,5.85,2.9,7,2.2,116.9,1,21,8.1,14,5482.0,0,1,1
4,0.165,5.94,2.9,7,3.5,101.0,4,91,37.3,20,922.0,14,5,2
2,0.016,4.81,3.38,2,2.2,68.9,1,39,79.9,15,3520.0,8,12,0
4,0.001,4.65,3.58,8,4.4,21.6,1,63,37.2,8,829.0,11,1,2
4,0.343,4.99,2.89,8,2.6,36.4,3,93,83.8,17,4691.0,17,8,2
4,0.078,4.62,2.89,7,2.4,85.0,4,14,39.5,22,505.0,7,11,2
3,0.427,5.12,3.19,6,3.5,100.3,4,5,20.6,19,4037.0,13,12,2
4,0.268,4.39,3.39,8,4.6,83.1,3,56,33.2,21,3339.0,7,11,2
2,0.03,4.92,2.8,3,2.2,81.1,1,1,23.0,17,5130.0,15,12,0
4,0.383,5.55,2.94,3,4.8,73.5,1,48,53.9,23,4159.0,5,5,2
2,0.249,5.58,2.82,6,3.6,102.9,3,3,51.1,12,2509.0,2,7,1
2,0.071,5.63,2.51,3,2.9,154.2,1,69,28.6,9,5085.0,14,3,0
5,1.125,5.23,2.82,8,5.0,45.0,2,43,15.9,25,1231.0,11,6,3
2,0.131,4.8,2.64,1,3.5,112.0,2,13,44.9,8,4735.0,4,9,0
3,0.283,5.1,3.41,4,3.4,24.0,1,53,55.8,20,3102.0,17,9,1
4,0.034,5.09,2.98,7,2.1,164.3,3,31,73.1,17,4279.0,22,5,2
4,0.086,4.38,3.4,8,3.6,53.7,1,83,119.2,18,4939.0,0,11,2
4,0.456,6.03,2.87,11,3.9,64.8,3,11,112.2,19,1806.0,6,12,2
2,0.104,5.56,2.65,4,2.5,26.7,1,22,53.4,9,4357.0,15,3,1
5,0.334,4.63,2.69,12,6.4,208.0,3,99,12.9,22,4765.0,1,3,2
5,0.019,4.65,2.72,9,5.6,100.1,3,32,25.8,31,4308.0,7,3,2
3,0.353,5.1,2.62,6,2.0,37.4,4,11,24.4,10,2013.0,8,11,2
2,0.142,4.89,2.69,4,3.3,114.3,3,57,43.5,12,3162.0,15,7,0
5,0.779,5.67,2.46,10,4.5,165.9,4,43,71.8,16,4743.0,15,7,3
2,0.314,5.19,3.37,2,3.1,129.0,4,42,27.0,10,4891.0,20,10,1
5,0.303,5.23,2.66,7,3.0,38.6,4,81,36.3,31,4318.0,17,3,3
4,0.112,5.76,2.44,12,3.8,80.9,2,55,32.8,18,6240.0,3,11,2
3,0.083,5.73,3.52,5,4.4,44.7,2,95,50.7,16,3496.0,17,10,1
5,0.156,4.64,2.9,9,5.2,102.7,1,80,26.3,26,5729.0,6,12,2
3,0.01,4.21,2.7,6,4.1,91.2,3,49,16.1,12,3158.0,23,8,2
5,0.159,5.01,2.77,5,2.2,77.2,4,77,40.1,20,700.0,9,6,2
4,0.987,5.37,3.45,8,4.5,76.1,3,50,48.8,22,939.0,8,9,2
2,0.044,5.46,2.41,3,2.4,95.3,2,46,53.3,7,4799.0,4,2,0
3,0.259,4.43,2.97,7,4.2,123.7,1,99,27.4,18,1077.0,19,11,1
4,0.163,4.98,3.1,10,4.7,88.4,1,11,29.5,17,4574.0,12,11,2
5,0.429,4.68,2.41,12,2.1,125.2,1,67,31.0,28,3731.0,22,1,2
2,0.188,4.94,3.46,3,2.4,84.4,2,15,38.6,11,4362.0,18,2,0
4,0.087,5.48,2.6,7,2.8,83.1,4,63,34.0,18,3128.0,10,9,2
4,0.129,5.01,2.53,6,5.5,99.1,4,92,84.3,20,4051.0,18,3,2
3,0.017,4.4,3.34,7,4.1,53.7,4,12,17.2,18,2252.0,22,9,2
4,0.103,4.2,3.45,1,3.1,74.6,2,88,14.4,30,3344.0,22,3,1
3,0.166,5.29,3.46,2,4.0,62.2,1,13,83.2,15,3383.0,20,3,1
3,0.65,5.5,3.23,6,4.4,9.3,4,32,11.1,12,1856.0,14,8,3
3,0.089,5.52,3.5,5,2.3,118.9,1,11,47.8,14,707.0,2,6,1
2,0.108,4.97,2.97,5,2.1,109.6,2,85,68.1,10,3969.0,21,5,0
2,0.318,5.25,2.54,3,3.9,52.5,3,90,36.8,14,3235.0,9,7,1
2,0.035,4.98,3.28,5,3.4,65.7,3,35,79.6,10,4622.0,20,1,1
5,0.489,3.94,2.89,12,3.6,99.9,2,46,63.2,31,4333.0,18,7,2
2,0.073,4.69,2.96,2,2.6,57.7,1,21,53.8,8,2919.0,9,10,0
3,0.649,5.41,3.02,3,4.2,43.6,4,31,24.8,13,461.0,10,2,2
3,0.445,4.72,3.26,6,3.3,151.4,1,84,20.1,18,2671.0,23,12,1
2,0.028,5.17,2.67,2,2.2,17.3,1,0,33.9,15,3039.0,20,11,1
4,0.151,5.02,2.5,9,4.5,85.2,2,77,24.2,19,2043.0,20,5,2
3,0.269,5.5,3.05,6,4.2,190.0,3,79,14.5,18,1309.0,3,2,1
3,0.06,5.14,2.78,4,4.7,199.3,2,47,25.9,20,7731.0,23,3,1
5,0.517,4.94,3.25,14,2.5,131.8,2,63,72.8,24,2444.0,18,8,2
4,0.073,5.57,2.86,2,2.3,120.9,1,32,47.3,25,3158.0,9,3,1
3,0.368,4.73,3.08,7,4.6,113.9,2,24,54.2,12,1338.0,7,3,1
5,0.264,4.87,2.53,8,6.9,206.1,1,29,61.1,33,4650.0,21,2,2
5,0.724,5.15,3.11,8,3.0,63.6,1,24,14.9,17,599.0,18,12,2
3,0.01,4.32,3.53,9,4.2,86.8,4,63,44.3,11,1512.0,22,9,2
5,0.127,5.48,2.91,10,3.8,128.7,1,95,68.4,34,5319.0,3,3,2
4,1.175,4.16,2.75,9,5.4,91.2,1,73,95.8,16,3805.0,14,1,2
3,0.074,4.27,3.01,7,3.5,61.2,1,21,35.5,15,915.0,1,7,1
3,0.057,5.53,3.43,6,4.5,240.3,2,42,58.9,13,3614.0,2,7,1
3,0.117,5.74,2.77,7,4.3,27.3,1,17,61.2,11,355.0,20,10,2
3,0.081,4.86,2.64,7,3.7,184.0,4,86,19.6,12,2488.0,21,8,2
3,0.233,6.08,2.9,7,2.3,149.3,1,54,53.7,19,3389.0,13,7,1
4,0.18,4.63,3.3,7,5.2,77.3,4,31,29.7,12,1874.0,4,12,2
5,0.105,4.73,2.78,6,6.9,122.6,2,92,58.7,27,2329.0,20,1,2
3,0.005,5.14,3.19,7,3.0,117.7,1,55,26.5,17,4548.0,18,12,1
5,0.67,5.13,3.54,9,5.7,129.9,2,49,24.5,27,2232.0,12,2,2
3,0.671,5.74,3.5,3,4.4,38.1,2,58,37.1,13,861.0,8,8,2
4,0.88,4.9,3.41,10,5.6,124.5,1,60,56.2,23,5007.0,16,6,2
5,0.437,4.37,2.54,11,4.2,134.8,4,24,36.8,23,5057.0,23,9,3
2,0.007,5.88,2.83,5,2.9,107.9,3,39,42.3,7,1329.0,16,6,0
5,0.089,4.48,2.94,9,3.3,97.5,3,56,46.5,18,3206.0,21,7,2
5,0.048,4.28,3.09,11,2.0,135.7,2,95,47.5,20,4098.0,2,12,2
4,0.045,4.9,3.5,12,2.6,59.8,2,32,22.2,20,3309.0,10,1,2
2,0.316,5.02,3.0,2,2.9,211.6,2,39,34.7,9,1084.0,10,3,0
3,0.179,5.52,2.72,6,3.1,116.6,3,91,68.7,10,2013.0,14,2,1
4,1.917,4.82,2.53,5,3.8,64.4,2,86,22.9,21,5066.0,18,6,2
5,0.077,5.44,2.91,13,4.2,119.5,3,75,51.1,29,3647.0,20,11,2
4,0.418,5.16,2.73,13,5.9,74.6,2,8,26.9,28,3176.0,0,3,2
2,0.463,5.21,2.9,7,2.7,104.4,2,98,74.6,11,260.0,15,8,1
2,0.195,4.56,3.38,9,2.9,53.5,4,56,63.8,9,5002.0,6,6,1
5,0.16,5.31,2.98,11,2.4,161.1,2,31,27.5,22,2769.0,19,4,2
4,0.27,5.95,2.3,9,4.5,88.2,2,28,25.3,22,4324.0,0,7,2
2,0.318,4.86,2.33,5,3.3,93.3,3,93,51.6,18,5732.0,22,5,1
4,0.654,3.97,2.73,5,4.5,82.6,3,16,18.6,16,5094.0,1,8,2
2,0.794,4.21,3.07,11,3.0,58.1,3,82,50.5,8,2263.0,23,5,2
3,0.302,4.82,2.66,8,3.1,38.7,3,18,28.1,16,3278.0,9,5,2
3,0.012,3.71,3.15,7,2.3,98.7,2,36,68.8,19,3955.0,15,1,1
2,0.302,4.86,2.89,4,3.1,67.3,1,42,41.4,14,2912.0,20,2,1
5,0.209,4.0,3.23,8,2.5,77.7,1,13,87.2,29,954.0,5,2,2
3,0.617,4.52,2.69,8,2.2,242.1,4,25,78.0,11,5195.0,16,12,2
2,0.092,5.46,3.36,2,3.6,175.9,1,86,48.2,12,1835.0,23,3,0
4,0.343,4.27,2.82,2,5.8,92.1,1,23,69.5,17,4721.0,8,4,1
5,0.155,3.97,2.77,9,2.3,124.4,2,39,20.9,25,1200.0,4,2,2
3,0.004,4.87,2.55,11,5.0,125.0,4,52,13.5,20,5076.0,6,10,2
2,0.127,5.24,2.88,4,2.8,168.3,1,85,35.1,12,4082.0,9,7,0
5,0.2,5.92,3.11,12,2.1,150.5,1,70,29.4,33,4010.0,4,12,2
2,0.101,4.97,2.96,3,2.1,216.9,3,69,44.0,11,1690.0,18,8,0
3,0.491,5.14,2.83,5,4.0,129.7,1,66,23.4,18,4064.0,21,4,1
4,1.972,5.04,3.22,10,2.3,85.0,3,64,35.2,28,907.0,13,10,2
2,0.257,5.43,2.79,5,2.0,91.6,4,21,26.6,8,4146.0,23,4,1
2,0.298,4.8,3.19,5,2.6,95.8,1,18,19.6,8,3839.0,22,1,0
5,0.173,3.91,2.87,5,3.4,119.2,2,75,45.3,32,2487.0,5,3,1
3,0.147,5.1,2.9,10,2.1,100.8,3,32,80.5,20,3229.0,0,7,1
3,0.391,4.95,2.77,2,3.4,101.2,3,28,14.3,20,238.0,1,1,1
3,0.004,5.3,3.0,8,4.6,111.7,2,28,55.3,13,3756.0,10,5,1
2,0.403,6.32,3.14,5,2.7,144.6,4,65,48.4,12,1603.0,11,12,1
3,0.88,5.27,2.76,5,4.1,64.0,2,80,95.0,13,4873.0,8,12,2
2,0.012,4.81,2.78,4,2.4,96.6,3,30,80.2,14,681.0,0,3,1
3,0.608,5.38,2.58,9,4.4,179.0,2,83,94.8,13,1392.0,6,11,2
2,0.054,5.11,2.72,5,3.4,107.9,3,31,26.6,6,2533.0,12,3,0
4,0.191,4.95,3.47,8,5.4,22.1,1,84,60.6,14,3651.0,21,7,2
3,0.124,4.4,3.75,7,3.1,52.5,3,67,71.1,15,4369.0,16,4,2
2,0.124,5.44,3.07,6,2.9,192.5,1,88,76.3,10,2102.0,20,4,0
2,0.718,4.38,2.82,4,3.5,47.7,1,79,39.4,8,2186.0,10,10,1
3,0.237,4.48,3.43,2,4.5,88.4,3,96,48.4,11,2515.0,10,10,1
5,0.079,4.94,3.3,11,3.4,72.7,1,92,25.2,19,4655.0,10,12,2
5,1.475,4.39,3.23,10,3.1,35.3,2,90,50.0,19,1726.0,7,2,3
3,0.353,4.36,2.55,6,2.8,53.9,3,80,53.0,16,3045.0,22,11,2
3,0.408,4.41,3.12,6,4.2,92.0,1,77,79.0,11,4390.0,11,8,2
4,0.413,4.56,2.61,16,4.3,79.1,2,39,50.2,18,2380.0,15,3,2
5,0.03,5.0,3.12,5,5.6,42.9,4,80,93.4,31,4252.0,12,12,2
3,0.541,3.88,3.0,8,3.5,69.6,2,78,26.0,20,1504.0,3,3,2
2,0.116,5.01,3.1,7,2.6,123.9,3,99,26.3,7,1726.0,19,12,1
2,0.039,4.41,3.08,2,3.7,107.1,2,9,48.6,12,1909.0,1,11,0
3,0.036,5.02,2.96,7,2.7,149.2,1,3,49.9,12,1529.0,17,9,1
2,0.416,5.06,3.14,4,3.6,87.3,1,94,29.2,9,3868.0,11,10,1
5,0.025,5.22,3.35,14,3.6,116.2,3,99,88.5,18,5257.0,21,5,2
3,0.337,5.63,3.22,9,3.9,200.1,2,57,41.5,13,2144.0,2,12,1
4,0.604,5.02,2.65,13,3.5,100.7,2,85,20.6,20,4847.0,21,3,2
4,0.501,5.14,3.13,6,3.3,94.6,1,7,41.9,25,844.0,22,8,2
3,0.087,4.29,2.15,6,2.2,94.6,4,21,78.5,15,2009.0,7,2,2
2,0.299,5.54,2.72,5,3.0,164.4,1,85,87.3,6,3184.0,2,9,0
2,0.208,5.2,3.06,6,3.3,47.1,2,94,34.3,9,1973.0,11,4,1
4,0.117,4.92,2.73,10,3.6,130.5,1,14,18.9,23,1551.0,21,5,1
4,0.54,5.19,2.73,5,4.7,50.8,2,31,52.0,13,5328.0,10,11,2
2,0.029,6.1,3.39,4,2.1,238.5,1,47,33.5,7,4760.0,0,11,0
5,1.227,4.95,3.26,4,4.6,159.3,3,51,35.5,17,4204.0,17,11,2
3,0.37,4.75,2.53,8,4.7,24.4,3,69,11.7,14,4812.0,18,10,2
3,0.12,4.52,3.46,9,3.2,173.4,3,66,50.9,16,1382.0,12,8,1
3,0.252,5.52,3.12,7,3.4,78.7,2,14,47.0,17,264.0,11,10,1
2,0.295,4.9,2.97,1,3.6,47.4,4,98,45.8,8,5093.0,10,9,1
2,0.105,5.25,3.04,4,3.9,138.1,4,32,49.1,6,1419.0,6,3,1
4,0.046,4.69,3.82,7,4.9,38.7,4,3,13.3,22,4019.0,0,5,2
4,0.122,4.37,2.67,6,2.4,53.2,4,45,61.7,19,3637.0,10,12,2
3,0.648,4.85,2.9,6,4.9,143.9,4,63,46.1,14,4030.0,13,12,2
2,0.383,5.72,3.18,7,2.0,176.8,1,36,29.7,11,3890.0,10,1,1
3,0.118,4.87,3.3,7,2.4,58.6,4,65,89.4,15,3440.0,22,6,2
4,0.168,5.38,3.61,11,4.7,107.1,3,86,38.5,20,4054.0,20,5,2
3,0.376,4.58,2.78,6,2.2,123.4,4,37,48.4,20,3737.0,16,10,2
5,0.091,5.13,2.63,9,2.2,100.2,1,80,39.9,28,527.0,1,3,2
5,0.272,5.39,2.72,12,3.9,197.7,1,35,51.5,25,912.0,15,11,2
3,0.021,5.44,2.94,9,2.4,205.4,1,50,41.1,16,3395.0,4,11,1
2,0.119,6.15,3.16,4,2.2,90.7,4,55,22.4,10,1963.0,14,4,1
4,0.112,4.44,3.09,5,3.8,72.1,1,99,36.5,18,4851.0,4,1,1
3,0.131,4.45,3.3,8,3.6,255.6,1,12,28.9,15,1350.0,1,5,1
5,0.815,5.54,2.71,5,4.8,72.5,1,90,44.8,32,3988.0,6,6,2
4,0.078,4.86,2.38,11,5.7,128.1,1,44,22.3,20,4815.0,8,4,2
4,0.927,5.72,3.02,7,4.5,119.2,2,76,45.0,20,4499.0,2,4,2
4,0.235,5.95,3.3,2,5.1,106.4,1,14,35.5,24,3947.0,22,4,1
5,0.447,4.85,2.73,8,6.7,128.9,1,46,31.4,30,2365.0,5,10,2
3,0.035,4.96,3.36,3,2.4,99.4,4,74,61.9,11,1046.0,8,8,2
3,0.151,6.15,2.95,7,4.9,169.9,2,83,27.9,16,3045.0,21,4,1
4,0.021,5.77,3.02,8,4.3,119.3,3,19,36.8,16,2243.0,21,11,2
3,0.155,4.79,2.62,3,3.3,157.4,1,96,122.9,15,3455.0,17,10,1
3,0.24,4.69,3.07,9,3.5,44.4,3,1,25.0,14,647.0,2,11,2
3,0.841,5.28,3.66,4,4.5,156.0,3,81,40.8,15,462.0,8,11,2
3,0.393,4.85,3.16,11,3.5,91.1,4,98,28.5,16,5615.0,19,11,2
4,0.389,4.52,2.57,12,4.2,70.4,2,61,50.6,20,2553.0,12,1,2
3,0.103,5.23,2.76,7,2.8,75.2,4,52,29.5,16,972.0,17,10,2
2,0.214,5.37,3.0,7,3.5,73.4,4,35,28.4,7,966.0,11,4,1
5,0.368,5.82,3.0,15,3.7,45.8,2,85,37.2,23,4040.0,6,4,3
3,0.201,5.09,3.36,4,2.2,131.7,4,57,45.3,14,2599.0,13,10,1
2,0.07,4.87,3.53,4,4.0,173.2,3,96,64.6,11,732.0,8,4,0
4,0.617,4.28,2.85,8,3.5,38.0,4,61,11.8,14,4529.0,18,1,3
4,0.65,4.15,2.87,6,2.6,84.9,3,76,51.1,19,2246.0,21,6,2
3,0.429,4.68,3.59,3,4.9,17.1,1,12,22.3,15,8630.0,13,10,2
2,0.055,5.51,2.85,4,2.0,75.4,2,55,36.3,7,4404.0,3,7,0
2,0.007,5.15,2.04,4,3.9,147.8,4,47,26.8,10,5125.0,9,5,1
3,0.254,4.14,3.21,6,4.5,76.0,2,68,48.9,17,3791.0,16,1,1
5,0.862,5.35,2.9,6,2.1,27.6,2,67,44.2,20,1655.0,18,1,3
2,0.812,6.34,3.32,3,2.8,82.2,4,28,65.0,13,4753.0,11,12,2
4,0.253,5.1,2.84,11,5.5,103.8,2,95,5.9,27,4830.0,13,12,2
3,0.321,5.16,2.41,5,3.2,163.8,1,11,89.7,13,2241.0,12,6,1
3,0.052,5.21,2.94,7,4.0,89.3,2,35,24.0,16,3570.0,16,1,1
4,0.761,4.05,3.01,12,5.5,59.2,3,55,51.0,16,5052.0,23,8,3
3,0.364,4.95,3.27,9,3.1,33.8,2,19,9.9,19,4169.0,5,5,2
4,1.466,4.88,3.31,12,3.6,111.5,3,8,12.3,22,3244.0,4,9,2
3,1.131,5.6,3.53,3,2.2,70.9,1,0,33.6,15,2300.0,2,2,2
2,0.226,5.58,2.7,6,3.6,84.5,4,82,74.8,9,5146.0,9,9,1
4,0.254,4.22,2.23,11,3.7,150.2,2,4,40.4,18,4134.0,5,5,2
2,0.078,5.65,2.86,4,2.3,140.3,3,95,25.8,8,2895.0,6,4,0
4,0.133,4.48,2.72,8,3.3,69.7,2,17,54.9,21,4381.0,4,3,2
3,0.252,4.65,2.73,9,4.6,73.0,1,68,28.6,13,5756.0,11,3,1
5,0.252,5.1,2.93,10,2.8,166.7,1,15,72.2,28,2814.0,12,12,2
2,0.017,4.84,3.64,4,2.4,42.8,1,23,24.8,12,1776.0,19,8,1
2,0.045,4.45,2.88,3,3.5,98.7,4,83,180.1,16,3670.0,13,2,1
4,0.349,5.38,2.61,11,2.9,30.5,1,2,51.8,18,3460.0,8,6,2
3,0.468,4.87,3.29,7,2.4,40.0,1,5,59.4,22,1265.0,7,3,2
3,0.232,5.26,2.99,5,2.9,20.1,1,1,73.0,12,931.0,1,4,1
5,0.047,5.14,2.76,5,2.3,108.5,1,1,63.9,26,2969.0,15,12,1
4,0.014,4.19,2.63,8,5.1,246.5,1,42,63.8,17,4194.0,4,2,1
4,0.699,4.94,3.22,7,2.2,55.1,1,88,61.8,20,819.0,3,1,2
3,0.039,5.84,3.27,8,2.2,58.1,1,97,21.1,19,1220.0,2,4,1
2,0.174,5.89,3.11,2,3.1,273.5,3,42,29.9,20,2606.0,12,7,0
3,0.489,5.42,3.03,5,2.1,32.5,1,5,54.9,10,3061.0,3,10,2
3,0.149,4.93,3.12,6,3.6,111.6,3,8,55.3,14,4648.0,7,5,1
5,0.587,5.57,3.17,8,5.1,104.9,4,36,46.5,22,2589.0,6,10,3
3,0.093,5.67,3.4,4,2.9,70.5,1,17,40.0,12,4830.0,7,10,1
4,0.914,5.93,3.14,10,4.7,151.6,3,88,60.5,14,1804.0,14,11,2
3,0.034,5.02,2.7,5,4.8,118.8,3,16,50.2,17,4595.0,20,9,1
5,0.303,5.41,3.28,10,5.4,70.7,3,19,136.1,18,3489.0,15,1,2
3,0.156,4.71,2.71,9,2.2,100.4,4,67,62.7,13,5580.0,18,9,2
2,0.187,5.72,2.76,5,2.9,73.7,1,14,45.2,15,4117.0,18,11,0
3,0.227,5.94,3.6,8,2.4,81.4,2,73,42.3,15,5783.0,18,2,1
4,0.228,5.54,2.85,6,5.7,70.4,1,52,75.1,27,1708.0,9,7,2
4,0.143,4.8,2.89,9,4.9,104.9,1,75,31.9,20,1220.0,23,12,1
2,0.0,4.87,3.02,9,3.5,51.5,1,87,34.2,10,4972.0,19,8,1
3,0.075,5.07,3.59,5,4.9,82.5,1,43,69.6,13,1484.0,6,5,1
2,0.01,5.62,3.01,4,2.9,73.4,3,37,31.3,11,2020.0,14,9,1
4,0.626,4.9,2.89,10,4.5,107.2,2,31,38.2,23,3841.0,21,11,2
3,0.55,4.07,2.94,11,2.8,172.6,1,92,43.3,19,2453.0,0,1,2
2,0.168,4.67,3.34,6,2.1,112.4,3,58,52.1,12,1534.0,10,1,1
2,0.375,5.28,2.53,4,3.0,104.8,1,22,43.8,13,602.0,4,2,0
5,0.366,4.38,2.34,10,5.2,77.4,4,15,10.6,30,2990.0,3,4,3
3,0.233,5.99,3.57,5,4.8,98.0,1,49,34.9,11,2569.0,15,2,1
4,0.078,5.12,3.72,6,2.3,85.9,1,31,29.0,20,3083.0,4,5,2
4,0.715,3.94,2.82,6,2.6,65.2,3,52,50.4,31,5317.0,12,2,2
4,0.047,4.4,3.07,12,3.5,101.2,4,0,32.2,17,1058.0,0,9,2
2,0.222,5.09,2.79,0,3.3,117.9,2,91,65.6,12,3738.0,20,7,0
3,0.311,4.39,3.11,5,3.2,112.9,2,10,72.0,17,3554.0,11,5,1
2,0.262,4.11,2.87,7,3.9,129.5,1,44,41.7,7,2577.0,4,9,0
2,0.375,4.35,3.04,2,3.8,48.3,3,57,87.6,10,4914.0,7,6,1
3,0.018,5.46,2.96,7,2.7,123.5,1,79,38.3,16,873.0,11,5,1
5,0.111,4.64,2.63,13,5.4,70.5,2,43,32.6,22,1633.0,16,6,2
3,0.492,6.16,2.67,7,4.0,96.4,3,98,62.5,11,5076.0,10,12,2
5,0.535,4.81,3.28,10,2.2,164.4,2,62,30.8,33,2930.0,17,6,2
2,0.316,5.11,3.16,3,2.3,98.4,2,32,35.7,6,3082.0,15,6,1
4,0.169,4.64,3.06,8,4.5,61.6,2,83,35.0,13,1762.0,0,3,2
5,0.917,4.51,3.11,6,5.6,126.2,3,27,27.7,15,5879.0,1,12,2
5,0.379,5.04,2.96,3,6.3,156.1,1,72,56.4,36,198.0,2,10,2
2,0.313,4.93,3.06,7,3.4,85.5,4,45,49.7,12,1917.0,19,8,2
2,0.225,5.39,2.95,2,3.3,25.3,3,36,52.9,8,1850.0,12,10,1
4,0.107,4.25,2.88,9,2.7,111.2,4,97,66.5,21,3755.0,7,6,2
4,0.405,5.31,2.95,7,4.7,60.7,4,25,92.9,23,1530.0,22,8,2
5,0.433,5.99,3.01,6,3.9,69.7,4,71,46.2,24,3013.0,23,3,3
4,0.155,5.25,2.82,7,5.2,98.4,2,69,97.3,18,4238.0,22,4,2
3,0.053,4.5,3.06,9,4.5,26.2,1,9,20.7,16,2210.0,17,7,2
3,0.29,4.82,2.77,7,2.1,129.1,2,17,24.6,7,937.0,10,3,1
3,0.059,4.48,3.4,3,4.9,101.3,4,2,40.0,14,1704.0,20,9,1
2,0.253,4.48,3.49,7,3.5,174.1,3,73,40.1,7,1963.0,16,3,1
3,0.306,6.02,3.28,7,2.4,41.3,2,2,56.1,11,2398.0,12,11,2
2,0.009,5.23,3.28,1,2.0,53.3,3,12,37.1,5,3965.0,11,2,0
3,0.036,5.13,3.11,5,4.7,20.2,3,65,40.4,9,2958.0,1,7,2
2,0.448,5.12,2.53,3,3.0,200.0,2,39,20.1,12,1095.0,11,3,0
3,0.34,4.61,2.88,5,4.3,85.2,1,72,33.6,11,460.0,17,2,1
4,0.395,4.66,3.13,8,5.7,112.6,2,2,43.9,15,4253.0,18,5,2
5,0.612,4.34,2.94,11,2.8,263.5,2,44,58.8,27,1874.0,18,6,2
3,0.102,4.79,3.41,7,3.1,64.8,2,22,64.3,15,1286.0,14,8,1
2,0.13,4.73,2.14,1,3.9,82.3,1,11,50.5,9,874.0,20,3,0
2,0.141,4.3,3.53,4,3.3,54.6,1,9,55.3,15,1563.0,9,2,0
3,0.049,4.67,2.79,7,3.8,125.1,2,1,68.8,11,2129.0,16,10,1
3,0.442,4.47,2.56,7,4.0,83.9,4,95,47.0,15,5015.0,6,11,2
5,0.388,5.41,3.19,14,4.4,158.3,3,25,44.1,21,480.0,5,8,2
4,0.287,5.53,3.14,6,4.6,73.6,2,87,9.3,19,3052.0,6,8,2
3,0.203,3.95,2.65,10,2.4,57.5,3,9,54.1,11,4855.0,4,10,2
3,0.133,5.03,3.02,5,3.8,20.2,4,20,30.9,17,840.0,13,10,2
3,0.6,4.18,3.04,2,4.6,15.9,2,32,32.9,10,3013.0,4,1,2
3,0.47,4.91,2.83,6,2.6,189.0,4,38,34.4,13,4419.0,7,5,2
2,0.121,5.3,3.15,5,2.6,47.8,1,49,46.0,4,3440.0,11,12,1
4,0.692,4.89,2.78,8,5.7,215.6,3,37,48.3,13,4731.0,23,12,2
4,1.366,5.7,3.37,8,3.3,97.0,4,94,57.7,18,2850.0,4,6,3
3,0.052,5.39,2.83,7,4.5,109.3,3,41,28.6,12,1432.0,1,7,1
3,0.058,5.92,2.81,5,5.0,92.7,3,3,52.1,15,3368.0,21,7,1
4,0.44,6.23,3.17,7,4.5,77.9,1,45,28.8,13,4186.0,21,9,2
3,0.199,4.53,2.89,3,2.2,179.8,4,83,33.2,17,4707.0,10,10,1
4,0.04,5.69,3.04,10,3.0,26.9,2,31,41.8,15,4541.0,0,10,2
2,0.198,4.96,2.91,6,3.3,281.4,4,31,69.5,9,2110.0,5,2,1
3,0.068,4.68,2.86,2,4.5,129.7,3,49,27.0,14,660.0,18,5,1
4,0.161,5.29,2.85,8,3.4,101.8,1,2,66.4,15,3517.0,23,3,1
2,0.052,4.7,3.23,6,2.4,119.3,3,5,42.1,6,1592.0,8,10,1
2,0.353,4.5,2.03,2,2.6,121.5,1,32,49.5,13,876.0,8,10,0
2,0.071,3.93,3.23,3,2.5,100.6,4,8,22.2,9,969.0,7,1,1
5,0.683,5.32,2.89,11,5.1,35.9,4,33,21.9,22,522.0,9,5,3
3,0.515,5.16,2.36,2,4.5,49.4,4,24,40.7,11,2721.0,13,4,2
4,0.076,4.83,3.09,2,4.2,31.1,4,63,74.8,18,4411.0,20,9,2
3,0.516,5.31,3.59,5,2.8,58.3,2,64,23.8,17,2602.0,1,6,2
3,0.088,5.44,3.01,7,3.7,85.7,1,27,45.9,19,3846.0,9,9,1
2,0.099,4.51,3.03,4,2.9,151.4,4,40,61.4,10,3175.0,22,11,1
3,0.057,5.57,2.77,8,2.9,23.7,1,37,18.6,11,2828.0,23,6,2
2,0.306,5.19,3.61,5,2.7,45.6,3,85,66.6,10,5577.0,23,11,1
2,0.14,5.9,2.95,6,3.5,105.2,3,97,40.2,15,3513.0,5,5,1
3,0.156,5.54,3.03,11,3.4,79.9,2,80,57.0,17,3865.0,3,5,2
3,0.178,4.32,3.04,1,2.3,132.1,2,21,20.4,20,915.0,21,10,0
4,0.494,5.12,3.03,7,5.9,70.4,2,40,50.8,14,1691.0,1,10,2
3,0.326,5.1,3.31,6,3.0,70.9,4,54,66.4,18,3063.0,21,8,2
4,0.036,5.63,3.35,7,2.2,153.9,2,27,67.0,25,2938.0,15,3,1
2,0.525,4.63,2.85,1,2.6,40.2,2,76,49.6,10,2622.0,6,3,1
2,0.485,5.71,3.23,3,3.8,28.7,2,7,57.6,9,4094.0,21,12,1
5,0.272,5.7,2.99,3,4.0,96.1,2,89,52.3,25,767.0,9,10,2
3,0.245,4.69,2.54,4,4.0,91.7,4,6,57.3,14,6319.0,1,4,2
3,0.395,3.98,3.05,5,3.2,101.1,2,22,47.5,7,4747.0,15,8,1
3,0.126,5.36,2.99,1,2.6,74.0,2,94,79.6,15,3213.0,22,2,1
2,0.317,5.12,2.86,3,3.4,166.8,3,36,68.8,13,3580.0,21,4,1
2,0.16,4.85,2.72,2,2.0,46.7,1,58,42.0,12,4792.0,21,10,0
3,0.509,4.97,3.17,6,3.7,94.3,1,81,23.1,12,4434.0,11,1,2
2,0.178,4.62,2.73,7,2.6,143.8,3,39,24.5,13,3475.0,8,5,1
2,0.14,5.63,2.88,8,3.8,29.8,4,91,46.0,17,2588.0,15,2,2
3,0.158,5.4,3.25,7,4.9,136.7,1,73,34.1,15,536.0,4,3,1
4,0.25,4.78,3.0,7,4.9,96.1,3,70,46.2,8,2981.0,2,10,2
2,0.08,5.09,3.03,6,2.9,152.7,3,39,42.1,9,3284.0,21,2,1
2,0.006,4.61,2.97,4,3.0,120.3,3,93,41.4,8,3298.0,21,10,0
4,0.156,5.59,2.95,11,4.3,61.1,2,45,39.0,17,5256.0,5,9,2
5,0.217,4.9,3.14,10,5.1,92.2,3,3,95.3,24,3791.0,18,4,2
2,0.046,5.3,2.9,4,3.0,131.1,1,15,44.3,4,5090.0,21,12,0
3,0.031,4.96,3.02,5,4.5,75.5,1,13,56.1,12,5179.0,22,9,1
3,0.004,5.07,2.1,3,2.9,80.8,1,30,78.3,19,3302.0,3,12,1
5,0.05,5.35,2.51,11,3.4,68.7,4,74,60.9,27,5703.0,11,3,3
2,0.071,5.39,3.0,2,2.4,67.3,1,26,29.6,12,3370.0,15,6,0
5,0.502,4.44,2.33,8,4.0,114.6,2,25,43.5,29,2765.0,15,8,2
3,0.363,5.01,3.07,5,4.5,207.5,3,56,59.9,16,4673.0,23,5,1
5,0.357,4.76,3.1,10,6.2,90.8,4,24,20.7,23,3386.0,11,4,3
3,0.173,5.85,2.95,5,3.7,126.2,4,24,30.7,17,1236.0,1,10,1
3,0.484,4.97,2.87,5,4.8,144.2,3,4,24.0,16,4835.0,13,3,1
3,0.02,5.42,2.72,9,4.6,85.4,2,82,76.8,10,3794.0,3,9,1
5,0.672,5.19,2.61,12,7.0,63.1,3,46,52.8,23,2373.0,23,4,3
4,1.794,4.66,2.68,6,2.5,22.1,1,69,32.6,29,3950.0,17,9,2
3,0.216,4.71,2.91,1,2.1,72.8,1,73,28.0,19,1860.0,8,2,1
4,0.174,4.32,2.94,8,4.3,23.7,1,33,82.9,13,2018.0,10,1,2
4,0.342,4.81,3.21,10,2.6,30.6,2,1,61.2,29,5262.0,1,4,2
5,0.335,5.51,3.14,8,2.2,83.3,4,69,17.8,39,4549.0,17,11,3
2,0.096,5.78,3.07,4,3.7,168.5,3,73,12.7,12,1901.0,13,1,0
2,0.303,5.03,3.28,3,2.2,111.1,3,18,32.9,13,5279.0,9,7,1
3,0.203,4.75,2.83,10,3.0,114.2,2,66,56.7,10,2463.0,19,5,1
4,0.084,5.51,2.94,12,3.8,61.2,3,59,75.4,19,3604.0,18,9,2
3,0.001,5.88,2.92,9,3.4,95.8,1,6,26.2,10,4650.0,8,3,1
5,0.299,5.49,2.78,5,5.0,226.0,1,42,111.8,29,1339.0,19,12,1
2,0.367,4.74,3.54,5,3.6,87.2,4,51,72.8,10,2950.0,0,5,1
3,0.249,4.73,2.56,6,4.3,73.5,1,67,62.2,9,4224.0,5,8,1
4,0.176,5.35,2.61,8,3.7,66.2,2,36,22.3,30,3838.0,19,2,2
2,0.125,5.1,2.98,3,2.2,189.5,3,35,97.7,8,5225.0,11,8,0
2,0.376,4.83,2.7,5,3.9,51.6,4,70,20.8,16,3763.0,16,7,1
4,0.1,5.33,2.92,5,2.5,85.0,3,45,50.1,16,4763.0,2,2,2
2,0.219,4.81,3.0,2,3.6,46.0,2,99,39.1,13,2259.0,19,8,0
4,0.075,5.16,3.06,16,4.6,110.6,3,23,95.7,17,5358.0,18,3,2
4,0.509,5.24,3.23,10,3.1,145.0,3,63,32.8,30,287.0,21,3,2
2,0.049,4.88,2.52,2,3.9,100.2,3,77,48.1,11,2752.0,14,8,0
3,0.036,5.58,2.79,8,2.3,46.3,1,23,10.8,11,2192.0,23,1,2
3,0.117,4.88,2.98,8,4.2,68.2,3,58,50.5,16,4647.0,11,4,2
4,0.238,4.57,2.59,12,3.4,84.7,1,51,41.1,20,3812.0,7,5,2
3,0.06,5.86,3.38,7,4.6,151.2,2,33,74.1,20,2348.0,6,11,1
3,0.089,5.32,2.99,6,4.3,81.7,4,55,53.2,16,1599.0,20,10,2
3,0.348,5.44,3.31,5,3.5,182.5,3,16,60.7,18,1755.0,2,8,1
2,0.809,4.98,2.31,4,3.0,76.8,1,28,45.3,10,2589.0,10,5,1
3,0.164,4.84,2.99,6,4.1,41.2,3,96,42.5,8,4123.0,13,10,2
2,0.094,4.36,3.06,3,3.7,53.3,1,11,47.5,16,4624.0,5,1,0
2,0.007,5.52,2.87,2,2.6,93.8,3,47,50.4,9,4891.0,12,7,0
3,0.247,4.45,2.74,7,3.2,95.9,4,19,10.5,18,1719.0,6,8,2
2,0.35,5.25,2.88,4,3.4,73.0,1,65,56.2,10,3691.0,15,10,1
4,0.063,4.99,3.19,7,5.4,21.3,4,13,37.1,22,1017.0,2,4,2
4,0.272,4.54,3.5,5,5.2,148.5,4,49,53.7,18,3736.0,4,1,2
3,0.102,4.79,3.35,2,2.6,65.1,2,42,32.8,5,4075.0,23,5,1
2,0.574,5.56,3.61,6,3.9,74.9,3,40,20.4,5,5756.0,22,5,2
3,0.458,4.89,2.75,11,4.4,79.4,1,45,76.2,10,5450.0,9,7,2
4,0.909,4.31,2.86,8,5.9,281.1,2,42,74.2,20,1000.0,6,11,2
2,0.045,5.44,2.84,9,3.2,239.5,3,31,70.9,8,4921.0,9,8,1
4,0.086,5.72,2.98,9,2.8,72.0,3,75,49.6,17,4281.0,7,6,2
2,0.226,4.9,3.13,3,3.0,102.2,3,31,54.7,4,1118.0,14,1,0
3,0.293,5.37,3.22,7,4.9,114.5,2,63,38.5,15,6097.0,19,10,1
3,0.005,5.27,2.14,8,5.0,28.6,3,98,61.5,19,2418.0,9,2,2
2,0.186,5.37,3.16,2,3.2,164.0,4,76,166.3,6,4502.0,15,6,0
2,0.296,5.84,2.97,5,2.6,47.4,3,45,27.4,10,4820.0,23,5,1
3,0.454,5.78,3.21,3,3.9,111.3,2,42,46.7,14,4385.0,8,12,1
3,0.021,5.57,3.39,5,2.2,118.2,3,48,28.1,14,4151.0,10,4,1
4,1.196,4.84,2.63,6,4.5,92.6,3,1,41.3,20,4659.0,16,2,2
3,0.078,5.47,3.23,4,3.7,125.6,4,65,47.8,8,888.0,6,7,1
2,0.133,5.65,2.81,3,2.3,141.5,2,8,25.1,12,4631.0,9,5,0
4,0.04,5.54,2.93,6,4.8,431.3,3,85,105.8,21,5469.0,12,11,2
5,0.345,4.97,3.03,6,5.5,52.2,2,56,36.9,18,4857.0,23,10,2
5,1.356,5.15,3.08,9,6.0,65.3,3,99,49.4,22,5013.0,18,6,3
2,0.091,4.89,3.03,4,2.8,80.1,3,3,41.0,11,1108.0,9,6,1
2,0.118,4.99,2.97,2,2.7,120.9,4,81,49.0,4,1419.0,22,8,0
4,0.826,5.04,3.38,10,3.0,115.4,3,32,43.4,21,702.0,16,11,2
3,0.168,4.62,2.76,3,2.7,97.1,3,33,19.6,17,1779.0,20,11,1
3,0.126,5.09,3.26,5,4.6,97.8,1,11,19.4,14,2290.0,13,8,1
5,0.605,4.85,3.27,15,6.0,121.1,4,49,26.4,26,3910.0,1,3,3
5,0.48,4.5,2.93,15,6.0,108.3,2,35,37.2,25,754.0,1,2,2
2,0.408,5.81,2.77,4,2.9,47.8,1,85,82.9,10,4238.0,3,5,1
2,0.345,5.33,3.17,4,2.9,119.6,1,66,10.2,11,5893.0,7,6,0
5,0.437,4.47,3.06,11,6.2,90.5,2,62,58.4,21,2215.0,20,3,2
3,0.487,5.28,3.43,6,4.8,216.7,2,56,24.3,18,4192.0,1,12,1
2,0.448,4.55,3.19,4,3.3,94.9,1,12,58.0,18,3053.0,5,2,1
3,0.233,5.18,3.58,3,2.0,119.7,1,4,22.3,14,1347.0,20,5,1
3,0.226,4.93,3.05,6,4.4,101.0,3,28,20.8,10,4863.0,0,5,1
2,0.269,5.47,2.96,5,2.5,149.5,3,50,48.0,7,5586.0,19,9,0
2,0.15,4.73,2.75,4,3.6,88.9,3,56,65.0,11,2444.0,8,10,1
2,0.035,5.1,2.59,4,2.1,63.1,1,39,70.0,14,3127.0,20,7,0
4,0.155,5.8,3.22,7,2.4,34.6,3,15,23.1,26,469.0,17,11,2
3,0.122,4.88,2.66,3,3.3,121.8,1,98,25.2,18,2992.0,19,10,1
4,0.025,4.8,2.88,10,2.2,129.4,2,93,49.7,16,2587.0,20,10,1
5,0.285,5.55,3.3,7,5.3,114.7,2,10,18.1,21,4028.0,2,11,2
2,0.108,4.42,3.02,4,2.3,104.1,3,79,57.8,13,1780.0,20,1,0
2,0.006,4.4,3.1,2,2.9,21.2,3,29,64.7,9,3957.0,6,1,1
3,0.031,5.69,2.88,5,3.5,159.9,3,72,49.2,12,4633.0,7,12,1
5,0.735,5.44,2.68,15,6.3,104.2,1,70,49.7,26,4081.0,15,5,2
3,0.02,5.28,2.65,7,3.2,54.0,3,85,63.8,14,4974.0,8,10,2
4,0.503,5.5,2.77,9,4.8,11.9,4,34,58.8,19,3450.0,8,6,3
3,0.459,4.76,2.97,8,3.8,48.5,3,94,22.0,12,3666.0,23,5,2
2,0.183,4.38,2.9,2,2.3,22.4,1,32,90.8,13,4405.0,17,11,0
4,0.866,4.7,3.1,9,5.3,198.1,2,56,42.7,21,4072.0,18,1,2
3,0.415,4.67,2.96,2,4.2,93.9,1,18,61.2,11,2937.0,18,4,1
3,0.221,5.04,2.94,13,4.9,73.2,3,71,18.1,16,5254.0,10,3,2
3,0.11,4.46,2.65,4,4.9,209.0,4,5,28.8,25,1820.0,7,4,1
2,0.236,5.32,3.17,3,3.0,215.6,2,44,45.4,15,2678.0,0,11,0
2,0.084,5.59,2.74,4,2.2,67.5,3,9,66.5,15,1486.0,14,9,1
3,0.087,5.14,3.58,7,3.9,235.7,1,67,62.0,14,1869.0,6,11,1
2,0.115,5.02,3.18,3,3.3,188.3,1,45,83.1,14,915.0,7,2,0
3,0.093,5.75,2.86,5,4.3,55.5,3,94,35.2,15,4944.0,20,7,1
3,0.193,5.58,2.96,4,3.6,130.0,2,11,31.3,19,2166.0,0,9,1
3,0.521,5.21,2.58,5,4.1,104.6,2,68,42.2,14,4750.0,23,6,1
5,0.041,4.67,2.78,10,2.7,264.9,2,30,52.5,22,553.0,17,5,2
3,0.64,4.17,2.75,8,3.0,51.6,1,31,8.8,15,2237.0,8,1,2
4,1.056,4.28,2.99,15,2.6,86.4,4,80,55.5,27,2306.0,15,2,3
3,0.026,5.34,2.71,5,2.5,266.4,4,74,83.7,20,1946.0,18,10,1
3,0.481,4.98,3.06,5,4.4,84.2,4,84,37.7,17,499.0,12,8,2
4,0.208,5.12,3.17,10,6.0,86.4,3,77,50.8,18,2703.0,23,10,2
3,0.86,5.19,3.18,4,2.1,126.3,3,15,85.1,9,3197.0,10,11,2
3,0.13,4.79,2.83,8,4.2,90.7,1,96,51.0,22,3028.0,23,12,1
3,0.073,5.14,3.32,8,4.2,218.4,2,75,63.0,22,667.0,12,2,1
4,1.534,4.68,2.77,11,4.2,96.1,4,68,49.5,26,2598.0,14,12,3
3,0.192,5.16,3.26,5,2.4,165.9,1,75,44.6,15,2412.0,23,8,1
5,0.17,5.7,2.6,9,3.5,52.8,4,12,37.2,27,3162.0,16,6,2
2,0.796,4.27,3.04,1,3.2,77.1,2,40,49.4,10,5489.0,14,12,1
2,0.439,5.08,2.75,6,3.7,85.2,1,76,46.6,11,3618.0,5,8,1
2,0.087,4.33,2.86,5,2.6,104.9,2,59,48.1,10,2532.0,1,9,0
2,0.069,5.41,3.8,4,3.9,76.4,4,29,8.0,8,4760.0,18,12,1
2,0.091,4.73,3.33,2,2.3,41.6,1,24,53.1,10,5207.0,16,3,0
4,0.175,5.05,2.68,7,5.2,98.2,4,30,86.3,23,2595.0,9,5,2
4,0.171,4.65,3.29,7,4.1,88.8,2,96,47.3,24,3591.0,6,4,2
4,0.765,5.3,2.82,8,2.6,112.7,3,88,50.0,23,1202.0,16,7,2
2,0.642,4.22,3.0,2,2.1,59.4,3,57,32.4,12,6442.0,1,1,1
3,0.246,5.48,3.12,4,3.8,257.0,1,58,43.6,13,1291.0,14,9,1
4,0.015,5.53,3.03,6,3.0,90.0,3,17,68.0,28,3656.0,23,12,2
3,0.257,5.35,3.04,5,3.4,197.7,2,92,35.3,14,5892.0,10,7,1
3,0.1,4.3,3.41,8,3.5,43.1,1,91,55.5,12,5174.0,19,6,2
4,0.031,5.18,3.24,9,4.9,165.3,1,23,78.6,18,3385.0,21,8,1
2,0.456,4.7,2.82,5,2.9,148.8,4,68,70.3,8,4579.0,9,5,1
2,0.074,4.31,3.27,3,3.7,178.9,4,43,27.2,11,3633.0,21,6,1
5,1.342,5.25,2.91,15,4.1,98.0,3,4,50.0,31,2133.0,2,1,3
2,0.607,4.5,2.97,1,3.3,96.0,4,31,49.3,9,1357.0,5,8,1
2,0.361,5.15,3.37,2,2.4,12.1,4,93,59.8,5,820.0,4,11,2
4,0.139,5.47,3.54,6,3.6,91.2,4,38,50.0,21,4772.0,1,4,2
3,0.041,4.48,3.26,4,2.7,235.9,3,76,43.3,12,3164.0,22,4,1
2,0.685,4.35,3.11,1,2.2,23.3,1,13,72.8,13,3811.0,12,8,1
2,0.151,5.04,2.69,7,3.5,31.8,2,69,44.2,14,2049.0,13,10,1
4,0.075,4.96,2.99,6,5.9,120.9,3,29,34.2,24,1123.0,15,6,2
2,0.311,4.52,2.87,3,2.8,162.6,4,9,25.0,12,4224.0,9,11,1
5,0.397,5.49,3.0,11,3.9,82.9,1,38,58.8,27,5071.0,12,4,2
2,0.085,4.4,3.14,3,3.0,55.9,2,58,77.0,10,1394.0,10,1,0
3,0.473,5.14,3.28,8,3.7,91.6,1,6,55.1,15,1534.0,3,9,2
4,0.022,5.01,2.98,11,4.7,59.7,4,47,30.0,20,5355.0,18,12,2
5,0.59,4.7,3.24,9,5.6,55.3,2,5,21.4,22,3761.0,13,8,2
4,0.115,5.24,3.26,6,4.0,84.1,2,71,56.0,23,2792.0,23,3,2
4,0.419,4.71,3.07,8,3.6,69.3,4,32,25.7,18,2607.0,9,8,2
4,0.263,4.76,2.69,10,4.1,83.4,3,87,61.9,15,5400.0,16,10,2
2,0.651,5.1,3.4,4,3.2,140.8,2,38,66.3,12,4919.0,14,11,1
4,0.252,4.27,2.71,10,5.5,94.3,1,40,41.1,19,2438.0,16,4,2
5,0.313,4.73,2.78,12,3.9,45.7,2,91,31.7,28,2620.0,16,6,3
3,0.074,4.98,3.21,6,2.7,54.3,1,27,39.7,12,3966.0,0,5,1
2,0.611,5.83,3.41,6,2.1,31.2,2,55,88.2,10,2755.0,1,10,2
4,2.037,4.17,2.91,7,2.7,113.2,3,35,70.2,21,3626.0,6,1,2
2,0.319,4.96,3.33,3,3.8,172.0,2,49,28.3,9,3029.0,13,10,0
3,0.136,4.64,2.76,9,2.7,145.1,2,21,21.2,20,1625.0,19,9,1
2,0.139,5.78,2.84,3,3.7,83.9,4,15,57.0,12,3854.0,16,12,1
3,0.176,4.86,3.29,5,4.5,112.2,2,9,37.4,20,1902.0,12,11,1
4,0.443,5.35,2.99,5,5.4,75.4,1,99,19.1,25,1062.0,23,4,2
3,0.211,5.21,2.85,7,2.2,69.5,1,37,79.4,13,3518.0,3,8,1
2,0.765,4.56,3.19,3,3.7,53.9,4,31,40.8,8,2240.0,11,1,2
4,0.269,5.39,2.88,3,5.0,51.6,1,92,23.4,21,1903.0,7,10,1
5,0.18,6.11,2.68,6,4.8,95.3,2,85,17.4,28,5099.0,19,1,2
3,0.09,5.03,3.17,4,3.3,129.4,4,45,62.8,17,2163.0,5,11,1
3,0.066,4.54,3.33,10,4.8,261.6,4,90,19.7,20,2238.0,6,7,2
4,0.819,4.79,3.2,3,5.3,109.2,3,51,26.7,19,4005.0,3,3,2
5,1.815,4.7,3.26,9,2.2,87.1,4,92,40.0,22,2356.0,15,2,3
5,0.313,4.4,3.2,8,6.4,29.6,1,71,72.2,23,3737.0,19,5,2
4,0.044,3.66,3.3,8,4.0,124.8,2,84,35.8,20,5640.0,21,11,1
4,0.3,3.88,3.02,7,4.1,211.0,4,64,38.9,15,2184.0,18,12,2
4,0.266,4.19,2.91,9,4.6,148.0,1,29,94.9,12,599.0,11,12,1
3,0.759,5.42,2.59,9,3.8,101.8,4,59,57.0,11,5085.0,9,2,2
4,1.814,5.29,3.41,11,4.0,84.3,4,15,57.7,23,2853.0,9,1,3
3,0.55,6.48,3.09,6,3.3,201.7,3,29,27.4,16,1326.0,14,1,2
4,0.826,5.18,2.41,9,4.3,83.4,2,38,26.4,21,4571.0,3,12,2
4,0.068,4.87,2.92,9,2.2,83.8,2,94,14.1,30,2218.0,20,4,2
4,0.141,4.47,2.3,9,5.5,83.7,2,16,61.0,18,4092.0,12,1,2
3,0.039,4.36,3.31,10,2.9,133.7,1,26,63.0,10,4622.0,16,8,1
3,0.032,4.76,2.86,5,3.5,96.0,1,26,57.2,13,3188.0,18,11,1
4,0.868,5.15,2.85,11,3.2,184.1,4,46,49.2,18,1247.0,23,8,3
5,0.442,4.84,3.81,9,3.4,42.7,1,17,26.8,25,1010.0,6,7,2
3,0.25,4.73,2.74,6,4.4,141.6,4,29,30.3,12,2445.0,13,8,2
3,0.048,5.13,3.06,6,3.6,93.3,4,39,15.2,14,2038.0,2,3,2
3,0.69,5.26,2.78,4,3.1,73.9,1,22,78.9,16,3001.0,8,12,2
4,0.165,5.44,3.06,10,5.8,332.2,2,39,17.9,23,5740.0,5,8,1
4,0.202,4.73,3.4,8,3.3,68.5,1,10,32.5,18,2137.0,13,8,2
4,0.149,4.61,2.55,14,2.5,192.8,2,22,50.7,20,3670.0,9,1,2
2,0.113,5.28,2.42,6,3.1,59.7,3,93,53.4,15,1802.0,14,4,1
5,0.099,3.81,2.91,6,3.5,47.8,2,16,23.4,32,724.0,22,1,2
4,0.2,4.58,3.05,8,3.3,109.5,3,41,26.6,27,5043.0,5,1,2
3,0.156,4.96,3.32,4,2.2,87.1,3,64,13.7,13,3910.0,11,1,1
5,2.607,4.37,2.94,15,6.6,91.3,3,31,86.6,20,3938.0,9,1,3
2,0.049,5.13,3.28,8,4.0,84.9,3,5,71.5,8,1899.0,11,10,1
3,0.744,4.33,2.77,8,4.5,119.7,2,28,13.9,12,3945.0,16,12,2
4,0.325,4.64,2.33,7,2.3,75.7,3,32,35.4,22,3811.0,2,12,2
2,0.002,4.39,3.05,3,4.0,145.2,1,8,29.0,14,1780.0,10,10,0
3,0.224,5.09,3.26,13,3.8,105.7,3,95,80.4,13,5001.0,13,5,2
2,0.071,5.06,2.76,4,2.9,99.0,3,92,44.7,6,5182.0,21,5,1
2,0.034,5.15,3.35,8,4.0,96.2,2,5,49.4,12,5065.0,23,3,1
2,0.269,5.33,3.33,1,3.1,142.6,4,12,99.5,14,3473.0,7,7,0
5,0.198,5.28,3.08,8,4.3,83.0,1,13,92.4,21,1098.0,4,2,2
4,0.316,4.36,2.86,5,2.4,93.2,3,89,28.1,22,2271.0,19,4,2
3,0.226,5.27,2.53,8,3.9,291.3,1,93,42.0,11,4153.0,15,3,1
5,0.594,5.03,3.25,12,3.8,203.6,3,60,34.5,27,1768.0,21,4,3
4,0.643,4.45,2.84,11,5.7,170.2,2,48,38.5,21,4158.0,19,7,2
5,1.857,3.5,3.48,4,5.2,123.5,3,31,30.2,27,497.0,6,3,2
2,0.296,4.68,2.79,3,2.8,146.7,1,56,69.6,16,4922.0,23,7,0
2,0.049,4.09,2.82,3,3.6,161.3,2,6,54.7,14,1422.0,12,3,0
4,0.702,5.15,2.51,6,2.8,31.4,2,63,41.8,24,2118.0,4,6,2
4,0.421,4.82,2.9,10,4.1,29.8,4,47,42.2,20,3258.0,17,2,3
2,0.023,5.35,3.31,3,4.0,75.3,3,29,64.6,6,4468.0,20,11,1
2,0.169,4.93,2.99,1,2.2,34.5,4,75,36.4,7,1075.0,7,11,1
5,0.076,4.36,3.43,9,3.1,75.3,4,94,60.8,24,4315.0,13,5,2
4,0.116,5.14,2.57,9,3.5,236.1,1,57,44.4,21,746.0,9,7,1
3,0.202,4.12,2.31,2,2.6,193.5,4,49,67.4,15,2748.0,12,3,1
5,0.256,4.94,3.03,11,3.3,118.2,4,57,31.8,36,4338.0,1,3,2
3,0.547,6.02,2.5,3,2.3,56.0,3,76,48.8,17,3393.0,12,3,2
2,0.037,5.56,3.33,3,2.6,66.4,4,1,27.7,7,3322.0,0,4,1
4,0.192,5.09,2.99,2,4.7,80.4,1,41,81.1,22,2060.0,16,2,1
5,0.586,4.33,3.13,24,3.7,73.4,3,76,28.6,31,2278.0,2,11,3
5,0.491,5.55,2.55,5,2.2,93.2,2,24,25.5,24,2064.0,1,9,2
2,0.023,4.04,2.96,7,3.2,190.8,1,95,80.7,13,617.0,15,6,0
3,0.64,5.04,3.17,7,5.0,248.8,1,57,72.8,13,1235.0,13,12,2
4,0.245,5.28,3.14,14,2.1,101.5,1,64,21.1,22,3323.0,1,5,2
5,0.872,4.59,2.9,12,5.6,49.3,4,79,69.9,28,3142.0,11,9,3
2,0.119,5.11,3.13,6,3.5,35.5,2,40,21.7,11,3964.0,23,5,1
3,0.134,4.71,3.33,4,2.1,97.6,4,66,42.3,14,3305.0,9,6,2
4,0.684,4.69,2.73,12,3.7,25.3,3,1,49.5,27,2582.0,1,12,3
2,0.113,4.53,3.36,6,3.0,141.5,2,13,46.5,5,430.0,7,3,0
3,0.88,4.27,3.08,8,4.3,48.6,2,94,14.3,14,287.0,15,10,2
4,1.048,4.67,3.23,10,2.7,60.3,3,9,20.7,16,1034.0,21,11,2
3,0.091,5.79,2.57,9,3.6,61.4,1,4,69.6,18,2689.0,16,4,1
3,0.241,5.08,3.43,3,4.7,94.7,1,67,47.3,18,820.0,10,9,1
5,0.459,5.24,3.14,9,3.9,169.0,2,40,11.2,35,3965.0,7,6,2
5,0.202,4.99,3.0,12,5.2,6.5,3,29,56.5,20,5184.0,18,11,3
5,0.158,4.56,2.94,10,3.5,237.5,3,14,60.6,24,1742.0,17,9,2
3,0.67,4.92,3.42,7,4.6,77.8,2,70,19.0,15,620.0,12,7,2
3,0.195,5.26,2.92,3,3.8,167.5,1,73,101.9,12,908.0,21,11,1
3,0.051,5.05,3.05,5,2.2,238.2,3,39,77.9,19,2779.0,2,9,1
2,0.03,5.13,3.13,3,3.5,136.3,3,20,53.6,15,3493.0,19,6,0
5,0.1,4.76,2.45,16,5.9,40.6,3,30,58.3,24,1552.0,19,2,3
3,0.643,4.3,2.98,6,4.6,31.4,3,93,74.4,16,4573.0,8,5,2
4,0.31,5.1,3.28,8,4.5,94.1,1,59,19.0,24,4474.0,5,6,2
2,0.182,4.63,2.86,5,3.7,117.8,1,69,54.7,13,2844.0,6,8,0
3,0.744,5.06,3.23,5,4.3,47.9,3,92,41.4,14,3109.0,2,5,2
3,0.272,4.6,2.75,5,2.8,227.3,3,79,46.6,26,1119.0,11,4,1
2,0.074,5.34,3.56,1,3.8,46.1,3,10,52.7,6,1020.0,4,7,1
5,1.289,5.54,2.57,14,3.0,76.5,4,27,31.4,26,4511.0,0,8,3
5,0.614,5.14,3.18,9,2.9,98.6,1,14,21.4,23,4417.0,11,9,2
3,0.108,5.17,3.03,5,3.5,63.4,4,81,41.0,10,4247.0,0,3,2
3,0.693,6.09,3.31,7,2.3,98.5,4,49,12.6,11,3318.0,19,10,2
2,0.104,5.85,2.62,4,2.4,108.3,3,74,75.4,11,3049.0,17,3,0
5,0.057,4.97,2.97,10,6.3,196.9,3,98,54.8,28,2212.0,13,4,2
5,3.279,4.97,2.37,10,4.5,89.3,1,84,57.4,25,3894.0,3,8,2
3,0.275,4.65,2.65,5,3.7,60.6,1,67,48.9,15,3252.0,14,3,1
2,0.04,4.9,3.53,5,2.2,70.8,2,54,43.8,8,5872.0,23,2,0
2,0.014,3.76,3.25,4,3.2,97.9,1,89,14.1,14,2296.0,17,2,0
2,0.077,5.47,2.89,3,3.6,27.2,3,61,46.3,7,660.0,17,5,1
2,0.186,6.16,2.5,6,2.1,67.2,3,44,48.9,10,4974.0,16,10,1
3,0.289,4.56,3.85,8,3.4,266.7,2,50,26.6,24,4055.0,21,10,1
4,0.375,4.5,3.44,7,4.6,141.5,2,66,93.2,17,3181.0,23,10,2
5,0.369,5.32,3.19,12,2.3,84.8,1,96,73.8,22,2507.0,7,11,2
4,0.215,5.06,3.04,11,5.4,215.4,2,14,39.2,14,1666.0,7,6,2
2,0.52,5.33,3.12,5,3.2,106.9,1,63,18.9,10,2678.0,1,5,1
3,1.017,4.21,3.59,8,3.1,121.0,2,15,52.9,20,2979.0,14,3,2
5,0.193,4.05,2.87,8,4.0,82.4,2,51,32.4,28,987.0,13,4,2
2,0.245,5.42,2.87,7,2.5,92.1,4,69,26.0,10,1253.0,13,10,1
5,0.048,5.28,3.12,5,3.1,189.0,2,60,52.3,24,5255.0,20,4,1
2,0.059,4.87,3.62,1,2.2,102.1,2,68,63.7,11,3402.0,7,8,0
3,0.289,5.28,3.02,8,4.8,39.4,2,88,25.1,14,1735.0,16,1,2
5,0.239,5.25,2.59,7,2.3,99.3,4,71,30.3,26,3967.0,2,9,2
4,0.059,5.61,2.71,6,2.1,107.3,4,48,46.9,28,1762.0,20,12,2
2,0.343,5.59,2.58,6,3.6,107.1,4,78,63.5,5,2003.0,14,3,1
3,0.065,4.58,3.38,11,3.1,78.4,3,62,24.3,19,571.0,3,10,2
5,0.121,4.24,3.0,14,2.4,31.1,1,32,9.2,29,4930.0,8,9,2
5,0.062,4.9,3.11,11,4.0,24.9,3,65,35.4,17,854.0,13,6,3
4,0.375,5.27,2.96,5,3.1,115.2,4,24,36.3,18,1895.0,3,12,2
3,0.134,5.38,3.45,6,4.2,75.1,4,50,49.1,14,984.0,10,7,2
3,0.097,4.92,3.13,7,5.0,54.6,2,34,58.3,21,5143.0,8,11,1
3,0.102,4.83,3.27,6,3.7,105.7,3,37,59.4,17,3553.0,1,9,1
5,0.423,4.75,3.28,9,2.2,10.8,3,86,38.1,19,3786.0,22,11,3
3,0.155,4.77,2.92,12,4.9,315.0,2,61,88.0,15,723.0,13,7,1
3,0.033,4.63,2.75,6,4.1,74.0,1,85,23.8,18,5020.0,5,5,1
2,0.204,5.56,3.51,4,2.4,58.5,4,2,70.7,9,2894.0,5,4,1
3,0.494,5.4,2.6,8,3.3,91.2,2,71,57.1,19,2397.0,18,8,2
4,0.224,5.61,3.07,8,4.7,97.2,2,5,25.0,21,1780.0,12,3,2
2,0.265,5.92,2.86,4,3.2,97.2,2,67,47.4,9,666.0,18,12,0
4,0.118,4.05,2.75,10,2.1,222.5,1,11,25.5,24,2856.0,15,2,1
5,2.126,4.84,2.95,10,3.8,50.5,1,3,42.7,25,3453.0,5,12,2
2,0.423,4.91,2.62,4,2.1,200.1,4,92,14.4,7,4675.0,5,12,1
5,0.008,4.07,2.81,4,6.6,191.2,3,12,39.4,24,5302.0,11,8,2
4,0.095,4.96,3.0,7,5.1,149.9,2,19,42.5,20,3114.0,18,6,1
4,0.039,5.67,3.14,6,5.1,134.2,1,25,95.7,27,1002.0,6,10,1
5,0.421,5.39,2.47,14,6.1,6.6,3,45,61.9,24,1447.0,9,7,3
2,0.106,4.24,2.75,2,3.7,204.0,4,47,27.2,17,1942.0,14,3,0
2,0.032,4.8,2.86,2,2.9,105.5,1,63,46.6,9,976.0,9,12,0
3,0.567,4.96,3.3,3,2.5,69.9,1,15,21.2,17,4498.0,15,10,2
2,0.015,5.11,3.02,4,3.7,101.9,2,97,40.3,8,4587.0,0,6,0
3,0.099,5.93,2.87,6,3.5,86.0,2,64,61.3,22,1484.0,9,8,1
2,0.602,5.36,2.78,7,3.1,118.9,1,96,43.9,6,1770.0,4,2,1
5,0.139,5.26,3.13,12,6.1,61.7,1,39,58.5,24,2680.0,17,8,2
4,1.723,5.56,3.45,12,4.7,79.5,4,95,57.1,14,2035.0,22,7,3
2,0.527,5.42,3.0,4,2.8,51.7,4,27,15.8,9,4268.0,5,10,2
5,0.155,5.3,3.12,4,2.1,170.3,4,9,9.1,24,1059.0,3,9,2
3,0.209,5.75,2.84,6,3.1,116.5,1,35,59.1,11,4922.0,9,8,1
2,0.023,5.49,2.54,4,2.8,108.1,1,88,36.7,19,309.0,22,8,0
2,0.07,5.39,2.89,3,2.4,103.9,2,9,61.2,6,4355.0,22,3,0
2,0.373,5.14,3.24,5,2.5,66.7,3,77,50.0,15,4954.0,1,8,1
2,0.83,5.51,2.44,3,3.3,47.9,2,43,86.7,6,1231.0,6,1,1
5,0.195,5.01,3.32,14,2.3,133.7,4,18,35.1,32,6071.0,9,5,2
3,0.541,5.57,2.84,7,3.3,150.1,4,24,24.5,17,763.0,8,11,2
4,0.199,5.18,3.07,8,2.8,126.5,2,71,37.6,14,7027.0,18,1,1
4,0.324,5.53,2.64,7,4.9,84.6,4,37,19.5,22,3707.0,5,12,2
3,0.219,5.55,2.89,2,4.8,46.3,4,98,54.5,19,2310.0,11,11,2
4,0.007,5.52,3.34,8,3.9,141.6,3,68,44.6,22,3181.0,1,9,2
4,0.25,4.89,2.96,11,5.1,333.0,1,74,28.5,23,1499.0,10,1,2
4,0.545,4.83,2.99,7,4.6,100.2,4,48,72.0,23,1065.0,6,12,2
5,0.437,5.21,2.9,9,6.1,149.4,4,89,31.3,26,2784.0,23,8,2
4,0.815,5.55,3.43,11,3.2,182.1,2,80,42.9,20,3230.0,18,11,2
3,0.034,5.14,3.2,8,4.3,97.7,1,15,60.5,11,1979.0,19,5,1
4,0.177,4.06,2.84,9,3.3,129.4,1,39,36.9,21,4302.0,23,7,1
2,0.483,5.34,2.81,4,2.4,58.8,1,14,14.6,9,5303.0,6,9,1
3,0.756,5.9,2.73,9,2.0,72.2,4,41,37.0,11,3648.0,2,7,2
4,0.093,5.19,3.27,10,2.1,103.1,4,30,43.6,18,553.0,19,11,2
2,0.246,4.91,3.49,4,3.1,76.5,2,33,9.8,6,1831.0,22,10,0
2,0.025,5.16,3.56,2,3.6,79.6,3,59,52.7,12,3477.0,17,2,0
2,0.129,5.33,3.4,4,2.3,79.9,4,16,83.9,11,3436.0,9,4,1
5,0.173,4.67,2.81,16,4.4,124.8,4,27,45.3,18,1439.0,15,4,2
4,0.176,4.34,3.89,7,2.5,74.2,4,61,82.4,21,1835.0,18,9,2
4,0.215,5.14,2.8,3,2.3,86.9,1,3,90.0,12,4572.0,16,5,1
3,0.168,3.74,3.07,9,3.3,44.1,1,55,48.7,13,1127.0,11,7,2
2,0.453,5.41,2.88,7,4.0,93.4,2,30,48.2,14,5903.0,1,3,1
2,0.332,4.94,3.07,7,2.5,60.4,2,85,31.4,11,1755.0,11,3,1
2,0.19,5.76,3.13,5,2.4,113.8,3,73,57.1,7,3672.0,16,4,0
2,0.102,5.73,3.09,7,3.2,116.4,4,92,20.5,5,1574.0,13,8,1
3,0.023,5.48,3.02,6,4.6,65.4,4,42,69.9,10,2912.0,19,2,2
4,0.102,4.95,2.96,12,5.4,20.9,1,18,34.4,24,5446.0,5,9,2
2,0.151,3.87,2.5,4,3.2,48.9,4,91,67.3,17,830.0,11,3,1
3,0.059,5.3,2.87,5,3.6,91.7,2,53,29.0,15,3914.0,13,12,1
4,0.24,4.6,3.14,10,5.4,163.5,1,95,60.7,25,4199.0,3,9,1
3,0.923,5.46,2.96,9,3.4,125.7,4,38,66.3,17,4521.0,7,10,2
3,0.111,4.44,3.04,6,4.0,123.4,2,47,72.0,15,6138.0,19,10,1
4,0.248,5.76,2.56,3,5.8,138.1,2,2,37.5,20,3518.0,16,10,1
4,0.678,5.29,3.65,9,2.9,86.6,4,53,48.0,19,3660.0,14,3,3
3,0.02,4.96,3.34,7,3.1,210.1,4,93,54.1,13,2386.0,4,9,2
3,0.463,4.39,2.89,4,3.7,39.1,4,64,40.1,13,4847.0,3,2,2
3,0.208,4.15,3.68,2,3.1,47.5,4,26,91.8,22,2317.0,0,2,2
5,0.124,4.44,3.03,17,6.2,103.8,1,7,79.6,22,2632.0,14,5,2
3,0.057,4.88,3.14,6,4.5,42.4,1,90,40.9,12,4992.0,3,9,2
4,0.405,5.06,3.11,12,4.0,122.9,4,59,33.9,17,2690.0,16,9,2
4,0.111,5.43,2.91,7,3.1,49.4,2,59,75.2,17,825.0,2,12,2
3,0.15,5.17,3.08,8,4.3,81.9,2,52,24.9,20,4372.0,21,5,1
3,0.019,4.99,2.8,2,4.9,188.7,1,18,60.5,19,4071.0,10,4,0
3,0.083,5.04,3.07,7,2.2,35.2,4,90,64.1,16,5236.0,18,5,2
3,0.174,5.39,3.08,6,2.1,115.4,3,31,41.3,13,4055.0,1,6,1
2,0.069,6.06,2.22,1,3.7,118.7,3,81,31.4,4,3934.0,4,9,0
3,0.219,5.2,2.88,3,4.1,105.7,3,40,29.7,9,1897.0,8,8,1
4,0.837,4.7,2.65,9,2.8,26.2,3,83,30.7,17,2974.0,10,2,3
4,0.277,5.99,2.44,8,5.0,186.9,1,59,50.2,19,4436.0,1,12,1
5,2.191,4.0,3.21,18,3.2,116.2,1,99,48.0,31,2756.0,18,9,2
3,0.25,5.16,3.2,7,2.4,93.6,3,45,54.8,12,4737.0,22,7,2
3,0.012,5.01,3.06,9,3.8,270.7,4,20,85.2,11,2857.0,12,10,2
4,1.472,4.71,3.2,10,4.8,92.6,2,82,93.5,24,3117.0,13,7,2
5,0.322,5.16,2.99,5,6.1,105.7,1,4,43.5,30,5011.0,11,3,2
5,0.864,5.61,2.98,9,3.7,199.7,2,67,39.4,33,5146.0,18,12,2
3,0.252,4.86,2.45,5,3.0,293.4,3,73,94.7,16,4990.0,0,12,1
2,0.039,4.81,2.51,5,3.2,86.4,1,67,43.4,8,1203.0,10,1,0
2,0.072,4.67,3.37,3,3.3,120.2,2,42,18.3,7,1627.0,2,4,0
2,0.008,4.6,2.78,7,3.0,33.4,3,14,47.9,10,2242.0,6,3,1
5,0.4,5.2,3.42,10,2.2,190.5,1,97,74.1,29,1676.0,7,10,2
2,0.483,4.6,3.27,3,2.8,62.7,1,58,57.4,12,4396.0,20,2,1
5,0.165,5.14,2.62,11,2.2,64.6,2,94,86.0,23,563.0,22,8,2
3,0.437,5.19,2.45,9,4.3,334.0,4,12,89.7,14,1787.0,10,12,2
5,0.059,4.62,2.99,8,5.6,113.0,1,40,70.7,33,3277.0,21,11,2
4,0.556,4.7,3.78,11,2.9,76.5,3,47,40.4,24,3975.0,19,7,3
5,0.983,4.13,2.85,8,2.9,137.0,2,22,27.0,23,5050.0,14,7,2
4,0.208,5.11,2.7,4,3.8,26.1,2,45,50.1,16,4271.0,21,10,2
3,0.033,5.06,3.36,7,4.6,44.2,2,5,53.2,9,1997.0,11,12,2
3,0.062,5.41,3.14,6,2.8,44.3,3,96,42.7,18,3921.0,4,9,2
3,1.185,4.32,2.92,6,2.5,75.3,3,56,9.6,9,3649.0,4,3,2
3,0.438,4.69,3.55,6,3.3,125.7,2,55,67.7,10,1761.0,8,9,1
4,2.068,4.65,2.67,8,2.2,126.1,1,28,33.6,15,5003.0,16,3,2
4,0.39,4.77,3.18,10,4.4,100.5,1,82,33.6,19,4058.0,16,1,2
3,0.964,5.06,3.07,7,2.7,53.5,1,0,16.5,18,2301.0,20,2,2
2,0.447,4.34,3.13,5,2.3,89.8,4,26,30.5,9,4667.0,0,3,1
3,0.182,4.76,3.1,1,2.7,115.8,3,42,20.3,13,1523.0,8,4,1
5,0.497,4.72,2.98,15,3.7,171.0,4,13,56.2,29,1220.0,23,8,3
2,0.359,5.55,3.24,6,2.0,173.9,4,67,49.2,11,2183.0,3,6,1
2,0.019,5.54,3.0,3,2.4,83.3,4,68,44.2,8,3815.0,9,12,1
5,0.14,5.02,2.92,9,2.5,114.0,1,71,116.9,20,930.0,2,10,2
3,0.506,5.22,2.75,7,4.3,120.5,3,46,90.3,10,3602.0,17,4,2
3,0.237,5.26,2.96,5,3.0,65.4,3,93,46.8,15,2017.0,6,7,1
3,0.045,5.23,2.85,8,4.7,73.4,3,81,37.2,12,3397.0,17,10,2
3,0.27,4.29,2.82,9,4.6,167.4,2,68,83.4,18,3083.0,7,3,1
3,0.5,4.68,2.81,1,2.5,54.4,4,15,179.8,22,4289.0,6,4,2
4,0.186,5.92,2.71,5,2.0,129.5,3,91,52.3,16,3075.0,4,6,1
3,0.528,4.94,2.99,4,2.4,145.0,3,25,58.6,15,2309.0,10,3,2
5,0.192,5.78,2.84,9,6.2,83.3,1,87,82.3,22,1855.0,8,12,2
5,0.113,5.69,3.17,12,4.3,109.1,3,14,36.1,30,1611.0,13,9,2
3,0.031,5.66,2.97,4,4.2,53.5,3,59,34.4,14,3896.0,22,8,1
5,0.351,4.2,3.04,10,4.4,52.7,2,47,44.2,24,929.0,8,1,2
4,0.428,4.74,3.5,10,5.9,46.8,2,37,29.9,14,2535.0,16,4,2
2,0.048,5.0,3.01,2,3.0,113.9,3,25,58.5,12,4055.0,1,12,0
4,0.802,5.16,2.79,6,4.5,97.4,3,41,28.0,20,3967.0,20,11,2
2,0.396,5.02,3.06,3,3.5,85.9,1,60,24.2,4,4567.0,22,8,1
4,0.114,5.45,3.1,10,2.6,127.1,2,1,55.1,17,2668.0,5,2,1
5,0.181,4.86,2.79,6,5.9,62.0,4,11,61.3,18,3049.0,19,12,2
3,0.759,5.72,3.72,7,3.2,65.2,1,17,55.1,24,2424.0,11,10,2
2,0.299,4.77,2.72,3,2.5,72.2,1,43,53.0,13,5025.0,15,9,0
3,0.976,4.53,2.93,6,2.6,30.2,3,80,33.1,17,1888.0,20,9,2
4,0.316,4.32,3.02,11,4.8,138.8,1,89,21.9,18,443.0,7,10,2
3,0.053,4.56,3.01,1,3.2,184.5,4,53,68.6,15,1566.0,11,11,1
2,0.075,4.47,2.81,2,2.8,84.1,1,45,41.3,5,1039.0,4,2,0
4,0.362,5.12,2.84,8,2.6,97.2,3,21,34.4,25,6004.0,13,11,2
3,0.092,4.07,2.92,4,3.2,34.6,3,34,40.6,12,4826.0,5,12,2
5,0.577,5.01,2.7,7,4.0,65.5,2,13,63.8,24,3958.0,1,8,2
3,0.832,4.43,2.81,5,4.2,78.6,1,23,53.1,12,939.0,21,10,2
2,0.356,5.69,3.27,2,2.3,160.5,2,30,28.1,4,4025.0,19,2,0
3,0.04,4.88,3.23,5,2.8,97.2,4,56,69.4,11,2153.0,10,5,2
5,3.564,4.73,3.38,12,6.7,101.5,3,9,35.8,24,5638.0,16,11,3
4,0.902,5.29,3.25,7,2.3,71.3,4,23,37.3,13,2068.0,6,7,3
3,0.234,4.78,3.15,9,4.1,83.4,3,74,53.7,8,2027.0,2,1,2
3,0.077,4.37,2.7,11,4.0,68.3,3,8,34.4,20,1873.0,9,9,2
2,0.02,4.91,2.56,8,3.6,51.2,4,6,61.3,16,363.0,7,9,1
3,0.415,4.71,3.15,7,4.5,110.6,4,72,124.4,14,3936.0,10,11,2
4,0.168,5.11,2.5,11,4.5,64.5,3,65,153.4,12,2051.0,14,6,2
4,0.045,4.13,3.13,5,2.3,39.5,4,96,19.4,15,682.0,20,11,2
4,0.725,4.67,2.79,10,4.2,119.3,3,42,69.3,26,3736.0,6,7,2
3,0.061,4.09,2.91,6,4.7,337.9,3,20,29.8,15,2252.0,13,11,1
2,0.06,5.84,2.67,5,3.5,49.2,1,85,41.4,13,4163.0,11,6,1
2,0.231,5.18,3.15,3,2.2,34.1,2,28,30.3,8,4606.0,15,6,1
4,0.376,4.84,2.91,6,4.3,76.8,3,73,35.2,12,4222.0,17,7,2
2,0.157,5.35,2.93,4,2.2,171.5,2,5,31.7,6,4434.0,12,8,0
4,0.47,5.33,3.4,8,3.0,78.8,3,18,16.8,10,2117.0,23,6,2
2,1.352,4.19,3.29,10,3.7,167.1,2,31,23.0,10,624.0,4,3,1
2,0.13,5.46,3.01,2,2.6,98.2,1,80,15.3,9,4642.0,23,6,0
2,0.08,5.5,2.9,8,3.0,44.2,1,39,24.2,15,2046.0,18,2,1
4,0.03,5.87,2.84,10,4.1,23.0,1,54,28.6,18,4302.0,14,5,2
5,0.705,5.6,2.59,11,2.3,140.8,3,63,54.8,19,5003.0,14,11,3
4,0.848,4.9,2.83,10,3.3,109.3,1,86,77.4,17,2764.0,14,8,2
4,0.011,5.6,3.04,4,2.3,68.5,1,43,32.3,18,4840.0,0,4,1
3,0.573,5.23,2.9,3,3.4,38.7,2,98,100.9,13,3019.0,1,7,2
4,0.538,5.04,2.69,9,2.6,96.9,2,94,23.7,17,328.0,23,4,2
3,0.843,5.09,2.71,1,3.4,63.0,2,18,23.2,15,3394.0,9,3,1
4,0.233,5.67,2.81,9,5.2,142.7,4,7,25.9,23,4606.0,7,5,2
2,0.096,4.47,3.07,4,3.1,67.3,3,51,9.3,5,2166.0,10,5,1
3,0.755,6.13,3.03,9,3.6,69.8,2,11,83.2,13,2214.0,17,3,2
3,0.025,5.13,3.09,10,2.5,106.2,2,59,52.7,9,1404.0,7,11,1
3,1.133,5.15,2.84,0,3.3,113.4,1,12,51.0,13,5315.0,8,2,1
2,0.026,4.35,2.88,4,3.5,54.4,1,91,17.4,9,3680.0,17,9,0
5,0.042,4.96,2.58,7,2.1,137.8,1,62,24.2,22,4627.0,23,8,2
2,0.116,5.07,3.05,3,3.1,115.7,1,89,37.6,12,4077.0,6,7,0
4,0.092,5.15,2.87,6,4.7,157.5,2,61,49.3,20,1063.0,18,9,1
3,0.46,5.11,2.76,5,4.6,30.2,2,33,44.2,16,3001.0,22,10,2
2,0.046,5.03,3.31,3,2.5,74.3,3,63,55.7,11,133.0,23,1,1
2,0.189,4.5,3.1,4,2.8,97.9,2,89,41.9,10,2448.0,8,11,0
2,0.068,4.42,3.37,4,3.5,82.0,3,56,42.1,14,2417.0,10,12,1
2,0.108,4.63,2.88,2,3.4,83.2,2,37,31.3,14,5091.0,18,6,0
4,0.141,4.98,3.35,9,5.2,126.0,3,25,58.4,20,4321.0,0,3,2
2,0.159,5.4,3.63,6,2.2,104.1,2,60,14.0,19,4136.0,12,2,0
4,0.225,5.23,3.29,4,3.5,137.2,3,29,30.1,23,3280.0,3,5,1
5,1.265,4.32,2.92,8,5.7,108.3,4,51,44.4,16,5532.0,2,10,3
3,0.03,4.69,2.85,7,4.5,73.8,2,96,60.8,12,2651.0,0,8,1
5,0.264,3.82,3.06,10,3.3,98.8,1,63,46.0,22,2479.0,8,5,2
5,0.105,5.35,2.75,9,2.3,101.9,4,45,19.3,15,3951.0,0,10,2
4,0.44,5.2,3.18,4,2.5,82.2,2,65,61.5,24,3771.0,0,10,2
3,0.045,5.38,2.6,10,3.1,86.2,4,92,38.1,19,1946.0,14,6,2
2,0.095,4.38,3.26,6,3.1,32.3,1,83,54.7,12,2748.0,5,9,1
3,0.055,4.81,2.6,5,4.7,151.7,1,90,31.7,15,5488.0,21,8,1
2,0.138,5.36,2.56,4,2.2,71.7,4,3,29.3,10,4107.0,0,11,1
5,0.055,5.44,2.92,10,3.4,34.3,3,29,66.5,20,3004.0,8,1,2
2,0.327,4.73,3.01,3,3.7,114.7,2,75,46.7,6,1851.0,7,7,0
4,0.03,4.6,3.77,6,3.9,223.2,2,3,73.3,18,1589.0,20,11,1
2,0.087,5.67,2.94,6,2.1,176.9,4,56,44.1,9,1990.0,0,3,1
3,0.254,5.39,3.27,8,4.3,132.5,4,79,19.6,14,2706.0,0,1,2
2,0.072,3.92,2.71,6,2.6,76.1,1,36,77.6,5,4699.0,6,2,1
4,0.343,4.78,3.0,10,2.8,107.5,3,73,50.8,17,1911.0,6,6,2
3,0.074,4.78,3.01,7,3.1,35.2,3,45,49.5,18,3928.0,17,4,2
3,0.212,4.8,3.67,5,2.2,45.3,1,69,42.0,14,3752.0,9,3,1
2,0.033,4.73,2.96,1,2.9,94.5,3,42,38.9,12,3331.0,16,1,0
3,0.231,5.28,3.2,6,3.3,113.7,4,90,23.9,10,1324.0,6,5,2
3,0.068,3.95,3.23,7,4.0,169.2,4,33,51.9,11,3093.0,23,2,2
4,0.014,5.09,2.61,13,5.3,106.2,3,21,25.7,21,770.0,14,4,2
5,0.375,4.55,2.87,13,5.2,23.0,3,46,9.4,21,3276.0,0,1,3
5,0.99,4.24,2.66,8,2.1,113.7,1,91,102.8,23,5021.0,9,1,2
4,0.687,4.34,2.49,7,4.8,82.8,3,39,25.1,19,1783.0,9,5,2
4,0.025,5.69,2.89,6,2.8,213.6,3,29,33.4,19,980.0,6,6,2
4,0.032,5.38,3.25,8,6.0,113.8,2,5,76.5,30,2884.0,17,4,1
2,0.531,4.67,2.56,4,3.3,14.9,2,40,18.2,14,1221.0,5,8,2
3,0.158,4.89,3.07,4,4.7,52.8,2,79,42.4,17,3699.0,2,4,1
5,0.177,4.29,3.1,7,3.5,75.5,1,58,65.4,24,3623.0,18,11,2
4,0.459,4.27,2.64,7,4.1,43.3,4,5,11.9,25,1807.0,12,8,3
2,0.366,4.96,2.8,1,2.2,66.8,1,36,57.9,18,4018.0,12,12,0
2,0.0,4.47,2.5,4,2.1,109.6,3,24,50.9,11,1983.0,5,1,0
4,0.311,5.53,2.92,7,3.5,86.6,1,49,57.6,29,4796.0,16,5,2
5,0.137,5.58,3.27,10,2.0,143.5,4,16,36.7,30,3432.0,12,6,2
3,0.86,5.68,2.71,3,3.7,93.9,3,3,47.8,17,2681.0,14,7,2
3,0.288,4.27,2.73,4,2.1,149.6,4,82,63.6,14,5890.0,4,6,1
5,0.678,4.21,3.44,7,6.8,93.1,3,67,21.2,27,2708.0,4,8,3
3,0.125,4.46,3.17,6,4.8,34.8,3,67,87.1,25,1590.0,15,11,2
3,0.083,5.5,3.15,5,4.4,172.4,4,46,84.1,10,2092.0,3,11,1
5,0.368,4.59,2.98,8,6.1,153.4,4,5,93.3,24,3799.0,4,1,2
3,0.634,4.74,3.18,10,4.5,153.4,2,63,67.7,13,5101.0,12,11,2
3,0.053,3.88,2.71,5,2.9,113.5,1,14,41.3,11,3174.0,1,7,1
2,0.272,4.54,3.23,1,3.8,85.4,2,7,40.3,11,4954.0,22,10,0
3,0.081,4.63,3.1,3,4.0,120.7,2,45,63.5,18,1484.0,14,5,1
3,0.032,4.9,2.9,9,2.8,57.4,2,92,40.2,15,3562.0,10,1,1
2,0.023,5.44,3.35,3,2.6,134.7,1,64,32.7,12,5559.0,0,2,0
2,0.295,4.58,3.22,2,3.0,62.9,3,65,23.0,12,3857.0,10,9,0
2,0.067,3.94,3.04,7,2.8,64.2,4,2,33.8,10,4166.0,19,1,1
2,0.359,5.49,3.26,4,3.9,66.7,1,43,9.0,11,988.0,4,6,1
5,0.493,5.21,3.12,10,3.8,160.1,1,56,18.4,25,973.0,9,6,2
5,0.917,4.47,3.39,7,2.9,193.4,1,56,72.0,19,1294.0,6,8,2
2,0.085,5.25,2.66,2,2.3,24.6,1,35,28.9,7,3952.0,9,2,0
4,0.036,5.15,3.07,3,3.8,62.3,4,85,45.1,22,2111.0,10,10,2
4,0.089,5.51,2.7,9,3.4,100.6,3,38,86.6,18,3345.0,8,2,2
3,0.058,5.0,3.54,6,4.4,216.7,4,33,29.7,13,5863.0,10,9,2
2,0.07,5.37,3.07,3,3.9,83.9,1,34,50.6,7,1846.0,8,12,0
5,0.437,6.11,3.45,10,2.1,97.0,4,19,33.7,27,2170.0,21,6,3
2,0.06,4.4,3.43,2,2.2,189.5,2,76,31.4,10,4674.0,14,7,0
3,0.382,5.09,3.34,3,2.6,136.1,2,68,83.1,10,2538.0,7,3,1
2,0.038,5.64,2.67,8,2.5,189.2,3,91,12.0,10,5010.0,17,7,1
3,0.113,5.21,3.28,3,4.1,148.5,4,72,31.4,9,4293.0,4,4,1
3,0.09,4.58,3.36,6,2.1,95.7,2,45,56.6,17,2078.0,12,12,1
4,0.569,5.5,3.0,7,5.9,128.1,2,24,52.8,20,1219.0,17,1,2
2,0.25,5.91,3.33,2,4.0,74.1,3,96,42.2,9,1572.0,5,7,0
2,0.05,4.88,2.92,3,3.4,20.7,1,47,17.5,8,2606.0,9,1,1
5,0.77,5.4,2.33,7,5.7,48.9,2,9,29.0,24,3272.0,8,7,3
3,0.545,5.6,3.55,7,2.6,217.0,1,16,86.9,15,1392.0,22,11,2
3,0.117,5.69,3.03,9,2.9,57.4,3,94,14.6,13,3192.0,16,5,2
3,0.33,5.55,2.86,5,4.4,109.5,2,90,85.7,11,3643.0,7,6,1
2,0.265,3.97,3.22,1,2.6,198.3,4,92,45.1,13,952.0,6,4,0
3,0.021,4.55,2.42,6,4.8,82.3,2,51,18.5,19,4518.0,6,1,1
4,0.033,5.49,2.92,11,5.2,111.1,2,57,126.7,19,4467.0,11,12,2
3,0.635,4.85,3.06,6,4.3,83.6,1,90,33.7,19,4990.0,23,5,2
5,0.091,5.42,2.81,12,6.3,347.6,2,69,26.3,27,5107.0,20,6,2
2,0.02,5.17,3.51,2,3.1,31.4,1,53,38.8,6,5542.0,11,10,0
3,0.261,4.58,3.24,8,2.4,167.5,3,61,58.3,12,5143.0,14,3,1
4,0.232,5.77,2.99,7,3.7,91.7,1,36,38.4,23,1268.0,21,1,2
5,1.024,5.82,2.63,9,4.8,59.5,3,81,57.7,20,5632.0,6,2,3
4,1.319,5.15,3.55,10,5.0,93.5,2,18,20.2,27,4780.0,7,9,2
4,0.211,4.94,2.92,5,3.6,72.6,4,35,10.5,19,1287.0,15,3,2
3,0.233,5.33,2.85,7,3.8,85.7,1,98,22.1,15,2559.0,22,11,1
3,0.925,5.2,3.02,7,4.0,56.2,2,81,48.9,15,4132.0,23,5,2
4,0.219,5.14,2.9,10,3.9,23.6,1,38,30.4,13,4369.0,13,3,2
3,0.459,4.44,3.15,8,4.3,127.1,1,54,14.5,19,1726.0,5,11,1
4,0.812,4.7,2.81,12,5.1,97.3,2,67,42.0,29,4913.0,22,7,2
2,0.183,4.27,3.06,5,3.7,117.9,3,38,12.3,11,4879.0,5,10,0
4,0.044,4.64,2.88,6,2.4,117.7,1,17,44.6,23,3496.0,19,6,1
5,0.394,5.23,3.04,13,4.6,70.8,1,69,35.6,20,820.0,11,8,2
2,0.197,5.26,2.58,5,2.6,55.8,2,63,32.0,10,2483.0,1,2,0
5,2.207,6.13,2.83,10,6.2,79.5,3,36,49.0,28,3855.0,5,6,3
4,0.568,4.31,3.12,8,4.4,87.1,4,54,43.4,21,1552.0,18,6,3
2,0.031,5.4,3.06,6,2.2,60.1,2,92,34.7,14,2157.0,11,7,1
4,0.094,4.48,3.19,5,5.4,102.0,1,26,66.4,15,4672.0,2,11,1
2,0.596,4.5,2.89,4,4.0,72.1,3,53,67.0,2,1967.0,13,3,1
3,0.364,4.42,2.63,4,4.0,125.9,1,25,76.6,13,3781.0,21,11,1
4,0.997,5.05,3.19,9,5.5,118.7,3,98,31.1,16,4360.0,5,12,2
3,1.17,5.02,2.83,7,3.6,113.5,2,50,24.9,10,3983.0,9,11,2
5,0.967,4.89,3.07,8,5.4,88.4,4,61,70.2,34,5309.0,11,5,3
3,0.223,5.18,3.04,7,3.0,168.4,2,49,63.6,16,160.0,10,1,1
4,0.435,5.12,2.91,8,4.9,47.0,2,25,107.2,19,2711.0,20,7,2
3,0.54,4.25,3.01,8,3.3,39.6,3,58,41.9,20,3659.0,23,6,2
4,0.491,5.04,2.83,8,2.7,66.1,2,30,97.1,21,2744.0,0,12,2
2,0.108,4.73,3.36,4,3.9,101.0,3,7,57.7,9,4606.0,6,1,0
2,0.253,5.38,3.18,5,2.1,104.6,3,2,71.6,14,2026.0,7,6,0
4,0.207,5.21,3.28,7,2.7,218.6,4,89,70.0,28,4841.0,2,6,2
2,0.066,5.17,3.32,4,2.4,20.4,3,60,35.9,11,2800.0,18,8,1
2,0.17,5.36,3.33,2,2.7,152.7,4,35,66.3,10,4026.0,23,7,0
5,0.067,4.86,2.74,11,6.5,37.0,3,92,45.9,19,1885.0,1,2,3
3,0.303,5.92,2.92,6,3.1,154.4,4,92,36.5,13,1716.0,19,5,2
4,0.611,4.06,3.2,4,5.3,98.6,2,94,31.3,17,2214.0,13,6,2
4,1.662,3.93,2.84,12,4.6,120.9,3,13,48.1,16,2807.0,19,10,2
3,0.289,5.41,3.11,11,4.2,92.7,4,43,13.7,10,421.0,9,2,2
4,0.16,5.6,2.65,9,5.3,67.7,1,26,65.4,23,4826.0,22,4,2
3,0.415,5.38,3.51,9,3.6,121.5,2,29,26.0,13,4493.0,18,3,1
5,0.028,5.11,3.21,6,7.0,125.0,4,49,36.3,26,4318.0,23,6,2
3,0.056,5.68,2.99,14,4.5,74.0,4,55,42.6,20,4091.0,2,9,2
4,0.335,4.45,2.86,7,5.7,96.6,1,14,131.0,11,3063.0,3,2,2
5,0.054,4.99,3.13,12,2.2,88.9,4,17,83.5,15,2004.0,11,9,3
4,0.001,4.59,2.66,8,3.6,201.1,3,60,37.4,23,2232.0,22,4,2
4,0.212,4.84,3.27,7,2.9,173.9,1,67,26.7,13,1656.0,10,5,1
4,1.301,4.87,2.97,9,3.8,127.0,3,30,37.2,24,3296.0,12,1,2
3,0.457,5.1,2.6,6,4.9,89.6,2,80,66.0,18,631.0,1,11,2
3,0.046,4.31,3.16,5,4.5,46.3,2,59,85.7,16,915.0,9,7,1
4,0.268,5.19,3.42,5,2.2,47.3,1,16,57.1,15,5019.0,22,4,2
4,0.457,5.0,2.88,7,3.4,127.5,2,98,51.6,28,1572.0,22,12,2
5,1.787,5.1,3.47,10,6.9,203.2,4,56,78.9,25,449.0,16,8,3
4,0.37,5.19,3.0,6,5.8,50.2,2,92,36.3,11,421.0,20,10,2
5,0.061,4.75,2.69,12,6.3,82.4,3,10,14.2,19,1232.0,21,6,2
5,0.203,5.13,3.01,9,2.3,94.9,4,3,87.9,27,1110.0,5,2,2
3,0.295,4.39,2.85,9,2.8,14.8,2,45,73.9,11,4066.0,21,11,2
4,0.081,4.65,3.17,8,3.5,92.2,3,90,51.7,26,2507.0,21,6,2
2,0.252,5.49,3.1,3,4.0,180.1,3,32,15.4,12,3815.0,14,3,0
3,0.521,5.08,2.68,2,4.0,63.4,2,66,78.7,19,2507.0,5,1,1
3,0.212,5.11,3.74,6,2.6,94.9,4,61,28.8,10,5544.0,19,11,2
3,0.197,5.78,2.35,4,3.8,192.5,1,64,54.7,9,4127.0,17,11,1
2,0.016,4.87,3.39,4,3.2,32.0,4,1,18.2,9,3696.0,1,6,1
3,0.074,5.02,3.16,2,3.6,143.4,1,67,73.1,11,874.0,18,2,0
5,0.365,3.66,3.01,8,2.9,81.1,4,71,59.5,30,2163.0,12,5,3
3,0.018,4.9,2.7,9,3.4,115.5,2,72,33.7,15,1984.0,15,3,1
3,0.5,4.32,2.89,3,3.8,202.7,1,83,48.3,15,3849.0,1,5,1
3,0.373,5.28,2.68,5,4.4,65.1,4,6,29.5,21,5587.0,23,4,2
2,0.383,5.36,2.91,2,2.0,90.8,4,0,49.4,10,2491.0,11,1,1
2,0.132,5.76,3.12,3,2.5,47.7,3,27,56.0,11,3715.0,8,12,1
3,0.002,5.28,2.76,5,4.5,51.1,4,67,54.4,18,414.0,6,6,2
4,0.126,5.23,2.9,9,5.0,82.2,2,49,88.3,20,915.0,18,9,2
3,0.947,5.44,2.92,4,3.3,106.0,1,78,29.9,11,4480.0,16,6,1
4,0.103,4.97,2.84,7,3.4,112.2,2,23,39.5,21,4215.0,19,1,1
3,0.664,4.99,3.19,7,2.5,67.0,4,29,40.3,15,1676.0,13,5,2
2,0.307,5.33,3.45,3,2.1,181.8,4,25,58.2,12,1752.0,21,4,1
2,0.474,5.2,2.96,11,3.3,47.0,1,8,13.0,12,3066.0,18,5,2
2,0.226,5.71,3.15,3,3.8,133.1,1,66,25.6,9,3983.0,22,12,0
4,0.875,5.76,3.42,6,4.6,142.5,4,3,49.3,23,4654.0,22,2,2
5,0.103,5.01,2.75,12,6.3,184.1,1,27,27.0,29,719.0,6,7,2
2,0.269,4.18,3.07,1,3.2,133.9,1,76,49.4,11,4048.0,4,6,0
2,0.211,4.98,3.14,4,2.8,104.5,2,78,40.5,17,1881.0,11,7,0
2,0.119,4.89,3.07,1,2.4,102.6,1,22,71.1,8,1063.0,2,1,0
2,0.101,5.4,3.2,3,2.8,24.3,4,26,27.3,6,2252.0,8,6,1
4,0.271,4.78,2.93,9,5.1,57.3,2,79,48.9,17,1662.0,0,4,2
3,0.773,4.44,3.19,5,3.0,168.7,1,44,37.1,19,1525.0,10,11,1
4,0.573,5.05,3.06,7,3.6,215.6,1,3,31.3,14,2131.0,19,7,2
3,0.144,4.74,2.37,3,4.8,68.5,2,92,22.4,14,3040.0,12,10,1
4,0.127,5.45,2.58,8,2.4,102.0,3,12,5.6,23,2426.0,9,9,2
3,0.081,4.55,2.7,3,4.0,108.2,2,8,48.3,14,2668.0,18,1,1
3,0.087,4.91,3.47,4,2.2,68.8,4,13,27.2,11,154.0,7,8,2
3,0.36,5.32,3.03,9,4.8,130.3,1,89,56.4,14,847.0,19,3,1
3,0.326,5.43,2.57,6,4.3,336.1,4,22,13.0,21,1442.0,7,9,2
5,0.019,5.42,2.9,11,5.1,72.2,4,89,51.8,33,3388.0,0,9,3
2,0.563,4.8,2.77,3,3.1,82.9,4,52,23.2,11,914.0,15,11,2
2,0.118,4.43,2.68,2,3.7,78.3,2,89,21.6,15,2279.0,6,8,0
4,0.039,4.8,3.15,12,3.8,176.8,3,32,61.4,25,5585.0,8,8,2
3,0.054,5.2,2.69,7,2.4,110.2,3,39,41.6,10,2104.0,18,7,1
3,1.622,5.77,3.58,4,3.6,9.0,1,39,40.2,15,453.0,3,9,2
2,0.03,5.35,3.06,5,3.6,49.2,4,27,86.8,11,1900.0,5,9,1
4,0.643,5.54,2.91,7,4.5,50.5,4,74,51.6,16,1987.0,11,6,3
5,0.309,5.04,2.37,19,5.0,94.3,3,12,28.0,24,5108.0,12,4,3
4,0.109,5.15,3.54,7,5.5,68.2,2,58,56.8,20,5507.0,18,10,2
3,0.287,3.88,2.61,6,3.4,91.6,2,51,40.9,14,3252.0,13,9,1
3,0.265,4.9,3.17,11,3.2,61.1,3,73,25.6,17,4746.0,10,1,2
3,0.164,4.78,3.13,2,4.8,71.0,3,91,90.3,16,2999.0,16,9,1
4,1.061,4.93,2.9,6,5.8,121.6,2,1,53.2,14,2981.0,16,3,2
3,0.043,5.19,3.29,6,4.2,81.3,3,20,76.7,10,2181.0,3,7,2
2,0.085,5.16,3.26,5,2.8,167.0,2,17,76.8,12,2349.0,11,12,0
3,0.127,5.59,2.75,6,4.5,100.5,4,16,44.3,8,3405.0,9,3,2
5,0.101,5.12,2.64,6,5.1,134.1,4,58,43.2,28,2369.0,2,7,2
2,0.018,5.24,3.35,3,3.8,110.2,3,67,54.1,12,949.0,22,6,0
2,0.322,4.49,3.11,5,3.0,182.1,4,98,36.3,14,1782.0,4,10,1
2,0.031,4.6,2.64,6,3.8,69.2,2,78,48.1,7,5139.0,23,12,1
4,0.395,4.51,2.75,6,5.7,86.9,4,19,40.8,28,3198.0,0,9,2
4,0.132,5.65,3.08,7,4.5,62.5,2,84,60.6,26,1230.0,22,12,2
2,0.03,4.6,3.2,3,3.5,75.8,2,78,66.4,10,4795.0,5,12,0
2,0.275,4.48,2.81,5,4.0,79.5,4,30,48.4,12,4780.0,8,8,1
2,0.017,5.76,2.82,4,2.1,73.3,2,26,91.1,10,1928.0,5,6,0
2,0.021,5.22,2.71,2,3.5,90.9,1,34,41.0,9,4710.0,19,5,0
3,0.133,5.6,2.73,5,2.2,90.1,2,0,17.8,14,3165.0,0,9,1
4,0.532,4.81,3.2,4,5.7,86.2,1,28,12.2,17,4083.0,2,2,2
2,0.047,4.47,2.66,4,3.4,166.3,4,20,47.7,8,3015.0,10,11,1
2,0.029,5.96,3.56,4,2.9,52.4,3,16,15.0,13,5071.0,8,10,1
3,0.069,5.12,2.8,4,4.8,187.8,4,97,70.5,12,2807.0,21,7,1
2,0.019,5.46,2.8,1,3.2,90.2,4,86,125.2,13,2972.0,2,1,1
4,0.011,4.58,2.74,7,5.6,112.1,3,16,51.4,19,3870.0,8,11,2
3,0.243,5.55,2.71,4,3.7,105.5,2,18,63.8,15,3595.0,23,2,1
4,0.239,4.05,3.34,9,2.3,112.4,4,22,42.0,20,3031.0,0,12,2
4,0.131,5.02,3.26,9,2.6,107.4,1,31,45.2,13,3689.0,14,8,1
5,0.795,4.99,2.54,9,6.5,98.7,4,57,27.6,26,125.0,23,6,3
4,0.057,5.11,3.22,8,3.0,86.4,3,38,23.0,20,3206.0,17,10,2
3,0.102,4.51,2.86,4,2.6,65.3,3,95,28.3,15,1788.0,14,11,1
2,0.363,5.48,3.02,3,3.1,122.8,4,10,58.0,13,761.0,14,5,1
3,0.251,5.92,3.02,4,4.3,44.2,4,56,29.1,16,3451.0,9,12,2
3,0.042,5.78,3.32,7,3.1,142.7,3,28,29.0,15,4639.0,20,11,1
4,0.209,4.68,3.11,11,2.4,46.7,4,57,23.0,18,4227.0,12,11,3
2,0.114,5.21,2.99,7,2.3,73.3,4,86,8.8,13,2245.0,18,10,1
2,0.315,4.82,3.25,4,3.6,101.2,1,98,15.2,13,4826.0,5,12,0
3,0.21,5.43,3.12,8,2.3,89.6,1,40,137.7,10,2213.0,4,11,1
4,0.069,5.03,2.58,13,4.8,26.3,1,12,18.3,14,2447.0,17,7,2
2,0.158,5.13,2.92,0,3.1,67.5,4,92,13.3,13,2688.0,23,12,1
2,0.091,4.84,2.85,6,3.2,128.1,1,80,28.8,7,2174.0,6,10,0
4,0.093,6.08,2.8,6,3.3,25.1,1,49,38.5,16,2998.0,15,4,2
2,0.235,4.95,2.91,9,2.5,49.2,1,12,61.3,10,4339.0,15,12,1
3,0.493,4.45,2.69,6,3.2,209.7,4,96,19.0,16,2163.0,7,11,2
3,0.016,5.14,3.72,8,3.7,126.4,4,6,31.1,8,1768.0,17,6,2
3,0.262,4.85,3.16,4,4.5,137.7,2,44,90.4,18,3434.0,6,2,1
4,0.226,4.4,3.13,8,4.2,126.5,1,93,30.5,26,732.0,13,5,1
3,0.352,4.87,2.83,5,2.0,77.2,2,6,52.8,20,4120.0,2,4,1
4,1.312,4.63,3.26,9,4.5,211.5,3,98,21.5,17,4588.0,7,5,2
3,0.524,4.72,3.51,5,3.5,107.4,2,82,19.4,18,1024.0,18,7,1
4,0.012,5.46,3.05,7,4.9,39.9,3,66,70.9,20,2811.0,4,8,2
5,0.103,4.74,2.61,9,2.8,73.1,4,48,50.9,20,5197.0,20,8,2
3,0.5,5.16,2.81,6,4.2,35.5,1,57,25.4,12,3837.0,3,8,2
3,0.078,4.85,3.48,10,2.3,117.6,4,65,34.9,18,2006.0,22,1,2
3,0.88,5.29,2.87,6,3.6,43.0,4,92,22.6,13,3203.0,12,7,3
4,0.24,4.72,3.29,8,5.3,99.9,4,38,21.3,24,1270.0,15,9,2
2,0.146,4.98,3.57,4,3.3,88.6,1,52,77.9,10,2995.0,18,9,0
5,0.189,5.39,3.07,7,4.2,38.6,2,21,36.1,24,1982.0,18,6,2
5,0.526,5.33,2.63,4,2.8,53.4,2,57,48.0,22,3441.0,16,10,2
2,0.106,4.88,3.34,1,3.2,78.3,3,3,52.1,12,5221.0,7,6,0
4,0.181,5.48,2.57,7,5.5,172.0,3,89,16.1,15,4180.0,13,6,2
4,0.825,4.36,2.89,3,2.0,101.0,4,72,64.3,26,2049.0,18,5,2
4,0.081,4.89,3.03,8,4.9,52.0,3,25,30.6,18,3282.0,16,1,2
4,0.097,5.2,3.08,7,5.0,55.8,2,84,56.1,20,3307.0,9,4,2
2,0.279,4.65,2.89,7,3.0,74.6,4,96,30.8,5,1474.0,3,8,1
4,0.192,5.36,3.46,12,2.5,65.7,1,65,39.3,19,5333.0,9,1,2
3,0.784,5.67,3.16,4,4.6,161.8,3,29,31.0,15,4216.0,13,8,2
3,0.492,5.09,2.79,6,2.6,86.1,2,18,52.3,13,4266.0,6,3,2
5,0.927,5.15,2.79,7,3.3,44.5,3,46,110.1,20,934.0,12,2,3
3,1.328,4.95,2.82,8,3.8,221.8,1,70,29.4,8,1070.0,19,6,2
2,0.056,4.76,2.84,5,2.3,64.0,4,7,76.3,17,3289.0,5,3,1
2,0.121,5.29,3.27,2,2.2,143.6,4,88,47.6,7,1930.0,22,11,0
3,0.077,4.37,3.12,5,4.5,204.1,4,24,57.5,22,756.0,3,9,1
5,0.338,5.31,3.11,11,5.6,95.3,3,61,30.2,28,2788.0,0,3,3
2,0.057,6.33,2.83,5,3.3,126.5,3,97,28.6,11,2695.0,13,5,0
2,0.464,5.47,3.38,0,3.0,86.3,4,35,89.7,17,1167.0,12,10,1
4,0.25,3.61,2.55,15,3.2,88.9,3,6,62.5,24,4428.0,13,3,2
4,0.166,4.27,2.8,9,4.0,81.6,2,81,21.4,21,944.0,1,3,2
2,0.013,4.82,3.21,6,2.5,171.9,3,44,11.9,8,1985.0,1,8,1
3,0.052,4.42,3.08,5,3.6,132.0,1,5,24.1,15,4531.0,2,6,1
4,0.53,5.0,3.46,5,5.5,43.9,4,55,70.2,18,926.0,4,4,3
4,0.146,5.61,2.74,6,3.7,132.8,1,16,76.2,15,1342.0,15,4,1
4,0.025,4.94,3.28,14,4.5,87.3,3,25,74.8,20,5135.0,12,4,2
2,0.162,5.03,2.98,7,2.8,194.5,4,84,70.8,10,4383.0,18,11,1
4,0.782,4.66,2.77,7,4.9,78.8,1,97,49.5,25,4046.0,6,10,2
4,0.035,5.21,3.36,5,5.1,219.2,4,43,65.6,26,2545.0,16,10,2
3,0.087,4.38,2.95,3,3.7,149.5,3,18,59.0,10,3748.0,15,4,1
3,0.252,4.94,3.34,6,4.7,134.3,1,62,60.4,12,2816.0,17,9,1
4,0.095,4.75,2.91,11,2.4,74.3,1,46,22.8,19,1112.0,21,9,2
2,0.176,5.81,3.05,1,2.6,230.6,3,54,49.4,9,4361.0,19,5,0
4,0.519,5.14,3.07,12,2.8,134.5,3,46,19.4,22,847.0,22,4,2
2,0.035,5.94,2.88,6,2.4,303.0,3,92,18.9,12,3894.0,6,10,1
3,0.025,4.81,3.11,7,2.4,115.8,3,14,50.2,13,5294.0,15,8,1
2,0.003,4.53,3.13,9,3.7,139.1,3,0,17.1,7,530.0,6,7,1
3,0.024,5.78,3.11,4,4.4,102.9,4,13,81.0,17,1609.0,21,6,1
4,0.372,4.86,3.3,5,4.1,101.7,3,2,27.8,11,2179.0,19,6,2
3,0.052,5.48,2.89,8,3.6,114.4,2,58,29.4,15,847.0,14,2,1
4,0.206,5.19,3.37,4,2.8,93.6,4,86,42.7,22,2820.0,2,8,2
4,0.341,4.86,3.32,15,3.0,27.7,4,49,19.6,18,3792.0,22,1,3
3,1.64,4.82,2.65,7,3.5,144.0,2,77,53.2,12,3874.0,21,3,2
4,1.047,4.74,3.22,10,5.8,145.1,4,62,63.6,21,1386.0,21,9,2
2,0.002,5.16,3.07,3,3.8,97.4,1,97,41.2,5,3666.0,9,12,0
3,0.01,4.86,2.91,8,3.8,66.8,2,58,50.2,13,5627.0,13,5,1
2,0.651,5.17,2.93,6,2.6,49.6,3,79,37.5,9,177.0,8,11,2
2,0.148,4.79,3.02,4,3.9,78.8,4,35,37.5,15,5166.0,18,7,1
4,0.103,4.37,3.23,12,4.1,60.2,1,82,47.3,20,2281.0,23,6,2
3,0.896,5.31,3.37,10,2.3,40.3,1,88,31.4,17,3480.0,20,1,2
2,0.105,5.13,2.96,3,2.5,28.1,3,18,36.1,5,400.0,1,9,1
3,0.036,4.44,3.08,2,3.4,79.7,4,16,87.2,17,3621.0,5,2,1
3,0.058,5.0,2.86,4,4.8,88.1,2,67,60.7,9,3293.0,12,11,1
5,0.418,5.58,2.99,7,2.8,118.8,4,86,36.5,24,5850.0,17,2,2
3,0.03,5.61,3.49,5,3.4,112.6,4,50,40.4,12,4869.0,0,8,1
3,0.206,5.13,3.33,7,2.6,90.7,1,25,20.5,19,3842.0,19,10,1
2,0.135,4.45,2.95,8,2.2,75.0,4,25,26.0,8,4156.0,2,7,1
4,0.261,4.3,3.19,8,2.8,75.9,3,16,69.8,21,4467.0,20,3,2
3,0.001,4.7,3.17,6,4.7,167.9,3,4,60.4,18,5086.0,14,9,1
4,0.209,5.52,3.29,8,5.3,167.1,1,14,39.6,15,1873.0,20,9,1
3,0.094,4.29,2.73,4,3.2,74.3,1,63,62.1,18,3244.0,8,11,1
2,0.407,4.83,3.14,4,3.6,78.3,4,99,54.2,8,4203.0,0,9,1
2,0.166,5.54,3.28,7,2.8,63.9,3,94,44.0,8,3884.0,11,5,1
4,0.63,5.5,2.91,9,4.8,13.7,3,36,30.0,24,4386.0,15,10,3
2,0.096,4.79,3.56,4,3.2,90.6,3,50,24.8,8,1500.0,9,1,1
4,0.066,5.55,2.93,7,5.6,57.3,4,35,47.6,15,3036.0,15,7,2
3,0.204,4.13,3.33,1,3.8,91.1,4,6,70.7,17,3834.0,15,10,1
4,0.225,4.85,2.47,13,3.2,173.8,1,37,29.5,21,2512.0,5,2,2
2,0.455,3.79,3.22,2,3.3,124.0,1,86,69.8,8,1384.0,23,9,0
4,0.651,4.92,2.98,5,5.2,128.6,3,52,95.8,25,4679.0,10,1,2
2,0.283,4.03,3.21,4,2.0,186.0,1,12,33.2,8,1761.0,2,6,0
4,0.618,5.4,2.69,4,2.8,73.8,2,87,44.8,20,102.0,21,8,2
5,1.166,5.15,3.24,8,3.4,65.0,1,22,39.9,20,1041.0,14,5,2
3,0.366,5.1,2.93,3,3.6,502.1,1,19,34.3,18,3399.0,1,3,1
4,0.951,5.0,2.73,8,2.8,90.5,1,82,41.4,21,1798.0,16,1,2
3,0.081,4.86,3.33,7,2.1,84.8,2,76,38.0,13,4650.0,10,4,1
3,0.164,4.51,3.62,7,2.2,78.5,4,34,21.3,24,2390.0,2,9,2
3,0.157,5.23,2.78,7,2.2,58.6,1,37,61.4,18,1276.0,3,5,1
3,0.385,4.83,3.07,7,4.8,110.7,1,74,39.9,20,4634.0,5,11,1
4,1.481,4.75,3.04,9,2.9,114.3,3,93,54.9,24,4782.0,18,12,2
2,0.015,4.21,3.46,8,3.3,98.5,3,9,46.7,7,679.0,14,6,1
4,0.704,5.17,2.93,10,3.6,128.5,2,7,24.8,21,1815.0,1,12,2
3,0.197,4.76,2.98,3,2.4,85.1,3,4,8.4,9,4447.0,17,4,1
2,0.126,5.59,2.58,1,2.9,191.6,2,69,11.4,10,220.0,11,3,0
2,0.268,5.25,3.15,1,3.5,109.1,3,60,41.1,7,5050.0,1,12,0
5,0.115,4.07,3.24,6,5.4,61.0,4,86,52.0,19,2695.0,12,12,2
3,0.092,4.84,3.59,7,2.3,46.1,3,54,55.4,18,4929.0,13,5,2
4,0.132,5.17,3.0,6,5.2,161.8,1,13,72.9,16,1794.0,6,12,1
5,1.316,5.7,2.79,11,4.7,124.4,3,3,43.7,22,1464.0,21,2,3
5,0.784,5.39,3.01,11,3.8,42.8,3,6,30.3,17,1727.0,7,10,3
4,0.031,4.99,3.35,5,5.5,97.5,2,33,14.0,12,2737.0,15,4,1
2,0.417,4.88,3.51,7,2.6,106.4,1,10,56.1,14,6130.0,2,2,1
3,0.36,4.07,2.88,4,2.1,97.8,4,42,54.8,16,1656.0,12,1,2
2,0.402,5.1,2.85,5,2.9,93.1,2,22,24.7,8,4490.0,21,1,1
2,0.051,4.81,3.18,6,3.1,164.8,1,82,23.1,7,4629.0,1,4,0
2,0.764,4.93,2.82,3,3.0,157.7,3,19,8.7,10,1686.0,21,6,1
2,0.434,5.39,3.37,2,2.9,101.5,3,12,14.6,10,2707.0,22,2,0
3,0.078,4.34,3.11,9,4.3,49.3,4,11,20.3,16,1526.0,5,4,2
4,0.874,4.51,2.84,10,5.1,40.9,3,84,49.8,15,3597.0,15,5,3
2,0.337,4.62,2.85,3,3.8,49.5,2,98,11.5,8,4782.0,14,4,1
3,0.008,5.14,2.92,6,3.1,130.8,3,81,35.1,11,1749.0,4,9,1
3,0.23,5.14,2.45,4,3.4,59.2,1,64,65.9,16,2835.0,12,5,1
2,0.282,4.27,2.66,4,3.7,93.7,3,5,46.0,11,3102.0,20,3,1
3,0.01,5.22,2.97,8,2.8,23.1,3,30,39.6,15,787.0,10,2,2
3,0.03,4.6,3.12,5,4.4,113.8,2,4,11.7,16,1273.0,20,3,1
2,0.184,5.71,3.54,5,2.5,153.6,4,57,25.6,9,6337.0,3,2,1
5,1.609,5.93,3.1,15,4.2,100.2,4,51,34.2,22,2941.0,11,8,3
2,0.057,5.02,3.26,5,3.8,122.1,3,94,56.9,7,2136.0,9,2,0
2,0.001,4.11,2.73,5,3.1,98.2,4,24,56.0,12,2162.0,20,3,1
4,0.13,4.36,2.69,7,5.6,216.6,4,39,48.2,28,1277.0,19,12,2
4,0.046,5.64,2.59,10,2.4,82.0,2,22,55.2,26,4466.0,7,7,2
4,0.457,5.87,3.41,8,3.1,96.3,3,70,35.8,22,838.0,10,5,2
3,0.762,5.11,3.02,3,2.1,61.4,2,48,56.5,16,1954.0,9,2,2
4,0.031,5.5,3.59,4,4.9,315.7,2,87,46.6,22,4392.0,12,3,1
3,0.184,4.26,2.8,5,4.6,97.7,2,28,57.7,12,793.0,3,11,1
3,0.051,4.05,3.09,4,3.7,62.4,1,38,44.6,18,1380.0,21,10,1
3,0.122,4.86,3.29,6,4.4,102.6,2,73,37.4,9,5137.0,23,11,1
3,0.007,5.59,3.12,4,3.7,96.4,3,32,55.2,23,3552.0,16,8,1
3,0.271,4.53,2.99,6,4.4,140.1,3,29,25.3,16,654.0,5,12,1
4,0.606,5.31,3.65,7,3.3,89.6,1,61,35.9,15,1966.0,18,7,2
5,0.0,5.07,3.34,11,2.8,30.1,4,59,57.4,21,177.0,14,5,3
2,0.006,4.99,3.09,5,3.5,163.3,1,7,61.8,11,1018.0,6,10,0
5,0.944,5.18,2.71,10,3.6,102.1,2,4,41.0,30,766.0,3,12,2
5,0.033,4.82,2.83,12,6.9,51.4,4,76,24.3,17,2261.0,2,8,3
2,0.045,4.95,2.78,2,3.3,102.1,3,28,81.5,10,2118.0,6,1,0
4,0.505,5.11,2.8,6,4.0,82.8,1,83,34.4,16,2120.0,3,6,2
3,0.004,4.84,3.27,7,2.5,111.8,2,84,31.5,15,3757.0,0,10,1
3,0.601,5.92,3.1,1,2.6,44.6,3,70,49.5,16,5277.0,11,2,2
3,0.286,4.45,2.44,5,2.4,86.6,2,98,25.8,16,5063.0,9,4,1
4,0.156,4.3,2.69,9,4.9,289.4,2,51,66.4,27,2218.0,12,8,1
5,0.798,4.88,3.84,7,4.0,48.9,2,89,67.2,26,1926.0,1,3,3
2,0.07,5.21,2.94,4,2.5,90.5,1,23,59.0,14,2179.0,1,1,0
3,0.001,5.28,3.14,5,2.3,128.2,1,12,91.6,14,4224.0,4,1,1
4,0.843,5.05,2.95,12,4.0,133.7,3,76,34.7,24,1291.0,16,8,2
3,0.02,4.52,3.04,5,3.9,207.7,2,92,9.9,24,1199.0,9,9,1
5,1.587,4.81,2.98,13,6.0,99.8,3,86,48.9,24,5440.0,7,2,3
2,0.253,4.9,3.2,4,3.3,148.3,3,6,40.2,12,1478.0,18,11,0
2,0.151,4.84,3.01,4,3.1,126.0,1,89,13.8,16,4109.0,11,8,0
2,0.209,5.26,3.04,4,4.0,104.8,1,68,72.9,14,4561.0,3,1,0
3,0.097,4.18,2.85,5,4.5,47.1,1,10,41.4,8,3505.0,1,8,1
5,0.075,5.26,3.03,10,4.9,100.5,2,65,77.6,22,4413.0,15,3,2
3,0.123,5.81,2.99,5,2.7,101.5,4,57,39.8,19,4011.0,15,4,1
3,0.168,5.42,2.95,5,3.1,114.7,3,17,34.5,16,3209.0,15,3,1
2,0.394,4.42,3.08,5,3.4,78.6,2,40,20.8,6,2806.0,13,3,1
3,0.523,5.05,2.76,7,3.6,91.4,1,7,27.6,16,4472.0,13,4,2
4,0.766,4.34,3.61,7,4.0,46.9,4,36,45.5,18,5232.0,13,11,3
4,0.138,4.96,3.11,4,4.8,156.9,1,59,42.2,19,2231.0,9,2,1
5,0.258,4.93,3.36,5,5.5,127.3,2,85,13.7,35,321.0,6,2,1
2,0.152,3.95,2.94,1,3.4,39.3,1,55,50.7,15,4634.0,1,1,0
2,0.315,5.77,2.84,3,2.2,32.7,1,44,33.7,7,4362.0,4,5,1
4,0.111,4.59,3.02,13,5.0,174.6,3,15,63.1,20,5042.0,22,9,2
2,0.002,5.31,3.3,3,3.1,123.8,3,59,66.4,10,4197.0,21,9,0
2,0.206,4.85,2.82,5,3.3,57.6,2,21,92.2,11,3855.0,13,10,0
3,0.039,4.86,2.87,2,4.8,92.4,1,89,42.0,8,2389.0,12,3,1
3,0.392,5.3,3.06,4,2.4,151.3,1,19,51.1,13,1568.0,4,3,1
2,0.031,5.51,2.75,2,3.3,107.9,1,77,60.4,10,4259.0,4,3,0
3,0.389,4.76,2.87,4,2.2,63.8,2,54,36.0,14,4181.0,20,11,1
5,1.213,5.62,3.22,13,3.4,52.0,4,10,19.9,22,3621.0,14,2,3
3,0.274,4.9,2.97,6,2.1,119.4,3,31,10.1,14,1069.0,11,5,1
3,0.222,5.37,2.7,8,3.9,53.1,4,86,52.7,13,3498.0,16,7,2
3,0.232,4.59,3.16,5,2.7,115.8,1,72,36.7,20,4838.0,4,8,1
3,0.031,5.08,3.66,7,2.8,72.1,3,88,59.8,21,4539.0,18,6,2
3,0.415,4.38,2.56,7,2.6,34.6,2,79,62.6,8,4631.0,23,9,2
