rainfall_mm,rainfall_7day_avg,rainfall_intensity,river_level_m,river_level_change,soil_moisture_percent,elevation_m,temperature_celsius,humidity_percent,wind_speed_kmh,distance_to_river_km,month,risk_level
154.9,205.05,6.45,7.76,0.091,95.0,77.7,27.5,95.0,27.3,4.19,7,2
19.26,21.57,0.8,5.79,0.05,49.2,114.2,21.9,59.8,22.6,9.79,12,0
73.33,77.76,3.06,3.64,0.065,72.2,55.5,30.7,83.0,22.8,7.82,3,1
39.12,37.13,1.63,4.57,-0.023,72.4,337.7,28.8,85.5,9.7,12.94,1,0
386.57,501.71,16.11,13.43,0.341,95.0,98.6,28.3,95.0,14.9,1.19,9,2
40.0,53.29,1.67,6.65,0.042,71.6,285.1,30.4,78.1,25.6,4.32,11,0
245.41,195.27,10.23,11.55,0.22,95.0,177.4,34.2,95.0,18.0,2.41,6,2
51.34,41.66,2.14,5.23,-0.016,76.0,233.4,28.8,69.1,15.0,12.8,4,1
48.76,55.17,2.03,7.51,0.028,58.5,117.0,30.7,60.0,19.1,13.79,12,0
37.05,33.17,1.54,4.05,0.043,60.4,65.0,22.2,78.8,26.2,7.97,5,0
43.94,32.57,1.83,4.36,0.029,57.5,264.5,29.2,81.6,21.7,7.72,11,0
198.35,202.13,8.26,10.42,0.147,95.0,292.1,29.5,95.0,25.2,3.78,8,2
118.97,120.09,4.96,9.61,0.083,81.9,435.3,24.5,95.0,22.1,7.66,7,1
160.01,183.47,6.67,9.89,0.108,95.0,360.2,24.6,95.0,42.7,10.49,2,2
75.98,59.35,3.17,9.37,0.141,78.4,170.7,29.9,87.6,30.4,4.4,8,1
34.49,38.18,1.44,7.05,0.051,71.1,248.9,22.0,76.3,31.1,5.54,1,1
39.67,28.54,1.65,6.54,0.028,72.6,503.4,31.0,83.5,11.4,5.2,12,0
166.79,240.85,6.95,6.39,0.165,95.0,95.4,23.7,87.5,25.9,9.73,9,1
73.65,102.65,3.07,9.47,0.083,80.5,248.3,43.4,74.9,10.6,13.72,10,1
138.41,114.05,5.77,10.81,0.122,91.1,71.6,28.6,95.0,26.8,5.91,7,2
14.89,16.75,0.62,6.91,0.069,64.5,144.0,31.3,66.1,6.2,7.83,7,0
23.1,28.9,0.96,2.7,0.014,52.5,54.6,31.3,70.1,22.3,14.75,5,0
88.82,73.44,3.7,3.82,0.046,71.5,233.4,26.9,90.7,25.1,1.24,7,1
40.96,49.48,1.71,4.53,0.094,63.7,329.3,22.3,77.5,16.9,1.7,5,0
66.14,76.64,2.76,4.58,0.075,74.6,305.5,29.9,69.7,9.6,3.8,11,0
26.54,25.35,1.11,6.98,-0.004,62.8,275.9,26.6,63.8,21.6,12.12,2,0
113.77,113.5,4.74,9.48,0.118,95.0,208.7,27.2,95.0,27.2,5.69,3,2
43.26,32.13,1.8,8.21,0.019,73.6,214.6,31.9,61.4,23.5,3.33,6,1
67.5,89.88,2.81,3.2,0.027,73.5,236.9,28.0,67.8,28.8,2.91,5,1
112.17,85.05,4.67,8.7,0.074,79.1,512.7,28.9,95.0,54.2,9.61,6,1
170.78,171.19,7.12,8.85,0.109,95.0,116.2,23.3,95.0,33.7,10.08,6,2
65.62,65.61,2.73,4.68,0.04,81.1,195.5,29.8,79.0,46.1,9.1,3,0
27.55,22.95,1.15,2.95,-0.014,63.9,439.0,34.1,58.7,11.7,4.43,3,0
30.13,35.16,1.26,3.41,0.039,56.2,308.2,35.5,80.7,43.4,9.69,4,0
183.25,255.23,7.64,5.86,0.15,95.0,475.0,26.9,95.0,36.5,6.82,9,1
7.44,5.29,0.31,2.94,0.02,57.5,365.6,35.6,62.8,11.3,11.58,2,0
91.91,81.15,3.83,6.33,0.013,72.9,220.2,33.1,93.9,22.6,9.88,1,1
17.03,12.32,0.71,8.36,0.076,49.9,27.4,31.5,65.2,27.7,7.4,11,1
38.4,54.85,1.6,6.46,0.111,68.7,231.5,28.9,59.1,19.7,5.52,4,0
34.41,38.88,1.43,3.68,-0.045,65.4,162.2,34.0,72.3,46.0,10.4,11,0
9.28,8.57,0.39,1.81,-0.052,50.4,211.2,27.2,70.7,23.2,8.21,3,0
46.79,60.77,1.95,3.5,0.016,65.3,176.4,23.1,60.5,21.6,9.46,1,0
137.16,107.77,5.71,5.82,0.047,91.1,61.2,28.8,87.3,23.8,3.67,7,1
30.6,37.31,1.28,7.05,0.091,61.4,205.6,30.2,83.1,17.4,5.13,4,0
116.41,103.58,4.85,4.48,0.078,82.0,84.8,25.5,75.7,19.2,9.59,11,1
162.79,188.97,6.78,12.56,0.21,95.0,238.4,27.7,88.7,46.8,10.41,4,2
26.29,20.82,1.1,6.83,0.049,51.9,176.8,21.4,59.3,25.3,3.86,4,0
171.0,212.93,7.13,9.26,0.112,95.0,229.5,37.7,87.9,34.3,14.99,8,2
55.86,71.35,2.33,3.99,0.071,73.6,327.5,30.0,80.2,30.4,3.36,12,0
50.8,53.4,2.12,3.41,-0.036,71.9,124.0,26.6,76.5,36.4,11.04,10,0
27.94,35.88,1.16,8.43,0.094,60.8,760.1,27.9,59.9,21.1,11.58,3,0
58.98,80.03,2.46,5.13,0.103,62.7,173.3,26.2,82.6,16.3,10.41,5,0
83.02,80.86,3.46,3.35,-0.001,80.0,279.3,25.6,88.4,14.2,3.25,5,0
32.37,39.53,1.35,6.65,0.001,52.3,180.7,27.3,63.6,10.2,8.91,4,0
333.39,371.75,13.89,11.63,0.253,95.0,173.3,27.5,95.0,32.1,5.5,7,2
59.03,69.05,2.46,3.19,0.041,71.2,34.5,29.3,70.1,11.2,9.03,2,1
51.97,42.56,2.17,8.1,0.151,58.7,188.5,28.2,66.1,14.7,9.3,1,1
114.94,146.12,4.79,5.93,0.032,88.3,174.5,39.2,95.0,25.5,2.44,8,2
11.78,9.72,0.49,6.44,0.006,48.4,163.9,28.1,76.4,19.6,1.55,2,0
44.86,57.32,1.87,7.67,0.022,68.3,88.6,32.6,61.5,7.4,7.42,8,0
38.57,54.54,1.61,6.43,-0.02,60.4,150.2,24.7,74.3,15.5,7.33,3,0
112.41,88.96,4.68,7.62,0.093,81.1,173.7,29.3,84.6,19.9,11.2,4,1
47.87,59.98,1.99,7.18,0.045,72.3,91.7,33.2,81.2,8.7,6.78,4,1
89.75,105.72,3.74,6.39,0.033,88.2,137.1,30.0,72.9,17.4,3.14,11,1
32.89,45.05,1.37,5.51,0.037,63.2,383.6,29.7,71.1,18.3,11.03,4,0
20.65,22.66,0.86,7.14,0.065,49.0,156.2,25.2,67.2,23.6,9.09,3,0
48.43,34.11,2.02,4.57,0.081,75.4,297.3,25.6,88.4,29.1,3.53,5,0
56.12,77.41,2.34,3.09,-0.017,78.5,305.8,27.8,66.6,30.0,12.96,1,0
35.89,28.44,1.5,5.91,0.057,53.1,170.0,31.2,68.1,21.2,9.78,5,0
40.83,52.25,1.7,3.62,0.051,69.4,167.3,20.3,65.2,22.6,12.86,3,0
67.99,98.67,2.83,7.64,0.035,72.3,274.8,33.6,76.1,24.1,20.22,11,1
20.07,18.66,0.84,2.25,-0.064,60.3,215.1,23.2,66.5,40.8,5.98,1,0
96.27,124.64,4.01,5.45,0.128,76.7,210.4,26.7,70.4,46.7,4.29,11,1
49.65,69.85,2.07,9.98,0.101,70.5,181.7,25.7,76.0,23.8,3.39,5,1
31.79,29.19,1.32,5.43,0.024,69.2,196.3,27.2,77.2,16.1,1.42,2,0
39.14,29.78,1.63,4.41,-0.112,64.9,250.2,24.5,65.8,37.8,9.27,5,0
46.11,38.2,1.92,5.24,0.052,59.2,406.0,25.5,59.4,23.3,10.73,8,0
136.72,186.71,5.7,7.97,0.122,95.0,160.5,28.2,80.6,27.3,10.24,7,2
40.0,57.82,1.67,3.59,0.041,54.7,180.4,29.6,68.4,13.7,6.24,2,0
126.2,133.37,5.26,6.7,0.034,83.4,253.0,33.5,75.3,15.8,8.02,2,1
33.68,27.98,1.4,6.42,-0.014,52.9,248.5,30.8,61.3,28.4,10.49,4,0
40.23,36.99,1.68,9.61,0.071,58.0,39.9,27.2,84.0,29.5,7.16,5,1
278.86,367.19,11.62,13.29,0.259,95.0,188.3,33.3,95.0,8.5,10.94,9,2
33.61,29.59,1.4,2.31,-0.027,63.0,253.8,32.6,77.1,28.5,5.4,12,0
131.83,183.0,5.49,9.29,0.109,86.0,225.2,25.7,94.9,25.9,5.7,6,2
33.79,26.03,1.41,3.78,-0.014,62.6,279.1,26.9,59.9,27.2,2.76,2,0
164.76,196.12,6.86,8.35,0.19,95.0,201.8,30.2,95.0,11.1,8.59,6,2
30.39,22.74,1.27,3.06,-0.018,65.9,212.2,25.9,62.9,69.4,9.76,12,0
21.86,19.16,0.91,5.43,0.038,50.8,412.9,26.3,76.4,26.8,12.09,3,0
69.29,72.81,2.89,8.82,0.103,81.1,117.4,27.8,70.2,25.4,11.86,2,1
38.61,55.11,1.61,4.17,0.046,62.7,203.8,26.8,68.5,15.5,7.16,1,0
27.44,38.04,1.14,4.32,0.094,57.1,81.6,34.2,65.4,23.2,11.15,11,0
82.4,98.36,3.43,7.54,0.054,68.2,269.5,26.6,90.7,29.4,10.45,9,1
17.24,25.67,0.72,1.85,-0.037,49.3,38.9,30.5,65.4,23.9,9.67,12,0
56.46,65.73,2.35,2.53,-0.041,69.5,48.7,29.2,83.3,10.2,9.89,2,0
155.89,217.39,6.5,7.05,0.166,95.0,219.4,30.0,95.0,23.9,11.64,7,2
33.36,40.93,1.39,4.26,-0.004,64.3,763.3,29.2,82.8,28.5,15.71,4,0
106.82,140.16,4.45,10.59,0.127,93.2,213.2,27.4,90.8,20.8,4.73,9,2
44.86,45.35,1.87,4.95,0.011,59.5,132.3,22.7,72.9,26.1,9.69,10,0
14.33,13.94,0.6,6.01,0.072,55.4,249.0,20.7,81.5,9.1,12.35,2,0
192.31,281.49,8.01,8.56,0.11,95.0,63.2,26.1,95.0,36.9,8.35,7,2
121.39,154.52,5.06,5.08,0.06,84.1,158.8,27.1,77.5,16.8,9.47,8,1
15.4,20.83,0.64,3.55,-0.029,45.2,209.5,28.3,72.5,13.8,10.74,4,0
63.73,56.69,2.66,8.76,0.087,69.7,138.3,25.8,80.3,21.2,7.73,10,1
39.57,33.35,1.65,3.96,0.004,66.0,159.8,25.4,66.2,25.8,2.03,2,0
47.06,59.01,1.96,9.46,0.063,61.2,34.6,34.5,69.1,14.2,9.06,10,1
53.28,65.83,2.22,2.14,-0.012,69.6,167.8,31.3,62.2,16.1,4.14,4,0
49.5,37.03,2.06,5.37,-0.0,67.2,105.7,30.5,79.8,36.2,8.04,3,0
63.64,95.07,2.65,10.05,0.104,71.6,124.6,28.6,87.5,31.4,5.94,7,1
20.38,20.14,0.85,3.02,0.021,52.9,145.5,30.8,81.7,30.3,8.15,4,0
34.98,35.6,1.46,7.41,0.091,62.3,164.6,32.3,66.7,8.3,8.99,5,0
57.28,69.46,2.39,8.06,0.047,71.2,188.0,31.3,65.8,10.0,6.38,3,1
25.74,19.66,1.07,7.42,0.032,67.3,271.6,24.1,55.7,19.7,6.22,2,0
26.21,22.79,1.09,6.08,0.049,54.7,98.7,33.5,63.2,20.4,8.17,3,0
64.08,86.58,2.67,7.92,0.093,71.9,90.4,22.1,68.7,17.0,11.3,1,1
221.22,156.81,9.22,8.53,0.168,95.0,178.9,27.9,94.6,26.7,4.84,7,2
3.47,3.46,0.14,3.65,0.002,46.5,50.3,36.9,70.2,30.6,8.81,2,0
183.29,147.83,7.64,6.74,0.172,95.0,71.0,28.7,95.0,28.9,10.9,6,1
275.89,328.63,11.5,6.73,0.18,95.0,211.0,28.3,95.0,7.0,1.43,8,2
79.18,79.98,3.3,5.28,0.021,77.4,200.6,20.9,81.3,39.0,2.94,8,1
135.69,117.31,5.65,6.77,0.168,95.0,93.5,30.2,85.9,48.3,18.46,8,1
76.63,91.43,3.19,3.64,0.029,73.1,163.7,28.8,93.2,23.9,3.64,5,0
35.05,47.42,1.46,8.71,0.064,60.9,332.9,24.7,62.3,31.0,11.23,1,0
171.24,134.65,7.13,8.34,0.093,95.0,207.4,27.8,87.4,8.2,10.39,6,2
58.28,48.26,2.43,5.73,0.04,75.4,138.3,24.6,67.3,24.2,10.31,12,1
57.26,78.55,2.39,8.92,0.08,74.2,283.9,32.5,73.0,28.9,3.78,4,1
130.65,134.59,5.44,9.95,0.157,85.4,190.1,25.7,93.5,22.8,4.2,6,2
211.02,193.27,8.79,10.35,0.142,95.0,199.8,28.0,95.0,12.6,11.68,8,2
141.77,141.37,5.91,5.83,0.144,95.0,78.5,30.8,83.7,34.1,8.26,7,1
38.28,44.79,1.59,2.46,-0.027,53.3,170.5,23.3,66.6,32.8,6.38,12,0
83.33,70.73,3.47,7.31,0.021,70.4,156.7,16.5,88.6,19.8,6.71,10,1
22.76,32.73,0.95,4.33,-0.021,63.3,448.8,24.2,62.6,23.4,10.21,12,0
46.62,37.82,1.94,4.36,-0.035,73.5,138.3,23.9,87.4,13.8,15.74,11,0
201.51,164.42,8.4,9.82,0.145,95.0,487.6,23.7,95.0,11.1,1.32,9,2
144.41,114.35,6.02,9.75,0.108,95.0,104.0,28.6,83.9,45.3,6.94,6,2
45.15,48.23,1.88,8.34,0.077,57.3,239.8,25.2,69.2,32.4,9.96,2,0
54.24,46.86,2.26,8.06,0.033,77.8,163.0,21.7,88.1,21.1,5.11,4,1
104.96,106.84,4.37,3.3,0.031,78.7,87.6,26.9,80.4,17.1,7.38,6,1
125.89,144.3,5.25,3.95,0.04,95.0,124.8,33.2,86.1,32.0,3.55,8,1
42.37,32.49,1.77,8.17,0.036,73.5,251.1,33.6,63.5,30.6,9.84,5,1
114.15,88.4,4.76,3.96,0.074,85.6,436.9,30.2,76.2,36.2,10.28,7,1
57.44,56.65,2.39,5.62,0.027,62.6,291.4,32.0,65.7,17.4,3.1,2,0
40.8,47.4,1.7,7.67,0.052,58.7,153.6,29.5,58.3,17.5,3.83,10,0
47.01,43.41,1.96,6.92,0.044,61.8,40.2,35.8,87.6,36.7,7.79,4,0
46.16,56.34,1.92,6.61,-0.027,59.9,82.5,22.3,73.6,13.6,9.72,3,0
74.14,93.88,3.09,9.86,0.084,81.5,528.7,31.5,80.8,22.1,8.93,10,1
178.41,138.67,7.43,7.0,0.148,95.0,157.7,26.8,87.1,40.7,8.63,8,2
83.15,123.99,3.46,8.66,0.121,73.4,116.9,28.5,86.4,11.7,10.62,9,1
7.13,10.19,0.3,6.81,0.033,51.0,130.7,38.8,78.2,21.8,10.68,12,0
51.22,62.07,2.13,6.72,0.028,72.8,413.2,26.0,89.8,15.6,5.94,3,1
77.76,83.83,3.24,3.4,0.047,85.4,141.8,25.2,74.0,17.2,6.96,6,1
161.43,220.62,6.73,9.98,0.122,95.0,110.0,20.8,95.0,24.0,3.28,6,2
33.84,47.35,1.41,5.24,0.012,59.2,142.9,25.4,75.0,24.4,14.43,5,0
354.6,493.0,14.77,9.92,0.329,95.0,264.0,30.1,95.0,17.7,11.39,7,2
121.93,93.17,5.08,6.74,0.109,94.2,167.7,29.8,95.0,30.1,6.57,8,1
57.36,64.48,2.39,8.44,0.061,68.1,94.7,35.6,68.0,26.4,15.4,4,1
253.33,264.47,10.56,10.16,0.172,95.0,220.8,23.6,95.0,15.9,13.83,6,2
10.61,10.77,0.44,4.1,-0.044,56.5,159.3,28.2,67.6,8.9,12.52,10,0
26.1,32.41,1.09,4.92,-0.03,68.5,201.3,25.6,56.0,29.9,5.57,11,0
12.53,18.06,0.52,3.13,-0.057,47.1,101.6,24.4,63.8,19.0,9.43,4,0
84.26,78.42,3.51,7.91,0.006,74.9,117.2,22.1,89.7,28.2,8.07,2,1
70.52,59.36,2.94,5.34,0.012,80.1,120.1,31.0,68.6,22.7,12.62,10,1
41.55,39.92,1.73,9.31,0.106,56.8,336.5,26.9,76.1,19.4,8.88,1,0
38.07,43.38,1.59,2.75,0.017,53.4,539.7,35.9,80.3,16.5,3.55,12,0
16.89,22.12,0.7,2.52,-0.075,57.2,397.0,40.6,76.3,30.9,9.93,4,0
5.38,6.52,0.22,3.12,-0.028,46.9,197.7,23.7,74.0,26.8,8.22,9,0
30.31,28.48,1.26,4.13,-0.001,54.3,327.4,31.4,80.9,8.1,25.32,3,0
40.01,30.22,1.67,3.01,0.041,67.3,96.9,28.6,78.6,11.3,7.02,1,0
130.65,190.5,5.44,5.08,0.11,89.5,113.1,30.4,77.6,13.7,11.96,8,1
59.88,55.93,2.49,5.26,0.098,70.9,41.2,29.1,84.8,21.1,5.18,12,1
48.87,37.02,2.04,7.88,0.074,72.7,277.9,24.1,83.0,17.5,4.06,10,1
34.35,25.54,1.43,6.55,0.003,57.0,144.7,28.1,64.3,22.1,6.02,2,0
41.55,47.87,1.73,8.89,0.07,72.7,136.6,28.6,61.8,16.6,15.18,11,1
55.23,38.85,2.3,5.07,0.086,77.7,333.8,32.9,64.2,30.1,6.97,12,1
27.14,27.36,1.13,6.74,-0.019,61.7,157.9,27.8,72.0,23.7,8.14,10,0
156.53,219.78,6.52,7.4,0.171,95.0,148.5,34.4,95.0,23.3,7.52,9,2
82.04,60.25,3.42,8.16,0.09,78.2,151.2,30.4,91.6,33.9,9.99,6,1
33.79,38.01,1.41,6.23,0.027,70.5,211.9,26.9,79.9,30.4,8.97,3,0
20.95,21.08,0.87,4.36,0.007,53.6,192.2,22.8,71.3,25.0,7.36,11,0
270.46,307.67,11.27,10.84,0.161,95.0,197.4,31.2,95.0,11.3,13.12,7,2
49.08,71.37,2.05,7.71,0.042,75.6,87.3,28.9,64.0,28.4,3.13,12,1
43.74,52.87,1.82,4.03,-0.012,61.5,314.7,31.4,80.0,8.5,10.86,3,0
25.27,18.59,1.05,6.03,0.064,55.5,490.6,24.9,77.9,14.9,12.23,5,0
25.9,22.47,1.08,3.27,0.04,53.5,370.9,29.5,76.5,48.2,19.03,3,0
58.25,48.99,2.43,4.98,0.071,66.5,204.9,31.0,73.4,35.9,18.85,11,0
37.71,46.51,1.57,5.21,0.093,62.5,12.9,29.4,64.4,17.5,10.62,4,1
29.65,39.93,1.24,3.56,0.001,67.8,181.3,22.2,84.6,20.7,10.41,12,0
96.05,125.19,4.0,9.53,0.084,79.2,212.6,30.4,88.9,11.0,6.4,7,1
27.45,24.06,1.14,2.38,0.006,68.2,180.1,30.7,78.3,14.7,8.01,4,0
368.06,381.15,15.34,13.68,0.292,95.0,134.8,14.1,95.0,7.0,9.83,7,2
34.61,46.68,1.44,8.94,0.08,67.0,145.1,23.7,65.4,10.2,11.88,3,0
29.01,29.98,1.21,4.98,-0.006,55.7,36.5,23.9,62.5,28.5,13.61,5,0
58.95,83.52,2.46,7.23,0.014,62.2,241.0,24.3,84.7,14.2,4.16,5,1
48.4,34.68,2.02,2.83,-0.033,68.7,144.5,28.5,63.6,27.2,15.45,11,0
160.97,170.48,6.71,5.9,0.123,95.0,265.5,28.9,86.5,20.2,1.09,9,2
73.89,94.7,3.08,6.84,0.061,72.2,177.2,30.7,65.5,19.8,8.13,5,1
61.3,47.69,2.55,8.46,0.13,71.1,169.4,28.0,65.8,45.3,6.19,10,1
16.69,23.23,0.7,2.16,-0.033,63.0,273.1,24.0,70.5,37.4,7.3,3,0
13.83,11.75,0.58,1.17,-0.04,52.8,365.1,26.3,60.2,10.2,12.56,2,0
142.4,106.12,5.93,7.25,0.125,95.0,147.9,30.0,81.5,13.1,9.26,9,2
49.81,52.81,2.08,8.97,0.046,76.2,127.1,24.2,75.6,17.7,5.06,10,1
26.62,24.76,1.11,6.56,0.026,50.4,198.6,29.6,73.3,25.8,2.43,2,0
48.56,43.73,2.02,7.85,0.075,62.4,155.2,34.2,62.9,25.2,15.53,5,0
224.83,296.29,9.37,9.74,0.166,95.0,236.6,27.4,95.0,27.7,11.77,6,2
317.09,224.07,13.21,11.17,0.274,95.0,116.1,26.5,95.0,24.4,9.08,6,2
193.99,167.45,8.08,8.83,0.121,95.0,213.9,20.5,95.0,18.7,5.06,9,2
110.4,142.89,4.6,7.87,0.06,84.2,374.6,28.2,83.1,36.4,5.37,8,1
185.56,259.59,7.73,9.54,0.155,95.0,174.6,33.1,95.0,16.3,6.88,8,2
64.3,70.27,2.68,9.1,0.064,69.6,165.9,26.5,65.0,19.9,2.55,6,1
225.97,238.84,9.42,13.22,0.266,95.0,160.2,20.1,95.0,34.0,14.55,7,2
22.93,20.3,0.96,3.9,-0.001,58.1,336.3,32.1,67.0,11.0,6.16,10,0
46.69,47.05,1.95,7.46,0.105,72.8,235.9,26.1,69.7,23.9,6.7,5,1
23.24,18.23,0.97,6.23,0.12,52.7,90.2,29.7,83.4,23.8,3.39,3,0
38.25,48.09,1.59,6.98,0.032,61.0,334.4,22.8,75.8,12.7,3.88,1,0
125.17,126.86,5.22,9.92,0.106,90.1,162.5,22.2,91.9,26.7,5.22,8,2
79.23,99.66,3.3,9.16,0.11,70.5,77.9,27.6,90.5,18.8,7.63,12,1
20.97,28.15,0.87,7.55,0.006,57.8,367.1,31.8,65.5,26.7,4.34,11,0
23.19,17.54,0.97,8.39,0.084,55.2,64.7,31.2,66.0,36.1,10.62,11,0
121.1,159.64,5.05,9.11,0.159,95.0,270.9,29.7,92.8,19.2,7.33,9,2
92.7,76.66,3.86,4.14,0.025,86.4,304.4,36.0,81.0,22.7,7.68,9,1
66.36,57.86,2.76,5.89,0.056,65.9,150.3,31.6,83.1,23.2,9.76,8,0
156.47,203.19,6.52,7.78,0.184,95.0,167.0,28.5,95.0,28.0,6.31,6,2
29.89,37.64,1.25,4.35,0.006,55.2,180.5,27.7,57.1,20.3,6.63,7,0
95.09,122.57,3.96,5.85,0.051,86.7,311.8,29.1,95.0,42.7,18.61,8,1
23.41,27.08,0.98,4.46,0.027,65.6,276.3,27.7,64.0,5.5,1.3,10,0
192.54,140.78,8.02,11.95,0.205,95.0,321.3,36.1,95.0,23.8,12.52,8,2
45.77,63.84,1.91,6.58,0.096,67.9,157.5,22.0,73.0,37.6,10.72,11,0
53.9,74.97,2.25,3.94,0.053,59.1,298.5,30.6,83.2,26.6,5.99,11,0
165.98,204.85,6.92,10.87,0.16,95.0,344.6,33.3,95.0,12.2,15.32,8,2
68.02,51.89,2.83,8.0,0.065,76.7,60.7,24.7,71.0,26.3,13.77,5,1
53.28,68.73,2.22,5.07,0.056,67.1,209.8,28.3,89.9,35.6,2.36,11,1
55.52,57.36,2.31,3.44,0.018,77.4,101.1,27.8,66.1,6.1,12.12,3,0
177.01,166.31,7.38,6.55,0.132,95.0,134.0,25.7,89.8,25.6,8.89,7,1
79.59,74.97,3.32,6.61,0.051,78.1,107.8,29.2,80.6,14.9,6.03,8,1
37.41,38.72,1.56,6.04,0.054,65.8,323.9,34.6,82.7,59.2,6.74,10,0
26.46,28.49,1.1,8.31,0.099,62.0,174.4,30.3,67.8,28.8,7.53,4,0
59.57,76.78,2.48,6.0,0.039,79.3,420.2,32.0,87.6,23.5,2.73,1,1
45.32,42.09,1.89,8.54,0.041,58.0,208.5,29.8,75.8,35.8,2.7,3,1
33.37,29.18,1.39,7.07,-0.007,51.1,365.1,24.5,61.2,16.9,10.59,4,0
18.82,27.45,0.78,8.75,0.045,62.0,100.4,28.7,72.2,26.7,11.62,1,0
275.25,348.61,11.47,11.49,0.277,95.0,157.1,31.0,95.0,18.6,8.28,7,2
84.76,126.9,3.53,7.69,0.038,75.0,219.6,30.8,94.6,26.7,9.69,1,1
47.49,38.01,1.98,8.34,0.071,67.1,348.3,23.5,84.3,26.5,0.89,10,1
25.47,24.6,1.06,4.39,0.026,60.4,152.5,26.4,73.1,17.7,7.44,3,0
54.78,38.8,2.28,8.27,0.082,78.1,112.0,33.9,68.8,25.1,4.95,1,1
22.73,32.8,0.95,1.73,-0.027,66.9,164.5,29.2,74.4,31.2,5.82,12,0
18.61,14.74,0.78,7.83,0.007,63.5,174.9,33.9,76.4,13.8,9.71,10,0
48.08,69.83,2.0,6.81,0.05,59.5,98.7,29.0,63.7,28.2,12.96,1,0
91.92,130.71,3.83,6.75,0.112,89.3,289.7,33.0,80.4,8.4,12.25,8,1
140.43,109.4,5.85,4.53,0.087,95.0,205.8,27.0,95.0,25.4,11.74,7,1
100.35,94.03,4.18,7.73,0.004,74.5,146.9,24.6,88.5,18.9,4.49,7,1
294.2,223.93,12.26,12.77,0.225,95.0,121.1,29.7,95.0,15.3,9.3,6,2
255.73,257.7,10.66,10.28,0.23,95.0,411.4,27.3,95.0,12.4,3.09,8,2
99.02,125.94,4.13,3.43,0.042,85.3,414.6,27.2,86.3,25.8,4.11,2,1
96.54,137.03,4.02,11.3,0.147,82.8,140.0,26.6,86.0,23.4,3.97,8,1
19.28,27.05,0.8,5.74,0.017,61.1,369.2,21.7,81.3,25.7,15.9,4,0
17.66,12.97,0.74,5.87,-0.034,63.8,118.8,19.5,56.8,26.7,11.36,3,0
61.39,68.22,2.56,3.26,-0.025,61.2,43.0,31.0,74.1,22.3,21.17,10,0
203.46,163.97,8.48,7.53,0.135,95.0,650.5,36.7,95.0,8.1,6.44,6,2
34.66,35.83,1.44,3.35,0.016,66.7,254.2,23.2,57.4,25.7,2.95,5,0
13.35,18.21,0.56,6.88,-0.034,50.0,49.4,24.4,65.3,22.2,10.38,2,0
18.07,24.03,0.75,4.3,0.019,54.0,477.6,26.0,61.8,31.3,8.21,11,0
69.4,57.65,2.89,3.59,0.011,64.9,56.1,24.6,72.5,14.3,6.61,8,0
78.09,82.29,3.25,6.24,0.093,69.3,247.9,18.5,70.1,14.7,6.25,7,0
36.43,49.61,1.52,7.32,0.075,57.1,448.6,25.7,60.9,18.9,4.7,6,0
63.62,78.79,2.65,7.11,0.007,76.0,182.2,26.7,92.5,26.1,2.22,4,1
21.29,27.88,0.89,5.1,0.002,56.0,232.9,34.0,55.0,15.1,8.71,3,0
55.22,39.37,2.3,8.68,0.074,63.5,230.2,25.1,81.3,26.5,10.21,11,1
91.27,119.8,3.8,4.54,0.105,76.9,242.1,27.8,74.6,20.1,7.55,10,0
43.56,47.17,1.82,8.03,0.019,54.8,67.6,19.9,71.5,14.8,6.58,11,0
60.35,61.45,2.51,6.88,0.002,60.6,158.9,29.3,86.1,23.9,7.21,11,0
144.35,161.72,6.01,9.19,0.125,95.0,303.6,28.6,87.0,20.2,1.56,6,2
77.29,56.73,3.22,7.57,0.061,72.1,357.2,15.2,92.2,11.6,4.36,8,1
6.52,7.38,0.27,7.32,0.009,52.5,123.2,30.2,63.0,9.1,7.7,12,0
7.02,9.58,0.29,7.21,-0.027,43.7,320.1,27.3,61.0,27.6,6.18,4,0
50.28,60.63,2.09,5.51,0.114,70.8,315.9,30.8,78.6,7.2,9.52,8,1
103.21,138.01,4.3,5.74,0.098,84.9,99.8,22.0,90.2,38.8,8.81,6,1
116.96,158.61,4.87,6.56,0.18,84.0,163.4,27.9,90.9,22.8,15.04,7,1
97.49,122.87,4.06,9.03,0.1,83.1,317.4,27.3,78.6,44.7,19.5,11,1
37.91,37.76,1.58,5.41,0.004,64.2,207.4,32.2,62.6,15.5,3.12,1,0
29.76,30.37,1.24,3.07,0.016,57.7,201.8,31.8,80.4,40.6,4.22,3,0
13.43,12.22,0.56,4.58,-0.024,58.0,131.7,26.0,53.9,10.6,6.14,2,0
154.36,174.77,6.43,6.42,0.165,95.0,72.4,28.6,95.0,24.5,5.1,8,1
37.82,32.55,1.58,3.25,-0.026,56.5,184.9,24.0,69.4,28.4,16.8,10,0
43.56,63.1,1.81,8.28,0.094,73.5,198.9,27.7,67.1,14.9,8.51,3,1
6.31,5.06,0.26,4.88,0.073,60.2,227.8,27.0,59.2,12.0,4.14,4,0
66.54,88.33,2.77,7.44,0.077,73.0,144.8,27.6,68.9,17.6,8.88,2,1
48.53,55.05,2.02,5.64,0.058,61.1,174.3,25.5,86.2,11.4,15.34,10,0
1.44,1.64,0.06,4.64,-0.02,58.8,316.7,26.7,63.8,20.0,12.48,4,0
39.73,33.21,1.66,3.61,0.035,58.2,242.3,23.8,62.2,19.9,12.97,8,0
30.81,22.93,1.28,4.13,0.006,63.3,100.9,33.8,85.2,30.6,14.3,2,0
75.5,58.7,3.15,5.2,0.089,76.1,249.7,32.2,75.6,37.1,3.39,7,1
71.33,91.6,2.97,7.73,0.116,76.0,48.7,31.0,86.2,19.2,8.08,5,1
43.24,54.21,1.8,4.98,0.089,62.5,272.7,19.1,70.5,9.3,7.35,4,0
132.96,106.64,5.54,5.76,0.054,95.0,242.6,24.0,83.9,17.5,12.2,7,1
27.4,35.45,1.14,3.9,0.073,60.4,172.3,25.5,77.5,22.3,10.58,11,0
167.33,125.29,6.97,8.96,0.116,95.0,294.7,24.1,86.6,17.6,3.81,7,2
33.2,37.86,1.38,6.07,0.068,55.0,176.0,28.2,74.5,26.9,11.54,1,0
281.2,237.51,11.72,8.61,0.208,95.0,202.7,25.0,95.0,9.2,8.01,6,2
61.76,63.01,2.57,9.17,0.096,79.2,41.3,30.4,79.3,27.3,11.38,9,1
151.86,141.19,6.33,10.04,0.115,95.0,188.1,29.8,87.5,31.6,8.99,4,2
69.4,83.03,2.89,8.01,0.049,70.6,256.2,25.0,65.5,25.9,4.12,2,1
27.46,30.3,1.14,6.32,0.102,64.1,113.4,24.2,79.0,31.6,3.33,10,0
146.07,118.98,6.09,8.68,0.114,95.0,294.4,28.2,95.0,21.2,6.3,9,2
270.42,221.03,11.27,11.7,0.232,95.0,202.1,29.5,95.0,35.2,3.78,7,2
77.33,95.11,3.22,8.87,0.098,68.4,273.1,26.3,91.7,7.6,6.29,3,1
75.0,57.79,3.13,5.21,0.085,77.7,171.2,31.9,88.8,55.5,6.14,11,1
70.06,88.11,2.92,5.94,0.073,65.6,230.8,30.4,84.4,18.4,9.78,3,0
63.04,50.8,2.63,9.04,0.049,62.1,139.8,28.5,76.5,7.7,2.66,3,1
159.33,143.39,6.64,6.62,0.174,95.0,214.0,34.8,95.0,18.5,8.95,9,1
47.48,58.34,1.98,8.29,0.075,61.0,81.7,26.1,85.4,17.0,7.58,10,0
259.91,216.83,10.83,8.07,0.223,95.0,88.9,26.8,95.0,27.1,5.97,6,2
248.38,195.33,10.35,7.52,0.172,95.0,104.4,31.7,95.0,37.3,11.05,9,2
117.5,125.56,4.9,10.61,0.111,94.3,140.9,28.0,76.4,21.7,23.18,6,2
55.59,44.33,2.32,3.34,0.051,62.2,77.6,23.5,74.3,51.5,4.71,11,0
13.35,19.53,0.56,1.57,-0.033,50.9,176.7,23.8,56.4,23.8,6.92,3,0
61.67,47.01,2.57,9.55,0.076,63.9,204.9,26.4,90.4,40.6,9.96,1,1
407.09,449.01,16.96,17.55,0.428,95.0,116.6,22.9,95.0,16.1,12.03,7,2
20.7,21.34,0.86,2.52,0.012,47.8,104.3,29.6,77.0,25.5,10.7,10,0
123.69,162.58,5.15,7.46,0.07,91.9,303.9,36.4,95.0,25.0,12.86,7,2
57.48,67.66,2.39,7.07,0.008,63.1,94.1,26.8,82.4,25.1,9.3,6,1
27.86,30.03,1.16,2.25,-0.084,53.3,76.9,30.1,77.3,10.3,11.18,1,0
28.8,27.02,1.2,2.05,-0.02,55.8,301.2,27.8,78.0,29.0,12.58,9,0
138.25,177.38,5.76,5.28,0.061,95.0,22.9,29.7,95.0,11.7,8.13,8,2
23.86,30.9,0.99,6.15,-0.057,67.2,161.8,24.4,71.8,32.7,10.44,11,0
53.8,53.29,2.24,8.0,0.051,72.8,334.1,30.3,72.8,23.0,2.49,3,1
130.54,110.84,5.44,7.69,0.05,89.4,239.8,28.9,95.0,38.7,10.42,7,2
71.9,91.01,3.0,3.92,0.017,68.1,17.6,27.4,84.3,30.6,14.16,1,1
85.83,93.89,3.58,7.67,0.061,74.8,384.0,32.4,70.4,32.0,4.26,4,1
33.68,46.6,1.4,5.25,0.05,54.9,97.7,29.7,75.8,11.0,9.26,5,0
69.39,87.68,2.89,8.08,0.021,68.4,165.8,32.3,88.5,21.7,5.85,5,1
16.03,13.46,0.67,7.13,0.037,57.0,46.3,29.2,63.1,10.8,6.08,3,1
39.89,38.6,1.66,6.47,0.056,57.0,101.8,25.8,66.3,18.5,7.88,12,0
237.27,220.74,9.89,11.25,0.204,95.0,209.0,28.6,95.0,21.6,6.58,7,2
45.31,40.29,1.89,5.05,0.006,57.2,237.3,27.5,82.1,17.0,5.95,5,0
51.51,53.57,2.15,5.71,0.059,76.0,58.0,35.0,86.1,21.5,7.86,11,1
209.54,185.47,8.73,9.32,0.204,95.0,244.0,39.0,95.0,10.9,6.72,8,2
54.52,59.35,2.27,9.49,0.084,63.2,213.9,36.8,63.9,24.4,7.85,12,1
22.47,28.01,0.94,7.03,-0.024,59.1,232.6,28.8,81.5,15.4,13.02,5,0
61.1,75.51,2.55,6.55,0.089,63.5,96.4,22.1,92.1,14.8,13.04,2,0
93.99,75.6,3.92,4.69,0.061,82.6,18.7,33.9,95.0,16.5,10.03,1,1
173.71,138.38,7.24,11.1,0.135,95.0,196.6,22.7,91.2,31.4,8.15,6,2
44.48,57.42,1.85,1.77,-0.025,60.9,539.3,24.9,70.2,26.6,13.57,3,0
51.37,44.95,2.14,4.4,0.018,69.3,209.9,33.7,69.3,13.5,1.83,5,0
50.21,69.92,2.09,7.57,0.088,58.3,154.4,25.6,64.0,27.9,10.26,10,1
106.94,148.16,4.46,7.5,0.112,90.0,247.0,19.4,94.1,31.6,6.07,8,2
16.54,18.85,0.69,4.58,0.003,62.0,102.0,29.3,62.0,27.2,16.08,2,0
29.52,37.56,1.23,8.23,0.016,66.3,97.5,25.3,69.4,14.4,2.2,2,1
20.98,30.82,0.87,6.12,0.013,47.9,47.8,28.3,67.9,19.0,11.0,3,0
243.95,275.28,10.16,10.63,0.241,95.0,167.8,27.0,95.0,15.4,17.49,8,2
29.71,28.5,1.24,8.86,0.048,61.7,256.3,31.4,66.7,7.0,9.22,12,0
16.98,25.02,0.71,8.81,0.047,63.9,164.7,20.6,58.2,41.7,10.26,12,0
27.19,34.01,1.13,7.45,0.04,68.2,204.7,26.7,59.3,22.4,1.34,1,1
40.92,38.32,1.71,2.52,-0.001,70.7,182.5,29.5,65.4,12.0,7.56,9,0
34.29,46.22,1.43,4.14,0.03,56.6,134.1,21.8,85.9,29.0,6.88,3,0
201.41,213.51,8.39,10.47,0.122,95.0,150.9,34.4,95.0,21.7,5.48,7,2
52.48,74.07,2.19,3.47,0.021,59.9,56.4,25.0,82.9,24.4,6.99,4,0
19.74,29.22,0.82,6.95,0.104,66.2,167.1,22.0,56.6,15.3,10.05,12,0
386.07,392.38,16.09,13.51,0.308,95.0,416.4,33.1,95.0,12.1,1.53,6,2
17.17,15.3,0.72,5.27,0.083,50.1,130.0,25.1,77.4,8.6,20.82,2,0
75.7,79.17,3.15,2.97,0.018,69.9,299.6,30.0,70.4,30.0,7.16,6,0
48.08,50.83,2.0,8.01,0.068,68.2,286.3,23.4,67.9,16.8,10.08,11,0
34.33,39.05,1.43,6.53,0.01,60.4,221.8,27.8,58.4,20.8,7.1,11,0
340.36,430.93,14.18,10.09,0.311,95.0,144.4,30.3,95.0,20.5,11.38,7,2
151.66,211.25,6.32,6.99,0.083,95.0,747.7,24.4,95.0,24.3,6.38,7,1
70.09,56.3,2.92,6.48,0.001,75.8,119.3,32.3,75.6,38.2,8.66,11,1
42.75,61.82,1.78,7.77,0.026,63.5,280.2,23.0,60.8,15.2,13.17,10,0
306.85,416.54,12.79,11.14,0.219,95.0,587.7,29.4,95.0,33.0,2.61,6,2
22.48,24.17,0.94,6.63,-0.039,58.0,201.6,32.2,65.2,27.4,6.38,10,0
37.89,36.93,1.58,7.19,0.049,72.1,511.7,25.1,72.6,14.5,13.61,6,1
204.2,232.88,8.51,7.79,0.193,95.0,278.8,30.7,93.6,28.0,6.95,9,2
13.38,9.98,0.56,5.89,0.015,60.9,116.0,25.6,53.5,28.1,5.83,4,0
59.5,84.16,2.48,8.31,0.091,65.9,270.1,23.6,72.2,20.2,5.61,12,1
58.33,73.65,2.43,7.71,0.029,72.3,229.7,31.0,66.7,18.5,6.11,10,1
84.88,92.25,3.54,3.11,0.043,83.4,209.3,25.4,92.0,28.7,6.39,6,0
59.6,55.66,2.48,5.83,0.086,64.9,307.3,20.2,81.6,27.4,8.27,5,0
49.98,42.59,2.08,5.35,0.009,73.0,160.1,27.8,63.2,18.5,7.55,4,0
63.9,49.17,2.66,3.43,0.0,65.7,19.0,25.5,75.7,13.5,2.46,4,1
38.16,47.3,1.59,9.39,0.063,54.9,334.7,25.4,70.5,15.8,7.94,1,0
24.53,35.63,1.02,8.84,0.047,57.7,270.1,22.6,65.4,23.9,2.06,1,1
27.02,36.7,1.13,2.88,-0.022,60.9,24.6,34.9,80.0,67.9,10.27,4,0
44.62,39.69,1.86,4.02,0.063,74.6,63.9,33.2,65.3,21.3,9.43,4,0
180.72,217.54,7.53,7.54,0.127,95.0,38.7,31.3,95.0,28.7,11.93,9,2
68.08,67.3,2.84,6.79,0.011,74.3,52.2,28.0,74.0,26.8,11.68,12,1
40.8,49.12,1.7,4.59,0.003,68.3,144.7,25.3,83.7,29.1,10.15,12,0
235.47,283.9,9.81,7.9,0.137,95.0,174.9,28.5,95.0,12.4,9.37,8,2
115.82,157.97,4.83,7.41,0.122,92.0,162.1,26.4,83.9,58.1,7.14,8,2
17.35,24.21,0.72,8.57,0.048,47.4,82.1,33.9,68.1,39.6,10.25,1,0
21.56,16.8,0.9,7.65,0.08,51.6,105.2,26.9,66.9,12.5,15.08,3,0
208.39,251.08,8.68,8.69,0.1,95.0,398.8,25.4,91.8,11.3,11.7,8,2
69.39,103.42,2.89,6.62,0.095,67.4,90.8,32.5,64.5,41.2,4.31,9,0
8.62,10.72,0.36,6.93,-0.001,58.7,114.3,27.2,62.8,33.0,6.36,3,0
44.15,49.28,1.84,3.34,0.047,68.5,92.7,25.7,75.1,35.5,7.6,5,0
63.33,51.93,2.64,8.37,0.131,61.5,341.3,31.9,79.7,39.9,1.1,5,1
56.03,79.7,2.33,7.94,0.069,61.2,195.0,32.1,77.3,25.0,9.45,5,1
103.46,135.54,4.31,7.87,0.098,93.2,172.8,24.4,90.8,23.7,11.49,9,2
43.74,33.79,1.82,3.92,0.014,67.0,203.9,29.2,65.8,32.5,7.37,10,0
30.62,22.52,1.28,3.34,-0.017,59.3,312.3,27.5,70.4,15.8,2.57,1,0
57.4,55.84,2.39,7.54,0.029,70.2,276.2,27.4,88.7,23.0,13.1,4,1
44.86,65.48,1.87,4.58,0.031,61.1,75.0,22.9,69.7,29.1,8.1,9,0
15.74,17.28,0.66,3.64,-0.001,58.5,130.1,28.7,81.5,36.6,8.38,4,0
68.27,57.82,2.84,6.98,0.002,68.4,139.8,26.8,67.4,26.7,2.48,10,1
78.59,71.98,3.27,8.66,0.102,67.2,22.8,23.3,89.3,16.7,30.7,11,1
51.09,43.97,2.13,7.7,0.017,69.4,244.6,24.0,76.2,29.7,8.93,12,1
284.43,237.35,11.85,13.1,0.334,95.0,199.3,27.1,95.0,20.1,1.25,8,2
141.89,155.34,5.91,8.97,0.059,95.0,172.4,27.0,89.5,24.1,5.0,11,2
71.39,68.92,2.97,7.3,0.04,66.0,105.2,44.2,67.0,9.2,3.97,3,1
199.77,289.66,8.32,9.68,0.147,95.0,47.3,25.5,95.0,15.2,7.97,8,2
22.84,23.34,0.95,1.7,-0.025,55.6,200.0,28.0,65.6,11.8,6.83,10,0
29.3,39.48,1.22,4.91,0.026,59.6,105.6,19.1,60.6,16.9,11.19,2,0
317.49,246.34,13.23,12.48,0.301,95.0,179.8,31.2,95.0,13.3,5.14,7,2
68.12,49.71,2.84,8.8,0.054,73.1,118.9,32.1,89.5,26.3,7.98,8,1
55.03,41.41,2.29,8.15,0.119,63.5,215.6,32.2,77.9,30.8,9.01,11,1
18.84,14.73,0.78,5.34,0.005,61.2,480.0,25.9,62.6,28.0,21.86,1,0
46.61,49.13,1.94,5.29,0.016,64.4,127.0,33.2,70.2,24.4,10.42,2,0
62.68,72.05,2.61,5.39,0.063,75.0,69.2,25.8,82.6,21.7,6.37,9,1
2.96,3.77,0.12,3.66,-0.065,55.9,64.5,28.2,58.0,26.3,5.07,10,0
74.04,103.25,3.08,4.9,0.017,84.7,31.2,31.7,78.2,28.8,8.35,11,1
91.7,68.95,3.82,6.44,0.069,79.7,165.0,21.6,93.2,20.5,5.82,2,1
176.21,197.46,7.34,10.44,0.172,95.0,54.2,28.4,95.0,25.7,10.15,8,2
111.0,85.52,4.62,7.53,0.127,95.0,137.2,32.3,95.0,31.9,5.89,7,2
44.32,62.53,1.85,4.99,0.042,73.6,81.8,20.1,64.8,17.1,10.09,2,0
225.92,206.84,9.41,11.45,0.172,95.0,159.6,24.5,95.0,21.3,9.42,9,2
68.44,90.32,2.85,5.75,0.016,65.3,136.5,28.5,64.7,23.0,7.43,10,0
41.03,38.18,1.71,6.44,0.034,65.7,153.5,25.9,87.7,32.1,7.8,11,0
46.81,34.84,1.95,6.87,0.068,72.1,298.4,32.8,74.9,16.6,13.04,11,0
57.5,56.8,2.4,5.53,0.046,75.9,80.5,21.0,68.6,17.8,7.41,5,1
10.59,9.29,0.44,6.62,-0.003,45.2,321.4,27.9,72.6,21.1,16.02,4,0
5.16,7.14,0.22,5.09,-0.029,52.5,262.8,30.7,71.3,38.7,11.53,12,0
54.33,74.62,2.26,7.21,0.079,75.9,186.9,23.3,89.9,17.4,8.77,12,1
196.15,175.07,8.17,9.57,0.129,95.0,94.1,32.5,95.0,10.7,3.29,9,2
21.67,18.35,0.9,5.48,0.001,61.2,165.6,24.0,54.5,23.3,7.48,10,0
114.87,85.93,4.79,6.56,0.096,91.5,419.7,31.2,83.2,20.9,6.75,5,1
17.67,22.19,0.74,3.63,-0.086,64.1,159.1,26.5,70.1,32.4,11.71,11,0
76.78,61.67,3.2,6.58,0.057,83.0,201.5,29.6,87.2,14.2,1.58,9,1
19.77,22.13,0.82,7.01,0.046,66.0,57.2,30.9,67.1,29.6,8.83,10,1
62.54,66.62,2.61,6.34,0.028,74.4,150.1,22.0,77.4,21.9,4.95,2,1
221.44,170.74,9.23,10.65,0.144,95.0,111.8,25.8,95.0,20.6,2.94,6,2
49.62,46.87,2.07,3.27,0.035,72.4,165.5,30.6,84.8,23.9,7.09,2,0
172.54,156.8,7.19,13.55,0.262,95.0,174.8,34.5,95.0,15.0,8.79,8,2
60.1,59.17,2.5,8.65,0.075,74.9,115.2,21.1,89.9,24.5,10.12,10,1
107.88,113.37,4.49,5.94,0.11,80.8,185.6,24.8,93.9,16.8,15.48,8,1
46.38,68.14,1.93,6.26,-0.024,74.1,82.8,27.1,59.4,25.9,11.95,6,0
68.4,82.86,2.85,9.04,0.08,71.5,337.6,29.4,79.2,15.6,5.46,1,1
53.78,62.27,2.24,8.07,0.003,61.1,82.1,24.1,90.0,24.7,13.83,12,1
32.34,43.51,1.35,4.2,0.079,53.9,70.9,29.7,69.3,23.4,4.47,10,0
69.87,101.38,2.91,8.4,0.065,79.8,121.9,32.6,72.5,37.3,6.08,12,1
8.14,9.47,0.34,6.5,0.031,58.5,362.4,19.3,57.0,6.9,11.08,11,0
55.61,44.75,2.32,4.37,0.04,68.9,563.4,35.4,67.0,20.4,8.93,11,0
49.49,49.99,2.06,4.75,0.034,64.3,148.6,30.3,77.6,30.1,7.09,5,0
157.77,149.55,6.57,9.26,0.176,95.0,189.9,26.8,95.0,35.5,4.29,9,2
23.69,33.81,0.99,8.28,0.022,54.0,94.0,24.8,69.8,18.1,12.19,11,0
74.61,80.77,3.11,6.46,0.141,65.5,25.3,27.5,65.1,29.2,10.92,6,1
28.74,30.7,1.2,7.8,0.017,59.4,389.8,30.6,68.4,11.1,3.55,1,0
57.97,76.06,2.42,6.15,0.084,66.9,256.9,25.4,81.0,23.9,9.49,12,0
79.11,81.45,3.3,11.19,0.149,67.2,184.9,32.6,75.4,14.3,10.16,4,1
23.38,17.29,0.97,7.26,0.077,53.9,202.0,25.5,63.4,25.1,1.2,3,1
112.04,100.2,4.67,9.62,0.09,95.0,191.1,24.4,87.7,27.5,5.1,11,2
35.46,28.41,1.48,9.17,0.088,61.2,146.5,23.2,73.5,24.6,4.61,12,0
54.77,67.8,2.28,5.27,0.009,64.8,240.7,33.3,72.0,36.5,8.27,9,0
9.66,13.93,0.4,6.31,0.035,50.1,114.5,29.0,74.9,16.0,9.02,1,0
41.21,51.13,1.72,5.87,0.099,54.2,185.2,31.2,65.1,22.0,9.22,3,0
61.66,67.5,2.57,3.45,0.05,63.6,173.9,28.5,75.7,24.8,8.72,3,0
46.49,42.43,1.94,6.09,0.023,74.2,148.9,28.0,63.4,26.3,12.67,12,0
285.16,311.5,11.88,7.8,0.212,95.0,430.9,31.0,95.0,18.1,9.14,9,2
21.94,31.58,0.91,5.39,0.011,52.5,149.6,28.1,72.1,16.6,1.87,3,0
6.34,9.12,0.26,5.92,-0.009,54.0,198.8,24.5,51.5,26.0,9.76,10,0
19.88,21.65,0.83,6.88,0.037,61.1,53.8,28.1,77.6,14.5,5.5,10,0
180.15,256.88,7.51,7.38,0.193,95.0,89.2,28.4,95.0,16.9,4.56,7,2
174.51,122.87,7.27,11.86,0.181,95.0,182.4,31.0,95.0,32.9,6.57,6,2
57.74,45.22,2.41,8.61,0.035,75.7,170.8,30.2,83.4,21.8,7.15,5,1
137.83,165.3,5.74,4.73,0.081,95.0,246.1,31.7,80.6,44.2,8.83,7,1
29.8,26.43,1.24,5.75,0.054,54.5,378.0,30.9,74.1,21.3,6.7,2,0
234.82,330.93,9.78,8.08,0.188,95.0,263.4,21.9,95.0,17.6,7.52,6,2
177.32,257.98,7.39,11.35,0.164,95.0,40.6,30.0,95.0,20.4,5.75,7,2
93.69,130.0,3.9,4.43,0.074,71.4,77.2,30.5,82.9,30.0,6.07,10,0
76.43,101.16,3.18,5.28,0.131,82.0,107.0,31.3,75.0,26.3,4.41,10,1
138.44,125.04,5.77,10.0,0.088,95.0,124.6,32.3,79.1,18.7,5.35,6,2
55.93,67.86,2.33,4.28,0.089,64.7,164.0,27.2,62.8,18.7,8.71,10,0
137.84,127.75,5.74,10.94,0.135,87.5,114.8,31.0,82.3,17.6,10.32,9,2
63.87,59.68,2.66,4.99,0.031,66.4,226.3,28.8,76.0,22.1,3.48,2,0
50.84,37.19,2.12,7.57,0.068,61.9,177.6,27.7,66.0,21.7,4.79,4,1
30.87,35.28,1.29,5.04,0.079,57.3,89.7,28.1,76.4,28.2,6.78,11,0
8.38,12.47,0.35,1.66,-0.033,57.1,176.9,30.1,63.4,21.4,7.66,1,0
42.55,36.22,1.77,9.36,0.081,56.2,125.7,33.8,70.6,13.9,5.76,5,0
163.43,187.77,6.81,8.74,0.109,95.0,124.2,26.9,95.0,16.7,3.88,6,2
39.92,28.53,1.66,7.87,0.072,56.3,169.1,22.1,72.9,9.7,8.01,11,0
111.16,100.41,4.63,12.1,0.215,83.1,46.4,24.0,92.9,17.3,6.12,7,2
42.52,54.74,1.77,3.52,0.05,58.5,112.3,30.6,74.1,20.9,13.61,3,0
34.69,26.37,1.45,2.14,-0.028,65.7,140.2,32.9,73.0,15.0,4.76,4,0
69.11,64.45,2.88,9.21,0.054,83.0,312.9,28.8,80.5,37.9,9.19,8,1
35.75,48.42,1.49,2.98,0.031,59.9,205.6,32.4,70.6,11.1,8.82,3,0
37.51,33.75,1.56,8.45,0.049,55.9,82.1,31.2,83.5,37.5,8.06,12,0
42.04,33.79,1.75,6.07,0.03,60.6,280.1,30.4,59.1,18.1,15.4,4,0
53.36,70.81,2.22,5.92,0.082,77.0,427.5,33.1,86.1,14.9,6.96,4,1
13.77,15.15,0.57,8.29,0.052,51.6,136.7,30.7,70.5,44.6,1.72,5,1
84.91,123.41,3.54,7.49,0.078,78.3,304.3,24.3,83.3,18.6,7.8,6,1
96.95,94.98,4.04,4.07,0.013,89.0,181.4,23.6,88.1,20.8,9.83,8,1
53.11,76.12,2.21,6.3,0.003,57.7,124.4,34.5,82.5,12.4,7.84,4,0
237.76,328.14,9.91,12.85,0.203,95.0,175.9,28.6,95.0,26.3,3.26,6,2
266.26,374.01,11.09,10.58,0.156,95.0,283.5,31.2,95.0,45.1,6.69,9,2
104.1,133.62,4.34,5.13,0.044,77.6,83.5,33.9,86.6,39.2,3.47,8,1
17.23,20.65,0.72,2.64,0.013,52.4,117.6,26.3,68.9,13.2,7.59,3,0
31.19,44.06,1.3,6.55,0.047,54.2,158.7,30.1,78.0,25.7,9.08,2,0
93.71,120.06,3.9,10.35,0.139,74.7,234.0,26.1,95.0,16.7,18.25,9,1
47.98,53.92,2.0,5.74,0.002,71.4,206.7,27.8,61.8,27.2,9.56,1,0
23.81,25.46,0.99,7.26,0.008,62.2,26.9,29.9,78.6,8.5,9.57,4,1
4.92,4.73,0.2,5.33,0.029,42.7,157.7,21.5,52.6,12.7,7.04,3,0
206.22,153.39,8.59,8.32,0.158,95.0,212.1,35.3,95.0,22.0,5.2,6,2
25.82,30.55,1.08,2.6,-0.016,57.9,134.0,32.3,75.0,20.1,7.44,3,0
254.0,292.61,10.58,11.2,0.216,95.0,26.8,29.9,95.0,48.0,11.98,9,3
53.43,68.14,2.23,5.09,0.003,64.3,55.6,31.3,87.6,20.0,9.38,6,1
122.98,114.3,5.12,7.29,0.147,91.0,198.1,26.8,92.7,30.8,10.49,8,2
63.47,56.29,2.64,5.57,0.083,66.3,54.5,29.8,75.6,17.4,1.66,12,1
52.25,39.51,2.18,6.89,0.046,71.7,253.8,30.4,73.6,17.1,10.21,12,1
20.98,29.4,0.87,5.61,0.111,60.8,223.4,24.2,56.2,26.4,7.2,4,0
41.93,59.97,1.75,2.27,-0.018,70.7,107.5,31.0,78.2,30.3,6.91,3,0
31.55,30.07,1.31,7.92,0.003,57.7,170.3,23.6,83.1,22.0,9.53,10,0
22.66,22.91,0.94,4.56,0.003,57.8,186.9,28.9,82.9,21.7,8.09,2,0
54.09,56.97,2.25,6.49,0.065,67.8,207.9,31.2,68.9,18.9,5.18,1,0
22.02,29.71,0.92,3.55,0.043,62.0,195.7,32.2,67.8,23.0,10.62,3,0
190.3,160.38,7.93,5.68,0.133,95.0,270.0,30.0,91.7,22.4,4.23,6,1
182.99,210.55,7.62,9.09,0.134,95.0,545.2,26.5,95.0,8.1,11.48,6,2
246.83,353.22,10.28,12.7,0.226,95.0,581.8,33.8,95.0,31.1,1.16,8,2
112.94,93.66,4.71,8.48,0.044,95.0,290.7,28.2,78.9,18.7,6.11,5,2
29.34,40.23,1.22,3.49,-0.012,63.5,370.2,29.6,74.7,13.3,12.09,4,0
38.22,47.77,1.59,3.46,0.037,60.0,200.2,31.1,82.8,22.5,4.42,2,0
34.85,32.77,1.45,8.45,0.068,55.7,102.7,24.2,79.3,7.1,7.49,3,0
146.84,174.56,6.12,7.56,0.137,95.0,211.3,29.1,81.0,28.7,10.58,8,2
46.97,36.66,1.96,8.16,0.08,63.6,95.5,30.5,78.3,26.4,7.71,10,0
63.29,44.8,2.64,4.18,0.031,65.9,159.8,30.3,71.1,26.1,3.86,11,0
33.54,31.89,1.4,3.26,0.017,64.8,298.7,27.2,83.2,29.7,4.92,10,0
59.58,85.25,2.48,5.16,0.029,64.8,319.7,29.3,89.2,39.8,11.03,6,0
65.64,72.18,2.74,3.55,-0.012,76.5,70.4,25.3,82.0,19.1,5.52,4,0
49.19,44.76,2.05,8.04,0.042,67.7,182.7,25.9,69.2,26.5,6.46,9,0
12.8,16.17,0.53,6.62,0.031,44.7,221.2,27.4,68.6,21.0,4.06,11,0
173.02,241.52,7.21,6.95,0.175,95.0,214.8,35.3,85.2,20.3,9.7,8,1
51.86,44.55,2.16,5.15,0.071,76.9,57.6,29.0,69.2,9.5,8.92,11,1
14.28,12.75,0.59,5.65,-0.082,62.2,123.9,29.3,62.4,19.8,4.79,10,0
169.5,119.04,7.06,10.75,0.132,95.0,247.0,24.3,95.0,55.2,10.7,8,2
44.66,35.05,1.86,6.53,0.016,61.7,138.9,25.3,71.6,11.3,18.86,12,0
216.11,168.03,9.0,10.57,0.22,95.0,161.5,30.7,95.0,21.6,4.13,7,2
24.07,24.37,1.0,7.86,0.046,52.1,227.7,31.5,58.7,12.4,2.54,5,1
29.51,39.94,1.23,1.45,-0.026,62.1,194.2,33.7,73.6,25.7,1.5,11,0
7.74,9.19,0.32,4.07,0.042,58.5,195.3,30.4,65.0,25.3,12.37,3,0
132.49,181.93,5.52,8.13,0.101,95.0,214.5,28.3,77.7,10.4,6.24,8,2
68.08,81.23,2.84,10.22,0.096,81.6,348.2,29.5,65.4,9.6,2.38,3,2
84.65,63.65,3.53,8.54,0.066,83.1,259.2,32.4,80.8,37.4,9.66,8,1
47.52,39.48,1.98,4.32,0.065,57.8,250.2,29.5,82.4,26.3,10.54,2,0
68.3,56.47,2.85,7.88,0.042,71.8,227.9,26.0,82.2,9.1,9.78,9,1
53.76,60.78,2.24,4.85,0.002,67.9,92.2,24.2,62.8,30.4,7.25,4,0
346.8,407.85,14.45,8.69,0.256,95.0,285.5,28.8,95.0,39.8,9.76,6,2
50.12,69.02,2.09,5.41,0.053,65.2,17.2,29.0,89.9,32.1,5.99,5,1
39.75,45.98,1.66,7.59,0.043,58.3,38.1,23.5,61.5,45.2,3.86,10,1
36.25,26.72,1.51,1.62,-0.082,55.9,188.9,27.6,79.7,16.3,4.5,1,0
38.42,44.26,1.6,8.18,0.043,66.3,154.2,26.6,61.9,20.9,11.23,10,0
41.7,52.06,1.74,9.57,0.126,73.0,79.3,30.1,61.2,6.3,12.49,1,1
47.42,59.93,1.98,4.77,0.094,74.9,57.4,33.1,81.1,18.4,17.24,4,0
47.08,36.21,1.96,7.33,0.022,62.4,92.1,30.8,76.0,31.0,8.82,5,0
123.32,86.36,5.14,7.81,0.093,84.8,250.9,29.9,82.2,48.4,7.03,6,1
16.95,18.5,0.71,6.35,-0.017,55.4,230.3,29.2,82.5,13.6,7.9,4,0
58.03,55.66,2.42,3.9,0.045,76.9,226.2,32.0,73.5,26.8,11.65,11,0
53.65,76.81,2.24,2.57,0.001,66.0,136.6,35.1,85.6,24.4,10.54,7,0
62.63,58.51,2.61,1.74,-0.031,64.9,399.4,27.5,70.9,68.7,2.96,5,0
21.02,15.75,0.88,4.45,0.035,51.4,161.6,29.2,69.6,30.8,13.95,5,0
56.77,69.5,2.37,1.95,-0.004,58.9,221.8,21.2,76.0,14.6,14.05,3,0
213.41,220.78,8.89,12.94,0.228,95.0,155.4,28.0,95.0,18.4,9.14,8,2
64.56,87.03,2.69,6.63,0.054,79.3,126.3,30.7,79.5,16.6,7.32,1,1
132.21,161.42,5.51,9.25,0.11,86.3,159.1,30.3,95.0,29.8,11.07,7,2
25.62,29.3,1.07,5.0,-0.015,53.6,356.4,30.2,61.6,12.0,5.67,3,0
25.45,25.93,1.06,7.68,0.01,62.2,187.1,31.7,70.8,21.0,7.37,10,0
26.19,31.02,1.09,7.51,-0.011,60.2,430.4,37.8,63.1,25.5,3.92,2,0
114.15,153.51,4.76,5.19,0.061,95.0,296.4,35.4,87.7,23.1,12.42,6,1
53.12,67.97,2.21,4.88,0.019,63.4,170.6,23.2,72.2,45.0,5.69,12,0
74.21,69.02,3.09,3.5,0.022,79.4,130.4,24.9,92.8,29.8,9.36,9,0
244.97,242.28,10.21,9.61,0.264,95.0,165.0,25.2,95.0,13.5,7.83,6,2
22.65,18.94,0.94,4.37,0.035,55.8,329.1,21.4,77.7,11.2,13.6,5,0
15.88,16.65,0.66,4.95,0.01,52.1,440.9,27.7,62.9,15.2,6.85,4,0
26.54,34.79,1.11,4.33,0.032,62.6,272.9,28.0,59.0,14.9,5.27,2,0
31.76,29.71,1.32,2.37,-0.006,59.8,156.2,32.4,77.4,14.5,10.77,11,0
235.09,176.14,9.8,9.39,0.144,95.0,318.9,32.3,95.0,6.7,4.64,6,2
73.02,89.51,3.04,5.61,0.041,78.1,99.4,27.9,81.8,22.9,1.84,4,1
75.3,102.36,3.14,7.4,0.044,74.1,248.8,30.0,68.0,36.1,6.41,10,1
18.64,18.62,0.78,2.26,-0.043,46.9,202.5,36.4,74.7,10.0,10.9,11,0
18.8,25.92,0.78,4.24,0.019,47.3,395.3,38.2,63.9,12.4,3.18,4,0
75.46,59.56,3.14,3.06,0.007,65.7,177.2,26.7,94.3,27.1,7.2,11,0
16.89,20.13,0.7,7.62,0.027,57.5,51.4,23.5,60.2,19.9,15.98,12,1
25.03,35.42,1.04,4.45,0.005,56.1,385.8,20.3,78.5,31.3,9.79,2,0
26.44,22.11,1.1,7.54,0.04,49.3,133.3,29.3,61.0,26.2,9.21,4,0
49.35,57.92,2.06,6.69,0.011,58.8,153.0,28.5,76.5,22.6,4.83,5,0
76.65,100.24,3.19,10.39,0.156,73.0,289.8,24.5,79.1,26.8,8.87,7,1
27.75,30.86,1.16,5.32,0.097,58.0,174.1,28.8,70.5,17.7,7.07,4,0
4.37,3.94,0.18,2.64,0.008,46.9,307.4,26.8,62.3,13.9,6.51,1,0
16.91,15.65,0.7,3.42,-0.002,56.0,169.4,28.2,82.9,14.8,10.16,7,0
28.74,20.81,1.2,5.54,0.048,59.9,284.9,28.4,73.0,46.2,3.62,2,0
143.69,167.37,5.99,11.14,0.145,95.0,186.3,31.1,89.7,25.9,10.31,6,2
35.27,48.28,1.47,6.41,0.004,70.4,274.0,28.1,70.3,28.1,12.35,5,0
346.5,412.24,14.44,11.51,0.288,95.0,247.7,24.9,95.0,20.3,2.34,6,2
9.68,8.23,0.4,4.01,-0.004,48.5,284.4,16.7,70.7,19.7,1.72,12,0
98.64,139.22,4.11,7.53,0.113,80.7,415.4,29.2,95.0,22.2,10.0,11,1
128.81,150.63,5.37,10.8,0.168,90.1,390.7,27.5,80.9,21.4,3.52,7,2
130.32,173.02,5.43,6.84,0.155,95.0,171.8,29.9,83.3,13.7,4.23,9,1
19.06,20.92,0.79,1.94,-0.072,49.0,124.2,29.9,72.5,23.3,7.91,3,0
54.99,40.6,2.29,3.85,0.029,71.8,260.0,26.3,90.5,28.7,4.22,3,0
61.1,52.84,2.55,7.0,0.001,70.5,229.9,28.5,77.6,12.4,9.22,4,1
62.82,73.28,2.62,8.39,0.039,67.5,260.0,27.7,65.4,22.8,7.33,3,1
206.12,226.97,8.59,7.62,0.104,95.0,164.3,26.6,95.0,18.8,1.79,8,2
23.43,16.68,0.98,6.37,-0.028,52.5,105.3,28.2,79.7,23.5,6.52,12,0
45.23,59.07,1.88,5.87,0.072,63.8,84.1,25.0,76.0,36.6,12.32,12,0
33.51,41.25,1.4,4.03,-0.011,57.0,92.4,33.0,85.0,17.0,4.72,2,0
68.95,81.88,2.87,7.41,0.108,82.4,182.0,30.1,82.7,16.0,8.62,10,1
15.33,16.8,0.64,9.06,0.083,47.9,178.1,28.1,61.0,22.6,4.38,12,0
277.96,304.2,11.58,12.12,0.225,95.0,200.6,29.9,95.0,52.2,18.47,9,2
48.72,61.22,2.03,9.3,0.113,64.0,153.9,26.1,73.6,24.8,14.64,2,0
108.55,97.79,4.52,7.44,0.076,84.1,168.7,31.1,80.6,25.0,9.09,9,1
46.27,57.81,1.93,5.75,0.026,59.3,139.5,32.8,83.0,27.6,10.43,11,0
170.93,226.04,7.12,10.31,0.223,95.0,21.4,31.2,95.0,13.6,10.46,8,2
234.77,251.14,9.78,10.77,0.228,95.0,12.6,24.4,95.0,20.2,6.99,7,3
15.83,11.24,0.66,2.63,0.002,57.2,152.4,27.5,62.3,36.0,1.23,12,0
32.52,36.23,1.36,10.41,0.119,58.9,455.4,33.2,69.5,35.6,9.53,2,1
134.23,201.3,5.59,8.0,0.184,88.0,112.8,30.7,78.9,33.9,8.75,7,2
106.32,101.91,4.43,8.15,0.177,78.4,194.2,24.6,95.0,20.5,5.0,12,1
44.09,46.62,1.84,6.51,0.073,69.1,201.9,24.1,62.4,12.8,8.53,10,0
82.71,116.14,3.45,6.16,0.103,83.7,358.0,22.0,69.5,18.6,2.29,11,1
124.55,170.08,5.19,6.56,0.047,83.0,189.5,29.6,95.0,30.3,9.83,8,1
7.97,9.33,0.33,3.44,0.045,47.0,159.9,25.8,59.2,29.7,3.54,7,0
24.87,26.65,1.04,7.91,0.001,62.9,371.8,23.7,55.6,25.8,3.42,11,0
91.72,77.91,3.82,5.48,0.058,77.3,49.0,19.5,95.0,24.9,5.07,9,1
54.05,48.58,2.25,6.99,0.047,73.7,382.8,20.9,80.6,15.1,5.48,2,1
69.14,94.01,2.88,5.66,0.052,69.8,277.7,25.9,72.1,14.2,2.76,10,1
24.39,18.41,1.02,7.1,0.085,61.3,111.7,27.0,59.5,26.0,11.12,5,0
25.46,18.22,1.06,8.33,0.071,64.8,117.0,30.7,62.5,25.8,11.16,10,0
73.3,68.34,3.05,4.32,0.055,70.0,248.1,31.1,88.7,14.1,7.31,1,0
17.65,22.17,0.74,1.74,-0.037,49.9,289.0,31.8,68.0,17.0,2.43,4,0
22.29,23.03,0.93,8.54,0.064,66.5,208.0,40.4,81.5,43.6,11.69,12,0
103.97,94.62,4.33,5.39,0.131,75.6,168.9,24.6,91.7,12.1,9.4,6,1
18.11,20.11,0.75,3.86,-0.069,60.5,191.5,26.9,67.5,14.4,9.7,5,0
84.47,88.77,3.52,5.81,0.06,79.2,177.5,32.6,90.3,21.2,10.46,1,1
73.63,108.43,3.07,9.12,0.061,67.4,157.6,32.5,79.1,19.8,3.54,11,1
122.65,161.41,5.11,8.22,0.144,83.6,504.7,31.6,78.3,21.2,2.95,7,2
49.46,51.58,2.06,9.71,0.14,64.4,237.0,28.8,84.8,20.6,7.25,12,0
267.76,210.24,11.16,9.58,0.193,95.0,226.2,30.8,95.0,25.7,6.63,9,2
158.74,215.32,6.61,4.62,0.098,95.0,234.5,31.6,95.0,15.9,7.59,9,1
40.96,40.64,1.71,5.55,0.05,64.5,173.2,28.7,58.8,17.7,5.98,12,0
25.18,31.97,1.05,7.52,0.013,51.1,184.5,29.9,64.2,15.6,15.6,2,0
226.47,255.2,9.44,6.68,0.167,95.0,457.3,30.8,95.0,21.2,7.59,7,2
63.51,94.98,2.65,9.34,0.061,69.1,57.6,31.9,80.8,25.9,8.19,10,1
49.07,38.99,2.04,8.53,0.023,72.8,274.2,33.4,78.5,5.9,6.37,1,1
297.0,344.27,12.38,12.29,0.213,95.0,79.8,27.9,95.0,32.0,11.13,9,2
132.83,96.65,5.53,5.68,0.081,95.0,129.4,30.6,89.1,31.7,6.12,9,1
62.68,92.24,2.61,3.69,0.016,66.5,134.9,33.7,92.3,32.9,3.13,1,0
38.0,47.27,1.58,6.73,-0.011,63.8,333.7,26.5,62.7,11.8,6.09,4,0
40.44,43.57,1.69,4.45,0.065,59.6,92.2,27.0,65.1,24.9,8.76,1,0
80.74,109.69,3.36,3.58,0.04,76.4,289.2,26.7,67.8,18.3,13.57,1,0
71.78,57.98,2.99,11.45,0.165,82.5,152.7,23.7,73.9,31.3,9.49,8,1
109.54,126.69,4.56,6.61,0.071,87.8,156.5,39.9,73.9,54.0,5.95,9,1
237.38,255.43,9.89,10.66,0.263,95.0,223.0,22.2,95.0,16.6,11.29,7,2
96.65,104.08,4.03,7.51,0.025,79.7,84.0,26.1,95.0,18.1,7.83,7,1
39.26,49.58,1.64,5.86,0.011,65.6,170.4,28.0,76.0,34.8,11.36,12,0
36.97,30.38,1.54,8.51,0.043,65.8,197.7,31.1,77.2,26.3,15.31,12,0
72.73,81.12,3.03,8.85,0.037,66.6,60.7,37.1,91.1,23.9,12.07,1,1
38.74,40.99,1.61,5.45,-0.05,58.1,124.7,29.2,77.4,29.2,2.69,4,0
86.94,129.75,3.62,4.64,0.062,71.6,204.3,25.4,94.7,12.1,5.55,2,0
59.79,71.14,2.49,8.98,0.112,64.5,65.7,26.1,86.8,20.6,9.94,8,1
20.65,23.24,0.86,3.48,-0.09,51.1,140.7,26.7,73.1,21.1,9.25,1,0
95.72,86.34,3.99,8.24,0.093,91.1,199.2,28.7,69.6,23.7,10.06,7,1
67.55,84.14,2.81,9.92,0.082,71.7,16.8,22.7,80.5,12.1,7.05,2,2
327.41,326.14,13.64,9.12,0.279,95.0,120.3,28.6,95.0,14.7,7.2,6,2
88.03,100.6,3.67,5.07,-0.026,87.7,102.9,25.7,81.3,13.7,6.5,3,1
115.3,160.07,4.8,7.25,0.083,87.2,147.2,35.7,95.0,11.2,5.2,9,2
21.41,18.2,0.89,4.56,0.101,48.9,213.1,28.9,61.6,27.0,19.6,4,0
77.38,64.04,3.22,4.24,0.042,66.4,294.7,29.9,82.6,39.6,2.83,8,0
80.77,102.11,3.37,4.41,0.027,84.4,332.4,24.8,84.4,16.9,8.81,6,0
51.05,55.09,2.13,9.26,0.103,63.7,240.2,29.7,74.5,13.4,4.9,5,1
132.05,196.41,5.5,3.71,0.066,84.8,239.3,31.4,91.5,23.2,6.12,9,1
32.98,41.91,1.37,9.34,0.074,63.2,297.6,26.0,74.1,17.5,2.95,4,1
106.46,106.43,4.44,9.51,0.082,77.5,133.8,24.3,80.8,23.7,2.79,6,2
57.72,47.53,2.41,5.45,0.081,64.8,70.6,30.5,62.9,17.9,4.28,3,0
89.0,130.19,3.71,4.38,0.086,79.2,169.4,35.3,75.4,30.5,6.39,12,0
75.88,102.44,3.16,3.54,-0.011,77.6,117.1,29.7,92.7,71.5,2.01,10,1
175.6,202.38,7.32,6.92,0.169,95.0,253.2,29.1,95.0,16.5,7.34,7,1
98.45,117.95,4.1,7.31,0.058,87.6,112.4,29.8,79.6,16.7,8.65,8,1
48.72,48.33,2.03,5.16,-0.094,76.2,111.9,29.2,83.0,31.6,10.39,4,0
292.51,250.19,12.19,10.73,0.331,95.0,156.9,30.4,95.0,13.9,8.76,6,2
38.73,47.1,1.61,5.42,0.044,53.8,193.8,33.1,59.9,11.7,12.01,12,0
17.51,21.27,0.73,5.41,0.008,60.8,88.6,20.9,78.9,14.7,8.87,2,0
33.82,36.44,1.41,6.74,-0.03,61.3,136.3,24.4,82.4,39.2,11.27,11,0
36.57,53.25,1.52,3.66,0.057,58.7,95.4,26.6,62.4,18.6,6.49,11,0
118.59,98.35,4.94,4.7,0.02,95.0,192.9,23.9,77.7,23.7,13.91,5,1
32.85,48.18,1.37,6.22,-0.008,59.2,133.8,31.4,81.0,13.9,8.77,1,0
11.95,9.69,0.5,6.02,0.014,55.8,52.1,22.9,74.6,24.0,0.86,3,1
233.87,283.37,9.74,7.84,0.227,95.0,278.1,25.6,95.0,25.3,4.76,8,2
49.22,68.86,2.05,7.03,0.102,68.1,186.9,26.1,82.6,30.6,7.7,12,0
94.26,72.79,3.93,6.3,0.038,83.7,289.7,27.8,95.0,27.0,11.46,6,1
106.01,123.04,4.42,7.69,0.091,77.4,264.3,34.7,95.0,10.4,12.27,7,1
225.24,235.88,9.38,13.84,0.261,95.0,112.5,32.9,95.0,26.1,16.15,9,2
23.0,32.56,0.96,2.26,0.008,50.9,91.5,36.0,71.5,25.0,11.38,4,0
262.16,298.39,10.92,10.84,0.216,95.0,159.0,24.4,95.0,30.8,11.6,9,2
174.31,141.55,7.26,7.83,0.156,95.0,242.9,18.2,93.6,30.7,4.47,7,2
210.54,235.84,8.77,10.11,0.286,95.0,104.8,32.8,95.0,31.3,10.97,7,2
61.68,66.63,2.57,9.14,0.061,68.2,364.8,32.7,79.3,11.0,7.06,11,1
49.97,51.88,2.08,6.7,0.033,64.9,120.7,27.5,66.7,24.8,5.1,5,0
64.3,75.76,2.68,2.43,0.014,79.9,94.6,26.4,72.1,44.3,9.31,4,0
71.72,100.85,2.99,8.27,0.059,78.5,91.3,30.0,93.8,17.6,3.83,2,1
140.78,109.12,5.87,9.89,0.164,89.7,284.3,24.7,95.0,27.6,10.83,7,2
30.71,43.3,1.28,5.16,-0.042,59.3,149.9,22.6,78.8,19.8,9.96,10,0
52.32,42.7,2.18,7.57,0.109,58.3,164.5,22.0,85.4,16.8,3.88,3,1
150.8,192.98,6.28,6.71,0.125,91.2,208.1,20.7,87.7,20.3,18.82,6,1
32.85,38.69,1.37,4.9,0.003,55.0,35.2,35.1,80.4,26.0,8.69,5,0
25.68,31.72,1.07,6.65,0.036,65.8,163.5,27.1,75.3,20.2,8.64,3,0
148.85,115.74,6.2,6.83,0.113,95.0,273.0,26.0,83.3,33.4,10.8,6,1
27.98,35.75,1.17,6.04,-0.012,57.5,176.4,29.6,65.9,8.8,8.51,11,0
11.28,11.18,0.47,4.29,0.031,55.3,354.3,28.0,66.4,27.1,10.55,3,0
242.77,342.61,10.12,12.48,0.202,95.0,259.1,25.3,95.0,22.4,6.78,6,2
289.85,227.97,12.08,8.58,0.148,95.0,218.5,29.7,95.0,20.7,10.14,6,2
273.81,287.14,11.41,9.47,0.172,95.0,273.5,26.2,95.0,20.4,8.25,6,2
39.56,32.53,1.65,2.78,0.016,59.4,194.1,26.8,76.2,18.7,11.41,3,0
235.13,198.45,9.8,8.69,0.17,95.0,208.5,31.6,95.0,29.4,1.46,8,2
24.25,25.02,1.01,2.37,-0.011,48.7,156.3,24.7,56.5,29.3,11.35,2,0
31.53,38.76,1.31,3.36,-0.021,64.1,192.5,22.9,61.5,21.3,10.75,4,0
47.95,69.08,2.0,5.11,0.089,69.2,201.6,26.7,71.0,24.8,16.12,12,0
114.91,116.36,4.79,10.76,0.128,93.1,247.6,23.3,90.1,26.3,8.85,6,2
23.82,20.75,0.99,3.85,0.068,60.2,290.4,33.1,82.6,19.7,10.04,12,0
208.59,237.21,8.69,9.45,0.184,95.0,342.2,22.0,95.0,29.7,16.55,6,2
304.95,377.02,12.71,14.22,0.276,95.0,186.6,27.5,95.0,15.7,6.86,7,2
171.55,146.29,7.15,4.72,0.109,95.0,160.9,27.4,95.0,27.6,3.42,6,1
297.51,282.32,12.4,10.29,0.223,95.0,250.9,30.0,95.0,18.2,7.78,8,2
122.27,159.44,5.09,5.26,0.113,81.4,28.9,29.3,90.4,25.7,6.56,8,2
88.42,118.14,3.68,5.49,0.142,73.8,45.9,29.3,79.1,19.0,7.06,3,1
38.94,47.4,1.62,8.14,0.017,59.3,287.5,19.8,66.0,37.0,13.84,3,0
326.53,335.64,13.61,9.57,0.157,95.0,396.4,34.5,95.0,45.9,8.82,9,2
140.38,139.94,5.85,8.27,0.103,95.0,347.9,32.6,95.0,14.9,4.6,8,2
38.95,38.62,1.62,6.47,-0.01,56.2,160.0,29.4,80.0,14.3,7.06,2,0
66.29,81.55,2.76,6.54,0.021,78.8,216.0,23.4,69.5,12.0,3.38,5,1
72.5,90.97,3.02,11.23,0.149,83.7,118.6,32.6,88.4,25.4,12.96,1,1
102.02,146.42,4.25,8.86,0.114,81.0,134.8,30.0,92.6,23.3,6.53,8,1
24.63,29.2,1.03,6.32,-0.009,48.7,85.3,30.9,56.2,24.5,10.5,2,0
22.45,32.45,0.94,3.26,-0.019,57.4,180.8,27.3,54.8,21.0,9.55,1,0
24.35,29.27,1.01,6.76,0.152,65.6,125.2,32.4,60.0,13.2,9.59,11,0
104.12,102.97,4.34,10.93,0.159,92.6,304.4,29.7,82.1,28.6,9.87,6,2
61.71,59.89,2.57,3.41,-0.004,67.0,278.7,29.7,85.2,18.7,10.0,3,0
21.22,25.11,0.88,6.53,-0.015,52.0,349.1,31.5,82.7,17.2,8.75,11,0
156.15,168.65,6.51,6.02,0.112,95.0,248.4,30.5,84.7,19.8,5.39,6,1
3.02,4.43,0.13,2.55,-0.013,43.2,169.4,28.7,74.0,21.5,18.56,3,0
59.04,81.97,2.46,4.18,0.088,62.6,168.3,33.6,82.5,32.4,8.24,5,0
32.32,27.23,1.35,6.17,-0.041,54.2,223.9,21.8,84.9,9.8,10.89,12,0
130.91,192.63,5.45,7.36,0.122,95.0,55.6,26.3,82.0,34.9,2.01,6,2
190.74,186.85,7.95,11.04,0.146,95.0,211.2,33.5,94.1,24.5,4.55,6,2
36.61,35.87,1.53,3.3,-0.024,71.8,170.7,36.1,70.7,15.6,11.03,2,0
39.43,44.81,1.64,4.69,0.075,61.6,305.1,27.5,73.1,11.5,6.66,10,0
43.23,53.63,1.8,4.16,0.068,66.3,95.0,35.0,72.0,16.1,7.25,4,0
109.5,77.33,4.56,7.53,0.112,95.0,227.8,23.3,95.0,38.4,7.34,8,2
17.46,25.63,0.73,7.94,0.089,54.2,226.6,29.9,61.8,19.5,8.29,11,0
20.59,22.15,0.86,5.96,0.025,53.2,112.9,23.5,62.0,30.3,15.03,4,0
11.98,17.96,0.5,3.94,-0.027,56.2,199.3,30.3,64.1,23.1,11.53,11,0
27.48,28.05,1.14,7.83,0.052,55.0,213.3,27.9,57.1,14.5,8.07,4,0
51.6,64.03,2.15,6.29,0.094,74.9,92.0,28.6,78.3,28.1,2.12,5,1
22.73,30.53,0.95,7.11,0.013,61.8,233.5,30.6,64.6,18.9,7.74,4,0
9.23,7.34,0.38,5.68,-0.042,50.1,217.5,25.4,65.4,7.3,7.8,1,0
33.17,36.74,1.38,8.94,0.053,54.7,293.1,28.3,73.6,37.2,9.68,12,0
80.82,78.39,3.37,4.04,0.054,78.8,199.6,24.9,87.9,9.4,10.4,8,0
50.13,58.03,2.09,6.31,0.103,57.2,194.5,11.8,70.1,31.4,4.96,3,0
186.18,180.39,7.76,7.76,0.167,95.0,64.9,29.4,95.0,45.1,7.36,8,2
48.66,40.57,2.03,3.98,0.074,61.0,217.4,27.1,69.4,23.7,8.04,4,0
105.31,79.21,4.39,4.32,0.084,82.0,240.7,34.4,95.0,15.7,14.55,7,1
62.11,85.02,2.59,4.0,0.053,78.4,232.3,33.3,82.8,12.7,6.95,12,0
21.07,17.7,0.88,8.3,0.04,67.0,113.3,28.5,73.1,33.3,15.85,3,0
42.08,61.47,1.75,1.85,-0.025,57.5,132.3,20.9,85.0,21.7,2.62,10,0
82.17,61.38,3.42,9.2,0.118,73.0,241.3,22.8,76.5,28.5,10.87,5,1
97.84,105.13,4.08,11.82,0.163,79.3,171.1,30.8,75.5,15.9,3.15,11,1
20.82,21.28,0.87,1.81,-0.027,53.2,187.2,31.4,71.2,13.1,7.98,2,0
7.91,10.03,0.33,3.16,-0.004,51.6,251.8,20.3,60.4,16.9,10.39,11,0
57.16,41.76,2.38,4.46,0.062,59.8,209.4,30.4,87.5,9.9,12.02,1,0
48.95,38.64,2.04,5.95,0.023,69.0,49.6,21.8,60.0,10.7,0.74,2,1
101.85,81.67,4.24,7.73,0.102,79.9,228.3,31.4,95.0,32.9,10.74,3,1
53.31,65.9,2.22,6.2,-0.008,73.0,144.9,36.8,69.4,20.9,25.55,12,1
43.62,36.13,1.82,8.2,0.079,63.2,246.9,24.8,81.9,13.6,4.51,4,0
43.2,57.54,1.8,6.8,-0.004,73.1,36.0,22.9,81.8,35.8,9.93,4,1
72.62,99.84,3.03,5.25,0.07,72.9,165.7,24.8,65.4,51.5,7.79,10,1
160.56,225.53,6.69,8.75,0.092,95.0,204.7,28.7,82.6,37.0,13.41,8,2
23.35,16.73,0.97,4.59,-0.049,60.3,362.6,24.0,73.7,30.3,9.43,8,0
23.69,18.83,0.99,9.58,0.103,59.9,137.5,24.8,62.0,19.5,8.26,12,0
29.62,22.28,1.23,7.65,-0.008,63.9,299.4,35.0,56.3,38.0,6.53,11,0
73.85,59.4,3.08,4.25,0.065,69.5,273.0,25.6,67.8,24.7,3.33,12,0
244.44,272.41,10.19,11.92,0.227,95.0,204.3,31.8,95.0,30.4,9.38,8,2
48.45,69.76,2.02,6.7,-0.011,67.1,326.7,24.4,80.5,36.2,1.39,11,0
37.09,36.65,1.55,2.94,0.028,64.1,389.1,27.7,76.0,14.6,6.88,5,0
27.09,32.46,1.13,3.33,0.016,67.4,125.3,32.5,71.4,13.7,0.99,2,0
104.91,108.0,4.37,4.72,0.108,83.1,197.0,31.3,73.1,29.1,18.6,12,1
44.23,49.67,1.84,9.5,0.08,63.7,579.9,27.2,84.3,19.4,10.11,3,0
171.16,129.51,7.13,8.93,0.189,95.0,79.4,29.0,95.0,18.0,10.02,7,2
194.76,272.96,8.12,9.74,0.187,95.0,151.6,26.3,95.0,17.3,9.85,8,2
134.31,118.93,5.6,5.7,0.127,95.0,236.5,36.8,83.7,16.6,5.89,4,1
212.81,259.08,8.87,10.0,0.1,95.0,270.5,24.9,95.0,38.4,6.31,6,2
58.84,61.96,2.45,7.28,0.052,70.7,90.9,26.2,63.9,14.7,5.96,12,1
196.33,188.43,8.18,9.99,0.148,95.0,249.7,31.6,90.1,14.6,2.92,9,2
49.31,51.78,2.05,8.97,0.048,74.3,102.6,29.5,85.0,27.8,8.73,12,1
66.77,64.24,2.78,8.44,0.038,74.5,93.9,36.0,73.8,28.7,1.95,5,1
24.16,28.27,1.01,4.51,-0.008,57.1,208.9,30.6,75.5,27.9,12.02,1,0
162.35,155.73,6.76,8.91,0.158,95.0,241.4,29.8,95.0,8.8,8.98,7,2
34.24,33.96,1.43,9.21,0.081,52.2,195.1,32.5,83.6,19.7,3.48,4,0
80.83,97.92,3.37,7.94,0.042,68.0,508.3,24.9,80.6,45.0,15.88,1,1
145.38,190.47,6.06,3.49,0.045,93.1,202.7,32.0,95.0,19.5,24.18,8,1
18.56,14.11,0.77,2.74,0.013,61.9,140.2,22.4,61.9,32.2,5.99,10,0
11.17,8.11,0.47,6.43,0.033,59.0,191.8,37.2,56.2,32.2,7.2,4,0
12.68,18.71,0.53,6.95,0.039,54.9,282.9,30.8,68.5,38.5,6.96,1,0
27.38,35.39,1.14,5.82,0.047,60.5,187.5,32.6,57.8,38.6,10.6,5,0
147.47,160.78,6.14,10.49,0.106,95.0,300.0,22.5,79.8,17.7,2.31,9,2
54.5,80.96,2.27,4.49,-0.072,77.3,92.3,27.4,75.0,59.0,4.35,5,0
144.4,103.06,6.02,9.13,0.092,88.4,148.5,19.1,95.0,22.5,16.12,9,2
136.46,181.08,5.69,5.51,0.118,95.0,388.7,28.1,92.3,20.6,2.62,7,2
161.34,234.96,6.72,10.61,0.143,95.0,20.4,25.8,89.0,30.4,16.57,9,2
34.17,45.52,1.42,5.2,0.014,56.4,64.3,33.7,81.2,24.7,3.97,4,0
20.86,20.78,0.87,4.32,0.026,48.2,235.6,29.3,71.4,20.3,10.41,11,0
50.45,68.56,2.1,8.72,0.06,76.0,163.0,35.8,77.7,15.8,4.54,8,1
42.1,50.94,1.75,3.31,-0.022,57.8,226.2,28.7,75.4,15.4,2.05,2,0
8.14,6.43,0.34,5.01,-0.018,62.3,95.6,33.0,76.6,21.8,8.83,12,0
71.74,61.05,2.99,3.54,0.048,70.3,127.3,27.8,72.3,16.3,15.03,10,0
26.92,31.26,1.12,7.4,0.019,58.2,255.5,25.9,72.2,10.3,10.53,1,0
89.48,128.97,3.73,9.78,0.125,78.5,166.6,30.5,81.5,10.9,8.88,2,1
49.95,50.99,2.08,5.51,0.039,72.6,132.0,25.3,60.8,21.9,4.9,2,0
44.78,60.16,1.87,3.28,0.002,56.4,619.6,26.5,84.2,18.5,10.12,10,0
40.07,59.54,1.67,6.39,0.017,73.1,125.3,31.3,72.1,47.9,9.33,5,0
61.34,65.73,2.56,9.01,0.068,77.0,465.6,27.1,90.9,19.5,4.45,4,1
50.45,64.42,2.1,5.17,0.068,61.2,58.8,27.6,79.4,30.5,9.75,4,1
76.82,114.72,3.2,6.46,0.11,81.3,188.4,35.4,85.5,30.6,5.85,9,1
51.74,41.64,2.16,6.65,0.029,63.5,110.8,40.2,77.5,9.0,2.82,10,1
164.71,234.79,6.86,7.16,0.197,95.0,164.4,32.2,85.6,22.8,6.23,9,2
160.88,183.69,6.7,8.37,0.126,95.0,215.1,20.9,95.0,38.9,8.03,7,2
8.85,11.42,0.37,6.43,0.008,59.5,262.0,29.3,68.7,23.7,10.44,11,0
23.44,33.55,0.98,5.85,0.017,48.4,118.8,34.9,76.3,26.6,6.35,4,0
213.67,196.21,8.9,6.65,0.154,95.0,314.1,29.0,94.6,44.8,1.17,9,2
27.03,30.58,1.13,7.97,0.05,62.4,201.1,22.0,78.2,10.2,9.72,12,0
46.4,46.59,1.93,9.37,0.091,58.5,256.4,31.6,72.5,27.5,2.47,5,1
82.85,69.45,3.45,9.64,0.148,82.3,237.0,22.0,71.1,38.2,10.19,1,1
31.84,41.44,1.33,3.51,0.051,65.5,84.2,25.6,65.9,21.9,7.19,3,0
88.45,65.91,3.69,5.77,0.026,69.9,109.6,29.6,74.3,12.5,5.62,10,0
125.98,105.59,5.25,4.51,0.04,93.8,408.8,27.3,89.8,24.5,9.33,8,1
19.27,18.44,0.8,2.56,0.019,63.0,310.0,27.7,73.9,24.1,11.6,10,0
34.3,35.53,1.43,6.64,0.04,64.0,340.5,34.3,75.2,14.1,8.65,1,0
14.22,18.29,0.59,5.53,-0.007,47.2,108.9,26.5,73.6,23.1,4.26,11,0
23.54,19.76,0.98,7.12,0.015,66.9,275.0,30.2,71.5,19.4,8.0,2,0
36.9,43.33,1.54,8.05,0.028,67.3,123.7,24.1,87.3,26.2,6.83,5,0
36.77,30.06,1.53,6.37,0.044,70.9,177.0,23.9,60.7,11.9,4.14,4,0
142.13,162.78,5.92,6.27,0.125,95.0,129.6,28.2,95.0,30.4,16.4,6,1
184.97,205.93,7.71,8.03,0.195,95.0,90.2,27.1,95.0,13.6,11.27,7,2
404.88,328.67,16.87,16.74,0.401,95.0,267.2,25.3,95.0,42.5,5.98,8,2
52.84,60.09,2.2,5.03,0.075,68.7,98.7,30.5,69.9,45.2,3.99,5,0
37.07,47.16,1.54,3.9,-0.043,69.8,123.6,20.9,83.2,24.4,3.61,11,0
158.72,214.35,6.61,10.02,0.138,95.0,588.0,31.9,93.4,13.7,10.93,7,2
237.19,213.19,9.88,10.31,0.193,95.0,156.7,27.9,95.0,11.3,14.41,6,2
73.82,61.7,3.08,6.14,0.101,65.0,201.3,23.2,71.2,24.0,6.63,8,0
6.58,6.25,0.27,5.3,0.027,52.9,255.8,34.6,70.7,18.0,2.37,4,0
114.98,167.46,4.79,6.38,0.154,81.5,120.1,31.4,78.1,14.4,10.29,3,1
59.71,84.78,2.49,4.94,0.093,70.8,209.8,25.2,66.6,25.1,16.98,9,0
49.6,35.4,2.07,8.94,0.052,69.3,178.9,22.9,85.3,19.5,16.15,10,0
60.79,88.92,2.53,7.17,0.047,61.1,67.8,28.0,73.0,11.3,4.28,5,1
170.26,179.67,7.09,8.94,0.131,95.0,476.5,32.9,89.4,31.2,8.29,7,2
72.89,109.27,3.04,7.03,0.065,69.8,169.3,25.9,73.2,26.2,9.03,5,1
43.97,33.86,1.83,3.41,-0.036,65.2,403.7,28.2,88.2,21.4,3.4,10,0
272.23,227.51,11.34,9.35,0.185,95.0,236.1,31.0,95.0,11.9,7.87,8,2
39.59,51.64,1.65,3.16,-0.005,69.7,226.6,20.4,58.5,36.9,10.94,12,0
31.33,24.22,1.31,5.94,0.055,57.1,270.4,38.3,57.6,16.6,7.41,1,0
17.52,24.41,0.73,5.86,0.062,46.4,175.5,20.3,77.8,16.4,7.26,1,0
56.07,70.5,2.34,5.12,-0.005,66.1,297.4,28.2,74.2,7.7,8.44,1,0
10.18,14.58,0.42,5.39,0.106,54.3,81.0,31.8,57.7,25.5,4.42,11,0
103.67,142.37,4.32,6.28,0.123,82.9,134.7,31.2,74.1,16.7,1.23,7,1
161.77,236.82,6.74,10.57,0.117,95.0,200.3,32.2,95.0,12.1,15.65,6,2
84.67,80.03,3.53,6.94,0.081,72.6,286.8,21.8,92.3,14.6,2.83,7,1
28.09,34.61,1.17,6.6,-0.018,69.0,333.7,20.4,68.0,17.3,4.46,2,0
242.27,197.82,10.09,10.89,0.189,95.0,114.7,22.4,95.0,11.8,13.38,7,2
59.59,57.73,2.48,3.68,0.027,74.4,132.6,38.5,69.9,12.7,3.55,2,0
16.19,16.7,0.67,2.91,-0.011,50.4,160.9,24.5,66.2,32.6,12.22,8,0
170.92,247.12,7.12,8.55,0.123,95.0,219.4,23.8,84.8,26.6,12.2,8,2
20.92,23.84,0.87,1.34,-0.028,66.4,206.4,25.3,60.6,27.9,5.7,2,0
161.52,232.88,6.73,8.88,0.054,95.0,151.6,28.5,88.2,28.0,3.56,6,2
127.4,183.73,5.31,7.4,0.138,87.4,273.6,20.6,95.0,9.0,8.8,9,2
94.92,136.41,3.96,5.1,0.052,72.7,363.0,22.4,77.8,14.0,10.98,10,1
49.44,60.08,2.06,2.07,-0.002,64.1,124.8,24.5,64.8,36.2,7.55,2,0
190.31,135.89,7.93,11.82,0.254,95.0,481.0,22.2,92.9,24.2,5.63,7,2
52.57,73.66,2.19,8.52,0.096,64.8,167.0,31.4,77.0,24.2,15.72,12,1
148.79,182.58,6.2,5.45,0.052,95.0,282.4,27.1,83.4,7.7,9.09,9,1
8.17,10.47,0.34,5.01,-0.002,49.0,182.4,35.5,63.2,19.6,8.26,1,0
22.52,17.71,0.94,8.24,0.026,55.3,395.4,20.6,67.6,23.8,13.15,10,0
9.87,12.9,0.41,5.77,0.001,59.3,115.0,33.3,70.5,19.6,6.07,11,0
51.91,47.98,2.16,8.41,0.023,72.4,227.6,23.6,67.4,12.8,10.78,11,1
29.2,32.2,1.22,3.92,0.032,53.6,174.2,32.1,73.2,10.2,20.87,12,0
27.3,37.8,1.14,3.16,0.007,63.3,233.4,21.3,76.7,20.2,4.32,3,0
99.67,113.97,4.15,8.2,0.091,79.6,194.5,29.9,76.1,13.2,2.68,8,1
248.91,227.97,10.37,8.92,0.185,95.0,255.4,26.5,95.0,24.0,8.52,8,2
51.28,76.26,2.14,3.85,0.03,64.7,49.0,32.0,88.0,31.4,1.95,4,1
45.12,62.6,1.88,4.03,0.059,71.3,186.9,19.7,81.8,16.1,3.83,4,0
54.44,51.88,2.27,5.24,0.014,76.9,196.9,24.7,80.5,25.4,6.06,4,1
197.91,244.95,8.25,6.57,0.152,95.0,49.1,26.5,89.9,11.9,10.77,8,2
94.57,100.77,3.94,4.79,0.013,72.6,325.5,29.3,83.7,8.1,5.65,12,0
34.44,35.77,1.44,5.71,0.015,54.2,219.1,30.9,57.4,14.9,4.88,5,0
67.86,94.93,2.83,9.1,0.098,63.6,295.2,34.4,91.7,34.5,3.17,11,1
17.25,21.37,0.72,2.49,-0.006,53.4,98.0,15.8,73.7,35.5,6.48,10,0
28.03,32.86,1.17,7.15,-0.029,53.4,164.1,21.5,76.2,27.6,7.15,5,0
9.49,12.29,0.4,5.78,-0.032,55.6,184.0,29.2,53.5,17.1,9.1,2,0
32.61,48.5,1.36,4.35,0.025,51.7,186.0,33.8,84.9,12.3,4.31,2,0
44.77,46.75,1.87,5.57,0.004,72.7,491.3,31.6,85.8,14.2,8.8,4,0
32.6,43.34,1.36,4.47,0.024,65.8,76.8,24.6,86.2,22.0,18.39,11,0
80.99,118.67,3.37,7.52,0.033,85.2,217.0,30.4,68.6,26.6,9.23,9,1
179.64,223.25,7.49,9.03,0.11,95.0,140.6,24.6,91.4,10.3,9.49,7,2
243.3,243.44,10.14,8.52,0.201,95.0,206.9,32.6,95.0,12.5,11.26,7,2
37.13,32.15,1.55,7.6,0.002,58.3,237.6,24.7,85.3,17.3,13.09,1,0
105.32,84.28,4.39,7.15,0.061,90.0,503.2,24.8,72.2,20.0,6.29,12,2
37.71,34.63,1.57,5.78,-0.069,69.6,202.7,23.5,86.1,27.5,2.63,5,0
92.66,109.26,3.86,4.5,0.044,71.6,149.0,27.9,95.0,21.5,7.47,4,0
58.8,75.85,2.45,2.14,-0.026,62.8,90.5,28.4,77.7,9.1,8.44,11,0
79.65,94.05,3.32,3.87,0.038,76.7,236.2,24.4,90.9,14.0,13.38,7,0
45.48,33.45,1.9,5.54,0.067,68.3,128.5,38.8,67.0,15.9,9.79,5,0
45.28,35.45,1.89,4.67,0.048,55.4,162.6,30.4,67.8,37.5,12.82,3,0
19.57,17.97,0.82,6.51,0.091,60.6,169.2,28.7,55.4,26.5,9.25,1,0
20.3,22.73,0.85,5.84,-0.03,65.5,53.7,21.9,72.8,28.6,8.85,7,0
38.51,27.7,1.6,7.34,0.06,59.0,280.4,24.0,85.2,22.0,6.12,5,0
12.51,11.14,0.52,7.62,0.005,54.8,428.5,24.9,76.1,45.6,13.92,2,0
158.57,157.04,6.61,9.43,0.183,95.0,182.6,25.6,95.0,14.8,7.46,9,2
54.03,76.53,2.25,8.23,0.062,64.7,49.0,22.9,68.6,26.9,8.87,3,1
218.04,175.76,9.09,9.87,0.163,95.0,54.9,28.3,95.0,12.6,2.07,9,2
96.26,113.46,4.01,5.25,0.085,86.0,70.8,28.9,95.0,23.5,8.53,6,1
78.43,68.5,3.27,8.39,0.12,66.5,35.6,22.9,92.3,18.7,9.87,6,1
201.6,166.79,8.4,3.99,0.079,95.0,341.6,21.6,93.6,26.5,9.69,6,1
74.22,84.53,3.09,4.73,0.064,74.0,144.8,26.6,91.6,20.8,7.4,8,0
16.22,17.14,0.68,2.02,-0.06,62.7,103.5,28.9,62.9,21.5,8.55,11,0
101.26,149.48,4.22,9.25,0.12,85.3,55.4,24.2,86.8,10.6,8.31,8,2
50.0,73.79,2.08,3.88,-0.03,73.2,92.3,23.0,68.7,16.9,4.52,3,0
65.51,55.65,2.73,5.6,0.015,68.9,203.9,23.3,74.2,20.4,6.89,5,0
349.25,372.67,14.55,11.92,0.359,95.0,90.8,27.8,95.0,11.5,5.89,7,2
119.53,151.1,4.98,8.76,0.147,92.6,172.8,15.6,93.1,29.7,2.44,8,2
165.46,227.08,6.89,11.52,0.189,95.0,195.5,32.9,93.1,28.5,12.47,9,2
21.36,28.18,0.89,3.61,0.06,65.8,279.7,30.2,62.0,12.1,3.88,5,0
105.04,136.76,4.38,8.85,0.087,84.2,150.3,23.6,78.0,15.7,9.46,6,1
65.9,58.62,2.75,4.58,0.019,70.1,138.4,24.4,89.6,33.5,10.39,1,0
30.19,27.16,1.26,6.4,0.061,60.5,185.9,16.9,59.0,20.0,0.54,6,1
25.06,32.83,1.04,6.22,0.03,66.0,112.5,27.1,62.3,14.6,17.73,11,0
29.52,30.71,1.23,9.11,0.074,68.9,100.5,18.2,80.9,8.0,7.96,3,0
51.51,45.34,2.15,3.59,0.025,66.3,86.2,32.2,81.3,24.6,12.72,11,0
60.43,85.48,2.52,8.12,0.096,69.1,140.1,32.9,69.4,16.9,13.78,11,1
64.88,49.2,2.7,6.54,0.133,77.1,95.7,29.3,76.0,28.4,4.99,7,1
14.32,12.76,0.6,5.29,0.08,53.5,296.3,23.5,79.2,8.6,1.37,11,0
48.91,72.86,2.04,6.53,-0.033,62.2,52.8,23.1,67.0,27.2,2.01,5,1
54.67,59.8,2.28,9.1,0.071,71.8,235.4,31.6,81.8,32.7,10.17,7,1
41.19,37.38,1.72,5.93,0.018,54.5,301.0,27.8,63.4,22.5,11.7,11,0
57.93,84.03,2.41,3.65,0.065,66.0,169.2,26.3,67.2,24.7,7.0,12,0
44.71,61.21,1.86,6.47,-0.017,61.0,169.2,33.7,74.1,29.5,6.77,5,0
32.29,23.59,1.35,4.74,0.007,51.6,258.0,28.1,80.5,17.0,7.5,4,0
56.5,67.61,2.35,10.94,0.13,60.8,204.1,29.8,77.7,25.7,4.56,5,1
100.69,121.11,4.2,4.02,0.073,80.7,212.4,23.1,95.0,15.4,9.39,6,1
69.73,79.17,2.91,9.61,0.078,70.7,93.5,27.9,87.0,48.3,7.9,3,1
301.97,408.59,12.58,13.83,0.28,95.0,283.0,28.8,95.0,16.0,5.82,7,2
85.63,74.52,3.57,3.92,0.06,76.8,94.6,28.1,73.4,25.6,8.56,2,0
30.56,38.89,1.27,4.64,0.012,57.1,212.2,34.1,71.8,14.6,7.95,6,0
175.77,211.71,7.32,10.72,0.13,95.0,92.4,29.0,95.0,25.3,7.03,7,2
26.13,28.1,1.09,7.71,0.131,58.0,267.5,29.9,74.4,29.6,3.59,5,0
30.88,43.05,1.29,5.54,0.066,54.0,122.7,21.3,74.2,24.8,6.8,1,0
97.07,118.9,4.04,8.2,0.012,83.4,98.6,36.1,92.2,19.3,10.4,4,1
160.67,226.78,6.69,8.59,0.082,95.0,248.0,26.6,95.0,13.7,4.94,8,2
14.09,11.13,0.59,6.03,0.008,61.9,185.5,25.7,79.1,27.2,12.04,2,0
104.43,106.23,4.35,9.56,0.067,76.6,187.6,25.3,89.8,24.9,13.65,4,1
73.57,100.8,3.07,4.49,0.049,76.3,150.5,30.6,66.4,20.2,5.35,8,0
46.52,61.56,1.94,4.92,0.074,59.2,119.6,34.4,75.3,31.9,10.17,5,0
173.85,244.26,7.24,9.35,0.153,95.0,158.7,33.2,95.0,27.8,8.61,6,2
35.39,33.34,1.47,8.55,0.026,59.9,67.2,20.9,63.0,25.9,16.17,12,0
45.71,33.88,1.9,5.87,0.023,63.3,144.0,29.1,87.1,8.9,6.92,1,0
80.25,109.43,3.34,5.31,0.09,70.6,71.1,32.3,85.4,46.9,3.88,4,1
205.33,226.85,8.56,7.63,0.099,95.0,72.5,27.1,95.0,24.8,5.82,9,2
21.39,25.47,0.89,1.72,-0.036,65.4,311.6,25.0,82.3,35.4,11.55,11,0
171.56,122.63,7.15,6.61,0.176,95.0,255.2,26.8,95.0,13.5,4.98,9,1
133.49,145.95,5.56,9.06,0.076,87.3,330.1,26.0,95.0,16.7,5.18,8,2
261.51,279.03,10.9,14.63,0.281,95.0,194.5,16.1,95.0,42.2,5.11,6,2
16.37,16.51,0.68,8.05,0.016,56.2,133.3,32.0,58.9,15.7,8.08,1,0
77.49,99.53,3.23,7.58,-0.009,82.4,305.9,29.9,80.5,19.0,6.0,9,1
233.02,303.52,9.71,9.29,0.249,95.0,324.6,28.0,95.0,28.6,5.79,7,2
37.98,51.22,1.58,4.75,0.008,61.0,186.0,35.0,68.4,18.7,3.87,1,0
67.59,64.37,2.82,3.96,0.028,76.8,198.9,28.6,82.9,15.2,11.97,2,0
51.18,59.38,2.13,4.87,0.089,57.9,201.4,31.6,66.1,17.0,4.89,12,0
53.01,71.98,2.21,3.84,-0.027,63.3,196.5,32.2,86.7,11.7,3.36,11,0
77.62,84.25,3.23,8.37,0.041,73.8,272.9,23.9,76.0,19.7,2.66,9,1
34.16,31.49,1.42,6.42,0.046,57.9,209.0,27.1,72.1,25.7,6.9,2,0
283.36,314.31,11.81,9.19,0.233,95.0,90.8,30.9,95.0,24.5,7.93,8,2
246.54,242.82,10.27,10.69,0.302,95.0,71.5,28.8,95.0,28.1,8.6,6,2
67.08,59.93,2.79,7.2,0.082,74.5,122.7,27.4,88.7,25.1,12.83,3,1
12.82,9.41,0.53,4.19,-0.049,58.2,194.4,28.9,63.8,25.5,11.17,1,0
62.7,86.76,2.61,7.41,-0.009,68.9,275.7,29.8,83.0,17.3,1.57,11,1
11.02,9.65,0.46,3.94,0.016,47.7,49.6,39.4,78.2,30.3,17.43,4,0
65.41,82.32,2.73,5.64,0.059,68.1,164.4,24.2,75.3,28.6,9.99,11,0
59.15,59.57,2.46,5.78,0.039,70.4,42.2,32.1,79.3,15.1,10.39,10,1
51.74,62.3,2.16,7.37,0.089,60.3,32.2,27.4,66.1,33.0,7.37,4,1
26.27,38.25,1.09,8.68,0.045,49.3,377.9,22.7,57.6,22.4,3.89,1,0
56.6,50.71,2.36,3.4,0.033,70.8,94.9,29.1,73.3,22.0,7.9,8,0
49.85,35.96,2.08,6.87,0.086,74.3,96.9,28.7,82.9,34.0,4.52,12,0
46.24,57.18,1.93,8.43,0.044,66.8,111.2,25.6,67.4,22.5,5.14,2,0
210.88,231.65,8.79,11.51,0.172,95.0,195.2,29.3,95.0,8.4,10.51,7,2
110.06,97.0,4.59,4.25,0.085,78.2,223.8,25.7,86.7,17.6,8.96,9,1
73.85,77.78,3.08,6.25,0.045,70.6,36.3,16.0,88.4,8.7,6.68,7,1
251.62,362.61,10.48,8.44,0.247,95.0,123.6,24.9,95.0,8.6,6.44,8,2
32.41,48.07,1.35,2.12,-0.013,55.8,213.0,24.8,72.8,23.5,9.74,2,0
76.09,62.84,3.17,6.19,0.021,84.0,211.4,28.5,71.5,11.6,9.16,7,1
53.73,77.96,2.24,10.06,0.088,75.8,148.4,26.1,63.9,17.4,12.39,10,1
274.3,387.82,11.43,9.37,0.203,95.0,356.9,34.7,95.0,18.3,3.29,9,2
101.67,100.67,4.24,8.6,0.041,83.9,275.3,28.7,75.0,20.4,11.78,5,1
30.33,44.38,1.26,8.84,0.056,62.6,94.5,25.2,74.5,16.6,3.89,3,0
52.48,65.96,2.19,9.41,0.086,71.4,189.5,26.1,67.1,20.7,13.67,1,1
125.58,186.73,5.23,9.94,0.112,88.8,130.7,23.1,80.9,16.7,6.88,9,2
37.51,33.25,1.56,8.68,0.089,67.4,184.8,29.7,76.8,26.0,6.53,4,0
29.91,42.78,1.25,6.52,0.072,50.3,134.0,25.0,56.9,9.2,4.94,2,0
55.64,64.07,2.32,6.7,0.139,76.9,203.4,27.3,73.1,25.8,12.04,5,1
175.4,261.27,7.31,11.37,0.184,95.0,190.5,24.2,93.5,32.4,9.94,8,2
72.92,99.47,3.04,4.33,0.047,64.6,374.3,30.9,72.1,28.0,5.9,1,0
30.74,25.07,1.28,4.97,-0.014,58.2,256.6,24.9,71.1,30.7,2.34,1,0
42.46,39.39,1.77,5.84,0.081,65.3,282.9,24.7,63.0,18.8,11.19,12,0
48.17,57.86,2.01,5.86,0.05,59.3,144.1,24.9,60.9,23.3,12.17,2,0
14.81,19.81,0.62,2.43,0.009,55.2,187.9,28.3,62.3,16.8,6.19,5,0
170.04,187.16,7.08,7.68,0.188,95.0,227.9,27.7,95.0,24.3,8.82,8,2
77.2,99.79,3.22,7.9,0.037,75.9,158.4,28.7,70.9,16.7,11.93,10,1
36.55,25.8,1.52,4.27,0.049,70.6,221.8,20.0,75.9,13.8,8.97,9,0
55.57,49.34,2.32,4.49,0.085,65.8,158.3,28.9,87.1,13.0,10.43,5,0
106.42,119.45,4.43,5.27,0.064,95.0,314.0,31.5,95.0,14.9,9.28,9,1
125.94,181.88,5.25,7.83,0.046,86.1,130.3,27.2,83.8,26.5,17.5,3,2
64.58,79.86,2.69,7.11,0.052,67.7,32.7,33.6,90.5,41.6,9.43,4,1
19.79,21.69,0.82,3.67,0.023,49.0,211.7,30.8,56.1,31.9,11.5,12,0
69.22,75.16,2.88,2.01,-0.012,81.3,181.3,28.0,79.0,11.4,15.75,2,0
33.49,39.79,1.4,6.14,-0.005,57.0,184.0,29.3,66.9,44.1,6.54,10,0
43.91,54.83,1.83,9.03,0.123,69.4,108.5,34.8,75.2,34.7,9.59,2,0
28.84,41.57,1.2,5.43,0.02,64.0,169.8,32.9,82.2,15.7,6.06,3,0
11.76,13.55,0.49,3.32,0.031,53.1,236.6,30.7,80.5,34.7,3.89,5,0
26.41,19.28,1.1,6.72,0.004,52.8,198.7,29.9,69.7,19.7,8.86,3,0
142.31,192.69,5.93,8.2,0.122,88.5,236.0,26.5,95.0,24.5,8.94,8,2
155.67,109.39,6.49,5.16,0.082,95.0,185.9,29.2,95.0,27.1,3.77,9,1
19.28,17.9,0.8,5.96,0.035,58.9,135.3,31.1,54.7,15.5,4.77,2,0
65.34,69.86,2.72,9.37,0.072,72.1,137.6,33.3,83.6,19.5,9.91,1,1
190.29,174.45,7.93,9.75,0.134,95.0,98.6,28.4,95.0,12.5,6.46,9,2
31.36,39.83,1.31,7.78,0.012,66.0,124.0,36.2,70.0,25.2,1.16,2,1
73.45,109.34,3.06,8.38,0.102,78.4,220.9,27.5,91.6,22.9,10.43,3,1
28.53,28.44,1.19,3.46,0.037,69.1,288.5,27.1,85.6,19.5,3.9,5,0
46.06,58.83,1.92,4.25,0.012,60.5,325.6,32.5,79.9,19.3,10.39,10,0
49.05,39.13,2.04,6.46,0.062,65.4,88.4,21.3,86.4,9.4,8.76,2,0
41.66,59.13,1.74,6.36,0.0,72.1,81.5,34.0,84.2,22.4,8.04,2,0
35.11,31.82,1.46,2.22,-0.009,60.7,176.1,32.2,71.9,45.5,11.57,4,0
28.03,33.17,1.17,7.12,0.128,59.2,110.7,33.5,59.1,27.8,3.35,4,0
74.73,78.56,3.11,8.28,0.063,65.8,187.2,29.9,69.8,25.7,11.05,3,1
4.16,3.16,0.17,3.43,0.004,47.7,172.4,25.9,61.3,29.4,7.72,10,0
154.95,168.74,6.46,9.04,0.109,94.1,158.0,34.4,92.1,22.7,10.27,7,2
32.01,28.65,1.33,7.9,0.007,57.5,160.3,27.8,59.6,25.1,4.8,1,0
64.56,67.09,2.69,2.98,0.037,68.9,76.1,31.4,75.1,12.7,7.32,5,0
51.91,67.16,2.16,6.4,0.011,62.9,59.5,26.7,88.0,8.9,9.46,4,1
24.13,19.81,1.01,7.25,0.016,58.8,121.7,34.5,62.8,21.0,10.65,12,0
71.22,84.04,2.97,3.05,-0.016,64.4,236.2,33.4,66.2,29.6,4.61,7,0
85.45,103.82,3.56,8.0,0.119,79.1,178.5,24.6,95.0,16.5,15.97,1,1
81.76,120.37,3.41,10.14,0.099,77.9,71.2,24.4,76.1,32.7,8.31,3,1
188.22,163.06,7.84,10.96,0.237,95.0,221.9,27.6,95.0,24.9,9.29,9,2
267.77,279.29,11.16,13.22,0.25,95.0,117.8,30.1,95.0,21.1,2.02,6,2
219.92,180.63,9.16,10.57,0.215,95.0,251.9,31.2,95.0,59.5,13.25,7,2
53.16,72.93,2.21,10.64,0.119,70.3,331.9,20.2,67.1,18.1,6.42,12,1
50.54,46.09,2.11,1.88,-0.024,61.7,621.8,29.4,86.2,32.2,11.37,11,0
77.5,87.83,3.23,4.98,0.042,71.6,126.8,35.1,69.0,15.1,8.61,10,0
31.56,42.26,1.31,2.58,0.012,55.1,240.9,23.5,84.4,14.3,14.13,5,0
33.94,48.35,1.41,4.5,0.048,62.0,175.9,35.2,65.5,43.2,7.21,12,0
34.54,41.88,1.44,8.24,0.024,55.4,417.8,24.1,80.5,21.6,3.44,11,0
294.79,250.29,12.28,12.66,0.213,95.0,98.0,29.9,95.0,11.4,10.28,6,2
52.65,56.91,2.19,10.95,0.126,58.6,277.7,24.8,69.0,20.9,18.54,10,1
14.78,15.81,0.62,2.81,0.025,58.6,64.6,28.9,63.4,10.8,9.86,10,0
69.48,78.5,2.89,7.81,0.064,78.5,307.1,25.9,93.8,24.4,10.54,11,1
25.21,29.61,1.05,6.21,0.039,50.6,128.5,26.9,83.6,26.9,5.69,3,0
33.71,24.83,1.4,7.37,-0.013,65.5,111.7,31.9,78.8,22.6,12.87,1,0
31.6,33.25,1.32,6.18,0.077,51.5,129.6,32.4,57.9,64.4,3.05,1,0
143.07,136.15,5.96,9.74,0.164,95.0,134.3,33.2,95.0,25.9,3.6,8,2
256.07,331.35,10.67,8.64,0.256,95.0,278.2,28.2,95.0,29.1,10.88,9,2
21.28,15.19,0.89,4.88,0.04,64.0,101.8,25.9,69.3,21.8,9.94,10,0
9.83,8.16,0.41,7.13,-0.007,56.9,219.5,27.0,61.4,23.6,14.47,2,0
154.28,137.92,6.43,8.46,0.121,95.0,145.0,29.2,95.0,34.5,10.59,8,2
118.86,167.77,4.95,7.89,0.054,79.9,184.2,26.3,87.8,19.6,11.0,9,1
6.64,8.67,0.28,2.21,0.006,61.9,126.8,30.3,62.2,24.6,9.8,10,0
19.85,24.29,0.83,3.27,-0.011,58.4,229.7,27.6,60.0,16.0,2.97,2,0
26.88,21.44,1.12,5.35,0.025,63.7,137.2,23.6,73.1,23.1,7.88,5,0
77.11,83.74,3.21,6.4,0.069,81.6,152.5,30.3,72.6,16.7,15.36,6,1
50.09,46.83,2.09,6.76,0.046,69.7,468.3,18.6,88.5,18.7,9.17,6,0
161.44,147.81,6.73,10.94,0.223,95.0,288.8,23.1,95.0,28.6,4.26,6,2
66.41,50.26,2.77,5.96,0.04,64.7,102.1,31.2,87.9,21.1,4.33,6,0
33.16,47.63,1.38,5.92,0.002,54.0,274.4,26.5,82.3,33.2,5.1,4,0
71.37,72.82,2.97,3.3,0.034,64.1,305.2,30.0,92.1,23.0,11.77,3,0
30.42,37.05,1.27,8.73,0.039,56.2,44.6,28.0,59.0,16.3,5.01,4,1
89.66,89.1,3.74,6.44,0.067,71.1,349.5,33.6,70.0,23.0,13.69,9,1
44.15,61.72,1.84,6.97,0.07,69.1,55.6,27.9,75.2,24.1,13.08,4,0
63.19,90.8,2.63,8.83,0.063,77.2,300.3,24.9,76.8,16.9,9.8,12,1
71.28,106.09,2.97,6.83,0.109,74.3,148.7,28.4,85.1,39.5,2.1,7,1
47.11,63.71,1.96,6.77,0.042,73.8,348.6,34.7,68.4,11.8,12.78,10,0
32.57,48.38,1.36,8.96,0.107,61.7,275.3,28.2,61.4,8.4,9.97,10,0
68.01,101.05,2.83,9.69,0.157,70.3,581.8,30.0,64.9,11.5,2.08,1,1
32.43,38.31,1.35,8.75,0.032,57.7,128.7,22.3,66.6,13.1,6.09,3,0
35.14,46.51,1.46,3.83,0.012,63.7,148.5,24.2,70.5,14.3,9.25,10,0
21.8,24.24,0.91,7.18,0.009,63.7,169.6,25.6,69.3,54.0,10.79,10,0
16.53,23.36,0.69,8.03,0.016,57.6,138.1,39.2,68.8,20.5,8.28,12,0
72.82,64.34,3.03,5.19,0.094,78.6,164.5,29.0,87.0,21.1,11.11,2,1
363.95,304.59,15.16,14.58,0.317,95.0,93.9,28.1,95.0,21.8,10.66,6,2
46.71,39.25,1.95,8.89,0.091,65.2,135.1,32.5,63.8,26.7,6.75,2,0
44.37,51.84,1.85,6.53,0.063,70.8,176.2,24.7,66.8,23.0,12.67,1,0
26.25,31.41,1.09,7.89,0.055,49.4,164.9,30.4,56.8,20.1,8.28,11,0
48.36,63.94,2.01,3.84,0.026,76.0,49.6,33.5,72.8,22.5,8.67,7,0
44.45,52.87,1.85,6.03,0.12,67.5,236.6,26.8,60.8,29.0,7.5,11,0
46.45,44.53,1.94,8.42,0.071,62.9,167.9,35.1,88.7,8.2,10.01,1,0
90.28,91.25,3.76,6.42,0.075,80.0,167.7,24.8,95.0,12.9,11.69,8,1
148.29,121.26,6.18,5.92,0.127,95.0,336.5,31.7,92.8,43.5,16.12,8,1
83.91,114.58,3.5,10.41,0.161,76.1,182.0,29.1,69.8,31.1,8.1,2,1
18.27,21.37,0.76,2.67,0.02,57.9,121.9,24.2,57.6,25.6,12.83,2,0
44.46,32.0,1.85,8.12,0.029,56.4,183.4,25.4,87.3,16.8,12.02,12,0
56.73,80.22,2.36,2.89,0.007,60.9,226.1,33.3,87.9,25.0,16.05,1,0
119.27,147.45,4.97,12.13,0.197,81.6,109.9,29.6,95.0,27.7,6.17,7,2
20.56,25.16,0.86,7.58,0.015,62.8,319.1,28.7,71.6,24.8,7.66,3,0
53.97,44.56,2.25,7.15,0.102,77.3,66.9,23.7,89.4,32.6,7.7,5,1
16.93,12.82,0.71,6.96,-0.015,58.1,337.3,30.4,68.6,33.9,10.92,11,0
41.08,49.19,1.71,4.54,0.027,58.6,206.3,23.0,59.3,18.2,9.6,11,0
209.26,283.76,8.72,9.9,0.179,95.0,355.8,29.6,95.0,22.7,5.32,9,2
285.33,374.62,11.89,13.15,0.28,95.0,131.4,30.0,95.0,31.9,9.08,7,2
65.9,89.67,2.75,4.97,0.0,79.2,62.4,23.5,87.5,11.7,7.16,8,0
31.61,44.31,1.32,3.68,0.044,69.7,91.4,31.9,74.1,8.5,8.09,2,0
62.09,62.39,2.59,9.21,0.067,76.6,126.0,28.7,72.0,19.9,10.74,12,1
42.64,55.68,1.78,3.26,0.005,66.3,287.5,26.7,83.6,24.5,6.29,4,0
41.02,33.34,1.71,8.98,0.046,64.1,170.8,38.5,75.3,35.2,6.21,1,0
28.88,41.71,1.2,3.08,-0.093,61.0,200.4,26.4,73.5,10.1,3.28,12,0
61.57,69.99,2.57,9.62,0.078,67.6,207.8,29.8,69.4,13.7,7.08,10,1
29.12,21.92,1.21,9.69,0.084,63.2,123.5,31.0,57.2,38.5,10.54,4,0
50.22,72.67,2.09,6.77,0.012,57.5,349.5,23.4,62.3,30.7,6.85,3,0
5.24,5.15,0.22,-0.12,-0.09,52.9,185.3,27.6,51.1,21.0,3.65,3,0
438.55,583.72,18.27,13.84,0.317,95.0,274.7,23.1,95.0,41.3,4.25,6,2
216.24,276.1,9.01,10.63,0.185,95.0,326.5,30.0,95.0,16.4,6.69,6,2
147.86,196.53,6.16,7.35,0.139,95.0,149.1,32.5,95.0,42.7,9.11,4,2
34.7,45.78,1.45,6.48,0.05,59.4,187.7,27.7,77.9,18.3,11.42,2,0
43.62,41.19,1.82,3.78,0.018,74.4,47.6,22.6,69.3,12.9,7.94,3,0
30.64,43.16,1.28,7.41,0.004,61.2,291.6,26.2,82.5,12.2,7.79,6,0
23.48,29.48,0.98,3.19,-0.046,48.4,262.5,32.9,58.8,27.7,12.45,1,0
31.05,36.94,1.29,7.76,0.058,63.6,111.1,31.0,58.6,17.4,14.05,2,0
147.3,104.26,6.14,9.99,0.138,95.0,158.2,23.1,95.0,33.3,5.29,7,2
61.13,74.7,2.55,7.69,0.073,61.7,239.9,32.6,87.5,19.5,6.73,1,1
52.06,66.23,2.17,6.58,0.004,62.7,132.6,27.4,75.3,45.7,6.47,11,0
28.81,24.77,1.2,5.68,0.014,57.0,157.0,28.8,64.6,20.8,10.05,10,0
14.14,16.51,0.59,5.89,0.013,54.9,234.0,34.1,64.9,9.0,11.84,10,0
41.01,57.11,1.71,8.26,0.025,60.7,113.7,36.4,64.7,22.4,8.61,11,0
16.11,11.46,0.67,7.71,0.055,50.5,194.0,30.6,72.2,21.6,8.86,5,0
38.08,40.7,1.59,5.68,0.036,65.3,144.2,28.5,67.1,7.7,9.21,4,0
5.04,6.48,0.21,4.71,0.051,44.0,312.1,26.2,53.8,11.1,2.87,2,0
145.71,160.39,6.07,7.61,0.146,95.0,205.8,33.2,95.0,25.4,12.92,7,2
77.76,61.31,3.24,5.2,0.079,74.9,228.7,28.3,69.9,30.4,3.18,6,1
33.97,34.32,1.42,5.69,0.015,60.3,497.6,23.9,58.8,36.0,4.91,12,0
76.55,96.89,3.19,4.24,0.076,71.1,395.8,34.3,87.8,35.1,9.04,7,0
165.27,234.22,6.89,5.83,0.123,95.0,142.9,27.0,87.8,13.2,11.48,8,1
203.09,174.03,8.46,12.97,0.21,95.0,81.0,22.5,95.0,37.5,7.69,7,2
169.46,183.02,7.06,8.54,0.175,95.0,138.0,26.8,88.4,27.2,13.83,6,2
51.65,39.82,2.15,6.55,0.093,69.0,209.4,26.1,85.8,22.0,14.0,4,0
167.42,210.18,6.98,5.67,0.11,95.0,299.6,27.3,95.0,21.4,9.67,7,1
17.71,22.25,0.74,7.71,0.04,65.0,397.3,24.8,72.6,21.4,6.47,10,0
139.43,203.38,5.81,8.48,0.18,95.0,599.9,28.4,92.7,31.5,11.78,8,2
169.54,170.5,7.06,9.8,0.212,95.0,385.4,38.1,95.0,21.5,4.28,7,2
260.54,388.71,10.86,10.6,0.213,95.0,23.6,24.1,95.0,10.8,7.65,9,3
57.15,79.68,2.38,3.75,0.032,76.2,191.9,30.2,72.3,34.8,6.29,5,0
40.84,32.64,1.7,5.81,0.032,55.1,154.6,27.1,69.0,23.7,2.69,10,0
60.28,53.62,2.51,5.72,0.1,65.1,455.4,29.6,83.1,43.4,3.68,1,0
78.74,86.42,3.28,5.68,0.038,75.4,44.7,36.4,74.1,17.8,10.33,10,1
106.28,81.07,4.43,7.41,0.045,86.8,226.8,24.9,95.0,24.0,4.79,5,2
52.43,72.64,2.18,4.23,0.049,75.0,171.2,32.5,84.8,30.9,9.08,3,0
61.36,53.5,2.56,6.11,0.05,65.5,221.4,30.3,83.2,14.4,18.82,12,0
2.12,2.97,0.09,7.03,0.007,50.0,124.5,29.6,78.7,11.4,4.8,10,0
47.44,38.54,1.98,7.47,0.044,61.6,118.4,32.4,77.8,29.6,3.99,5,0
18.04,17.54,0.75,5.84,0.031,49.5,105.6,31.9,65.7,18.5,7.91,10,0
98.04,92.44,4.09,6.01,0.064,73.6,492.7,32.0,91.8,19.3,4.42,8,1
101.19,103.59,4.22,7.03,0.117,90.3,301.8,31.4,95.0,25.0,9.72,6,2
24.12,28.75,1.01,5.22,0.076,53.2,161.3,29.0,65.3,57.9,9.1,5,0
12.3,14.82,0.51,4.23,0.032,53.4,197.3,26.8,65.9,18.9,7.95,4,0
118.31,107.99,4.93,5.67,0.096,83.6,186.8,30.3,78.5,10.9,9.79,10,1
9.45,10.02,0.39,5.51,-0.017,53.4,223.3,31.2,57.1,42.9,9.03,5,0
32.89,27.85,1.37,0.17,-0.079,55.6,97.1,24.0,82.4,24.4,11.95,12,0
39.57,29.3,1.65,7.35,0.071,65.8,124.9,29.2,65.0,14.4,14.23,2,0
123.93,180.2,5.16,4.69,0.07,95.0,31.9,26.1,87.0,24.5,6.45,9,1
9.86,7.34,0.41,2.96,-0.008,46.4,306.9,27.9,55.5,13.1,13.93,9,0
46.08,35.49,1.92,6.83,0.047,74.2,270.5,21.3,86.0,24.4,8.01,12,0
72.89,105.33,3.04,7.66,0.137,73.6,32.0,21.3,67.8,14.3,12.07,8,1
60.41,47.83,2.52,4.05,0.068,65.4,108.1,30.1,76.8,22.5,4.21,12,0
16.46,12.29,0.69,7.15,0.046,60.2,152.8,31.9,76.0,36.9,2.03,10,1
132.47,120.66,5.52,8.46,0.079,91.5,369.7,28.2,78.8,35.9,10.58,7,2
27.14,29.67,1.13,5.18,0.015,68.1,79.7,26.8,76.4,17.7,2.02,7,0
89.49,94.05,3.73,7.42,0.026,84.3,171.0,27.5,93.4,15.5,6.77,7,1
166.54,189.22,6.94,11.04,0.195,95.0,283.9,30.5,95.0,32.6,7.44,9,2
327.88,266.2,13.66,13.27,0.37,95.0,91.5,27.6,95.0,25.7,4.33,8,2
92.17,117.26,3.84,10.27,0.105,79.8,317.9,29.4,87.2,19.7,9.05,9,1
24.87,34.52,1.04,4.06,-0.037,64.2,236.2,29.0,57.5,27.1,24.41,12,0
61.86,83.37,2.58,7.47,0.022,74.0,310.8,29.6,64.8,40.2,6.31,4,1
310.15,399.99,12.92,14.21,0.31,95.0,209.0,25.3,95.0,25.9,12.84,8,2
35.05,33.74,1.46,6.1,0.054,68.2,143.6,29.0,60.3,44.8,4.86,2,0
297.46,442.34,12.39,8.63,0.168,95.0,115.9,27.4,95.0,24.8,9.32,8,2
28.41,23.51,1.18,3.96,-0.045,51.4,239.0,28.5,81.8,49.1,12.11,12,0
98.49,109.7,4.1,6.35,0.133,84.5,304.0,29.7,74.2,6.6,5.45,2,1
155.06,150.91,6.46,6.02,0.09,92.7,193.9,32.3,95.0,33.5,7.67,8,1
58.53,84.33,2.44,3.14,0.021,74.6,152.9,34.8,90.6,39.8,9.97,7,0
41.61,59.91,1.73,3.68,0.025,61.4,180.6,29.7,59.5,12.6,7.81,3,0
39.14,32.54,1.63,9.72,0.093,57.6,146.7,23.5,80.6,22.9,10.27,5,0
25.33,31.08,1.06,5.14,0.042,55.7,101.0,26.1,75.1,22.4,6.16,4,0
38.57,28.61,1.61,2.43,-0.007,66.3,350.2,33.7,79.7,32.6,5.69,3,0
44.87,66.71,1.87,1.95,-0.009,56.3,178.8,31.6,72.2,22.2,11.26,5,0
39.85,31.04,1.66,5.9,0.022,56.7,144.5,26.6,60.9,12.4,10.26,2,0
185.65,277.47,7.74,8.15,0.15,95.0,116.3,22.8,91.8,16.8,17.65,9,2
224.7,278.01,9.36,7.03,0.172,95.0,365.1,27.5,95.0,12.4,5.29,6,2
26.16,29.89,1.09,3.46,0.028,66.8,145.6,19.4,71.8,29.0,6.53,6,0
61.84,75.67,2.58,6.1,0.045,66.4,218.4,35.1,90.4,18.9,4.42,11,0
162.12,216.92,6.75,6.45,0.101,95.0,312.2,25.1,91.8,21.0,2.1,9,2
30.65,30.98,1.28,7.66,-0.004,57.9,205.0,30.6,79.2,27.7,10.09,3,0
228.64,239.84,9.53,7.94,0.183,95.0,248.9,26.1,95.0,23.7,10.29,9,2
79.22,57.96,3.3,5.09,0.1,69.5,126.0,31.9,80.1,26.5,4.81,4,0
52.34,37.12,2.18,6.43,0.055,68.8,49.9,25.1,75.4,26.4,7.61,10,1
27.96,22.14,1.16,4.69,-0.039,65.9,162.6,22.9,73.3,6.5,12.41,5,0
25.94,19.87,1.08,6.88,-0.011,64.7,214.1,28.7,60.3,22.2,0.81,3,1
31.65,39.54,1.32,5.47,0.09,58.0,82.3,21.5,56.4,31.4,16.11,10,0
48.83,52.34,2.03,8.93,0.078,59.9,296.0,24.9,74.9,26.0,10.23,7,0
31.37,38.62,1.31,2.79,0.017,55.0,207.3,29.0,80.4,15.4,3.79,2,0
53.6,79.1,2.23,5.17,0.061,76.5,222.4,25.8,89.9,21.2,6.27,5,1
37.0,55.22,1.54,8.28,0.041,61.6,88.5,34.5,83.9,16.4,9.27,4,0
97.08,73.0,4.04,6.5,0.088,80.9,187.6,28.2,75.9,28.8,12.76,7,1
124.18,132.82,5.17,11.33,0.164,89.3,101.6,24.7,88.7,36.2,3.87,9,2
62.19,72.19,2.59,2.98,0.04,79.4,192.0,23.7,70.9,26.1,14.99,11,0
44.6,43.16,1.86,4.56,-0.063,72.0,182.7,22.4,73.6,28.5,11.04,1,0
54.02,48.38,2.25,9.45,0.084,73.3,235.4,31.5,72.8,33.1,9.35,4,1
52.54,67.25,2.19,5.07,0.088,66.7,84.3,32.4,63.9,34.4,8.31,8,0
25.28,24.87,1.05,3.05,0.029,54.4,247.3,28.0,61.5,22.8,2.53,2,0
114.55,89.57,4.77,9.24,0.141,94.9,205.6,22.2,79.1,20.5,11.54,7,2
31.1,45.36,1.3,6.98,0.072,51.3,168.6,23.6,80.1,13.6,8.99,5,0
64.51,83.44,2.69,8.02,0.072,74.1,232.8,20.8,87.0,18.0,13.95,10,1
50.37,50.09,2.1,4.73,0.058,60.9,273.1,29.4,78.7,13.3,5.2,4,0
74.53,108.42,3.11,4.85,0.018,75.6,294.0,28.3,75.4,52.0,20.77,3,0
34.8,45.59,1.45,5.77,0.047,59.1,297.7,30.6,86.7,10.9,18.02,1,0
117.9,149.17,4.91,5.54,-0.024,87.3,270.8,33.1,84.4,26.6,8.46,7,1
32.14,42.29,1.34,4.07,0.02,69.8,458.7,25.9,66.5,25.3,4.34,5,0
441.4,312.58,18.39,12.57,0.369,95.0,325.1,21.9,95.0,15.4,13.15,8,2
190.52,248.43,7.94,10.52,0.123,95.0,337.9,32.4,91.7,24.5,8.36,7,2
127.25,111.21,5.3,6.5,0.132,95.0,57.7,21.6,95.0,29.9,5.35,6,2
10.76,10.44,0.45,6.8,0.001,60.9,175.7,33.0,53.0,15.0,4.19,5,0
49.86,74.35,2.08,6.98,0.099,71.3,375.4,29.9,86.7,41.1,9.68,11,0
91.16,69.7,3.8,5.27,0.089,85.0,96.8,31.7,85.5,40.8,5.26,8,1
46.42,37.17,1.93,3.84,0.021,73.4,240.5,21.1,85.6,31.0,12.04,6,0
42.32,52.28,1.76,3.95,0.016,69.6,52.6,25.5,81.3,29.6,1.92,3,0
71.92,53.65,3.0,2.1,-0.03,79.6,213.0,24.3,72.6,13.1,5.71,4,0
149.93,173.95,6.25,6.42,0.034,93.8,251.0,32.6,95.0,27.2,3.15,6,1
20.53,24.71,0.86,4.91,0.038,53.8,321.2,31.2,68.0,21.4,3.7,11,0
42.77,44.72,1.78,7.95,0.058,64.1,256.4,32.0,87.0,23.2,1.96,1,1
92.75,106.76,3.86,11.22,0.134,80.7,208.2,32.1,82.3,19.2,12.0,6,1
76.13,98.33,3.17,6.57,0.067,73.6,359.8,26.7,88.1,33.3,6.28,6,1
93.52,74.04,3.9,6.61,0.078,89.7,153.8,27.8,75.9,13.7,5.13,4,1
51.08,53.3,2.13,8.96,0.087,69.8,148.6,26.7,65.3,9.4,5.05,12,1
59.22,77.52,2.47,2.42,-0.003,64.6,213.7,31.5,70.3,17.9,8.94,5,0
42.44,51.85,1.77,7.8,0.026,56.1,62.2,23.6,84.0,10.0,12.36,2,0
63.21,64.01,2.63,6.5,0.049,78.2,191.3,28.2,64.9,25.9,4.72,12,1
13.37,9.49,0.56,3.01,-0.03,46.5,348.0,27.2,73.0,19.2,11.96,1,0
39.26,57.16,1.64,6.23,0.064,62.5,156.0,33.1,86.3,36.1,3.99,3,0
39.54,32.01,1.65,2.36,-0.035,59.5,26.9,21.4,72.4,60.9,20.01,4,0
17.1,12.8,0.71,2.98,0.017,46.3,484.2,36.6,73.2,22.7,5.26,1,0
103.41,107.89,4.31,9.52,0.152,78.8,362.1,28.2,95.0,32.6,4.53,8,1
38.98,34.22,1.62,7.09,0.068,65.2,146.1,23.1,75.7,17.5,9.76,11,0
92.5,81.85,3.85,6.12,0.127,81.8,189.4,26.7,69.9,21.4,9.36,4,1
64.64,82.45,2.69,8.33,0.04,70.8,183.2,23.8,91.2,21.3,11.72,2,1
46.65,65.62,1.94,9.73,0.079,66.7,59.4,32.6,64.5,36.0,9.98,5,1
15.79,23.16,0.66,2.98,-0.026,47.8,158.6,25.5,56.8,33.6,7.58,10,0
66.38,96.91,2.77,4.28,0.083,67.3,276.8,31.9,76.6,17.6,8.89,4,0
51.51,77.21,2.15,9.18,0.069,68.6,159.7,30.2,76.5,21.2,13.6,11,1
58.12,85.26,2.42,7.5,0.114,60.7,354.5,29.7,77.4,16.5,5.18,7,1
38.02,46.16,1.58,3.16,-0.014,70.1,173.2,28.1,87.4,35.4,2.98,3,0
25.65,21.98,1.07,9.69,0.082,62.8,397.3,30.2,81.2,25.6,9.86,12,0
42.55,51.86,1.77,3.17,0.042,68.7,168.5,36.5,62.7,23.7,5.66,11,0
36.27,44.25,1.51,8.71,0.109,62.6,136.3,30.2,60.2,11.0,3.88,9,0
386.86,343.34,16.12,12.92,0.356,95.0,92.1,27.6,95.0,27.3,11.29,9,2
164.77,234.45,6.87,8.97,0.093,95.0,155.0,26.2,90.8,22.4,11.67,9,2
130.17,167.71,5.42,7.03,0.072,95.0,257.2,26.1,86.2,28.3,4.95,1,2
43.78,32.59,1.82,6.93,-0.007,62.3,140.2,28.7,69.5,11.7,9.72,10,0
245.68,349.28,10.24,11.05,0.205,95.0,187.9,30.0,95.0,21.2,12.23,9,2
105.31,130.79,4.39,9.92,0.08,91.5,335.9,25.1,73.7,22.5,10.38,8,2
47.84,49.36,1.99,4.03,0.017,59.0,113.8,30.5,71.1,21.9,6.21,5,0
73.07,103.85,3.04,7.14,0.078,72.7,239.8,16.3,82.9,60.9,6.36,6,1
46.83,46.71,1.95,10.08,0.156,69.9,211.9,28.0,74.6,19.7,3.75,12,1
9.34,7.13,0.39,7.56,0.007,53.7,50.1,30.3,75.4,24.9,13.07,11,1
69.08,53.1,2.88,3.6,-0.015,78.5,73.8,19.3,79.2,15.2,12.62,4,0
67.46,59.24,2.81,8.15,0.055,69.6,302.8,31.9,84.0,31.4,3.96,8,1
37.52,36.36,1.56,6.91,0.034,69.6,302.4,37.6,76.2,39.6,4.8,12,0
24.3,18.46,1.01,3.02,0.004,50.6,303.1,31.5,84.0,16.8,3.95,12,0
54.21,62.26,2.26,7.17,-0.013,64.9,114.9,29.3,80.4,15.4,12.84,11,1
35.55,47.76,1.48,6.35,-0.041,71.8,228.5,29.4,57.4,20.3,11.97,6,0
11.5,14.42,0.48,3.58,0.016,54.2,300.0,25.8,53.5,52.8,10.69,3,0
5.52,4.57,0.23,4.54,-0.001,53.1,31.7,24.1,55.1,15.7,2.42,3,0
18.71,26.27,0.78,5.03,0.015,60.1,158.8,31.1,57.3,10.0,5.08,11,0
44.79,48.84,1.87,7.89,0.065,60.7,251.5,24.5,62.1,22.6,3.68,9,0
166.54,185.23,6.94,6.59,0.169,95.0,238.0,30.1,88.2,12.0,6.16,8,1
154.05,193.28,6.42,6.38,0.131,95.0,713.1,25.3,95.0,13.4,10.93,9,1
18.96,24.59,0.79,1.87,-0.049,62.3,317.5,31.1,78.1,12.4,5.44,5,0
155.29,178.95,6.47,7.19,0.034,95.0,107.3,22.7,90.6,10.0,20.6,8,2
47.69,69.68,1.99,3.93,0.052,58.8,136.9,32.7,75.6,23.2,6.33,2,0
43.13,58.53,1.8,6.32,0.089,64.2,338.3,25.7,58.7,12.2,6.72,3,0
51.71,44.59,2.15,5.96,0.058,57.6,477.5,35.5,88.0,15.9,7.26,4,0
157.35,189.23,6.56,11.12,0.134,93.2,168.7,27.9,90.7,24.6,6.4,6,2
30.72,32.91,1.28,1.14,-0.055,52.7,73.4,30.4,56.9,37.2,3.05,4,0
46.85,45.14,1.95,5.0,0.023,74.9,74.9,31.4,81.3,11.3,9.94,5,0
114.88,128.99,4.79,7.6,0.06,86.6,158.7,33.9,93.9,37.5,10.76,7,2
154.25,152.19,6.43,7.23,0.136,95.0,137.2,24.7,93.6,21.9,4.92,9,2
30.41,21.39,1.27,5.3,0.014,58.7,217.3,30.4,73.8,32.4,8.49,11,0
33.01,30.38,1.38,4.91,0.117,59.5,187.2,33.8,71.9,11.7,4.44,3,0
57.3,53.63,2.39,6.32,0.024,60.4,243.8,25.5,72.1,30.1,6.6,3,0
23.33,34.91,0.97,8.21,0.034,54.1,336.1,20.7,69.6,27.8,9.49,5,0
42.21,51.85,1.76,8.6,0.041,58.8,339.6,22.6,65.4,11.2,14.3,1,0
47.9,71.5,2.0,6.87,0.061,70.0,44.5,29.5,68.8,13.8,0.81,11,1
37.53,30.57,1.56,6.57,0.108,64.3,136.6,33.7,84.9,30.8,10.66,7,0
48.48,57.99,2.02,6.97,0.031,64.8,73.0,25.3,74.5,24.4,4.43,1,0
28.61,41.2,1.19,3.52,0.002,54.9,250.6,31.7,79.7,37.0,4.15,3,0
119.53,171.4,4.98,6.0,0.088,82.5,33.1,27.2,95.0,37.0,5.25,7,1
84.76,76.92,3.53,3.75,0.051,78.4,100.8,27.0,78.6,23.9,7.02,3,0
204.34,208.78,8.51,11.85,0.205,95.0,145.2,25.5,95.0,49.7,8.16,8,2
21.26,26.66,0.89,3.31,-0.003,55.9,156.9,29.5,72.1,27.5,10.82,3,0
40.05,34.26,1.67,7.15,0.042,58.8,240.0,26.5,74.5,36.5,9.41,11,0
97.75,73.9,4.07,5.68,0.086,87.6,189.1,23.2,95.0,16.3,10.73,3,1
182.27,140.64,7.59,8.51,0.148,95.0,167.6,27.2,95.0,25.0,4.4,8,2
51.86,67.72,2.16,3.32,-0.002,58.7,183.4,34.5,66.1,24.2,9.97,1,0
381.36,370.82,15.89,9.83,0.298,95.0,163.1,28.0,95.0,21.2,5.51,7,2
29.12,41.23,1.21,3.5,0.051,63.9,55.9,25.0,61.7,29.0,9.34,12,0
66.4,99.32,2.77,8.89,0.086,80.2,519.3,29.2,65.5,10.4,7.89,5,1
140.07,162.07,5.84,7.38,0.197,95.0,73.4,30.9,84.1,20.4,4.36,8,2
171.48,153.13,7.15,10.26,0.145,95.0,112.5,24.6,95.0,23.6,9.29,9,2
100.67,79.95,4.19,10.29,0.109,83.5,231.2,32.9,87.4,38.7,14.26,6,2
60.49,76.31,2.52,4.87,-0.022,69.4,86.0,31.6,91.0,23.6,13.13,11,0
42.81,51.06,1.78,7.94,0.012,64.0,344.8,23.8,76.5,41.8,21.22,5,0
47.98,58.61,2.0,7.59,0.083,57.6,60.1,27.9,65.3,22.2,5.98,1,0
70.53,99.31,2.94,3.89,0.008,74.0,166.2,34.5,82.3,25.0,4.35,2,0
16.25,22.7,0.68,1.5,-0.027,64.0,294.0,25.7,60.3,11.2,15.98,10,0
249.85,280.85,10.41,5.61,0.144,95.0,350.3,27.6,95.0,21.6,10.69,9,2
46.55,43.17,1.94,8.59,0.079,59.4,43.9,34.7,84.3,23.7,4.61,12,1
162.15,129.28,6.76,5.04,0.126,95.0,187.1,31.4,89.6,36.7,4.77,7,1
46.02,64.56,1.92,6.48,0.031,58.4,157.1,30.7,68.0,13.5,3.56,3,0
51.47,51.74,2.14,7.29,0.014,69.5,197.4,20.3,85.5,31.5,7.88,5,1
22.34,26.3,0.93,2.57,-0.065,55.5,295.7,26.3,62.7,14.2,25.77,7,0
145.63,134.36,6.07,7.94,0.147,95.0,175.9,30.8,95.0,26.3,9.0,8,2
64.8,53.48,2.7,8.7,0.102,63.2,251.3,28.5,81.2,22.5,4.07,2,1
57.7,75.55,2.4,2.72,-0.053,62.0,223.0,28.3,72.6,21.0,7.33,10,0
57.99,53.85,2.42,4.43,0.071,71.5,158.4,33.8,85.6,23.6,8.25,10,0
38.02,32.84,1.58,7.9,0.017,64.6,57.4,28.7,82.5,17.6,9.45,11,1
155.65,123.19,6.49,7.47,0.078,95.0,440.7,26.4,95.0,14.3,8.99,8,2
54.34,56.13,2.26,5.89,-0.035,69.3,259.8,21.0,77.8,13.8,9.41,6,0
14.12,11.9,0.59,5.72,-0.008,56.3,216.8,31.4,79.3,20.7,2.88,4,0
53.62,70.13,2.23,4.6,0.056,60.1,180.2,22.5,68.1,22.4,7.94,4,0
44.37,64.71,1.85,7.35,-0.0,71.0,204.5,21.3,74.3,6.7,13.43,3,1
44.71,54.66,1.86,6.11,0.088,64.5,116.7,20.2,68.6,22.3,8.19,12,0
38.75,29.95,1.61,4.48,0.067,70.1,480.2,28.1,76.4,17.1,9.82,2,0
37.87,30.4,1.58,4.57,0.017,70.4,101.7,25.8,63.6,14.2,3.06,10,0
47.95,41.26,2.0,4.97,0.038,72.7,112.7,32.6,66.5,35.5,12.14,1,0
124.22,164.8,5.18,4.69,0.079,95.0,309.6,36.0,95.0,13.4,1.22,7,1
47.31,42.61,1.97,5.16,0.087,64.0,220.6,34.5,68.2,19.4,15.64,7,0
155.45,230.3,6.48,11.02,0.129,95.0,177.0,30.9,95.0,12.3,5.22,7,2
69.05,64.3,2.88,7.82,0.11,63.7,148.6,29.3,83.7,34.5,7.81,2,1
49.83,62.14,2.08,3.66,0.044,72.5,213.5,25.6,70.8,22.3,7.15,5,0
45.18,50.45,1.88,6.96,0.035,63.9,257.8,25.6,71.1,26.0,7.51,1,0
27.19,37.75,1.13,6.76,0.07,58.9,140.7,28.4,70.3,51.4,4.93,11,0
108.82,156.55,4.53,7.8,0.073,81.3,89.9,26.5,95.0,38.0,8.69,8,1
17.25,25.58,0.72,4.8,0.007,63.4,234.4,14.5,81.4,47.8,2.26,12,0
114.87,121.24,4.79,6.51,0.062,83.6,151.7,31.9,74.7,23.8,14.66,9,1
142.84,107.24,5.95,8.17,0.182,95.0,170.2,33.0,93.2,10.6,6.82,8,2
35.32,28.64,1.47,4.26,0.048,63.6,211.9,28.1,76.5,19.1,8.48,9,0
14.69,14.87,0.61,4.2,0.03,54.3,301.8,21.9,78.4,16.3,9.27,4,0
55.44,76.3,2.31,8.05,0.007,64.1,305.2,34.0,71.0,27.3,11.83,4,1
127.27,180.78,5.3,7.44,0.089,92.8,161.5,21.6,95.0,26.9,4.69,7,2
38.45,27.06,1.6,7.84,0.092,63.7,175.8,17.9,85.8,19.6,5.5,4,0
53.71,48.79,2.24,4.62,0.056,73.2,446.6,32.0,66.3,18.5,15.62,6,0
31.03,40.15,1.29,5.92,0.037,68.6,306.4,23.3,70.3,23.4,2.75,1,0
495.19,560.92,20.63,13.42,0.357,95.0,248.8,32.6,95.0,17.8,6.12,6,2
47.78,39.91,1.99,6.7,0.007,66.0,203.4,29.6,83.0,19.0,7.15,4,0
262.08,260.57,10.92,11.95,0.243,95.0,63.9,37.7,95.0,22.9,4.51,9,2
39.14,27.45,1.63,5.74,0.062,68.0,159.6,26.4,58.3,11.0,6.55,6,0
55.54,51.4,2.31,6.9,0.057,72.5,110.5,28.1,83.9,12.8,4.99,10,1
56.9,83.26,2.37,8.22,0.024,69.6,84.7,30.5,90.5,32.7,3.72,5,1
279.31,402.91,11.64,10.96,0.29,95.0,242.8,32.5,95.0,12.7,8.82,8,2
18.8,18.05,0.78,8.32,0.03,51.3,167.2,27.4,80.2,23.8,9.56,4,0
233.27,198.66,9.72,6.84,0.198,95.0,332.8,27.2,95.0,23.6,9.34,9,2
134.5,165.8,5.6,6.33,0.135,86.9,156.0,15.7,90.0,38.0,5.95,9,1
35.7,34.2,1.49,8.02,0.02,52.7,68.9,31.7,76.2,15.5,9.03,4,0
4.71,7.0,0.2,8.0,0.01,57.0,156.8,28.1,80.8,27.1,8.1,11,0
128.69,154.84,5.36,7.54,0.101,89.6,231.4,29.5,95.0,22.6,14.07,10,2
143.79,111.56,5.99,9.3,0.085,90.8,245.4,35.1,80.7,14.3,8.2,7,2
207.15,281.77,8.63,9.34,0.169,95.0,158.4,36.3,95.0,25.2,4.93,9,2
57.56,72.98,2.4,8.2,0.055,60.6,273.1,27.5,88.7,22.6,7.48,5,1
37.13,35.04,1.55,7.62,0.039,71.8,22.3,29.5,60.6,25.2,15.76,1,1
140.01,192.55,5.83,6.14,0.118,90.7,199.9,22.5,95.0,96.2,9.68,9,1
46.04,64.31,1.92,3.34,0.051,67.7,322.6,24.3,66.1,9.1,11.46,10,0
39.48,45.96,1.64,5.26,-0.023,65.4,72.3,23.7,65.2,10.1,1.32,4,0
23.1,33.04,0.96,7.68,0.039,54.3,206.4,27.1,74.6,17.8,11.05,1,0
6.46,8.53,0.27,5.36,-0.049,56.9,159.5,29.9,70.1,40.1,11.69,5,0
22.84,25.77,0.95,7.68,0.009,63.7,162.0,23.5,70.0,34.4,4.31,12,0
26.35,24.22,1.1,3.99,0.039,54.1,113.5,27.6,67.3,20.4,10.48,10,0
34.57,28.1,1.44,7.75,0.096,59.4,343.8,31.6,84.8,27.9,8.13,10,0
66.91,47.73,2.79,4.0,0.039,74.0,107.1,22.2,67.7,16.9,6.77,1,0
64.87,75.23,2.7,3.33,0.024,67.8,186.3,34.6,72.2,16.6,3.45,2,0
123.66,162.94,5.15,6.84,0.133,84.5,132.1,28.7,82.0,14.2,6.98,3,1
36.88,47.11,1.54,3.7,0.028,63.9,286.3,26.4,77.9,56.3,4.38,3,0
135.57,122.33,5.65,8.5,0.068,88.5,177.0,29.1,95.0,38.5,1.99,7,2
23.95,22.61,1.0,4.5,0.005,48.2,148.2,32.5,60.2,9.9,18.37,2,0
6.48,7.32,0.27,3.36,-0.005,47.6,267.6,25.1,79.3,29.6,4.44,4,0
125.02,145.7,5.21,6.28,0.149,92.6,86.5,32.2,95.0,10.4,5.19,7,1
0.71,0.84,0.03,7.45,0.03,47.5,226.8,30.8,55.1,20.0,4.83,2,0
22.96,23.69,0.96,5.17,0.024,63.9,332.8,17.5,58.2,25.0,8.42,3,0
40.23,57.54,1.68,6.35,0.059,69.3,194.6,31.7,68.4,44.8,11.7,4,0
62.24,63.19,2.59,2.27,0.003,65.7,253.1,29.9,70.9,12.3,4.39,4,0
47.63,55.66,1.98,5.83,0.084,75.8,298.2,29.8,87.7,12.0,7.62,3,0
13.57,19.0,0.57,4.42,-0.039,50.3,134.8,22.8,72.9,18.4,10.23,5,0
53.91,49.97,2.25,10.69,0.133,63.3,192.2,25.9,78.2,35.2,8.2,3,1
24.02,18.47,1.0,5.92,0.056,48.5,169.8,28.2,84.2,26.2,10.49,2,0
114.81,147.72,4.78,10.63,0.126,84.8,281.9,26.9,73.5,54.2,3.99,5,2
46.21,48.04,1.93,2.87,0.018,74.4,195.0,26.4,77.2,37.5,9.13,6,0
79.22,100.61,3.3,6.36,0.077,84.3,350.4,23.2,81.1,15.0,4.78,3,1
31.3,42.74,1.3,8.14,0.085,65.4,262.7,32.8,64.1,24.8,10.32,2,0
42.1,41.07,1.75,5.99,-0.021,73.7,216.3,22.3,88.2,17.4,4.78,11,0
91.84,109.7,3.83,3.65,0.056,84.0,299.0,29.2,89.2,25.9,16.61,1,0
24.04,20.65,1.0,6.84,-0.008,57.9,100.0,29.4,77.7,13.0,8.81,5,0
47.26,37.2,1.97,3.69,0.047,57.8,394.5,30.1,78.2,15.5,5.19,4,0
123.91,125.84,5.16,4.88,0.08,90.6,318.1,28.2,78.4,41.2,10.68,6,1
33.53,44.38,1.4,5.35,0.073,66.6,554.0,26.3,59.5,19.3,9.88,3,0
25.07,19.86,1.04,4.78,0.081,52.6,238.4,34.3,74.6,25.0,1.26,10,0
156.29,206.81,6.51,9.59,0.124,95.0,185.4,32.6,95.0,23.7,8.86,7,2
66.07,91.2,2.75,8.87,0.041,63.0,284.8,28.7,75.1,32.9,8.53,2,1
39.52,34.25,1.65,2.9,0.034,56.2,278.6,25.1,82.8,14.1,2.67,10,0
90.98,116.91,3.79,7.92,0.063,71.7,41.0,25.9,95.0,17.0,9.15,10,1
167.38,230.62,6.97,5.54,0.141,95.0,244.0,28.3,86.1,10.6,8.45,8,1
36.24,47.12,1.51,3.14,-0.042,71.8,422.7,29.6,73.3,19.2,9.11,1,0
53.2,40.71,2.22,6.74,0.081,71.0,45.5,30.3,89.5,19.4,3.98,12,1
167.13,162.97,6.96,8.75,0.175,95.0,154.2,24.9,86.7,13.4,4.4,1,2
72.97,69.02,3.04,6.61,0.076,72.2,205.8,29.9,73.2,19.4,7.03,4,1
108.85,116.19,4.54,8.43,0.098,82.1,208.8,28.2,94.8,20.4,11.48,9,1
38.83,37.48,1.62,6.38,0.018,53.5,119.8,27.1,87.3,16.6,5.69,1,0
30.8,46.0,1.28,7.33,0.078,53.9,208.0,22.1,72.5,39.0,4.27,3,0
38.58,57.2,1.61,8.27,0.012,62.8,241.4,33.6,58.1,30.6,8.46,1,0
45.65,51.65,1.9,4.63,-0.022,69.3,212.2,26.3,67.9,20.4,11.03,2,0
47.98,68.27,2.0,5.48,0.01,68.0,154.6,34.7,62.7,11.3,8.57,4,0
186.89,238.23,7.79,9.6,0.224,95.0,219.9,32.7,87.8,30.6,2.57,7,2
16.11,15.43,0.67,6.68,0.064,50.3,107.4,31.1,76.6,48.4,11.35,12,0
56.4,49.5,2.35,4.96,0.075,74.6,182.1,31.8,89.3,12.6,3.95,4,0
34.15,44.19,1.42,8.49,0.046,61.7,145.7,25.3,84.6,30.7,8.22,11,0
25.99,21.98,1.08,5.79,0.009,50.6,88.7,35.6,84.1,16.9,11.45,5,0
25.39,28.51,1.06,2.97,0.03,57.0,128.2,27.6,72.9,23.8,5.5,12,0
3.58,2.8,0.15,1.13,-0.058,58.4,201.2,29.0,58.0,24.3,6.71,5,0
29.23,30.77,1.22,4.94,0.025,52.3,299.0,25.5,84.1,24.7,15.17,5,0
9.35,13.29,0.39,6.06,0.049,60.8,140.7,24.0,66.6,20.7,6.86,1,0
27.24,23.82,1.13,3.1,-0.023,50.7,95.6,33.8,57.3,22.7,11.85,12,0
129.36,155.81,5.39,5.79,0.115,95.0,416.9,23.1,95.0,25.6,5.95,6,1
35.13,41.68,1.46,8.34,0.022,56.6,341.2,28.9,74.7,18.2,5.13,2,0
52.18,49.14,2.17,5.77,0.012,62.2,226.8,31.7,74.5,27.8,7.46,12,0
52.66,63.41,2.19,6.62,0.074,68.9,357.2,29.0,61.7,20.1,9.61,10,0
39.6,58.19,1.65,4.93,0.051,67.2,117.1,34.0,64.6,29.1,6.43,10,0
40.69,60.88,1.7,9.16,0.061,61.4,126.8,26.4,61.9,32.9,21.08,5,0
48.1,36.59,2.0,7.59,0.032,74.4,138.1,21.7,72.4,21.3,10.25,12,1
15.47,12.9,0.64,9.58,0.086,46.8,288.2,26.6,81.3,16.4,7.07,1,0
44.86,53.71,1.87,8.58,0.035,57.0,83.9,26.7,63.8,28.6,9.48,3,0
188.3,172.38,7.85,12.52,0.223,95.0,196.4,34.7,91.5,16.9,8.3,7,2
290.59,345.26,12.11,11.58,0.275,95.0,116.4,34.1,95.0,22.5,16.7,9,2
37.06,54.23,1.54,7.28,0.025,57.0,432.8,28.3,60.0,16.8,10.0,1,0
50.59,52.01,2.11,3.12,0.016,59.4,168.5,34.6,76.8,19.9,4.89,3,0
254.73,287.86,10.61,8.4,0.2,95.0,140.8,27.4,95.0,17.0,4.39,7,2
55.06,38.72,2.29,6.17,0.124,68.1,204.6,27.9,87.8,25.3,9.18,5,0
60.42,61.98,2.52,6.03,0.06,65.1,74.2,30.0,81.8,13.7,3.6,10,0
55.12,65.54,2.3,4.82,0.113,59.5,150.7,28.5,83.5,23.5,14.26,1,0
71.12,103.5,2.96,4.66,0.096,82.6,180.2,31.8,74.7,34.0,6.67,4,0
77.2,85.44,3.22,6.86,0.038,69.1,184.1,30.0,81.7,27.7,9.01,6,0
135.82,158.4,5.66,11.18,0.177,87.4,164.1,31.6,95.0,31.9,2.97,9,2
88.98,120.45,3.71,5.72,0.096,82.9,225.1,29.4,78.7,23.9,13.75,6,1
151.0,155.04,6.29,9.32,0.165,95.0,343.1,27.2,95.0,11.2,12.58,1,2
51.63,64.54,2.15,8.65,0.093,70.1,213.7,23.8,71.4,18.3,4.94,4,1
189.21,201.86,7.88,8.9,0.126,95.0,108.4,31.0,95.0,14.5,6.26,7,2
36.17,41.97,1.51,6.16,0.032,52.4,397.5,37.7,80.3,55.3,5.0,1,0
44.97,32.96,1.87,3.9,-0.018,66.8,198.4,31.6,64.1,23.2,9.41,4,0
333.86,476.42,13.91,12.97,0.272,95.0,513.1,24.2,95.0,29.8,10.55,9,2
88.52,124.55,3.69,8.14,0.12,86.6,190.8,27.9,94.7,18.7,9.67,8,1
383.2,547.85,15.97,12.43,0.338,95.0,175.6,23.0,95.0,11.6,5.87,9,2
49.0,58.78,2.04,3.94,0.043,61.0,92.4,25.5,62.1,26.8,8.91,1,0
59.23,68.76,2.47,6.84,0.09,65.4,103.6,29.9,91.6,25.7,5.31,5,0
81.58,100.1,3.4,5.41,0.023,73.9,181.2,22.4,95.0,20.8,5.08,2,1
23.2,29.94,0.97,7.24,-0.008,61.7,529.6,25.9,66.2,35.7,5.49,1,0
28.7,21.95,1.2,2.25,-0.024,55.1,117.1,28.8,75.6,8.8,9.93,4,0
71.98,85.11,3.0,7.27,0.016,72.6,158.8,25.1,88.3,18.7,7.67,5,1
199.3,182.29,8.3,8.18,0.173,95.0,172.0,29.0,95.0,11.4,9.23,9,2
16.43,14.75,0.68,8.93,0.068,58.8,197.0,22.0,64.2,54.3,5.85,12,0
79.56,103.88,3.32,3.68,0.012,80.8,259.8,29.5,70.5,8.8,2.71,8,1
60.17,62.23,2.51,6.41,0.051,71.5,749.0,29.0,76.5,34.0,8.19,4,1
66.91,61.84,2.79,7.13,0.014,82.2,168.3,27.2,89.6,21.9,14.58,1,1
53.12,60.45,2.21,8.81,0.062,72.8,19.1,35.0,67.7,49.1,4.92,12,2
22.63,21.91,0.94,8.5,0.096,59.4,173.6,17.0,74.6,16.4,10.35,5,0
111.46,147.53,4.64,7.26,0.081,92.3,146.6,22.9,78.9,16.5,13.06,6,2
59.32,87.84,2.47,8.17,0.05,74.0,159.0,22.2,88.1,19.7,4.84,12,1
43.48,31.42,1.81,2.19,-0.015,59.1,49.2,29.4,73.7,19.0,7.27,12,0
34.11,32.45,1.42,5.52,0.117,55.6,149.4,20.6,63.5,22.4,9.81,10,0
38.62,53.44,1.61,6.45,0.003,62.0,523.2,26.6,83.2,22.0,11.05,1,0
312.47,220.05,13.02,12.65,0.259,95.0,242.2,34.9,95.0,19.5,7.78,8,2
47.36,49.34,1.97,6.97,-0.018,59.0,219.0,27.2,85.8,33.9,25.62,3,0
65.26,62.3,2.72,5.67,0.118,69.0,209.4,23.7,66.6,23.0,8.18,7,0
183.44,134.09,7.64,10.51,0.156,95.0,421.5,22.0,87.2,23.6,3.78,7,2
48.72,52.32,2.03,2.41,-0.022,71.0,118.2,27.2,85.8,15.9,1.07,9,0
27.69,20.9,1.15,4.58,0.003,67.1,536.1,25.3,59.8,23.5,9.7,2,0
81.61,98.52,3.4,7.86,0.059,67.4,171.4,28.1,93.9,25.7,6.1,1,1
135.32,195.62,5.64,7.7,0.123,94.6,129.5,27.4,90.1,23.0,8.55,6,2
39.33,54.81,1.64,4.8,0.057,65.5,87.5,23.9,71.4,32.1,8.17,3,0
137.81,128.51,5.74,6.35,0.105,89.2,109.8,33.6,91.7,16.4,8.58,7,1
17.44,23.23,0.73,5.87,0.088,65.7,125.9,18.7,72.5,9.8,3.42,3,0
154.42,165.78,6.43,5.82,0.111,95.0,55.5,26.0,85.6,11.5,10.48,6,2
48.81,41.34,2.03,4.57,0.02,58.5,188.7,29.8,67.6,13.0,3.49,6,0
29.63,38.85,1.23,5.9,0.019,58.6,232.5,28.5,75.5,19.7,11.0,12,0
43.31,62.69,1.8,4.28,0.035,56.7,97.2,30.8,65.9,35.2,13.67,4,0
315.4,251.11,13.14,10.34,0.211,95.0,266.8,29.0,95.0,26.7,7.31,8,2
51.27,63.97,2.14,8.29,0.112,73.7,252.1,25.9,73.3,16.4,4.62,12,1
22.17,25.38,0.92,5.84,-0.057,59.0,182.8,22.2,62.6,50.7,9.18,10,0
22.43,19.76,0.93,6.48,-0.026,51.4,381.8,22.9,81.5,24.6,10.32,12,0
130.11,171.39,5.42,7.13,0.14,87.9,139.7,25.7,95.0,15.7,5.7,6,2
132.3,173.39,5.51,8.37,0.083,85.3,217.1,31.1,76.6,12.9,7.29,9,2
80.61,105.15,3.36,3.72,0.011,72.5,222.2,28.4,93.9,28.3,3.62,5,0
103.04,137.32,4.29,5.82,0.119,83.0,156.2,25.2,78.9,14.6,5.65,9,1
55.35,82.92,2.31,8.93,0.117,73.9,159.9,30.4,72.1,24.1,4.88,12,1
300.01,379.13,12.5,11.09,0.168,95.0,157.9,29.8,95.0,25.8,15.54,8,2
54.15,62.48,2.26,4.44,0.047,69.0,170.5,23.8,77.2,23.1,2.09,3,0
61.14,49.28,2.55,4.89,0.081,73.2,434.2,29.6,71.4,11.7,6.89,11,0
21.53,21.25,0.9,4.95,0.02,61.8,100.2,33.0,55.3,23.6,9.58,3,0
16.97,23.25,0.71,6.0,-0.053,47.6,231.2,29.0,75.3,10.9,5.0,5,0
184.48,160.31,7.69,13.2,0.268,95.0,91.3,21.7,95.0,17.2,4.28,7,2
64.51,88.49,2.69,4.53,0.042,80.9,124.4,26.7,89.9,15.3,9.77,12,0
19.06,23.3,0.79,5.86,0.011,54.3,45.9,26.7,64.6,27.0,9.18,4,0
30.13,25.36,1.26,9.25,0.067,64.3,344.5,25.5,61.1,28.3,11.96,11,0
21.05,19.86,0.88,9.01,0.043,55.7,221.2,28.9,67.0,46.4,6.63,2,0
45.96,49.61,1.92,5.24,0.049,73.7,210.5,26.4,69.5,7.0,6.33,1,0
59.69,55.6,2.49,6.67,0.013,78.0,206.6,30.9,79.5,18.1,3.42,1,1
154.93,109.02,6.46,7.16,0.053,93.5,77.4,24.4,82.2,7.8,12.83,7,2
29.06,28.94,1.21,6.95,0.005,64.1,217.5,20.2,70.9,45.6,7.65,2,0
88.24,125.91,3.68,5.58,0.068,70.9,269.5,31.6,87.4,37.7,1.86,9,1
35.92,50.55,1.5,6.11,0.097,63.9,432.5,29.6,74.0,31.1,9.79,12,0
33.62,29.55,1.4,5.88,0.002,62.4,224.2,26.0,60.1,19.1,10.27,1,0
74.98,90.86,3.12,2.66,0.027,66.9,103.8,24.2,77.8,43.5,17.25,3,0
132.27,143.51,5.51,9.59,0.139,95.0,126.0,24.7,95.0,21.3,0.84,6,2
29.88,25.47,1.24,8.69,0.074,58.3,191.6,33.8,85.1,38.2,9.39,10,0
34.26,38.19,1.43,6.98,0.097,66.9,152.5,30.0,70.4,46.0,2.69,10,0
9.48,8.02,0.4,3.99,-0.039,46.1,222.8,25.6,77.3,17.2,7.79,2,0
1.33,1.59,0.06,1.37,-0.032,51.2,164.1,29.9,75.7,29.8,3.96,5,0
26.37,36.24,1.1,7.7,-0.004,67.8,533.7,34.6,74.9,17.3,9.59,10,0
21.89,23.24,0.91,6.83,0.073,57.6,162.2,28.5,73.7,13.1,8.32,5,0
280.11,353.46,11.67,12.71,0.233,95.0,77.4,30.3,95.0,23.9,9.66,8,2
42.79,55.22,1.78,5.04,-0.038,66.2,270.5,24.6,86.3,24.8,4.7,3,0
67.51,75.24,2.81,5.33,0.037,63.6,306.2,29.8,73.4,30.9,18.72,3,0
114.41,129.58,4.77,9.92,0.099,91.7,29.3,23.6,86.8,34.5,10.95,8,2
11.4,12.04,0.47,7.02,0.013,55.7,328.3,26.3,63.0,28.5,5.67,2,0
32.78,24.31,1.37,5.85,0.065,52.0,187.4,25.8,79.4,25.1,11.17,4,0
16.87,23.82,0.7,8.27,0.039,60.8,124.2,27.0,64.7,24.6,18.35,2,0
163.43,200.01,6.81,11.09,0.152,95.0,171.6,27.3,95.0,26.4,7.9,9,2
179.79,254.37,7.49,8.66,0.169,95.0,230.7,28.3,90.9,20.0,5.11,6,2
55.75,52.29,2.32,2.36,-0.013,74.7,322.8,22.4,73.5,19.7,6.11,7,0
95.61,117.03,3.98,8.12,0.044,89.6,133.4,24.2,69.5,13.8,15.16,8,1
348.19,337.71,14.51,11.12,0.247,95.0,194.7,33.1,95.0,19.2,1.43,6,2
243.76,319.79,10.16,11.16,0.268,95.0,52.7,24.3,95.0,24.9,1.44,8,3
27.65,29.55,1.15,7.95,0.045,56.5,83.9,30.7,84.5,22.5,10.59,5,0
26.33,29.9,1.1,8.34,0.027,59.6,74.2,27.9,55.9,29.5,5.26,5,0
224.57,186.3,9.36,11.94,0.228,95.0,405.9,25.8,95.0,22.6,2.19,6,2
66.11,94.91,2.75,7.77,0.064,80.2,250.3,24.0,74.5,20.7,12.36,4,1
25.48,27.56,1.06,6.62,-0.026,54.0,105.4,25.3,66.3,17.7,7.5,4,0
39.36,58.16,1.64,6.21,0.151,55.9,346.8,30.2,77.8,40.2,7.72,5,0
12.72,13.42,0.53,11.15,0.133,58.1,504.0,25.3,55.5,16.9,4.14,5,1
7.56,7.44,0.32,1.51,-0.05,59.0,182.9,26.8,68.0,11.3,7.46,3,0
188.14,255.34,7.84,7.86,0.117,95.0,60.7,23.7,95.0,28.9,9.14,9,2
18.8,14.37,0.78,9.41,0.131,55.7,184.5,28.5,77.8,23.9,8.15,11,0
58.58,82.05,2.44,4.62,0.024,71.7,183.6,23.8,72.1,21.0,7.97,2,0
47.25,60.36,1.97,3.15,-0.011,66.4,109.6,27.3,65.2,25.3,8.92,5,0
78.36,117.42,3.27,8.74,0.06,76.8,176.9,24.9,67.7,22.9,4.62,5,1
37.82,48.69,1.58,6.92,0.015,53.4,229.4,27.3,80.5,22.3,2.68,10,0
60.13,89.21,2.51,5.72,0.047,61.0,156.4,25.0,86.7,27.4,8.12,11,0
78.09,74.78,3.25,6.3,0.104,82.7,162.6,25.6,95.0,25.3,5.4,12,1
29.58,36.64,1.23,6.96,0.004,61.2,179.4,32.7,67.1,23.8,11.24,10,0
53.59,68.58,2.23,7.74,0.097,71.5,223.9,24.5,86.8,24.1,7.6,12,1
26.1,33.42,1.09,6.6,0.072,52.8,633.7,28.8,77.8,40.2,10.0,2,0
5.58,5.29,0.23,4.89,0.086,53.4,331.3,38.7,61.3,10.9,7.94,3,0
27.48,34.88,1.14,6.89,0.02,67.0,149.5,26.9,58.5,20.3,3.69,1,0
166.54,126.98,6.94,8.61,0.131,95.0,63.1,35.6,95.0,35.9,1.96,7,2
55.26,69.51,2.3,8.78,0.056,67.9,143.2,29.2,66.6,22.7,8.39,3,1
188.58,239.27,7.86,9.64,0.212,95.0,138.0,27.1,95.0,40.4,10.94,6,2
183.54,273.59,7.65,10.58,0.206,95.0,99.3,24.7,95.0,12.1,7.24,9,2
161.79,133.25,6.74,8.78,0.054,95.0,241.2,23.5,95.0,45.0,2.92,7,2
34.9,36.47,1.45,8.33,0.086,51.9,187.0,29.7,59.7,11.1,8.87,3,0
53.67,64.13,2.24,6.12,0.07,60.2,216.2,28.2,65.1,10.4,11.65,1,0
51.37,64.94,2.14,4.86,0.061,60.9,646.5,26.6,78.6,90.1,7.33,3,0
63.47,70.51,2.64,4.23,0.025,78.1,112.3,24.2,80.5,29.8,5.72,12,0
49.41,55.01,2.06,3.24,0.05,64.5,287.0,26.4,60.5,18.8,11.68,10,0
16.6,16.87,0.69,7.39,-0.02,59.9,119.7,32.4,76.4,26.8,5.71,9,0
64.15,73.64,2.67,5.65,0.003,75.1,154.9,22.1,76.5,24.9,3.06,2,1
194.85,182.86,8.12,7.53,0.174,95.0,161.5,22.3,95.0,19.1,9.49,7,2
56.55,45.01,2.36,8.96,0.058,60.2,89.3,21.0,83.2,17.0,9.83,11,1
262.58,231.13,10.94,9.79,0.284,95.0,44.0,25.0,95.0,27.4,5.45,9,2
29.89,40.07,1.25,6.07,0.081,54.7,405.6,29.1,58.7,20.8,1.18,1,0
53.45,72.0,2.23,8.01,0.011,58.4,150.1,25.0,65.7,21.4,18.41,11,1
291.55,224.64,12.15,13.7,0.284,95.0,84.1,24.3,95.0,23.1,10.3,9,2
116.81,125.9,4.87,8.15,0.103,80.4,193.7,24.2,80.8,34.0,13.61,11,1
46.59,67.31,1.94,7.43,0.032,72.8,108.3,29.4,67.9,9.2,10.31,10,1
46.33,62.7,1.93,6.71,0.013,74.3,123.0,24.6,67.1,35.1,9.61,9,0
174.33,172.07,7.26,10.29,0.166,95.0,397.4,28.3,87.4,31.1,9.76,6,2
46.45,66.05,1.94,5.41,0.047,63.5,237.0,33.8,64.2,39.2,2.47,2,0
16.17,16.07,0.67,4.53,0.088,46.6,140.1,33.6,63.6,25.3,7.02,11,0
48.1,67.7,2.0,1.89,-0.019,67.7,139.5,32.2,63.0,26.0,6.11,10,0
28.58,37.08,1.19,4.92,0.019,58.3,117.0,36.3,59.2,19.0,7.93,2,0
56.23,66.13,2.34,3.65,0.043,70.5,439.5,27.2,62.3,37.1,10.39,12,0
59.84,55.63,2.49,9.72,0.129,69.1,340.9,25.3,67.1,21.5,9.35,5,1
17.38,19.69,0.72,8.24,0.043,54.8,192.8,30.5,54.4,19.1,11.84,3,0
88.94,122.06,3.71,6.23,0.081,81.2,39.1,29.4,93.5,20.6,6.25,6,1
49.19,62.51,2.05,4.48,0.067,67.8,54.0,29.4,74.7,43.6,7.81,9,0
13.93,18.88,0.58,7.03,0.009,49.7,208.9,29.4,76.6,17.7,10.5,10,0
7.84,5.82,0.33,3.56,-0.015,51.7,67.0,29.5,53.8,33.2,4.92,3,0
111.6,158.61,4.65,4.51,0.071,86.7,285.7,31.1,83.3,31.7,8.63,1,1
148.0,146.75,6.17,7.15,0.174,89.9,183.9,19.5,95.0,19.8,6.93,8,2
44.82,52.3,1.87,4.77,0.095,62.4,378.7,32.2,72.2,31.6,9.67,10,0
42.69,56.87,1.78,5.13,0.037,65.9,375.1,36.1,77.7,18.3,4.69,11,0
373.68,468.61,15.57,11.09,0.324,95.0,347.3,30.9,95.0,19.3,8.44,9,2
95.46,142.31,3.98,8.25,0.021,86.9,161.3,32.7,95.0,22.7,6.55,12,1
24.96,20.41,1.04,9.45,0.069,57.6,122.7,27.5,73.9,21.8,5.51,9,0
198.33,254.18,8.26,11.65,0.204,95.0,433.2,17.1,94.2,25.4,6.51,9,2
10.48,10.89,0.44,9.77,0.115,61.0,180.1,25.6,62.8,55.9,8.36,12,0
21.96,27.01,0.91,8.37,0.067,59.5,103.8,30.3,56.3,16.2,12.67,5,0
39.6,29.14,1.65,5.82,0.02,65.5,390.3,32.7,73.0,25.9,8.11,12,0
6.38,6.15,0.27,2.31,-0.08,42.8,49.0,26.1,60.1,14.8,4.21,5,0
49.68,41.84,2.07,2.36,0.007,57.8,244.1,20.6,61.6,14.0,9.31,11,0
20.84,30.04,0.87,4.45,0.006,56.9,119.1,25.7,55.6,11.9,14.22,11,0
88.01,113.83,3.67,8.72,0.059,75.6,276.2,29.1,75.7,31.8,8.1,2,1
66.49,76.97,2.77,7.02,-0.028,72.2,199.4,21.0,76.5,22.9,6.76,2,1
60.51,89.02,2.52,7.31,0.051,64.2,255.1,29.4,86.0,20.5,10.98,10,1
51.71,60.74,2.15,5.06,0.057,60.1,243.3,25.2,83.8,79.9,6.81,5,0
186.88,218.57,7.79,12.44,0.225,95.0,183.9,29.2,95.0,19.9,3.49,6,2
16.14,17.36,0.67,1.59,-0.09,64.0,144.1,25.7,58.6,11.9,15.32,2,0
51.03,75.6,2.13,1.0,-0.051,61.9,142.6,35.2,74.0,53.2,8.93,2,0
18.96,27.25,0.79,8.11,0.068,65.6,67.9,23.9,59.2,18.8,9.43,5,0
193.2,217.81,8.05,10.63,0.118,95.0,236.3,24.7,95.0,38.6,8.62,7,2
46.19,52.23,1.92,8.39,0.109,59.4,124.9,31.9,70.3,11.4,9.63,10,0
56.45,60.45,2.35,5.14,0.063,75.8,159.4,24.1,75.9,15.1,10.09,5,1
30.6,28.24,1.27,6.4,0.067,61.8,50.9,28.6,76.3,26.4,8.64,1,0
40.23,38.43,1.68,4.95,0.015,64.2,361.1,28.0,77.8,28.1,5.45,1,0
18.59,25.95,0.77,8.91,0.132,52.8,192.8,31.9,72.8,16.3,5.47,10,0
55.16,81.38,2.3,2.75,0.018,75.5,283.5,27.0,61.1,17.9,6.15,9,0
12.14,10.46,0.51,4.18,0.002,44.9,246.1,27.2,71.4,17.3,9.84,1,0
47.41,56.08,1.98,2.56,-0.037,69.8,107.3,23.9,72.8,25.1,5.7,12,0
96.61,85.9,4.03,7.87,0.089,82.1,273.2,26.2,95.0,12.1,8.93,9,1
66.7,47.7,2.78,3.93,0.023,76.2,140.9,29.1,88.2,30.6,10.54,10,0
25.95,20.64,1.08,3.96,0.042,55.8,335.5,28.1,82.6,24.4,10.07,6,0
53.49,37.64,2.23,8.63,0.106,73.7,210.1,26.0,78.2,26.9,14.82,4,1
24.81,23.4,1.03,4.13,0.025,58.1,150.0,39.5,65.0,33.6,8.54,11,0
50.84,56.05,2.12,9.4,0.156,59.2,119.9,26.2,78.2,10.4,2.59,5,1
66.84,73.67,2.79,2.93,0.026,69.0,186.4,24.9,65.4,17.2,9.05,1,0
189.53,147.43,7.9,11.95,0.217,95.0,87.2,24.1,95.0,14.4,3.73,6,2
67.0,89.55,2.79,6.43,0.045,76.2,374.3,22.2,63.9,8.7,8.3,3,1
91.51,110.72,3.81,6.33,0.047,76.1,331.8,37.7,83.7,7.3,11.84,7,1
40.54,46.62,1.69,5.28,0.067,70.6,127.8,27.1,64.2,25.6,10.21,12,0
114.21,166.8,4.76,4.48,0.048,95.0,121.9,25.6,90.5,21.7,8.41,7,1
66.38,70.7,2.77,5.5,0.094,74.5,235.0,28.0,64.2,32.0,13.15,7,1
207.19,146.64,8.63,7.79,0.084,95.0,158.5,26.6,95.0,14.9,3.43,6,2
25.71,28.14,1.07,7.33,0.004,61.9,154.0,30.7,74.5,26.0,6.32,5,0
52.82,42.06,2.2,7.8,0.087,57.7,72.8,29.2,61.7,21.7,10.95,12,1
86.39,124.75,3.6,8.34,0.083,82.1,192.7,27.4,88.8,33.5,3.12,11,1
5.14,7.27,0.21,7.25,0.031,53.2,57.5,28.8,62.4,21.6,3.85,1,1
63.5,83.9,2.65,8.25,0.018,71.3,116.8,26.6,91.2,27.6,6.11,12,1
31.91,43.83,1.33,6.18,-0.013,51.1,94.0,31.9,62.4,26.9,19.93,12,0
118.26,89.63,4.93,6.27,0.151,85.9,257.0,30.9,95.0,31.7,12.15,7,1
68.21,74.9,2.84,7.57,0.033,71.2,392.7,26.6,67.6,23.1,9.46,2,1
27.07,40.55,1.13,6.91,0.015,57.0,87.6,28.4,63.9,16.1,11.38,11,0
62.48,46.21,2.6,4.99,-0.025,66.1,231.0,29.0,67.6,18.7,5.99,12,0
29.63,36.11,1.23,5.31,0.02,64.7,136.4,29.3,70.1,7.7,6.04,11,0
211.98,195.9,8.83,9.2,0.198,95.0,195.0,33.4,95.0,20.8,4.38,9,2
131.06,108.42,5.46,8.19,0.104,95.0,207.5,32.3,93.5,9.2,12.91,8,2
338.42,468.87,14.1,9.2,0.264,95.0,46.8,24.8,95.0,29.8,4.53,9,2
161.07,175.42,6.71,8.62,0.164,95.0,363.8,31.8,95.0,13.2,9.07,8,2
53.51,50.52,2.23,7.47,0.058,74.4,101.5,30.9,70.5,16.3,6.08,8,1
105.19,105.58,4.38,6.23,0.119,91.1,90.4,30.6,93.5,34.0,9.13,8,1
259.08,325.26,10.8,6.81,0.154,95.0,188.4,25.4,95.0,13.3,9.11,9,2
22.44,25.98,0.93,9.4,0.07,66.7,300.7,22.4,77.7,16.4,12.76,10,0
49.63,41.34,2.07,4.9,0.086,60.6,228.0,25.7,85.9,27.1,10.11,6,0
181.09,262.08,7.55,7.66,0.202,95.0,103.1,21.9,94.6,12.1,9.44,6,2
41.86,40.58,1.74,5.36,0.046,58.6,315.0,27.7,81.1,22.3,9.95,4,0
13.04,9.34,0.54,5.78,0.019,64.2,343.7,29.5,55.9,21.8,8.47,11,0
68.0,55.65,2.83,6.09,0.039,71.2,190.1,31.4,63.6,8.9,9.34,1,1
13.36,15.93,0.56,4.51,0.049,46.9,152.1,29.9,65.2,7.5,6.68,4,0
46.46,57.42,1.94,7.33,0.06,61.0,154.9,27.7,60.7,27.0,5.05,1,0
137.69,120.48,5.74,8.52,0.11,95.0,109.9,31.2,78.2,18.9,4.84,7,2
197.17,237.33,8.22,5.63,0.098,95.0,227.1,33.8,95.0,23.6,9.97,9,1
50.62,41.75,2.11,4.6,0.056,72.1,138.4,27.3,86.9,21.9,9.39,11,0
145.04,171.66,6.04,6.89,0.143,95.0,190.3,30.2,94.2,49.7,12.77,6,1
31.73,30.48,1.32,2.45,0.014,51.9,291.9,25.9,59.9,26.7,8.62,11,0
18.19,14.06,0.76,4.87,0.018,60.5,254.0,28.3,78.8,8.7,3.71,1,0
50.0,71.29,2.08,3.8,0.053,58.6,36.3,27.5,66.4,24.7,18.81,11,0
67.59,54.14,2.82,6.88,0.088,73.5,147.4,30.1,87.3,25.8,2.54,7,1
15.13,17.67,0.63,4.28,0.013,54.5,111.4,30.7,79.8,15.5,5.57,11,0
23.61,25.02,0.98,6.99,0.07,61.4,462.1,24.9,66.3,19.0,5.15,3,0
46.81,63.3,1.95,4.62,0.035,64.9,179.6,22.8,74.0,33.8,7.11,8,0
49.7,51.49,2.07,8.81,0.036,71.2,39.4,23.2,82.8,11.9,9.99,12,1
207.11,256.75,8.63,8.43,0.176,95.0,346.1,28.0,95.0,12.6,10.29,9,2
26.43,27.33,1.1,3.84,-0.007,52.0,98.6,27.0,67.8,23.7,9.2,10,0
156.97,139.67,6.54,5.5,0.134,93.1,74.2,24.0,95.0,25.8,8.15,9,1
39.98,32.79,1.67,7.67,0.082,64.5,171.9,21.6,84.8,30.2,13.07,3,0
163.32,144.71,6.81,6.98,0.09,95.0,261.8,23.2,95.0,29.0,10.07,6,1
49.44,43.21,2.06,6.48,0.028,69.6,188.7,32.8,88.3,21.6,1.59,10,0
198.47,150.35,8.27,7.58,0.148,95.0,198.1,31.1,95.0,21.1,8.03,6,2
49.28,50.94,2.05,9.24,0.053,74.1,293.6,23.6,85.4,23.2,4.31,11,1
60.46,84.09,2.52,3.18,0.044,75.9,192.4,28.0,88.9,10.7,18.46,10,0
59.93,60.96,2.5,3.28,0.037,74.1,209.3,34.3,64.3,26.1,11.76,11,0
83.56,75.46,3.48,6.27,0.121,84.1,117.6,26.6,94.2,33.1,5.54,2,1
14.88,12.23,0.62,3.72,0.027,64.1,128.6,33.3,74.8,22.1,19.72,2,0
45.58,54.13,1.9,6.74,0.016,64.3,175.3,28.8,71.7,45.3,2.81,4,0
29.12,21.14,1.21,6.98,-0.015,55.5,533.4,28.5,63.6,22.1,5.58,10,0
55.15,47.99,2.3,6.54,0.03,70.9,652.9,26.3,91.0,19.7,8.31,5,1
10.21,12.33,0.43,1.64,-0.039,54.4,530.7,20.4,70.3,25.0,3.17,1,0
48.74,60.02,2.03,9.38,0.092,70.5,193.0,26.5,72.5,23.9,3.66,12,1
24.21,22.01,1.01,5.71,0.069,62.9,358.2,28.2,56.6,27.6,5.4,10,0
28.43,40.9,1.18,6.24,-0.052,51.5,158.2,33.2,73.3,10.2,8.94,4,0
119.9,172.17,5.0,10.83,0.128,92.2,206.8,29.7,95.0,41.9,2.3,7,2
209.31,273.36,8.72,6.51,0.173,95.0,211.4,22.2,91.9,13.7,6.82,9,2
30.86,38.36,1.29,4.88,0.062,60.5,146.4,28.1,58.9,9.1,3.45,10,0
42.8,62.99,1.78,7.46,0.011,70.8,279.9,33.6,66.1,30.3,2.37,2,1
42.23,50.93,1.76,4.46,-0.032,64.5,94.4,29.3,66.1,8.4,4.78,1,0
55.62,45.13,2.32,3.43,0.049,65.9,166.6,25.3,78.0,14.3,3.69,1,0
94.74,122.37,3.95,4.48,0.096,79.2,17.5,28.7,72.1,21.5,14.04,11,1
28.39,32.49,1.18,5.47,0.103,55.1,73.5,24.2,59.2,20.6,7.65,1,0
116.63,94.07,4.86,5.1,0.128,93.1,361.3,21.9,75.6,8.0,9.13,8,1
35.72,48.26,1.49,7.5,0.003,56.9,270.8,26.4,80.2,12.7,11.86,12,0
45.01,35.8,1.88,7.06,0.085,69.3,97.2,34.7,85.2,9.5,8.53,3,0
57.15,64.61,2.38,7.63,-0.009,62.4,65.6,26.1,91.4,21.8,5.39,7,1
14.69,21.15,0.61,3.89,0.068,45.2,251.4,29.5,81.8,20.8,11.17,10,0
53.7,64.78,2.24,5.75,0.006,69.3,197.1,31.8,84.6,37.7,8.57,4,0
14.38,15.34,0.6,7.21,-0.008,61.0,441.5,28.7,63.3,13.2,5.83,2,0
89.57,82.41,3.73,5.07,0.046,84.6,182.4,27.3,91.0,18.0,12.18,5,1
27.53,26.86,1.15,5.99,0.085,60.6,169.4,29.6,56.6,23.6,11.91,2,0
194.44,231.0,8.1,5.74,0.146,95.0,312.2,29.1,90.1,33.3,4.35,9,1
87.7,94.68,3.65,6.67,0.037,76.6,194.1,34.3,83.3,33.2,8.0,2,1
43.89,33.14,1.83,2.64,0.003,64.1,198.2,26.7,64.2,34.8,16.83,5,0
201.38,151.09,8.39,11.23,0.193,95.0,47.5,34.2,95.0,13.4,2.46,9,3
107.37,115.51,4.47,6.25,0.068,76.5,230.1,26.6,75.0,32.1,7.75,9,1
28.54,24.33,1.19,5.73,0.007,64.5,180.4,34.5,80.6,22.1,8.81,12,0
54.3,60.61,2.26,5.3,0.035,68.5,341.4,27.5,86.5,27.8,7.0,7,0
60.53,66.77,2.52,5.32,0.115,72.7,310.6,32.1,82.9,16.8,9.98,12,1
63.57,49.66,2.65,8.15,0.076,68.9,170.1,31.5,66.0,15.8,10.41,5,1
21.25,17.93,0.89,5.62,0.045,66.7,58.9,29.9,64.1,12.5,9.88,12,0
52.11,40.96,2.17,8.69,0.033,72.2,161.9,32.7,79.6,20.7,6.62,11,1
9.09,7.43,0.38,3.89,0.052,44.0,215.6,21.6,75.0,38.6,15.83,11,0
38.13,38.96,1.59,3.09,-0.015,58.1,100.9,25.1,81.4,28.9,5.56,2,0
15.48,11.19,0.64,8.78,0.063,55.6,234.7,29.7,63.0,34.0,8.53,11,0
27.25,37.13,1.14,6.5,0.126,56.3,166.6,30.5,65.1,25.1,9.72,2,0
13.18,19.52,0.55,3.53,-0.024,47.6,771.6,25.1,71.9,26.6,10.34,1,0
53.76,49.68,2.24,7.15,0.027,61.9,188.4,23.6,62.2,26.0,3.99,9,1
13.46,15.85,0.56,6.5,-0.029,47.0,358.4,34.1,65.0,27.3,8.9,4,0
50.4,74.2,2.1,8.48,0.095,64.8,265.1,34.3,64.5,18.8,6.9,4,1
51.45,37.14,2.14,4.58,0.077,75.3,99.5,28.7,82.9,27.5,5.09,11,0
56.21,49.67,2.34,5.9,0.082,77.0,156.9,31.6,84.3,21.9,11.2,1,1
12.51,9.36,0.52,7.26,0.05,58.9,142.7,26.7,71.2,30.6,5.16,10,0
218.44,216.41,9.1,7.15,0.137,95.0,414.2,28.5,95.0,20.1,5.96,8,2
34.46,31.55,1.44,2.88,0.012,65.4,352.9,31.0,62.8,30.3,9.32,2,0
29.58,30.65,1.23,8.66,0.048,59.0,483.5,27.3,73.5,12.2,6.8,2,0
6.52,5.59,0.27,4.27,0.024,49.9,440.8,31.6,75.4,19.7,11.37,4,0
20.32,28.46,0.85,5.88,-0.014,59.4,298.0,26.2,54.2,18.8,15.87,5,0
55.57,67.76,2.32,9.32,0.066,62.2,255.1,29.8,83.1,20.2,4.1,5,1
38.94,50.36,1.62,8.42,0.046,66.1,154.5,23.6,72.7,6.2,13.28,3,0
663.36,468.56,27.64,13.82,0.445,95.0,140.8,25.3,95.0,28.9,10.61,6,2
61.57,44.94,2.57,6.69,-0.016,63.1,160.5,26.5,71.6,17.0,4.53,1,0
58.12,78.23,2.42,8.96,0.115,66.6,311.2,33.7,87.5,20.8,3.54,3,1
211.29,224.48,8.8,10.87,0.192,95.0,175.9,28.3,95.0,45.8,11.28,8,2
56.48,40.16,2.35,5.93,0.047,74.4,256.8,34.8,74.2,18.2,2.41,3,1
69.73,52.97,2.91,7.14,0.088,82.7,62.2,32.0,72.2,22.3,8.78,4,1
80.47,117.97,3.35,5.25,0.066,68.3,150.8,33.0,91.5,21.4,8.78,11,0
18.36,22.56,0.76,4.42,0.062,59.1,129.2,23.8,67.4,25.8,3.37,5,0
242.67,244.64,10.11,11.99,0.262,95.0,93.2,30.1,95.0,26.7,5.17,8,2
41.88,38.71,1.75,7.44,0.099,69.5,90.6,22.6,81.8,10.6,9.54,2,0
341.44,482.49,14.23,15.5,0.341,95.0,293.3,23.7,95.0,15.9,8.21,7,2
5.49,7.37,0.23,6.57,-0.015,53.5,256.1,28.9,75.9,17.3,6.74,2,0
125.16,109.82,5.22,6.05,0.093,82.4,260.8,23.2,88.6,16.5,15.22,6,1
256.29,308.54,10.68,6.7,0.187,95.0,179.9,32.8,95.0,18.8,5.44,9,2
34.22,28.65,1.43,5.69,0.036,68.2,232.1,31.7,68.9,15.1,9.43,4,0
21.13,23.38,0.88,2.05,-0.031,52.3,295.0,26.3,55.3,19.8,5.95,3,0
200.28,177.54,8.34,12.42,0.246,95.0,181.3,25.8,95.0,13.3,11.35,6,2
179.85,156.1,7.49,7.0,0.15,95.0,115.5,33.5,89.9,15.8,16.43,9,2
48.74,47.39,2.03,7.0,0.079,57.4,369.6,28.8,66.3,25.0,11.45,2,0
56.73,63.04,2.36,10.35,0.105,73.8,120.9,29.2,88.7,17.1,6.27,11,1
31.96,44.54,1.33,4.23,0.03,53.3,385.0,20.2,61.9,17.7,14.73,11,0
58.21,59.4,2.43,6.3,0.079,78.0,401.2,21.7,85.5,18.9,16.75,12,1
63.21,50.12,2.63,3.35,0.008,79.2,140.3,25.9,70.1,53.5,2.24,10,1
58.49,76.23,2.44,4.75,0.105,77.6,112.1,25.9,84.2,9.2,2.72,2,1
43.01,40.08,1.79,0.4,-0.084,57.1,257.8,28.9,81.3,16.3,11.46,3,0
121.87,122.94,5.08,8.13,0.099,92.6,518.9,26.2,76.1,22.7,6.31,9,2
54.85,69.92,2.29,7.19,0.031,61.3,437.8,27.3,86.6,8.1,12.95,5,1
153.89,187.43,6.41,10.63,0.22,95.0,269.1,28.4,95.0,34.7,21.25,9,2
327.53,446.97,13.65,10.53,0.254,95.0,127.4,24.2,95.0,29.4,8.74,6,2
215.56,168.57,8.98,9.05,0.231,95.0,91.0,22.3,95.0,27.9,7.87,6,2
350.14,492.65,14.59,11.71,0.265,95.0,171.9,28.7,95.0,36.7,10.47,6,2
37.15,33.94,1.55,4.96,-0.08,63.2,167.7,32.4,80.1,33.1,9.77,5,0
84.91,98.73,3.54,2.3,-0.002,86.6,240.7,29.3,95.0,18.4,5.25,12,1
135.1,113.73,5.63,8.81,0.087,86.3,183.2,23.9,95.0,14.0,4.18,6,2
25.3,29.21,1.05,6.3,0.033,62.8,586.4,28.0,78.4,26.4,7.86,5,0
41.72,62.5,1.74,2.79,0.018,56.6,123.8,27.8,73.2,7.3,12.69,2,0
59.65,73.76,2.49,4.19,-0.003,69.7,256.5,19.7,86.0,22.8,11.38,8,0
21.99,25.73,0.92,3.56,-0.021,62.3,171.2,27.1,77.8,8.5,6.7,7,0
240.12,170.65,10.01,8.46,0.193,95.0,279.0,26.3,95.0,11.5,8.76,7,2
117.79,89.97,4.91,4.01,0.079,88.6,111.6,24.7,95.0,49.0,3.96,8,1
78.63,100.98,3.28,6.64,0.09,79.5,122.9,23.5,85.5,18.3,8.46,12,1
301.38,286.2,12.56,11.63,0.203,95.0,184.1,27.8,95.0,25.9,6.28,9,2
340.03,301.16,14.17,11.11,0.343,95.0,123.4,27.7,95.0,12.0,13.99,6,2
29.25,33.15,1.22,6.1,-0.006,64.8,124.0,30.1,67.4,7.2,6.82,10,0
361.82,406.02,15.08,16.34,0.362,95.0,126.2,31.1,95.0,13.4,2.37,8,2
15.33,12.15,0.64,8.88,0.049,58.0,69.0,29.8,71.4,11.5,10.53,10,0
72.12,72.82,3.01,3.39,0.053,72.1,348.4,29.7,79.4,36.2,4.68,3,0
73.41,107.5,3.06,5.97,0.026,78.1,293.7,31.8,70.8,32.4,8.97,12,1
110.09,125.7,4.59,5.93,0.141,92.1,76.0,33.7,92.3,12.2,4.95,7,1
130.26,122.59,5.43,11.15,0.132,95.0,79.5,33.7,95.0,59.0,7.15,9,2
154.62,188.82,6.44,6.13,0.13,95.0,219.2,33.9,90.0,28.2,2.54,8,2
36.44,43.17,1.52,4.75,0.076,71.6,294.7,26.9,58.3,16.8,10.19,3,0
15.58,15.07,0.65,6.29,0.022,56.8,271.4,33.7,79.5,12.4,8.24,8,0
48.72,48.97,2.03,4.62,0.027,63.0,97.2,26.8,78.5,20.3,12.21,11,0
53.12,52.17,2.21,3.43,-0.025,75.6,98.3,26.5,67.1,16.0,10.51,1,0
38.42,40.35,1.6,2.19,0.001,54.1,249.7,34.7,62.5,21.8,10.02,2,0
16.31,15.39,0.68,6.29,0.092,59.6,180.9,35.6,74.7,20.5,5.1,10,0
46.03,33.56,1.92,5.32,0.082,63.0,138.5,29.4,85.5,11.6,7.41,4,0
94.75,136.82,3.95,11.4,0.17,83.0,47.1,28.1,80.5,30.3,12.89,9,2
72.89,101.42,3.04,8.86,0.037,77.0,243.6,24.3,93.4,13.7,8.73,5,1
101.86,131.88,4.24,6.31,0.059,92.5,365.7,26.9,95.0,33.9,8.95,8,1
22.09,16.1,0.92,5.43,0.072,48.8,152.1,33.3,75.8,10.6,5.62,4,0
31.04,44.38,1.29,2.93,-0.001,55.8,369.6,20.5,62.8,15.2,5.85,1,0
25.32,18.78,1.06,5.48,0.025,49.9,202.7,34.8,66.2,25.4,1.25,5,0
38.12,36.72,1.59,6.19,0.066,56.7,95.9,29.0,78.6,21.7,6.82,11,0
52.57,43.84,2.19,4.36,-0.005,61.7,122.9,20.6,61.8,20.6,12.12,2,0
22.92,18.06,0.95,7.92,0.06,48.5,89.5,22.7,73.1,16.7,3.28,7,0
39.76,43.28,1.66,4.36,0.051,53.9,234.7,35.4,75.5,23.2,4.28,2,0
32.6,48.58,1.36,5.82,0.012,66.0,171.1,33.0,67.2,18.0,6.12,12,0
42.55,56.34,1.77,7.43,0.057,63.1,196.1,20.2,83.2,9.8,11.39,2,0
271.49,304.72,11.31,8.31,0.237,95.0,34.4,26.8,95.0,23.2,2.0,7,2
161.04,190.51,6.71,11.9,0.209,95.0,148.6,27.9,89.2,16.8,12.09,9,2
63.18,48.9,2.63,8.45,0.107,79.4,240.8,26.8,85.3,22.4,6.0,11,1
76.18,55.01,3.17,8.53,0.119,77.1,419.2,29.5,66.0,19.1,3.45,8,1
16.22,15.17,0.68,4.0,0.079,62.7,260.8,27.4,54.9,27.0,7.17,2,0
16.93,17.9,0.71,7.77,0.022,63.7,257.3,29.3,57.2,17.2,9.22,2,0
42.47,34.11,1.77,7.42,0.025,68.3,157.3,30.7,79.8,27.8,2.0,11,1
205.96,303.42,8.58,12.1,0.199,95.0,54.3,31.9,95.0,10.1,13.28,8,2
49.69,40.97,2.07,3.39,0.009,72.1,37.0,29.2,89.6,36.1,5.81,1,0
221.53,294.41,9.23,7.67,0.168,95.0,114.6,27.2,95.0,14.1,11.33,8,2
50.52,75.51,2.1,7.74,-0.006,58.1,329.8,34.0,85.1,7.5,0.77,10,1
183.21,212.65,7.63,9.96,0.176,95.0,262.3,31.0,95.0,28.4,2.83,9,2
31.73,44.93,1.32,6.33,-0.042,62.4,134.0,28.8,80.5,9.4,10.85,11,0
49.89,58.91,2.08,6.77,0.022,74.8,192.8,27.6,70.2,21.3,2.82,9,1
237.0,283.33,9.87,8.07,0.2,95.0,419.3,31.1,95.0,21.1,10.29,8,2
38.21,45.59,1.59,6.73,0.019,69.9,423.8,30.9,86.2,20.1,8.78,12,0
44.01,59.89,1.83,5.05,0.013,66.2,106.6,31.8,83.1,8.3,8.4,5,0
51.74,49.88,2.16,3.74,0.03,66.2,257.5,26.5,82.7,24.0,4.01,4,0
160.67,230.28,6.69,8.15,0.172,95.0,247.3,27.5,91.9,26.7,7.67,8,2
191.63,135.7,7.98,11.6,0.226,95.0,255.0,22.7,95.0,28.5,7.34,8,2
28.54,40.51,1.19,5.18,0.022,49.6,72.5,33.9,60.5,17.5,9.21,3,0
46.2,33.92,1.92,6.05,0.144,70.0,199.9,30.4,82.1,12.3,14.42,5,0
51.28,45.29,2.14,7.77,0.081,61.3,184.9,22.8,80.6,9.7,15.25,10,1
69.2,86.57,2.88,3.88,0.044,82.9,168.2,28.2,80.9,18.9,3.49,10,0
129.63,124.59,5.4,8.77,0.112,91.2,218.7,30.5,88.7,34.2,10.26,6,2
33.79,28.68,1.41,6.61,0.022,54.8,308.8,26.0,83.6,45.8,8.2,2,0
4.74,3.4,0.2,3.39,-0.05,57.3,197.8,26.8,79.8,16.9,3.42,12,0
107.13,140.09,4.46,9.62,0.102,86.1,193.4,28.7,95.0,7.1,7.72,9,2
104.09,78.01,4.34,6.93,0.126,79.4,32.9,29.9,95.0,10.2,10.64,4,1
66.09,98.77,2.75,2.52,-0.006,78.3,319.9,32.7,63.9,14.7,3.52,4,0
35.7,25.3,1.49,8.21,0.062,57.2,40.5,25.7,60.4,12.2,16.28,4,1
7.24,7.46,0.3,4.52,-0.049,59.6,224.6,31.3,56.3,6.7,2.51,1,0
31.73,33.92,1.32,4.48,0.021,70.1,169.3,28.4,58.6,15.5,10.1,2,0
158.67,123.46,6.61,9.63,0.112,95.0,90.7,30.8,95.0,19.2,12.66,6,2
19.98,15.11,0.83,8.36,0.043,53.7,129.7,25.1,62.6,20.8,12.1,3,0
134.72,128.34,5.61,7.13,0.049,87.1,172.7,23.1,88.1,15.2,7.86,7,2
50.74,59.75,2.11,5.59,0.08,68.0,85.8,31.8,70.3,30.8,3.33,5,0
32.41,45.4,1.35,5.67,0.08,63.5,89.7,26.4,56.6,26.2,10.82,10,0
69.47,99.88,2.89,7.83,0.049,76.0,117.7,21.8,76.4,26.2,11.59,12,1
27.17,30.89,1.13,6.64,-0.006,51.3,221.3,33.1,77.6,37.9,4.89,2,0
37.43,50.5,1.56,2.49,-0.038,67.9,221.6,21.5,66.0,19.0,5.32,5,0
5.54,6.53,0.23,4.44,-0.025,50.9,96.1,27.9,61.7,27.5,4.41,12,0
16.4,17.44,0.68,8.93,0.053,59.9,32.0,32.8,82.9,21.7,2.43,1,1
20.27,23.21,0.84,10.25,0.095,52.6,126.7,20.7,55.3,23.3,10.33,6,1
39.19,54.71,1.63,5.94,0.001,61.5,140.3,29.1,72.6,24.4,14.84,3,0
160.44,187.57,6.69,6.75,0.1,95.0,234.5,30.1,85.2,18.3,12.23,8,1
181.46,159.52,7.56,8.75,0.107,95.0,208.7,22.7,95.0,25.6,6.02,7,2
70.34,91.89,2.93,1.4,-0.046,70.2,161.1,23.2,70.5,11.9,2.77,10,1
209.53,274.21,8.73,8.79,0.169,95.0,117.2,22.8,95.0,23.1,9.87,9,2
23.85,31.99,0.99,3.57,-0.04,59.0,87.5,34.7,84.2,26.4,12.86,4,0
160.11,119.76,6.67,7.19,0.115,95.0,310.4,25.2,95.0,26.7,4.55,8,2
18.35,20.17,0.76,6.18,0.101,61.7,172.9,28.8,59.6,16.3,6.02,1,0
65.78,88.6,2.74,5.43,0.02,63.0,79.9,26.9,78.2,20.3,4.58,7,0
9.67,13.41,0.4,6.35,0.035,59.7,123.6,30.3,62.9,21.5,6.43,12,0
31.03,38.34,1.29,5.04,0.035,68.9,51.9,29.1,70.2,22.9,7.62,12,0
22.08,29.64,0.92,4.49,0.035,54.8,58.3,32.7,71.7,23.0,14.87,5,0
170.43,233.04,7.1,7.32,0.091,95.0,198.4,31.1,95.0,20.6,7.04,6,2
86.69,77.43,3.61,7.85,0.053,79.8,226.4,28.3,69.6,23.1,9.57,10,1
58.45,63.38,2.44,9.34,0.104,61.5,244.6,26.6,79.8,17.2,9.51,12,1
85.16,104.42,3.55,5.62,0.089,84.9,174.1,32.4,84.6,20.3,1.86,5,1
32.88,38.54,1.37,7.52,0.092,69.3,205.8,31.5,75.2,24.2,6.9,11,0
57.24,54.21,2.39,4.78,0.015,63.4,211.6,28.6,76.9,24.4,18.01,1,0
35.24,36.39,1.47,5.62,-0.01,61.7,250.5,29.8,63.4,13.6,4.02,12,0
37.75,30.46,1.57,4.69,0.06,70.7,123.0,28.3,86.1,24.3,9.24,10,0
29.53,25.01,1.23,7.02,0.038,68.6,26.1,28.3,79.9,24.5,11.41,11,1
6.6,9.23,0.28,5.51,0.012,42.5,158.1,24.9,59.2,14.5,8.74,2,0
33.18,33.69,1.38,3.79,0.034,57.1,683.4,24.0,64.0,20.1,7.19,2,0
39.56,56.56,1.65,9.2,0.075,54.5,285.9,27.1,87.5,14.5,5.56,5,0
47.82,57.0,1.99,4.59,0.051,71.0,315.9,29.3,66.3,29.3,6.14,12,0
68.26,85.75,2.84,8.42,0.105,67.2,211.4,33.5,76.4,24.2,5.08,4,1
109.02,95.25,4.54,7.12,0.108,77.9,147.0,28.3,95.0,14.9,14.27,9,1
98.01,98.59,4.08,9.87,0.1,79.9,226.1,22.1,76.2,24.0,9.2,6,1
46.21,63.51,1.93,7.86,0.063,62.1,148.4,29.4,76.9,18.3,4.86,1,0
172.63,167.14,7.19,5.94,0.078,95.0,199.1,24.9,93.0,11.1,5.49,7,1
179.54,182.51,7.48,11.55,0.162,95.0,161.1,31.7,95.0,20.2,8.07,8,2
232.58,319.26,9.69,11.94,0.218,95.0,210.3,26.7,95.0,16.9,7.52,9,2
122.38,85.97,5.1,6.12,0.035,91.1,297.1,24.7,88.8,9.6,12.68,7,1
55.32,78.07,2.31,7.72,0.025,63.7,229.3,24.0,73.8,26.4,8.21,7,1
27.36,28.33,1.14,5.5,-0.008,57.6,114.0,39.2,76.8,21.7,3.6,7,0
59.63,72.27,2.48,8.15,0.052,64.6,176.1,27.5,85.6,26.8,8.76,1,1
40.56,48.64,1.69,6.83,0.061,66.6,258.6,28.7,76.6,14.7,9.03,12,0
33.51,47.93,1.4,1.61,-0.046,62.3,121.2,31.2,67.3,11.7,10.13,6,0
65.82,51.53,2.74,5.07,0.098,67.0,202.2,33.0,65.6,12.1,10.21,10,0
110.72,156.3,4.61,6.03,0.124,90.5,360.1,20.2,95.0,8.5,9.66,6,1
40.99,39.27,1.71,5.18,0.071,59.2,346.8,31.6,80.0,16.3,5.83,10,0
52.22,55.99,2.18,6.9,0.033,68.0,387.4,32.3,60.7,13.4,8.33,10,0
21.62,18.2,0.9,4.95,0.05,63.2,137.5,29.5,78.5,12.9,3.54,5,0
28.94,23.58,1.21,5.93,0.075,59.0,153.6,31.4,65.4,23.5,14.63,12,0
48.54,71.32,2.02,6.38,0.089,62.9,78.9,28.6,69.6,26.9,8.9,2,0
27.76,40.98,1.16,6.99,-0.011,59.8,199.3,23.6,76.2,18.3,12.51,4,0
164.05,167.15,6.84,5.09,0.122,95.0,209.3,29.5,92.5,23.9,5.72,9,1
12.08,17.59,0.5,4.45,0.006,48.4,50.3,28.8,81.1,37.2,16.61,4,0
23.82,31.7,0.99,8.98,0.063,61.0,506.6,25.1,67.1,13.9,13.2,3,0
62.54,64.72,2.61,6.41,0.052,66.7,289.7,26.4,89.5,26.5,11.35,10,0
207.97,272.18,8.67,8.64,0.105,95.0,393.2,25.4,95.0,22.1,4.61,9,2
7.18,10.18,0.3,5.27,0.003,55.8,140.0,23.8,65.4,24.6,7.36,4,0
7.84,11.33,0.33,3.66,0.021,49.6,385.3,19.8,57.9,15.9,2.56,3,0
59.24,83.69,2.47,8.59,0.026,65.9,148.3,27.6,76.1,8.7,2.1,5,1
206.48,212.68,8.6,10.52,0.23,95.0,239.1,22.2,95.0,16.7,3.08,7,2
40.45,47.54,1.69,3.54,0.045,59.8,134.8,31.5,59.1,24.3,10.52,3,0
64.1,94.42,2.67,6.89,-0.007,61.4,582.0,28.5,84.7,28.8,7.52,3,0
35.12,24.91,1.46,6.45,0.043,56.9,244.9,26.1,65.0,21.2,5.91,4,0
197.92,195.28,8.25,9.17,0.135,95.0,366.7,28.4,95.0,17.4,6.86,7,2
65.37,62.9,2.72,3.08,-0.027,79.1,201.3,30.0,63.5,15.5,12.86,2,0
21.97,21.88,0.92,5.64,0.019,60.4,173.9,26.4,65.3,18.7,20.25,12,0
114.58,120.43,4.77,6.9,0.097,87.0,136.5,21.8,95.0,39.5,10.88,6,1
7.39,5.86,0.31,3.72,0.05,55.4,270.4,34.7,68.9,32.7,7.11,10,0
58.21,53.93,2.43,6.5,0.045,61.3,317.3,25.8,62.9,14.8,7.38,11,0
72.5,55.53,3.02,11.06,0.152,73.6,335.7,33.9,84.1,21.3,10.66,4,1
33.54,25.44,1.4,4.39,-0.003,61.4,516.0,28.1,65.3,57.3,7.67,3,0
150.28,180.95,6.26,9.01,0.083,95.0,313.5,31.5,95.0,20.3,4.14,6,2
59.15,43.8,2.46,4.94,0.016,71.4,121.1,29.3,81.8,23.3,6.26,5,0
192.88,138.99,8.04,10.71,0.17,95.0,128.6,25.3,95.0,14.9,8.18,8,2
79.8,66.65,3.32,2.92,0.028,79.3,150.4,26.3,66.0,18.3,8.11,9,0
59.07,72.36,2.46,4.74,0.048,62.7,354.0,24.4,71.8,17.0,4.16,11,0
48.02,52.22,2.0,8.99,0.079,63.3,221.7,31.9,63.6,6.4,4.97,7,0
59.62,42.42,2.48,8.57,0.054,74.9,136.3,30.3,79.3,30.7,11.91,4,1
41.1,45.45,1.71,8.22,0.039,63.3,168.0,26.6,87.2,26.8,7.14,3,0
171.23,164.15,7.13,7.62,0.131,95.0,94.1,31.2,95.0,19.0,4.26,7,2
35.84,33.61,1.49,4.61,0.013,56.7,102.6,25.3,85.4,13.3,5.34,11,0
54.59,42.5,2.27,5.42,0.046,70.6,199.5,28.6,62.9,30.3,15.51,7,1
95.48,75.13,3.98,9.93,0.136,90.3,216.8,22.0,73.9,10.0,9.41,3,1
33.04,36.97,1.38,4.78,-0.008,66.3,240.2,23.9,82.1,26.8,8.57,12,0
151.82,191.66,6.33,5.91,0.076,95.0,157.3,24.5,82.6,23.3,10.01,6,1
65.86,83.0,2.74,4.2,0.078,70.0,275.0,29.9,88.0,22.1,7.96,5,0
253.24,349.47,10.55,8.18,0.195,95.0,257.2,27.3,95.0,15.5,8.06,8,2
52.7,42.5,2.2,4.0,0.04,60.5,304.8,33.7,62.2,30.2,3.99,1,0
76.33,69.37,3.18,7.66,0.028,69.4,241.0,23.0,72.8,23.3,3.93,12,1
204.37,194.13,8.52,10.87,0.208,95.0,150.3,23.6,95.0,25.3,3.36,6,2
40.53,48.58,1.69,5.16,0.031,71.5,206.8,33.0,80.2,23.0,20.18,4,0
199.44,244.85,8.31,10.06,0.146,95.0,336.1,26.1,95.0,22.9,3.19,8,2
28.47,42.58,1.19,3.74,-0.013,63.0,133.3,26.5,70.5,30.3,8.73,2,0
97.43,102.67,4.06,3.17,0.037,80.8,205.8,24.7,89.4,24.1,6.63,3,0
72.48,52.74,3.02,3.89,0.071,83.3,100.1,32.7,80.0,31.3,6.57,5,0
44.57,65.35,1.86,5.07,0.045,59.3,289.3,34.4,60.5,20.5,5.72,10,0
24.4,20.24,1.02,5.08,-0.048,67.1,149.9,30.0,83.7,38.3,10.23,12,0
13.3,12.75,0.55,6.0,-0.046,61.6,215.6,26.3,64.1,13.5,5.69,11,0
71.93,64.26,3.0,6.05,0.071,80.4,199.0,25.5,77.1,32.3,5.41,7,1
16.39,15.44,0.68,8.26,0.045,54.6,131.6,32.4,68.1,7.2,3.88,4,0
40.44,53.31,1.69,9.12,0.052,61.8,333.6,25.1,67.7,9.4,3.48,4,0
153.37,120.5,6.39,8.66,0.087,92.8,241.8,31.2,92.7,27.7,4.38,6,2
110.84,166.23,4.62,5.79,0.056,86.4,234.2,25.9,86.1,19.4,12.78,8,1
64.39,75.95,2.68,10.55,0.131,77.0,197.2,31.9,73.4,11.8,3.79,6,1
195.6,264.8,8.15,11.03,0.154,95.0,243.7,37.6,95.0,10.3,2.18,7,2
17.6,25.27,0.73,4.83,0.009,64.9,395.5,30.4,80.9,26.1,4.33,5,0
124.03,138.88,5.17,3.64,0.056,81.8,192.1,26.3,86.9,71.4,14.41,7,1
61.07,43.81,2.54,9.25,0.075,61.6,20.3,23.0,63.7,24.8,8.98,11,1
83.18,114.28,3.47,4.26,0.03,81.3,157.4,26.9,92.3,18.8,4.94,6,0
64.15,82.98,2.67,6.75,0.044,80.4,152.4,33.0,79.9,32.2,4.34,5,1
43.29,63.71,1.8,5.85,0.105,70.9,192.8,30.9,85.5,43.3,5.72,3,0
25.78,37.41,1.07,7.57,0.064,62.1,138.5,33.9,57.2,19.6,9.61,1,0
50.46,60.86,2.1,9.04,0.047,59.7,20.4,27.8,75.5,14.9,3.16,3,1
51.99,67.91,2.17,8.23,0.09,67.5,260.1,22.2,79.2,33.1,2.91,3,1
75.44,94.66,3.14,3.45,0.045,77.8,406.9,25.3,90.2,16.5,4.47,6,0
26.09,25.21,1.09,7.42,0.025,57.5,103.9,28.5,82.3,22.0,10.29,4,0
66.95,85.15,2.79,10.3,0.105,81.2,124.8,29.1,77.7,22.6,2.1,10,2
61.55,66.85,2.56,3.68,0.028,71.6,63.0,29.0,67.5,15.0,2.96,8,1
16.85,22.54,0.7,7.44,0.107,59.0,411.7,32.3,80.0,22.4,16.64,4,0
93.04,102.05,3.88,8.92,0.072,79.4,194.1,29.4,84.3,11.9,5.41,2,1
60.47,59.23,2.52,2.67,0.016,69.6,194.6,31.4,69.1,20.1,10.55,3,0
81.92,111.2,3.41,3.27,-0.024,75.6,91.0,27.7,80.3,21.7,8.74,10,0
17.4,13.34,0.72,6.16,0.062,53.8,218.6,31.2,82.5,31.1,9.26,1,0
70.13,92.46,2.92,9.74,0.095,75.8,221.5,27.4,69.3,30.2,11.77,10,1
38.87,43.35,1.62,2.13,-0.004,67.8,240.2,24.7,67.5,34.3,5.33,2,0
185.21,138.34,7.72,4.83,0.086,95.0,51.0,27.9,87.2,20.7,7.42,1,1
119.33,133.84,4.97,9.52,0.102,93.4,137.0,24.6,93.3,48.1,4.37,1,2
145.3,198.47,6.05,4.8,0.112,95.0,191.6,27.6,87.3,13.7,10.17,6,1
30.27,21.95,1.26,4.25,-0.041,56.7,134.1,27.0,60.6,15.0,8.11,3,0
54.96,54.94,2.29,6.71,0.097,66.6,228.3,26.5,70.4,24.9,3.18,12,0
96.1,107.19,4.0,6.56,0.078,77.9,157.6,28.5,95.0,25.2,9.29,7,1
319.97,225.8,13.33,10.25,0.277,95.0,83.3,30.9,95.0,22.5,4.95,6,2
112.92,120.51,4.71,8.57,0.135,88.8,363.8,27.6,88.2,24.8,4.92,9,2
202.82,251.76,8.45,9.64,0.198,95.0,42.1,24.3,95.0,32.0,2.93,8,2
51.93,58.98,2.16,6.55,0.093,68.6,91.5,27.1,89.1,10.6,4.95,4,0
23.44,20.51,0.98,8.12,0.049,58.9,245.0,29.2,72.4,31.4,13.78,11,0
88.47,69.32,3.69,9.44,0.095,81.0,83.6,22.4,69.3,19.0,13.73,7,1
