temperature_c,temp_max_c,temp_min_c,temp_trend,humidity_percent,heat_index,wind_speed_kmh,uv_index,consecutive_hot_days,urban_area,soil_moisture_percent,cloud_cover_percent,previous_heatwave_30d,month,risk_level
44.6,47.8,33.7,0,62.2,52.5,29.9,5.9,1,1,34.4,5.6,0,8,2
39.6,39.3,26.4,0,65.2,45.8,37.9,4.8,1,1,38.1,58.2,0,6,1
32.2,37.9,25.5,1,69.0,38.5,9.2,3.6,0,0,44.5,94.6,0,5,0
34.1,35.7,27.4,-1,78.2,40.5,30.5,5.7,4,1,49.4,31.6,1,7,1
34.1,39.5,25.5,-1,76.7,41.9,22.2,6.5,2,0,42.8,93.4,0,11,1
44.5,48.3,36.9,-1,61.7,52.1,19.7,6.2,2,1,25.5,43.7,0,7,2
37.7,38.0,29.6,0,68.0,42.9,13.9,5.5,3,1,50.2,50.4,1,5,1
53.5,53.9,42.4,0,46.3,59.8,29.5,8.8,4,1,18.5,12.7,0,7,3
30.1,33.3,21.3,1,76.8,36.3,26.1,5.3,2,0,54.8,39.0,1,5,0
28.3,34.5,22.4,1,72.4,33.5,12.7,4.4,1,0,49.8,83.4,0,12,0
28.7,32.4,19.9,-1,86.5,35.1,18.5,5.1,2,0,52.8,28.4,0,11,0
40.4,39.9,33.3,1,63.2,45.1,17.2,5.3,3,1,31.5,73.5,0,8,1
39.9,44.0,30.8,0,56.9,45.5,16.2,4.9,1,1,41.2,15.5,0,2,1
18.4,19.7,10.0,1,92.9,16.1,32.8,0.0,2,1,52.6,48.4,0,8,0
31.1,31.2,24.8,0,74.0,36.3,31.8,4.3,3,1,40.4,29.0,1,12,0
44.3,44.6,34.3,-1,69.4,52.3,24.0,6.1,3,1,30.2,5.0,0,4,2
20.3,24.6,10.0,0,95.0,21.7,41.7,1.6,1,1,53.4,45.7,0,11,0
32.6,34.0,27.0,0,73.1,40.3,17.5,5.3,1,1,51.2,63.4,0,6,0
23.7,23.3,11.3,0,89.2,21.0,28.3,1.5,1,1,48.1,66.6,1,8,0
32.5,32.1,25.0,1,79.5,36.0,20.4,3.9,1,1,37.9,85.2,0,8,0
42.7,47.9,31.7,0,66.9,51.7,29.1,8.3,5,1,40.4,51.7,0,4,3
32.6,40.1,23.7,1,72.9,39.4,86.6,4.8,1,0,55.6,4.2,0,10,0
29.8,33.5,21.3,1,87.5,36.8,30.6,3.1,2,0,47.8,7.2,0,9,0
27.8,32.9,21.5,1,86.7,33.8,33.3,4.7,0,0,54.6,21.4,0,1,0
48.7,50.8,41.0,1,58.4,56.4,23.2,6.8,4,1,29.5,17.0,0,6,3
30.6,36.4,20.7,-1,78.2,36.3,24.2,4.7,1,1,43.7,25.7,0,2,0
24.9,28.6,12.0,-1,95.0,22.3,15.6,2.0,0,1,49.2,2.1,0,2,0
44.9,48.9,34.5,-1,58.7,54.4,16.2,6.4,4,1,32.6,35.9,1,7,2
43.8,43.9,36.7,-1,58.2,50.2,11.4,7.8,0,1,41.4,39.2,0,6,2
31.0,36.2,23.4,-1,82.6,38.0,19.6,4.9,4,0,57.6,53.1,1,6,1
32.1,33.5,24.6,0,82.5,35.4,29.4,3.9,2,1,45.7,96.3,0,10,0
19.1,21.5,9.1,0,89.2,17.5,26.8,0.3,2,1,60.3,87.8,0,8,0
24.3,23.6,14.1,-1,83.1,23.9,21.8,1.9,0,1,62.8,29.4,0,11,0
25.2,29.2,17.1,0,90.6,25.2,23.5,2.0,1,0,46.1,45.4,0,2,0
15.0,19.7,10.3,1,95.0,15.0,37.0,0.0,0,0,60.8,97.9,1,10,0
44.9,47.0,36.5,1,60.6,53.0,18.4,6.8,1,1,27.7,10.1,1,6,2
21.9,23.3,8.7,1,95.0,21.0,21.3,2.0,1,1,56.2,22.2,0,9,0
43.7,47.5,36.8,-1,52.0,51.4,26.4,8.0,4,0,32.0,96.1,0,7,3
26.4,30.9,16.4,1,83.8,26.4,16.9,4.0,3,1,61.6,15.6,1,8,0
29.6,33.8,23.0,1,88.9,35.8,46.2,5.1,2,1,51.8,45.7,0,8,0
22.8,24.4,14.2,-1,86.3,22.8,18.3,0.5,1,1,54.5,83.0,1,1,0
28.0,26.9,16.5,0,90.6,25.9,10.9,3.1,1,1,59.1,35.2,0,11,0
36.8,38.9,29.0,1,62.9,41.7,17.1,5.2,0,1,52.1,42.9,1,4,0
29.2,32.7,20.3,1,86.5,35.0,41.1,4.1,5,1,41.9,31.7,1,9,1
24.3,27.3,14.9,0,82.4,24.3,31.4,1.7,0,0,61.0,45.2,0,3,0
29.6,32.7,20.0,0,86.4,36.4,36.0,4.7,2,0,47.3,14.8,1,4,0
19.3,21.6,15.4,0,91.6,19.3,8.4,1.7,3,0,64.9,88.8,0,3,0
43.2,44.7,33.7,1,51.9,50.7,29.0,8.6,2,1,32.8,18.1,1,7,2
52.7,53.4,39.6,0,54.0,59.4,32.1,10.0,1,1,26.1,81.4,0,6,2
43.8,46.4,36.9,0,63.1,52.7,23.4,8.1,4,1,41.4,57.1,1,7,3
22.0,28.0,12.2,1,85.5,22.0,20.2,2.2,0,0,54.1,99.9,0,12,0
41.0,43.3,34.4,0,58.4,47.0,7.0,6.9,3,1,31.8,92.0,0,9,2
36.7,41.9,29.7,1,70.8,44.7,25.1,6.0,1,0,35.4,79.5,0,10,1
21.1,24.3,17.8,0,83.8,21.1,17.0,3.4,4,0,61.1,82.4,0,2,1
20.8,20.9,10.3,1,95.0,20.5,8.3,2.4,1,1,56.7,95.7,0,11,0
19.9,22.7,11.7,1,90.9,18.0,25.0,1.1,1,1,53.2,47.9,0,1,0
45.7,48.4,37.1,0,49.9,53.6,22.9,8.2,4,0,33.5,48.0,0,5,3
45.0,49.9,41.5,0,63.0,54.8,23.1,7.5,3,0,39.9,87.1,0,5,2
19.6,20.0,13.2,0,95.0,18.8,28.4,0.9,0,1,54.5,22.9,0,2,0
27.5,30.9,21.7,0,72.4,32.4,20.6,4.2,2,0,43.9,38.7,1,2,0
25.8,33.7,19.1,0,75.9,25.8,23.2,3.1,1,0,53.9,4.8,0,1,0
15.0,18.4,6.6,0,95.0,15.0,27.2,1.4,0,0,62.1,82.0,0,2,0
51.7,50.2,44.9,-1,44.4,58.4,29.5,9.9,3,1,38.0,25.4,1,4,3
37.2,40.1,25.8,0,69.9,43.7,24.0,4.6,1,1,50.7,57.4,0,6,0
34.1,36.5,25.1,-1,65.0,40.6,33.4,6.6,2,0,55.0,66.0,0,9,1
35.2,37.1,23.5,1,76.3,40.0,14.6,5.3,1,1,50.9,59.1,0,8,0
30.3,33.8,18.7,1,80.7,36.7,21.0,4.4,1,1,58.6,37.7,0,2,0
25.5,28.9,17.4,-1,90.2,24.5,19.8,1.1,2,1,60.2,22.7,0,9,0
29.3,34.1,24.0,1,77.6,28.0,35.9,3.3,2,1,45.5,20.3,0,12,0
29.7,36.1,23.1,0,73.6,35.4,23.8,4.0,2,0,54.5,27.1,1,2,0
24.9,25.9,15.0,1,83.1,24.0,16.5,2.9,1,1,53.6,35.9,0,11,0
34.9,38.7,26.1,1,71.2,39.1,15.3,4.2,3,1,41.1,20.5,1,5,0
48.1,54.1,38.4,1,55.5,57.0,30.7,7.2,1,1,34.7,12.2,0,6,2
26.9,32.7,20.5,1,81.8,28.0,19.4,2.7,1,1,59.4,76.8,0,9,0
32.3,31.2,19.1,-1,69.8,36.1,48.3,3.1,0,1,41.2,34.2,0,8,0
15.0,20.2,6.2,0,95.0,15.0,45.3,1.5,4,0,67.9,87.9,0,1,1
38.6,44.4,31.3,1,57.7,45.7,19.0,5.6,5,0,38.1,84.7,0,6,2
27.3,31.4,23.3,1,89.1,33.2,50.9,3.3,1,0,54.2,28.4,0,10,0
25.6,29.0,22.5,1,86.3,25.6,14.1,2.5,0,0,46.3,29.1,0,3,0
30.5,33.1,24.4,1,86.2,36.4,27.7,2.6,1,1,39.9,35.8,0,12,0
27.3,31.0,18.0,1,84.9,27.9,35.2,1.9,1,1,54.7,9.3,0,1,0
36.6,43.0,29.6,1,77.6,45.0,17.2,7.1,1,1,46.2,63.4,0,7,1
35.8,40.9,28.4,1,70.6,43.5,24.3,5.0,0,1,40.5,38.1,0,1,0
24.6,29.5,16.4,0,92.7,24.6,25.6,3.4,1,0,50.6,1.2,0,2,0
38.8,45.0,29.1,1,65.5,47.0,23.5,5.9,0,0,40.3,1.2,0,11,1
18.6,25.5,13.1,0,89.5,18.6,13.8,1.9,3,0,67.0,92.3,0,11,0
30.4,35.4,21.0,-1,75.7,36.6,21.2,3.2,1,0,41.6,42.8,0,6,0
23.3,28.0,11.5,1,95.0,22.9,19.9,1.4,0,1,63.8,29.5,0,11,0
30.3,33.9,21.0,1,73.9,36.9,10.2,5.4,2,1,45.7,77.5,0,4,0
32.7,39.6,26.3,1,69.1,39.2,10.4,5.0,0,0,40.9,38.6,0,10,0
28.5,29.2,18.7,1,77.5,26.9,36.5,3.0,2,1,54.9,27.1,1,8,0
47.8,51.1,39.0,0,54.2,54.9,20.9,6.3,3,1,22.7,85.7,0,5,2
35.1,40.3,25.4,-1,65.4,42.0,15.0,6.3,2,0,51.8,51.8,0,2,1
23.7,31.6,15.8,0,77.1,23.7,29.6,2.0,1,0,56.5,38.0,0,12,0
36.3,38.7,27.4,-1,75.6,40.7,14.5,5.4,0,1,35.8,55.3,1,12,0
42.9,46.0,33.7,1,63.7,52.2,33.6,6.3,5,0,45.1,57.0,0,5,2
26.5,29.1,19.5,0,87.3,26.3,16.6,1.2,1,1,63.5,41.8,0,1,0
15.7,19.5,10.9,1,95.0,15.7,22.1,1.3,1,0,68.4,89.1,0,1,0
42.6,47.6,34.9,0,49.1,49.7,50.2,6.4,0,0,35.8,97.1,0,8,2
40.3,45.4,36.8,1,54.5,47.4,26.9,6.1,4,0,47.6,82.5,0,5,2
23.8,24.6,17.0,-1,95.0,22.2,29.0,3.3,2,1,54.9,23.1,0,2,0
35.1,41.8,31.5,1,66.8,42.2,34.9,5.6,2,0,53.6,73.5,0,1,1
17.7,17.5,12.0,1,90.2,16.9,32.9,0.7,1,1,55.5,17.0,0,8,0
17.8,20.6,6.7,0,95.0,17.8,11.4,1.2,1,1,71.6,64.8,0,3,0
32.0,34.5,27.3,0,79.1,39.1,17.7,6.2,3,0,45.8,14.5,0,5,0
18.4,19.6,9.7,0,94.0,17.0,39.9,0.6,1,1,67.5,89.3,0,1,0
49.8,53.7,43.4,1,54.0,58.3,15.2,10.1,0,1,20.9,6.7,0,5,2
22.6,25.0,12.6,1,95.0,22.6,28.5,2.8,0,1,53.7,24.3,0,12,0
17.8,20.6,11.6,-1,95.0,16.2,34.7,1.3,0,1,63.9,41.2,0,9,0
17.7,22.0,9.5,1,95.0,17.7,18.1,0.6,0,0,70.7,12.8,0,1,0
41.0,45.6,33.5,1,51.9,48.1,35.5,5.9,7,0,30.1,69.5,0,4,2
43.5,46.0,35.1,1,63.4,52.8,22.2,8.7,4,0,34.8,35.6,1,4,3
17.8,19.3,10.9,-1,95.0,17.4,8.3,0.0,0,1,68.5,62.2,0,10,0
36.4,37.4,29.3,0,77.2,41.9,5.8,5.2,1,1,53.0,38.1,1,12,0
15.0,22.8,6.5,-1,95.0,15.0,40.2,0.6,3,0,67.3,24.5,0,9,0
30.9,38.8,27.3,1,79.9,37.7,16.0,5.5,1,0,40.6,94.1,0,9,0
33.1,38.3,28.1,0,63.5,39.2,14.2,4.9,2,0,38.2,37.7,0,2,0
28.3,28.3,21.8,1,73.8,28.4,22.3,3.8,0,1,51.0,1.0,1,10,0
31.3,34.2,28.3,1,66.4,37.0,13.2,3.9,0,0,54.2,75.4,0,9,0
36.2,37.6,27.1,1,76.7,43.7,41.9,4.7,4,1,47.0,43.9,0,4,1
35.3,37.9,27.2,-1,72.8,42.8,29.5,6.4,1,1,50.4,2.4,0,1,1
37.5,36.5,28.8,1,70.0,43.2,25.9,5.0,1,1,37.1,50.0,1,4,0
25.5,24.3,13.3,1,86.4,24.1,27.0,0.9,3,1,57.6,65.0,0,8,0
39.1,42.6,28.6,1,62.0,45.0,27.8,6.6,2,1,43.1,70.4,0,10,2
38.3,45.1,30.3,1,71.8,47.0,11.5,6.5,7,0,37.2,51.8,1,7,2
44.6,48.4,32.5,0,60.0,50.9,36.1,7.8,3,1,26.7,17.0,1,5,2
23.4,30.8,17.6,0,92.7,23.4,28.2,2.7,0,0,54.3,94.4,0,3,0
50.3,54.8,42.6,-1,56.5,58.2,22.5,7.4,4,1,30.2,6.1,0,4,3
15.0,17.5,5.1,1,90.2,15.0,19.3,0.0,1,0,55.1,36.8,0,8,0
31.5,34.2,24.1,1,71.9,37.8,31.4,5.8,1,0,50.3,55.3,0,10,0
24.5,28.8,18.6,0,94.1,24.5,42.0,4.0,2,0,54.1,50.7,0,2,0
44.8,49.8,33.0,0,61.1,51.8,33.0,6.9,4,1,45.2,30.7,0,7,2
30.7,31.2,25.6,1,80.3,36.9,12.9,3.6,3,1,57.5,13.4,0,11,0
46.5,48.8,35.0,1,59.0,55.1,31.8,7.7,1,1,38.3,7.2,0,4,2
43.6,46.5,37.6,1,63.4,53.0,38.2,8.6,1,0,28.4,11.2,1,4,2
50.6,49.7,38.6,1,47.7,57.9,18.1,9.9,4,1,28.8,65.2,0,7,3
17.8,22.2,9.0,1,95.0,17.8,12.9,0.7,0,0,58.6,41.1,0,10,0
29.4,32.1,20.3,0,69.4,34.8,29.8,4.8,1,0,44.5,37.8,0,3,0
27.0,31.8,17.5,0,88.2,26.8,61.5,2.0,4,1,44.5,64.6,0,2,1
24.6,31.8,19.0,1,89.9,24.6,33.3,3.1,1,0,47.9,9.5,1,9,0
39.9,42.2,27.3,1,74.7,47.4,31.8,5.7,4,1,40.9,80.5,0,5,2
36.0,41.9,28.4,0,69.3,44.1,18.3,4.4,0,1,52.1,33.4,0,11,0
23.6,31.2,15.1,1,81.3,23.6,35.2,1.2,0,0,54.5,87.5,0,9,0
37.4,38.2,29.4,1,64.2,44.5,34.2,5.5,1,1,49.9,75.0,0,3,0
39.5,42.8,32.7,1,69.0,48.4,52.1,8.0,3,0,36.7,29.6,0,6,2
30.6,37.0,26.6,0,70.0,36.4,47.3,3.0,0,0,49.0,21.8,0,3,0
18.8,21.8,7.7,0,95.0,16.9,11.6,0.0,1,1,55.9,72.3,0,8,0
27.8,35.3,24.4,1,71.0,32.7,44.3,2.9,3,0,54.6,71.5,0,6,0
40.7,44.3,36.1,0,63.3,49.0,44.6,6.9,5,1,36.5,96.2,0,5,2
32.4,36.7,23.3,0,79.5,41.1,37.9,3.3,1,1,56.9,95.7,1,9,0
42.9,41.8,32.0,1,58.9,49.5,15.1,7.2,2,1,39.6,73.3,1,4,2
39.3,42.8,28.9,1,63.0,44.8,19.3,6.4,0,1,35.2,48.2,0,10,1
19.7,22.3,13.7,0,88.7,19.7,28.5,0.3,0,0,67.8,45.0,0,12,0
35.7,38.5,31.2,0,68.8,43.2,23.8,4.5,5,0,45.5,98.3,1,4,1
28.8,34.0,23.3,0,80.2,34.7,24.4,5.4,1,0,51.5,88.3,0,12,0
38.3,43.1,31.7,1,69.5,45.7,25.9,5.1,2,1,40.4,17.5,0,4,1
44.6,48.4,35.6,1,63.2,54.3,25.1,8.1,1,1,26.5,82.3,0,6,2
29.5,32.7,22.4,1,92.2,28.0,32.9,4.6,0,1,56.1,93.5,0,2,0
24.5,28.5,13.8,0,82.2,23.7,32.4,2.5,2,1,59.0,39.1,0,8,0
42.0,46.1,35.8,0,59.3,50.1,10.4,6.1,4,1,32.5,63.0,0,4,2
31.7,36.2,21.0,1,84.2,38.0,33.8,4.1,2,1,47.8,69.2,0,10,0
26.2,24.7,14.5,-1,84.2,24.2,26.4,3.2,3,1,55.4,15.6,0,10,0
35.8,37.0,28.7,1,63.8,40.9,19.4,4.4,0,1,53.6,90.5,0,11,0
43.7,46.0,38.4,0,60.7,51.6,25.2,7.3,3,1,29.9,22.5,0,7,2
17.4,20.6,13.9,1,87.1,17.4,32.1,0.7,2,0,56.8,11.1,0,12,0
16.8,19.1,11.9,0,95.0,16.8,15.0,1.6,1,0,72.1,52.4,1,11,0
28.9,36.1,22.3,1,75.9,34.6,24.6,5.2,6,0,54.1,28.8,0,4,1
21.8,23.2,13.3,0,92.7,22.1,34.0,1.2,1,1,55.3,70.3,0,3,0
36.8,39.4,30.5,-1,65.8,44.3,8.2,5.8,2,0,45.3,82.0,0,3,1
41.5,46.3,36.2,1,50.5,48.4,27.3,6.3,2,0,29.1,7.4,0,3,2
39.7,42.2,30.7,1,74.6,46.1,22.3,5.4,3,1,48.4,46.7,0,4,1
25.6,29.7,21.8,1,91.8,25.6,23.4,2.4,1,0,64.2,83.9,0,1,0
39.1,41.1,26.7,1,74.7,45.2,6.6,5.4,3,1,32.0,72.1,0,6,1
31.0,32.8,17.8,1,85.7,34.0,25.3,3.2,6,1,41.2,32.1,0,3,1
34.0,41.1,29.2,-1,71.6,41.1,30.3,3.9,1,0,44.4,96.4,1,12,0
42.1,49.3,37.7,1,49.8,49.1,14.3,5.9,4,0,45.2,98.4,0,6,2
23.7,26.2,17.5,0,94.0,22.7,32.6,2.7,3,1,61.6,38.7,0,3,0
29.8,32.8,20.1,0,81.6,28.9,22.5,2.4,1,1,55.4,80.2,0,12,0
39.7,43.7,36.5,1,56.9,46.9,25.3,6.4,1,0,47.7,70.7,1,4,1
22.1,26.3,10.6,-1,94.1,21.3,12.6,2.6,1,1,65.3,78.5,0,3,0
47.2,46.2,38.8,-1,54.7,54.0,27.9,7.9,3,1,41.9,57.7,0,4,2
38.7,42.2,32.6,1,64.8,45.6,7.7,5.9,0,1,36.1,11.8,0,3,1
33.0,36.7,29.6,1,76.4,40.3,18.0,4.9,1,0,41.7,81.4,1,6,0
24.8,25.3,13.4,-1,92.0,24.2,24.3,0.8,1,1,50.7,1.1,0,9,0
29.6,32.8,25.8,1,85.5,36.2,12.0,4.2,1,0,49.9,54.7,0,3,0
28.2,31.8,20.4,-1,74.7,28.0,12.5,4.5,1,1,55.2,20.5,0,1,0
44.8,45.8,31.8,0,70.3,52.5,30.6,8.3,3,1,33.7,33.7,0,6,2
19.2,24.1,13.3,-1,95.0,19.2,7.9,2.1,0,0,69.7,97.9,1,11,0
36.6,38.4,26.2,1,62.5,41.9,34.1,5.7,3,1,35.2,6.0,1,4,1
40.8,44.0,33.8,1,66.0,49.7,18.5,5.7,1,0,30.5,26.0,0,6,1
33.7,35.6,24.5,-1,77.8,39.2,15.5,3.0,4,1,41.1,51.6,0,7,0
15.0,17.7,10.4,-1,95.0,15.0,15.1,1.8,3,0,70.3,55.6,0,8,0
35.0,35.1,23.3,0,69.8,41.2,13.0,3.5,2,1,53.2,79.8,0,11,1
21.8,25.6,11.7,-1,88.6,22.4,22.3,1.7,0,1,60.0,99.7,0,9,0
19.3,21.5,9.9,1,95.0,19.3,31.0,2.0,0,0,59.5,64.3,0,9,0
18.6,21.3,9.4,0,85.3,18.6,22.8,2.8,3,0,65.6,11.3,0,2,0
32.1,36.8,23.8,1,81.7,39.1,18.9,5.4,0,1,48.1,5.9,0,2,0
37.9,43.9,30.6,1,74.3,46.8,21.3,7.6,6,0,41.1,87.7,0,4,2
24.0,28.1,17.7,-1,89.6,24.4,14.0,1.6,3,1,56.4,53.3,0,10,0
51.0,54.9,39.8,0,52.5,58.6,8.3,10.1,1,1,20.5,95.9,1,5,2
25.3,29.1,19.2,1,86.1,25.3,37.6,2.2,1,0,64.1,10.2,0,1,0
25.7,26.0,18.6,0,88.7,25.3,26.1,3.1,0,1,63.1,24.6,0,8,0
31.7,31.5,23.8,-1,84.8,37.1,34.5,4.7,4,1,55.2,63.3,1,6,1
32.7,38.2,23.3,0,74.7,39.7,12.9,4.7,0,0,52.4,34.1,0,10,0
38.4,42.8,30.5,1,64.7,44.4,15.8,4.5,0,1,35.2,12.2,0,11,1
23.8,24.1,13.7,1,92.2,23.3,18.7,3.1,1,1,63.2,69.6,0,11,0
28.8,29.8,18.9,1,72.5,29.1,22.9,2.2,0,1,47.3,34.5,0,9,0
33.0,40.5,26.3,1,68.9,39.6,29.0,5.3,0,0,49.1,8.3,0,3,0
31.0,37.4,26.4,1,70.3,36.9,14.4,3.4,5,0,55.0,76.3,0,6,0
48.2,53.4,40.5,1,42.1,55.4,42.8,7.6,2,0,28.5,43.8,0,4,2
51.0,53.7,40.4,-1,59.9,61.3,15.6,9.5,0,1,29.9,2.7,0,4,2
34.7,41.9,26.3,0,70.4,42.0,27.5,4.8,7,0,36.8,46.8,1,4,1
25.2,31.9,21.5,0,77.7,25.2,24.4,4.3,2,0,53.4,11.9,0,11,0
18.1,18.2,6.0,0,95.0,17.7,23.0,0.0,2,1,71.7,92.0,0,1,0
23.2,30.3,19.9,1,89.4,23.2,33.1,3.3,2,0,57.5,49.1,0,9,0
30.4,37.5,23.3,1,79.7,36.9,51.6,5.0,2,0,49.2,4.2,0,10,0
33.9,38.1,25.6,-1,67.7,40.8,15.2,6.3,9,1,38.2,33.5,1,4,1
24.2,28.5,18.4,1,91.1,24.1,12.1,1.4,0,1,61.4,92.2,0,8,0
39.9,40.5,31.4,1,62.9,47.6,34.6,5.0,0,1,41.2,52.7,0,3,1
35.0,37.1,22.1,1,76.9,39.4,28.4,3.8,1,1,43.2,81.0,0,1,0
31.1,38.6,24.8,1,77.0,37.7,27.2,3.7,0,0,42.6,85.5,0,9,0
22.0,24.3,12.3,1,95.0,20.6,45.3,2.0,3,1,51.8,84.0,0,1,0
23.1,26.3,11.8,-1,83.0,22.8,34.2,0.8,1,1,55.4,58.4,0,9,0
35.3,37.9,26.1,-1,64.6,42.1,28.8,6.8,0,0,41.9,99.0,1,8,1
39.3,42.8,36.0,0,66.3,47.7,23.3,7.3,2,0,31.7,37.5,1,6,2
24.9,27.3,13.6,1,80.7,24.8,8.5,1.8,1,1,47.7,95.2,0,8,0
49.7,55.2,41.2,0,43.7,57.4,26.9,8.4,4,1,24.1,59.8,1,7,3
27.4,32.8,21.6,1,73.5,32.4,31.7,3.4,2,0,54.2,64.6,1,2,0
20.2,20.3,12.5,-1,86.4,19.3,28.1,1.8,0,1,57.2,86.6,0,3,0
38.4,42.5,29.8,1,63.1,46.1,28.8,5.6,2,0,49.7,62.8,1,6,1
16.9,21.5,11.3,0,95.0,17.5,46.0,0.0,0,1,72.1,82.9,0,9,0
30.8,35.6,25.2,1,70.7,36.7,23.2,3.0,5,0,57.1,6.2,0,6,0
25.9,26.3,12.1,0,83.5,24.5,22.8,3.3,4,1,58.9,34.2,0,2,1
22.2,24.5,12.6,-1,85.0,22.2,25.1,3.6,1,0,64.4,46.7,0,12,0
32.0,33.6,25.9,1,86.3,38.8,22.1,3.9,3,1,48.3,17.8,0,12,0
45.2,48.7,33.5,1,50.2,52.5,41.0,8.8,1,1,31.2,94.9,1,7,2
38.3,45.0,35.0,0,64.2,46.1,25.4,5.1,2,0,41.5,20.9,0,6,1
21.1,28.1,11.3,0,90.1,21.1,30.7,3.2,1,0,59.8,35.1,0,3,0
15.8,20.6,8.4,0,90.6,15.8,31.3,0.7,2,0,62.6,60.8,0,2,0
46.6,50.2,41.8,1,44.6,53.9,46.1,8.6,1,0,40.5,79.4,0,4,2
17.7,20.6,6.1,1,95.0,17.9,30.5,0.0,2,1,58.2,70.6,0,1,0
19.6,20.3,12.6,1,95.0,17.4,14.4,2.2,0,1,61.8,96.2,0,2,0
18.5,17.8,9.2,1,94.6,18.0,7.8,0.0,0,1,58.5,92.0,0,2,0
26.4,28.4,19.0,-1,84.0,26.7,33.1,3.5,2,1,46.8,78.8,0,10,0
32.9,40.2,24.2,0,79.2,40.3,22.0,4.0,5,0,43.4,90.5,1,4,1
27.1,30.0,15.5,0,94.4,26.3,11.4,3.0,1,1,44.8,53.5,0,1,0
22.5,25.4,15.1,1,93.0,22.5,21.4,2.7,1,0,67.1,76.8,1,8,0
17.1,21.6,13.0,1,89.4,17.1,25.0,0.2,1,0,57.6,10.3,0,10,0
22.2,28.2,16.1,1,95.0,22.2,29.5,3.5,0,0,50.5,52.8,0,10,0
24.4,24.9,17.4,1,83.4,24.2,25.6,1.3,4,1,46.9,59.7,1,8,1
29.6,31.2,21.2,1,72.8,28.5,18.9,3.1,1,1,42.7,10.2,0,1,0
32.7,36.7,20.9,1,75.8,38.3,18.5,4.1,3,1,47.2,60.3,0,7,0
24.1,28.3,15.2,1,88.9,22.5,10.8,0.7,1,1,63.2,29.2,0,9,0
23.8,25.1,14.4,1,95.0,22.2,16.0,1.4,3,1,62.7,14.9,0,12,0
20.6,20.4,12.9,1,95.0,20.6,26.5,2.3,0,1,49.5,34.0,0,11,0
45.3,47.4,39.1,-1,64.1,54.8,45.4,6.8,4,1,25.2,43.7,0,6,3
20.8,25.8,13.2,1,90.1,20.8,22.6,0.7,0,0,60.6,5.3,0,10,0
28.3,33.1,18.7,-1,83.7,27.6,25.7,3.7,0,1,47.7,7.6,0,3,0
33.6,35.8,30.5,-1,72.5,40.7,38.0,6.0,2,0,37.8,23.3,0,11,0
17.5,22.5,8.9,1,95.0,18.1,10.4,0.0,2,1,60.8,24.7,0,8,0
44.2,49.9,40.5,1,51.5,51.9,17.8,8.0,6,0,38.7,67.2,1,7,3
22.5,23.4,13.9,1,83.7,23.0,23.0,2.5,3,1,60.8,11.6,0,1,0
32.8,36.4,24.2,1,77.4,40.5,35.2,4.6,1,1,41.9,87.5,0,3,0
22.2,26.5,16.5,1,81.6,22.2,5.7,3.7,1,0,48.7,88.6,0,8,0
44.4,48.2,37.5,1,48.6,52.4,13.8,6.9,3,1,38.4,24.6,1,5,2
24.9,31.5,15.7,0,84.3,24.9,13.8,2.2,2,0,52.1,90.1,0,11,0
41.8,45.1,29.1,1,58.0,47.6,24.9,6.9,2,1,33.4,19.9,1,7,2
19.5,20.9,12.5,0,90.1,20.8,17.3,0.7,1,1,66.3,69.7,0,1,0
21.1,27.9,12.6,1,89.1,21.9,24.4,2.5,2,1,56.1,80.6,0,2,0
31.9,34.9,21.5,1,78.4,38.2,23.1,5.4,2,1,53.9,32.5,0,2,0
33.9,36.9,25.4,0,68.5,40.0,9.2,6.2,1,1,42.7,64.4,0,9,0
23.2,30.1,15.9,1,92.9,23.2,14.0,2.0,1,0,46.8,38.9,0,10,0
23.9,26.3,19.3,1,95.0,24.9,9.6,3.1,0,1,54.1,47.7,0,9,0
15.2,20.4,9.6,0,95.0,15.2,22.4,0.9,0,0,59.2,34.9,0,12,0
37.7,44.9,32.7,0,60.2,44.8,17.4,7.1,5,0,47.4,48.4,0,4,1
29.0,32.0,19.4,1,85.7,27.9,21.3,3.9,1,1,45.4,86.9,0,10,0
26.2,28.6,20.1,1,91.1,26.2,28.5,3.3,1,0,60.9,79.2,0,2,0
41.1,45.4,35.0,1,68.6,50.1,18.2,7.9,4,1,31.2,92.3,1,4,2
43.2,47.4,35.1,1,62.4,52.1,9.0,6.2,1,1,44.2,84.8,0,9,2
36.0,38.8,28.0,1,74.9,44.3,11.1,7.0,1,0,41.8,23.4,0,9,1
33.7,37.4,22.0,0,67.9,36.8,20.0,5.1,1,1,54.4,95.1,0,3,0
20.5,21.2,12.2,-1,95.0,19.6,23.9,1.0,3,1,59.7,85.7,0,2,0
33.4,33.9,21.3,0,78.8,36.9,17.2,5.5,2,1,47.5,37.3,0,4,0
34.6,37.3,27.0,1,79.2,42.8,27.0,4.0,2,1,36.4,90.5,0,3,0
34.1,41.7,24.9,0,68.2,41.0,25.2,5.4,3,0,36.0,21.1,0,6,0
40.6,42.8,34.1,-1,63.9,48.8,19.1,7.7,5,1,34.5,26.6,0,7,2
32.6,36.4,25.6,0,67.6,38.8,17.0,5.6,0,0,49.8,7.6,0,1,0
25.8,29.1,17.4,1,92.5,25.8,20.3,4.0,0,0,46.3,49.7,0,9,0
31.7,31.6,21.9,1,73.7,35.1,26.4,3.8,1,1,50.7,97.9,0,9,0
42.2,46.3,32.2,1,73.2,49.7,34.5,7.9,4,1,41.4,65.8,0,6,2
36.2,37.0,29.0,1,73.5,42.1,36.3,4.0,0,1,48.5,94.8,0,2,0
25.4,24.6,17.2,0,85.6,25.2,40.2,1.8,0,1,47.5,62.3,0,8,0
33.5,40.8,25.4,1,71.1,40.5,58.6,4.4,4,0,43.3,86.1,1,6,1
29.1,34.2,17.8,0,88.9,28.8,22.4,2.2,1,1,48.1,78.2,0,12,0
21.9,25.1,14.2,1,80.4,21.9,60.5,2.6,1,0,57.5,90.7,0,10,0
22.2,24.8,11.0,1,82.5,22.3,21.6,1.7,1,1,66.7,35.9,0,12,0
29.2,30.8,21.5,-1,88.7,34.5,19.5,5.1,0,1,41.3,83.9,1,2,0
28.7,35.6,19.7,-1,77.0,34.4,8.5,3.7,1,0,58.2,48.0,0,3,0
44.8,48.3,37.7,0,55.7,53.2,23.9,7.2,4,1,42.1,94.5,0,5,2
34.0,39.7,29.3,1,66.7,40.7,19.6,4.7,1,0,42.1,27.6,0,6,0
26.6,31.8,22.6,-1,83.5,26.6,38.4,4.3,1,0,59.8,32.4,0,10,0
32.7,37.2,26.7,0,73.9,38.4,8.0,4.5,1,1,51.2,8.0,1,5,0
42.5,44.0,30.2,0,60.9,49.3,10.9,7.9,0,1,27.8,3.9,0,8,2
37.6,40.9,25.4,1,62.0,42.1,50.8,5.0,2,1,43.5,19.4,0,12,1
34.1,42.0,27.0,0,65.9,40.7,7.3,6.0,5,0,36.7,13.1,0,5,1
36.7,40.5,26.4,-1,77.0,42.3,29.5,4.0,0,1,38.8,92.5,1,5,0
46.6,49.6,37.4,1,66.4,54.5,21.7,6.2,0,1,25.9,74.7,0,9,2
24.0,25.2,13.1,0,88.0,24.6,22.2,2.8,1,1,55.2,97.5,1,1,0
43.6,44.8,33.7,1,57.3,49.1,33.3,6.4,6,1,32.6,15.8,1,4,2
27.3,30.3,20.9,0,78.3,26.2,15.0,2.9,1,1,56.0,86.7,0,3,0
31.1,36.8,25.3,1,79.8,37.9,27.8,4.3,0,0,46.9,22.9,0,10,0
25.6,33.1,21.8,-1,75.0,25.6,25.6,4.1,0,0,55.6,12.3,0,1,0
27.9,33.3,17.7,1,85.4,28.3,23.2,2.4,0,1,60.6,86.5,0,11,0
38.4,42.7,25.5,0,69.4,43.1,13.0,6.3,3,1,39.0,2.3,0,6,1
43.7,46.9,38.2,1,56.8,51.5,19.5,6.2,3,1,46.1,51.5,0,5,2
39.6,42.3,34.9,1,72.0,48.8,19.6,6.5,2,0,41.4,25.8,0,6,2
41.8,45.2,31.4,0,60.5,49.1,24.9,6.3,3,1,36.8,98.4,0,3,2
27.6,31.4,16.9,-1,77.9,28.7,8.2,3.4,1,1,49.3,83.8,0,9,0
25.1,23.9,15.3,-1,89.5,24.2,35.3,1.9,1,1,54.4,8.0,0,3,0
37.1,40.5,28.8,-1,74.0,45.7,32.9,5.7,0,0,51.7,34.0,1,9,1
18.7,23.0,15.3,0,90.6,18.7,20.5,1.8,0,0,66.2,30.8,0,2,0
33.5,39.1,25.6,-1,75.2,41.1,22.0,4.5,0,1,49.3,16.1,0,11,0
37.0,40.1,27.6,1,62.1,44.2,30.6,6.5,1,0,41.5,86.6,1,12,1
34.9,39.2,28.7,1,77.2,42.9,20.6,6.2,1,0,35.9,21.3,0,9,0
33.8,35.1,22.4,0,86.3,38.6,36.2,4.6,0,1,50.3,18.7,0,10,0
44.3,47.7,36.0,0,47.9,51.6,34.1,6.4,0,0,28.4,72.8,0,7,2
30.0,33.7,22.2,0,81.0,36.4,15.4,4.2,3,0,58.0,5.3,0,7,0
27.5,32.5,19.0,1,88.3,26.5,18.0,3.9,1,1,48.4,71.9,0,6,0
15.6,22.9,11.5,1,92.9,15.6,38.4,0.9,2,0,67.0,90.5,0,2,0
46.1,50.8,35.0,0,57.2,54.7,17.8,9.0,5,1,25.4,37.1,0,4,3
15.5,21.9,9.4,1,90.7,15.5,27.2,1.3,2,0,68.1,24.5,0,11,0
27.1,25.5,19.7,1,78.3,25.2,52.3,2.6,2,1,61.4,68.4,0,12,0
43.2,49.2,37.1,1,66.6,52.5,20.6,6.9,4,1,38.7,89.9,1,6,2
30.0,34.1,23.4,0,73.6,36.4,25.4,4.7,0,1,58.7,45.9,1,9,0
37.1,38.9,31.2,0,70.0,44.7,31.0,5.2,0,1,34.2,7.4,0,3,0
28.4,29.1,19.0,-1,85.4,27.1,12.5,3.1,0,1,41.7,4.4,0,12,0
37.8,41.1,32.0,1,75.9,45.7,27.4,5.0,2,1,38.8,43.8,0,5,1
17.9,17.3,7.0,1,95.0,16.6,24.6,1.1,1,1,71.5,82.9,0,11,0
16.5,19.1,11.0,1,95.0,16.5,59.4,2.2,2,0,66.3,78.9,0,9,0
18.4,22.6,11.5,1,95.0,17.6,38.2,0.0,1,1,65.7,73.5,0,8,0
27.4,32.3,15.4,0,77.7,27.3,34.7,4.2,0,1,52.0,47.3,0,2,0
25.2,29.2,16.2,0,93.4,25.2,22.1,2.8,0,0,56.5,71.5,0,2,0
45.0,51.8,33.8,0,57.2,54.0,26.0,6.4,3,1,33.9,49.0,0,5,2
22.0,27.7,18.2,0,80.7,22.0,21.5,3.5,1,0,50.2,6.2,0,3,0
29.3,33.2,19.0,-1,89.9,27.9,37.0,4.6,2,1,57.4,53.0,0,1,0
35.4,35.5,25.9,-1,72.4,40.6,23.0,6.1,0,1,36.7,83.1,1,3,1
37.5,43.2,28.5,0,74.6,46.6,23.2,5.9,4,1,49.5,68.4,1,4,1
31.1,30.2,21.6,0,73.0,34.5,23.6,3.8,4,1,43.3,23.6,0,6,0
25.2,32.1,20.4,1,90.5,25.2,45.0,4.2,1,0,60.8,93.0,0,1,0
46.8,47.6,37.3,1,63.2,56.2,25.2,7.0,1,1,28.0,66.3,1,6,2
35.4,41.3,28.4,1,72.9,43.6,14.4,6.6,1,1,42.4,63.6,1,4,1
21.2,24.9,9.0,1,92.0,20.4,11.7,0.1,1,1,54.0,4.3,0,11,0
43.2,44.6,31.9,-1,54.5,47.3,25.5,7.2,2,1,29.3,30.4,0,6,2
37.5,44.5,30.8,1,60.6,44.6,26.9,5.4,3,0,51.4,71.6,1,5,1
32.1,34.9,20.7,0,86.4,36.4,11.3,4.6,3,1,56.0,14.8,0,1,0
27.5,30.8,22.6,0,83.6,27.7,24.2,2.0,0,1,50.3,10.9,0,3,0
16.9,22.7,7.9,0,95.0,16.1,22.1,1.7,1,1,60.9,45.4,1,11,0
28.8,29.2,21.5,0,79.2,27.9,24.1,4.3,0,1,42.5,64.0,0,12,0
19.6,24.1,9.6,0,95.0,19.4,30.6,1.4,0,1,58.9,9.8,1,8,0
32.6,37.4,28.0,1,73.9,39.5,26.7,3.6,0,0,53.6,56.1,0,12,0
18.4,20.7,11.7,1,95.0,17.5,15.8,1.1,1,1,67.4,73.0,0,2,0
45.4,45.1,33.1,-1,50.0,51.1,27.0,6.2,4,1,26.2,43.3,0,6,3
20.9,28.6,11.3,1,95.0,20.9,11.6,1.9,0,0,63.4,16.3,0,10,0
37.3,39.5,28.7,1,64.1,45.3,14.9,5.1,4,1,50.2,27.4,0,5,1
44.8,52.4,38.9,1,52.4,52.9,24.3,9.4,0,0,35.9,39.2,0,11,2
17.5,24.7,7.8,-1,95.0,17.5,45.8,1.0,0,0,54.9,21.0,0,1,0
42.7,47.7,34.0,-1,65.5,51.0,23.5,6.5,6,1,35.7,43.3,0,6,3
40.2,44.4,35.3,1,69.9,49.0,23.1,5.9,1,1,35.8,37.5,1,4,1
31.2,36.2,23.3,-1,77.4,37.9,38.3,4.9,0,0,57.8,8.9,0,12,0
41.4,47.5,37.4,1,57.3,49.3,15.6,7.9,2,0,37.8,62.0,1,5,2
22.4,28.7,16.6,0,85.7,22.4,9.6,3.0,0,0,53.5,88.6,0,9,0
24.3,26.9,14.9,1,78.8,24.3,20.7,1.3,0,0,56.4,0.7,0,1,0
36.3,39.6,26.2,-1,77.7,43.6,13.0,6.2,4,1,46.6,74.4,0,10,1
25.2,28.9,16.0,0,94.8,24.6,20.6,3.2,0,1,64.0,7.0,0,11,0
19.1,22.7,9.8,1,95.0,19.1,16.3,1.6,3,0,60.4,41.4,0,8,0
20.8,27.2,11.9,0,91.0,20.6,28.1,2.3,1,1,68.4,5.0,0,1,0
30.3,30.2,24.3,0,84.7,36.8,16.3,3.7,0,1,43.6,98.5,0,9,0
44.5,47.7,37.2,1,55.2,51.3,34.5,7.5,2,1,39.6,46.5,0,1,2
25.7,30.5,17.7,1,76.1,25.7,35.1,4.6,2,0,51.5,22.8,0,3,0
33.1,34.2,23.8,0,78.1,37.6,29.4,3.6,0,1,39.6,22.9,0,2,0
25.1,32.3,19.1,0,75.1,25.1,17.2,4.3,0,0,61.4,87.6,1,10,0
40.3,45.8,28.9,1,70.5,48.6,17.2,5.7,3,1,41.2,47.2,0,7,1
33.3,36.3,26.6,0,75.8,40.6,21.6,5.0,1,0,49.7,64.2,0,3,0
32.8,33.5,22.8,0,74.5,38.3,22.9,5.2,2,1,54.9,69.1,0,3,0
23.0,27.2,17.4,0,94.4,24.4,15.0,2.2,6,1,63.3,76.2,0,6,1
29.5,32.5,22.6,1,71.7,35.1,36.0,5.2,1,0,54.5,59.2,0,2,0
21.6,23.6,12.7,-1,95.0,19.3,21.7,0.7,0,1,66.9,28.2,0,1,0
23.5,27.5,10.6,-1,95.0,21.2,30.4,0.5,0,1,56.1,67.0,0,9,0
41.1,45.8,34.5,0,56.5,48.3,28.3,6.3,2,1,33.7,73.1,0,6,2
34.6,39.1,28.7,0,79.7,42.8,18.5,5.3,2,0,38.4,84.3,1,7,0
38.6,45.4,32.7,-1,55.1,45.4,26.5,5.2,2,0,40.3,8.0,0,6,1
21.7,21.6,11.1,0,91.7,20.2,9.0,2.7,0,1,62.2,18.4,0,3,0
44.2,51.0,40.3,1,59.2,53.1,25.9,7.6,3,0,41.2,15.8,1,5,2
31.6,38.1,27.7,1,65.4,37.4,14.9,3.3,0,0,54.2,9.9,0,10,0
49.6,55.9,46.3,1,57.9,59.8,36.3,8.7,4,0,28.9,61.9,0,4,3
24.5,25.0,18.7,-1,95.0,24.3,35.0,1.8,1,1,63.9,23.1,0,2,0
33.5,37.3,26.2,-1,84.6,40.6,12.8,5.0,4,1,41.3,74.7,0,1,1
32.3,37.5,20.2,1,71.1,36.6,33.0,4.2,2,1,41.5,92.0,1,9,0
16.1,19.5,6.8,0,95.0,17.2,30.7,0.0,0,1,61.9,0.6,0,3,0
35.4,42.3,30.1,1,79.0,43.9,29.2,5.5,4,0,52.8,40.6,1,6,1
31.7,37.7,28.0,1,84.8,39.2,45.2,4.2,2,0,54.9,49.7,0,7,0
19.5,25.2,12.6,1,92.3,19.5,21.0,2.8,1,0,64.2,28.1,1,12,0
30.9,32.7,24.6,-1,81.2,36.1,30.5,5.1,2,1,51.7,93.2,0,12,0
45.9,47.9,42.7,-1,49.9,53.9,17.5,6.9,4,0,38.2,99.6,0,6,3
15.7,18.1,6.7,1,95.0,15.7,38.0,0.0,1,0,60.0,84.8,0,2,0
48.3,51.9,39.5,-1,52.7,55.7,42.5,7.5,2,1,35.1,59.1,1,7,2
19.0,19.3,10.0,1,95.0,17.8,9.6,0.8,0,1,69.0,31.6,0,9,0
38.3,44.5,28.9,1,59.7,45.6,26.4,6.8,5,0,44.4,79.2,0,4,2
22.8,28.6,14.6,-1,79.4,22.8,18.6,1.9,0,0,62.7,78.6,0,1,0
19.7,20.4,6.9,1,91.8,18.5,23.0,0.0,0,1,58.3,17.2,0,9,0
18.9,22.6,9.4,1,95.0,16.8,18.1,0.7,1,1,61.9,86.7,0,12,0
35.5,37.4,24.7,0,70.2,40.7,32.6,4.8,1,1,52.1,41.6,0,1,0
39.6,44.8,32.7,-1,55.6,46.7,25.5,6.6,2,0,47.2,70.4,0,4,2
25.2,27.8,17.9,0,92.2,25.2,23.3,3.3,1,0,57.7,3.5,0,9,0
45.3,47.6,33.8,-1,58.2,52.7,25.2,7.1,0,1,42.8,29.5,1,5,2
25.9,29.2,13.3,1,80.4,23.7,42.8,3.6,0,1,55.7,46.2,0,9,0
29.5,33.7,24.5,1,72.1,34.4,26.7,2.9,2,1,53.5,47.6,1,8,0
27.9,28.3,19.2,-1,90.5,27.3,26.7,4.5,1,1,52.5,55.1,0,3,0
20.9,21.4,13.0,-1,95.0,19.5,62.7,0.9,2,1,52.6,52.5,0,2,0
46.5,50.6,42.4,1,46.7,54.1,35.7,9.3,2,0,38.6,97.8,0,7,3
29.5,34.1,19.3,0,73.6,28.6,25.3,2.3,1,1,46.7,43.5,1,12,0
30.2,33.3,20.3,0,70.7,35.9,43.8,4.9,0,0,55.4,4.3,0,1,0
26.4,31.4,16.8,1,90.7,26.4,21.9,2.7,2,0,49.0,1.9,0,5,0
34.0,35.7,26.3,1,83.0,42.9,47.0,5.7,2,1,49.1,50.3,0,5,1
18.9,20.0,9.4,1,95.0,16.0,64.3,0.0,0,1,60.2,25.6,0,3,0
22.6,25.3,9.7,0,89.0,21.4,36.1,2.2,1,1,58.8,62.4,1,9,0
34.4,39.2,30.0,1,77.3,42.4,14.0,4.3,0,1,40.2,43.0,0,2,0
33.4,38.0,28.0,1,67.8,40.0,29.8,5.7,1,0,36.8,81.6,0,2,0
17.4,25.1,12.1,1,93.6,17.4,6.6,0.0,1,0,68.9,94.1,0,11,0
51.5,52.1,41.7,1,43.6,60.2,30.6,8.5,1,1,32.2,64.8,0,4,2
38.3,40.7,33.5,1,71.2,46.9,18.7,6.2,2,0,46.1,10.8,0,12,2
32.9,35.8,27.9,1,64.8,39.0,30.3,5.2,2,0,42.7,81.1,0,5,0
16.1,21.0,9.1,-1,95.0,16.1,12.9,0.0,0,0,72.2,35.4,0,12,0
20.5,24.3,9.6,0,87.7,19.8,12.0,1.4,0,1,68.0,79.4,0,2,0
19.1,17.7,9.3,1,95.0,17.8,9.2,0.4,1,1,67.8,65.6,0,10,0
28.1,28.5,15.3,1,82.7,26.1,34.4,4.5,1,1,53.3,13.9,0,12,0
48.4,51.9,41.3,1,63.8,56.7,32.0,6.9,1,1,35.8,52.1,0,2,2
41.6,46.4,31.2,-1,60.9,51.0,10.2,6.1,3,1,45.1,44.6,1,6,2
15.0,19.7,8.7,1,95.0,15.0,21.5,0.8,0,0,74.9,31.3,0,9,0
37.2,41.2,29.1,-1,76.0,46.3,41.4,4.3,2,1,46.6,73.7,0,5,1
31.7,30.9,23.4,1,70.6,35.9,20.8,3.1,2,1,49.3,97.1,1,5,0
38.4,43.9,27.4,0,58.6,44.3,38.8,7.3,4,1,39.1,25.9,1,5,2
35.3,38.5,27.6,1,68.6,39.8,25.8,4.8,1,1,51.5,38.4,0,2,0
23.0,27.2,12.4,0,81.6,23.2,36.7,2.6,2,1,61.3,81.0,0,8,0
36.3,39.5,26.8,1,67.0,42.1,28.5,5.1,4,1,44.0,50.4,1,6,1
37.6,44.1,33.5,-1,68.8,45.7,16.1,6.3,6,0,43.7,46.6,0,6,2
23.0,26.6,18.4,1,81.6,23.0,42.1,2.5,0,0,48.1,60.5,1,12,0
29.6,30.6,17.6,1,77.0,33.8,30.2,2.8,1,1,56.0,38.8,0,12,0
29.0,28.2,20.1,1,79.4,26.1,26.6,2.7,1,1,42.4,27.7,0,9,0
32.3,34.6,26.1,0,71.7,36.1,27.4,3.3,1,1,43.8,28.1,0,2,0
22.9,25.2,13.0,0,94.2,20.3,15.6,1.8,2,1,60.3,73.4,0,2,0
33.2,36.5,29.0,0,74.6,40.4,27.1,6.3,3,0,55.9,9.0,1,7,1
25.6,29.1,17.0,1,89.8,25.7,26.0,2.5,3,1,46.6,23.7,0,10,0
41.4,47.8,32.5,-1,57.4,49.2,25.7,6.6,1,0,41.7,13.2,1,7,1
46.0,44.5,32.4,0,51.8,51.4,25.8,7.2,2,1,28.4,27.3,1,5,2
30.8,33.5,24.0,1,83.1,37.7,17.2,4.4,1,0,51.1,50.0,1,8,0
34.6,36.9,26.9,-1,80.3,42.9,15.5,4.4,4,0,38.0,79.4,1,7,1
43.6,46.6,38.6,1,57.8,52.4,19.1,7.7,2,1,32.6,23.2,1,6,2
32.1,34.5,22.0,1,81.2,35.9,27.0,4.5,1,1,46.9,63.7,1,11,0
25.5,25.1,17.0,1,93.7,24.6,36.7,1.3,2,1,48.7,58.0,0,1,0
15.0,22.7,10.5,-1,95.0,15.0,27.0,0.0,1,0,60.1,47.6,0,9,0
35.6,38.6,26.6,1,78.4,41.8,22.0,4.0,2,1,54.3,89.6,0,1,1
17.0,20.2,6.0,0,95.0,17.5,27.6,0.0,0,1,70.1,52.4,0,9,0
33.3,34.3,22.5,1,83.3,37.4,27.0,5.6,2,1,50.4,93.1,0,4,0
21.8,22.8,15.0,1,85.4,21.6,8.7,2.4,1,1,55.7,13.2,0,2,0
50.0,53.6,42.1,-1,47.6,58.6,32.9,8.6,2,0,27.3,43.0,0,6,3
28.4,30.7,21.3,0,72.8,28.0,9.0,3.5,1,1,48.1,56.2,0,1,0
25.8,32.5,15.8,-1,89.0,25.8,29.3,2.4,1,0,62.1,74.3,0,11,0
15.0,21.7,9.6,-1,95.0,15.0,14.9,2.0,0,0,65.6,34.3,0,12,0
49.7,53.2,46.5,1,41.6,57.1,54.2,10.4,2,0,36.8,37.8,0,6,3
31.4,29.7,20.8,0,82.4,35.6,51.9,3.1,3,1,39.2,35.7,0,12,0
38.8,40.6,29.4,1,57.2,46.0,33.0,6.5,3,1,48.4,12.7,0,7,2
25.9,32.2,22.0,1,92.7,25.9,14.2,2.5,0,0,60.0,32.2,1,12,0
37.2,38.7,26.7,0,66.9,43.7,33.3,4.3,0,1,39.4,18.1,0,8,0
22.5,27.4,15.7,0,82.1,22.5,19.6,3.6,2,0,51.0,27.0,0,9,0
44.1,48.9,34.4,0,64.1,53.5,15.7,7.4,3,1,42.8,35.1,1,5,2
32.6,37.7,28.2,-1,72.7,39.7,17.3,4.8,0,1,51.3,50.3,0,9,0
32.6,35.7,20.7,1,74.9,39.3,13.6,4.1,0,1,55.9,26.0,0,2,0
39.5,43.8,32.1,1,70.3,45.8,33.2,6.2,6,1,40.1,4.1,0,4,2
33.5,36.5,25.5,0,67.8,40.6,20.8,4.0,0,1,50.3,74.2,0,9,0
40.1,46.4,35.5,0,66.8,48.8,20.0,7.7,5,0,44.8,38.5,0,4,2
39.3,44.8,33.9,1,71.2,46.5,13.5,6.6,0,1,40.6,5.8,1,7,1
53.4,57.3,45.4,0,45.7,60.8,28.4,8.9,1,1,21.8,13.6,0,7,2
41.8,48.4,37.5,1,52.8,50.0,17.9,5.8,1,1,47.1,84.4,0,4,1
42.2,48.0,37.8,-1,49.3,49.2,14.1,8.6,2,0,43.7,45.6,1,4,2
21.9,26.9,16.6,0,87.5,23.1,23.8,2.6,2,1,64.6,9.2,0,3,0
32.7,38.5,26.2,1,74.8,40.4,11.6,5.1,2,1,51.7,46.1,0,12,0
25.9,28.9,20.3,0,74.9,25.9,21.3,2.5,1,0,59.9,58.6,0,3,0
37.4,40.4,28.4,0,65.2,44.1,16.7,6.6,3,1,39.7,41.2,0,7,1
32.7,37.7,23.5,1,67.3,39.0,24.6,5.0,1,0,40.5,93.7,0,1,0
22.8,25.6,17.6,1,95.0,22.8,13.8,2.9,0,0,66.4,21.7,0,3,0
24.2,26.7,14.1,0,95.0,23.4,13.7,3.4,0,1,51.1,89.2,0,9,0
41.7,41.5,31.4,-1,53.9,48.1,6.6,5.9,4,1,39.2,85.1,0,4,2
26.2,31.9,16.4,1,90.4,26.2,20.8,3.8,1,0,58.8,55.9,1,4,0
31.9,35.7,28.8,1,73.1,38.4,45.9,4.5,1,0,56.5,51.6,0,2,0
18.9,18.1,9.8,-1,95.0,16.5,40.3,0.3,2,1,52.9,28.9,0,3,0
52.4,57.3,42.6,1,38.7,52.3,26.9,10.2,2,1,34.2,32.3,0,5,3
38.3,38.9,27.3,-1,71.6,46.3,11.1,5.9,2,1,47.2,53.4,0,7,1
35.9,40.7,28.3,1,73.1,43.9,15.2,5.9,3,0,47.9,41.2,1,5,1
31.6,35.0,21.1,0,76.5,35.7,32.6,4.2,2,1,57.6,81.7,0,11,0
36.8,43.9,27.2,-1,61.3,43.8,10.2,7.2,1,0,42.3,63.3,0,2,1
42.8,46.1,31.7,1,57.4,49.7,24.5,7.4,1,1,41.6,39.8,0,7,2
24.2,27.1,14.7,1,87.2,24.2,27.0,3.2,0,0,47.1,45.6,0,8,0
31.2,35.7,23.6,0,74.8,37.6,10.0,6.0,2,0,41.9,44.6,0,5,0
36.0,39.6,28.0,1,59.8,42.6,34.6,5.1,6,0,44.0,90.1,0,6,1
15.0,19.0,5.7,1,95.0,15.0,57.3,0.1,1,0,64.8,9.4,0,9,0
19.7,20.5,11.4,1,95.0,19.0,15.9,0.0,0,1,53.0,27.9,0,12,0
32.7,37.5,24.5,1,68.0,37.0,28.6,3.4,0,1,52.5,46.7,0,2,0
27.6,30.0,17.6,0,77.5,25.6,17.0,3.8,0,1,43.1,46.9,0,10,0
32.8,34.9,23.1,0,81.9,40.5,21.7,5.2,5,0,39.6,30.0,0,7,1
34.9,40.4,24.9,0,61.7,41.3,25.1,6.3,4,0,45.9,84.8,1,5,1
29.3,35.5,21.5,1,86.4,36.2,33.1,5.2,1,1,42.0,43.3,1,6,0
37.1,39.4,29.2,0,67.3,44.9,16.4,4.2,0,1,33.6,63.6,0,3,0
26.1,33.4,20.9,-1,93.2,26.1,32.1,2.5,1,0,48.9,93.6,1,2,0
16.9,18.9,13.8,1,95.0,16.9,19.0,1.2,0,0,58.0,22.3,0,2,0
33.5,35.1,24.9,0,72.9,40.2,13.6,5.9,0,1,48.7,9.6,0,12,0
36.9,42.7,29.6,1,66.2,44.5,28.9,4.6,2,0,36.3,34.1,0,4,1
39.0,45.4,35.7,1,59.3,46.4,25.5,7.8,2,0,31.4,33.0,1,4,2
16.3,18.3,11.8,-1,95.0,17.2,22.3,0.0,1,1,66.7,94.0,0,10,0
16.2,18.1,7.3,1,95.0,16.1,28.5,0.1,2,1,68.0,98.1,0,1,0
17.9,18.3,8.9,1,95.0,17.6,13.5,0.6,0,1,65.2,53.4,0,9,0
32.6,36.4,21.4,0,89.0,37.9,33.9,3.2,4,1,42.3,51.2,0,6,1
39.4,46.2,32.5,1,70.2,48.3,14.7,7.2,1,0,39.7,41.7,0,10,1
18.8,20.9,9.9,1,89.6,18.8,31.3,1.7,0,0,62.8,28.6,0,8,0
24.8,29.6,19.8,1,84.3,24.4,35.4,3.1,0,1,58.7,90.5,0,9,0
37.6,43.0,31.4,1,75.5,45.7,23.1,5.7,2,1,46.5,33.7,0,7,1
17.1,17.5,10.6,1,95.0,17.2,15.2,0.3,1,1,62.0,46.4,0,2,0
29.5,34.2,20.5,0,83.7,36.0,11.8,5.4,3,0,51.3,26.3,0,4,0
30.7,36.0,24.8,0,71.0,35.9,37.5,5.2,1,1,57.3,78.4,0,10,0
46.9,45.3,37.5,0,56.8,53.8,8.6,6.8,3,1,31.7,92.0,1,6,2
26.1,30.5,19.8,0,92.1,26.1,10.5,3.7,1,0,59.3,33.4,0,12,0
34.6,38.1,29.0,-1,81.6,42.6,18.1,3.6,4,1,47.9,58.0,1,6,1
18.2,20.4,9.9,-1,95.0,16.5,18.6,0.0,1,1,71.1,25.5,0,1,0
33.5,36.2,28.1,-1,73.6,40.6,23.8,4.8,2,0,47.6,11.3,0,2,0
27.0,28.0,18.2,-1,94.7,24.6,39.7,4.0,0,1,55.0,68.7,0,2,0
42.5,44.4,31.4,1,58.4,50.0,67.9,6.7,1,1,29.4,13.8,0,1,2
40.1,40.4,31.1,-1,60.4,46.9,54.1,5.1,4,1,47.6,10.7,0,7,2
45.1,44.3,33.2,0,58.3,52.0,29.9,6.5,2,1,42.4,67.4,0,12,2
32.2,35.7,21.8,1,84.5,36.8,12.4,4.8,0,1,56.9,94.5,1,10,0
24.4,30.4,20.2,0,92.4,24.4,47.0,1.8,0,0,52.2,33.3,1,9,0
18.2,24.6,9.2,1,89.2,18.2,16.0,0.6,1,0,52.2,39.9,0,3,0
44.0,48.9,34.7,1,65.7,53.8,27.9,6.6,5,0,45.5,41.3,0,5,2
25.2,26.3,14.3,-1,81.2,25.4,37.0,3.4,0,1,48.8,91.8,0,11,0
28.0,34.0,18.7,1,77.0,28.7,14.7,2.4,2,1,59.7,40.3,0,5,0
44.1,46.7,38.4,1,60.7,53.2,47.1,8.2,3,0,27.0,26.7,1,4,2
20.2,27.9,15.0,0,95.0,20.2,26.4,0.6,0,0,62.2,89.3,0,3,0
43.7,48.6,34.6,1,58.6,50.1,35.9,5.6,3,1,26.8,60.2,0,7,2
49.7,54.8,38.9,0,44.1,56.4,15.3,7.9,1,1,37.6,43.0,0,10,2
45.5,45.8,32.8,0,65.7,52.7,21.1,7.3,8,1,35.4,40.0,1,6,3
21.6,23.7,12.4,0,95.0,21.8,24.3,2.8,0,1,57.7,29.5,0,8,0
35.3,39.9,30.1,-1,64.2,43.0,12.4,6.3,4,1,46.4,29.1,1,5,1
39.8,43.3,31.0,1,64.3,46.7,33.1,6.8,2,1,38.8,20.4,0,7,2
45.9,47.5,36.7,1,50.3,51.8,23.8,6.9,2,1,36.5,4.9,0,5,2
18.1,24.4,9.5,-1,94.7,18.1,56.6,1.4,0,0,70.0,63.1,0,3,0
20.2,23.0,11.5,-1,95.0,20.0,26.4,0.9,2,1,49.9,48.8,0,8,0
33.3,37.3,29.2,0,75.1,40.6,21.4,6.0,0,0,40.3,23.7,0,2,0
15.0,18.4,11.8,1,92.2,15.0,41.4,1.0,2,0,61.0,88.2,0,2,0
30.3,31.7,22.7,0,77.4,34.5,20.0,3.1,1,1,54.9,81.2,0,10,0
35.0,36.7,25.7,1,67.8,41.1,17.1,4.5,2,1,51.9,32.8,1,11,0
15.0,18.1,8.1,1,95.0,15.0,34.3,0.7,2,0,65.8,91.4,0,2,0
28.2,31.9,18.7,0,93.3,28.4,17.9,2.4,1,1,57.4,66.5,0,8,0
39.2,41.4,31.2,0,62.0,43.5,23.5,4.4,1,1,36.9,57.4,1,6,1
40.0,44.7,32.2,1,74.9,48.8,13.7,6.1,3,1,32.4,76.6,0,7,2
45.0,45.9,39.8,1,48.7,52.7,19.9,8.3,3,1,35.4,66.6,1,6,2
47.7,51.8,39.3,1,50.4,52.8,26.2,7.3,3,1,26.7,50.7,0,6,2
36.9,38.9,28.9,1,69.3,43.9,30.9,5.5,2,1,49.5,55.6,0,9,1
15.0,17.6,9.4,0,95.0,15.0,30.8,0.0,1,0,74.0,73.5,1,8,0
33.1,33.5,27.4,-1,80.7,40.0,23.4,4.7,0,1,54.6,81.6,0,9,0
21.1,22.9,15.4,1,95.0,21.4,13.8,2.4,1,1,60.9,90.7,0,2,0
27.2,32.1,16.2,-1,78.9,27.8,18.8,1.7,1,1,60.6,28.5,0,11,0
15.9,20.7,10.7,1,90.0,15.9,22.6,1.8,1,0,70.6,62.0,0,12,0
16.8,18.8,13.3,1,89.2,16.8,18.1,1.7,0,0,54.8,5.1,0,2,0
26.1,32.1,21.1,1,94.0,26.1,20.2,1.7,2,1,52.6,72.0,0,12,0
26.2,30.3,18.5,1,95.0,24.7,23.0,3.0,2,1,62.2,35.4,0,8,0
41.3,46.7,35.3,-1,51.3,48.3,21.9,8.0,5,0,36.2,92.6,1,6,2
29.6,33.8,19.8,1,75.7,35.2,19.1,4.7,2,1,57.9,82.1,0,7,0
33.5,36.2,27.8,-1,79.9,41.3,29.9,5.2,2,0,52.8,66.4,1,6,0
41.6,45.5,32.9,1,73.7,49.8,35.4,7.3,1,1,44.5,69.2,0,2,1
31.9,35.1,26.3,1,71.7,37.1,19.0,4.2,0,1,41.6,62.0,0,10,0
27.8,32.3,21.8,1,84.3,33.6,22.2,2.8,0,0,59.2,12.9,0,11,0
43.7,50.0,35.8,-1,56.3,52.4,21.8,8.9,0,1,28.3,56.8,0,12,2
27.0,31.3,19.2,1,82.6,27.1,27.5,4.6,0,1,53.6,45.3,0,9,0
44.6,50.2,39.5,0,63.4,54.3,31.1,6.7,4,0,29.3,81.1,1,5,2
22.6,27.0,9.4,1,85.1,21.6,30.2,2.7,2,1,60.5,76.6,0,1,0
26.6,34.5,16.9,-1,88.1,26.6,39.5,2.3,0,0,53.9,32.4,0,11,0
29.8,33.3,25.3,1,81.7,36.3,47.4,4.5,3,0,42.9,10.9,0,5,0
15.8,20.1,11.6,1,95.0,15.8,13.6,0.0,1,0,55.1,62.1,0,8,0
28.5,31.5,21.6,0,86.3,34.7,19.4,4.3,2,0,59.1,89.4,0,1,0
44.2,46.9,34.0,1,66.4,52.9,49.1,6.5,1,1,43.7,92.5,0,4,2
28.8,32.1,21.3,1,73.0,34.2,10.2,4.5,1,0,54.2,47.2,0,10,0
24.8,23.4,15.8,-1,95.0,22.4,36.2,1.6,0,1,61.2,22.6,0,10,0
28.2,32.7,20.9,-1,73.4,33.4,10.8,2.5,1,0,46.5,53.5,0,11,0
31.6,34.0,25.0,-1,80.1,37.6,23.5,4.2,1,1,45.4,89.3,0,9,0
36.1,39.4,28.4,0,63.2,42.8,16.8,3.7,1,1,42.7,94.3,0,12,0
36.2,34.9,24.3,0,66.5,41.6,21.4,4.2,7,1,49.3,47.0,0,6,1
45.3,45.8,37.6,1,65.8,54.5,27.6,8.3,2,1,37.4,31.8,1,4,3
44.4,43.7,34.0,1,69.8,51.1,30.7,7.3,6,1,35.1,26.6,1,7,3
36.7,39.1,30.4,1,71.4,44.5,14.2,4.9,2,1,47.3,51.4,0,9,1
47.4,49.4,40.8,1,53.5,54.1,37.6,9.3,4,1,42.5,8.7,0,5,3
16.2,19.4,5.7,0,95.0,16.2,29.9,0.3,0,1,63.5,92.4,1,11,0
20.6,24.3,7.9,1,91.5,20.1,9.5,1.7,1,1,58.5,0.5,0,12,0
27.7,30.9,17.1,0,92.1,27.3,11.6,3.9,0,1,49.6,90.9,0,10,0
23.5,23.6,14.5,-1,91.7,21.6,25.1,1.7,2,1,60.7,17.9,0,11,0
15.0,19.1,11.1,0,95.0,15.0,18.5,1.8,1,0,61.5,23.5,0,1,0
42.4,45.4,39.2,1,66.9,51.9,14.6,8.6,1,0,34.0,81.2,0,12,2
25.0,27.6,15.8,-1,92.8,24.0,17.5,1.7,2,1,58.9,89.9,0,1,0
23.4,27.3,19.5,0,79.4,23.4,29.0,2.7,1,0,62.3,19.4,0,12,0
31.4,34.1,23.2,-1,78.4,36.0,20.1,5.2,3,1,55.2,2.3,0,11,0
41.1,45.9,31.9,1,60.2,49.3,25.5,5.7,2,0,45.4,96.8,0,4,1
35.1,39.9,26.1,1,73.9,42.9,21.2,5.6,5,0,54.5,17.0,0,5,1
26.2,29.0,14.9,1,93.5,24.5,43.7,3.5,0,1,55.5,21.8,0,8,0
31.5,31.3,20.3,1,72.7,36.7,10.0,3.3,0,1,49.8,30.1,0,12,0
15.0,20.9,8.0,1,94.4,15.0,27.0,2.0,0,0,59.0,66.0,0,12,0
45.9,52.6,41.7,-1,61.2,55.7,49.7,6.8,2,0,31.6,57.0,1,7,2
26.4,29.0,16.6,-1,82.3,26.3,34.4,2.2,1,1,49.2,5.1,0,7,0
41.8,47.6,37.4,1,52.8,49.2,36.6,6.1,7,0,34.6,85.3,1,6,2
40.0,44.9,33.1,0,68.9,49.0,10.1,5.4,2,0,37.4,28.3,0,12,1
19.3,22.8,10.9,1,91.1,19.3,38.0,1.5,1,0,67.4,87.7,1,3,0
33.6,37.3,23.2,0,68.0,39.6,12.8,4.2,1,1,37.0,44.7,0,9,0
32.8,35.6,21.1,1,80.2,39.9,27.6,4.7,3,1,38.4,27.0,0,9,0
37.6,40.4,30.5,0,76.0,45.4,41.8,6.6,4,1,36.3,23.2,1,6,2
18.7,21.2,9.5,0,95.0,18.7,19.2,2.6,1,0,51.9,56.4,0,3,0
38.2,40.1,29.1,-1,79.9,45.3,18.1,5.7,1,1,49.4,74.7,1,4,1
46.8,48.9,39.3,1,48.2,54.8,9.1,8.1,2,0,23.6,24.7,1,6,3
20.3,23.0,10.5,0,95.0,18.8,22.8,1.4,0,1,54.1,20.4,0,12,0
28.2,32.5,21.4,0,72.0,33.3,36.1,4.0,0,0,55.2,24.1,0,2,0
37.9,41.4,25.6,1,62.3,42.2,45.4,6.6,0,1,33.6,62.2,0,3,1
38.7,39.4,32.8,0,62.6,46.3,35.9,6.5,6,1,44.9,81.2,0,7,2
31.1,31.7,21.8,1,85.4,35.8,13.9,3.4,5,1,46.2,54.4,0,6,1
36.5,36.6,27.7,-1,72.3,41.4,35.8,4.9,4,1,52.6,15.3,0,1,1
41.7,46.4,34.6,-1,52.6,49.0,14.7,5.8,1,0,33.4,73.9,0,6,1
42.1,44.7,29.5,-1,68.6,48.4,51.6,5.6,6,1,42.2,21.3,1,4,2
17.5,20.5,9.9,-1,93.0,16.3,17.4,0.5,1,1,57.2,99.1,0,12,0
34.8,38.3,23.6,-1,77.7,42.2,26.5,5.2,1,1,48.8,60.6,0,3,0
21.4,25.7,12.7,1,95.0,22.8,24.6,3.1,3,1,54.6,51.5,0,9,0
39.6,42.8,32.1,0,73.2,49.0,32.7,6.0,2,1,39.2,90.6,0,6,1
15.0,22.8,6.3,1,95.0,15.0,28.2,0.8,1,0,58.1,45.0,0,9,0
25.8,31.7,21.3,0,76.8,25.8,19.6,2.2,0,0,51.9,66.9,0,10,0
42.0,44.9,37.5,1,61.9,50.1,11.9,7.4,1,1,30.9,24.1,1,4,2
25.1,27.4,17.5,1,78.5,24.5,51.0,1.5,1,1,58.1,7.3,0,2,0
42.3,47.4,34.4,-1,55.3,50.2,22.2,7.6,2,0,42.6,3.5,1,7,2
21.9,28.7,15.2,1,95.0,21.9,19.2,2.8,2,0,53.8,30.9,0,1,0
45.3,52.4,42.0,-1,61.4,54.9,38.7,7.6,5,0,37.0,30.8,0,4,3
39.0,43.6,29.6,1,62.0,45.5,28.6,6.5,1,1,44.2,5.3,0,12,1
19.4,26.6,15.9,1,95.0,19.4,70.0,0.8,0,0,55.4,51.7,0,12,0
28.6,30.1,19.7,0,88.7,28.7,14.4,2.9,0,1,59.2,77.0,0,11,0
28.1,26.6,21.3,1,89.3,26.0,20.4,4.2,3,1,46.9,93.5,0,1,0
39.1,46.6,30.4,0,62.1,46.8,13.6,5.9,1,0,44.1,23.4,1,4,1
42.8,48.0,32.9,-1,63.5,51.9,17.9,6.8,2,1,42.6,29.4,0,7,2
42.1,45.4,32.9,1,63.3,51.0,35.0,7.2,4,0,41.8,60.0,0,5,2
20.9,22.5,13.9,1,91.0,20.9,11.8,0.1,1,1,53.8,4.3,0,1,0
33.0,32.8,26.6,1,67.0,38.4,34.9,5.7,1,1,50.7,5.6,0,6,0
32.2,36.9,23.8,-1,83.1,39.8,15.4,3.6,1,0,38.8,92.5,0,2,0
26.5,29.1,17.6,1,85.8,24.7,42.3,3.7,1,1,43.5,63.7,1,1,0
28.3,32.1,24.1,1,87.1,34.6,31.1,4.1,1,0,46.1,90.8,0,11,0
37.8,39.7,28.6,1,75.8,44.2,16.7,4.3,0,1,32.8,51.9,1,12,0
21.1,25.1,12.1,0,84.6,21.1,33.1,1.8,1,0,57.9,49.6,0,10,0
46.5,44.7,35.3,-1,68.0,53.5,16.8,8.5,3,1,36.5,64.9,0,4,3
27.4,31.7,18.1,-1,78.1,32.7,15.6,2.5,0,0,62.3,40.7,0,10,0
17.1,22.7,7.8,1,92.2,16.6,27.3,1.5,2,1,68.6,32.0,0,2,0
18.1,21.7,13.1,1,95.0,18.1,28.1,0.2,0,0,53.8,92.0,0,12,0
36.9,40.6,30.1,0,68.8,42.9,27.7,4.5,2,1,49.6,31.9,1,5,1
20.1,24.3,14.2,0,92.4,20.1,30.3,1.6,0,0,57.9,82.3,0,8,0
46.0,49.8,36.7,1,61.1,54.1,37.9,8.4,3,1,39.9,93.2,0,7,3
31.7,37.0,23.0,1,69.3,37.8,19.0,3.8,1,0,55.2,70.7,0,10,0
15.0,19.0,7.0,1,95.0,15.0,36.2,0.2,1,0,69.5,32.4,1,8,0
23.6,26.7,15.5,1,94.7,23.6,18.4,1.6,0,0,62.9,49.6,0,2,0
31.7,32.1,22.8,1,70.3,38.6,22.9,5.3,0,1,44.8,69.8,0,1,0
37.6,41.8,25.3,1,65.5,42.0,19.3,4.1,3,1,34.9,63.1,1,4,1
33.6,39.8,24.9,1,83.6,42.2,32.5,5.5,1,1,49.5,53.0,0,1,0
46.6,47.5,39.3,-1,57.9,56.0,32.7,6.8,4,1,40.5,82.8,0,5,3
33.5,37.4,26.8,-1,70.5,39.4,22.5,5.3,0,1,54.8,79.4,0,9,0
15.7,20.7,9.5,0,95.0,15.7,23.8,1.2,0,0,57.4,64.9,0,11,0
29.3,34.2,21.3,1,73.0,34.9,21.9,4.3,0,0,49.5,19.8,0,2,0
37.0,38.9,31.3,1,76.7,46.1,28.4,6.1,5,1,43.5,35.6,0,6,2
21.3,22.8,10.1,1,87.2,21.1,26.4,2.7,0,1,65.2,14.5,0,8,0
21.3,26.8,16.8,1,81.5,21.3,16.8,1.6,0,0,62.4,12.7,1,3,0
18.3,20.5,8.7,0,95.0,18.3,22.3,0.8,0,0,67.4,20.5,0,11,0
33.4,37.3,27.7,-1,77.8,40.9,53.9,5.6,6,0,42.7,31.9,1,4,1
19.2,27.0,14.6,-1,89.0,19.2,12.3,2.6,0,0,67.7,13.6,0,3,0
23.0,28.6,16.0,1,95.0,23.0,29.7,3.7,1,0,64.0,12.3,0,1,0
33.0,33.6,23.6,1,75.3,36.8,15.2,2.8,0,1,43.0,50.3,0,1,0
29.5,33.7,21.4,0,70.7,35.0,30.2,2.9,1,0,43.7,71.7,0,11,0
26.3,29.4,16.8,0,81.7,24.4,10.5,3.4,0,1,54.4,94.4,0,9,0
33.1,33.3,23.6,1,83.1,38.6,18.5,4.4,0,1,40.4,97.7,0,9,0
30.5,33.4,26.8,0,84.0,37.4,33.6,3.8,3,0,50.1,31.5,1,4,0
27.3,28.4,21.1,1,89.0,29.1,41.2,3.5,0,1,48.7,66.8,0,3,0
35.0,35.4,28.6,1,65.4,40.7,66.1,4.8,0,1,50.1,5.2,0,6,0
40.4,42.9,32.1,1,67.0,47.0,26.7,6.1,1,1,33.8,93.7,0,10,1
38.4,40.8,29.2,1,72.3,44.9,21.4,6.4,0,1,45.2,28.2,1,9,1
43.7,48.5,31.9,1,61.3,51.3,23.7,6.2,5,1,28.1,69.8,0,4,2
50.1,54.9,43.3,1,52.9,57.6,13.0,10.0,2,1,33.3,67.7,1,10,3
28.0,33.5,21.8,0,74.2,27.2,29.2,2.5,1,1,48.6,56.1,0,6,0
30.7,32.0,20.4,-1,92.0,29.1,31.6,2.4,0,1,51.6,7.9,0,9,0
18.3,19.1,11.6,1,95.0,16.5,10.2,1.6,2,1,67.0,30.2,0,2,0
15.8,20.8,9.8,1,95.0,15.8,13.9,1.5,1,0,63.5,35.1,0,1,0
21.5,21.8,9.0,1,95.0,20.9,27.0,2.6,1,1,52.9,60.2,0,11,0
16.3,18.0,11.2,0,95.0,16.4,13.7,0.7,0,1,71.8,66.4,0,1,0
41.4,47.6,35.7,1,59.7,49.6,18.5,5.7,2,0,43.4,26.3,0,6,1
29.9,31.6,21.9,0,79.0,35.3,27.6,3.5,2,1,44.8,71.6,0,11,0
36.3,42.3,29.6,1,63.7,43.4,43.7,5.4,1,0,51.9,50.9,0,6,0
15.0,19.0,9.4,1,95.0,15.0,8.2,0.4,2,0,72.0,19.6,0,11,0
15.0,21.0,5.1,-1,92.7,15.0,22.5,1.3,1,0,73.0,44.2,1,3,0
21.2,26.4,14.4,1,91.0,21.2,11.3,2.6,2,0,63.3,64.6,0,8,0
38.0,45.0,30.6,-1,58.1,45.0,37.1,5.6,2,0,38.7,51.5,0,2,1
37.0,44.2,29.9,0,72.2,45.3,22.8,6.9,3,0,45.0,55.1,0,6,1
29.5,34.4,26.0,-1,69.1,34.9,17.0,3.0,0,0,41.3,33.2,0,3,0
39.8,46.3,30.9,0,60.6,48.3,30.4,5.3,5,1,40.9,73.2,1,5,2
32.8,39.4,27.5,1,65.3,38.7,15.8,3.5,1,1,38.6,12.9,0,11,0
51.3,56.8,43.6,-1,58.9,61.6,18.8,9.0,2,1,31.4,80.3,0,5,3
47.0,47.4,34.6,1,48.1,53.0,16.8,6.5,6,1,26.6,69.4,0,7,3
31.3,29.5,21.7,0,73.4,34.7,27.2,2.5,0,1,45.5,87.2,0,3,0
39.1,41.6,34.8,1,55.9,46.1,16.7,5.7,0,0,46.4,24.2,0,12,1
25.0,25.2,13.6,1,82.5,24.4,13.2,3.2,0,1,60.7,32.2,0,8,0
18.6,22.9,9.3,1,86.9,18.6,24.0,1.0,0,0,56.0,46.2,0,1,0
28.6,31.6,19.7,0,79.2,34.8,58.9,2.3,3,1,51.9,27.2,0,2,0
23.7,23.6,11.9,1,89.0,22.0,16.7,2.8,1,1,58.8,60.7,0,3,0
36.8,40.1,30.5,1,66.8,45.0,22.4,5.6,2,1,45.3,98.2,0,5,1
41.3,44.9,28.2,1,57.6,46.8,47.7,7.0,2,1,38.6,83.7,1,4,2
45.4,47.8,36.3,0,59.1,53.6,37.3,8.9,1,1,39.3,72.9,0,7,2
40.4,46.0,29.7,0,68.0,47.9,43.4,6.1,3,1,31.9,10.2,0,11,2
37.8,45.4,29.0,-1,69.3,46.1,14.7,4.8,1,0,46.6,38.9,0,12,1
42.8,45.1,34.7,1,57.8,51.1,19.4,8.2,7,0,35.4,83.1,1,6,3
46.0,49.1,39.9,1,64.1,55.3,46.2,8.6,2,1,43.0,90.3,1,6,3
43.8,44.1,36.0,0,69.0,51.0,18.4,5.7,3,1,44.2,91.1,0,7,2
34.5,35.2,23.1,1,75.8,41.2,33.1,4.2,1,1,47.1,13.5,0,3,0
29.8,31.7,20.2,-1,72.7,34.9,17.3,3.8,1,1,51.4,11.1,0,12,0
50.1,52.0,42.4,0,56.2,57.7,33.5,9.2,1,1,23.2,18.5,0,5,2
20.9,22.8,11.1,0,93.2,20.5,40.8,2.7,2,1,56.5,34.5,1,2,0
26.5,32.7,20.4,1,80.1,26.5,20.5,2.4,0,0,54.4,69.0,0,2,0
27.7,33.7,18.2,1,75.1,32.8,9.2,3.2,2,0,52.8,10.9,1,2,0
30.6,33.7,22.8,0,69.9,36.3,22.2,2.9,0,0,54.5,5.0,1,11,0
39.8,39.6,28.7,0,71.7,46.6,10.5,7.5,7,1,41.0,68.0,1,6,2
42.9,48.3,36.5,0,53.3,49.9,6.2,6.0,4,1,29.5,98.3,0,4,2
23.2,26.5,14.3,1,88.6,23.2,40.8,3.4,0,0,57.7,55.5,1,10,0
28.1,31.2,19.5,1,77.8,27.3,24.4,4.5,3,1,57.2,59.2,0,2,0
34.0,40.3,25.1,1,62.9,40.3,33.3,5.0,1,0,42.1,80.2,0,8,0
40.7,42.6,34.1,0,59.9,46.7,18.2,5.5,6,1,41.0,53.7,0,6,2
39.0,42.8,30.9,0,64.8,48.4,42.2,7.2,0,1,44.8,89.8,0,9,1
41.6,49.1,32.2,0,70.1,51.3,31.9,6.6,4,0,30.5,39.8,0,7,2
34.5,39.4,26.3,1,76.9,42.4,34.5,5.6,0,0,52.6,83.5,0,12,0
34.3,36.6,27.4,1,70.2,41.2,26.9,3.3,2,1,46.7,77.9,1,6,0
51.4,55.2,45.8,0,56.4,62.6,28.4,9.5,1,1,24.6,31.3,0,7,2
34.5,37.4,28.5,0,68.9,42.8,23.6,3.6,2,1,51.1,72.6,1,4,0
26.9,31.1,14.8,1,95.0,24.7,13.1,2.3,0,1,56.7,13.5,0,1,0
26.5,30.7,20.0,1,79.3,27.2,48.5,3.3,1,1,62.8,28.0,0,12,0
23.2,25.7,16.5,0,92.3,23.2,24.4,1.3,1,0,47.8,9.0,0,9,0
31.1,31.6,20.1,-1,85.0,36.2,16.3,4.8,2,1,45.6,22.5,0,9,0
25.7,28.4,17.4,1,74.9,25.7,10.7,2.1,1,0,64.2,54.4,0,1,0
34.3,40.4,28.3,1,80.0,42.5,16.2,6.2,2,0,46.7,62.5,0,2,1
32.5,33.7,25.6,0,74.4,36.5,17.7,3.7,0,1,55.6,56.5,1,3,0
28.5,31.5,18.4,0,77.3,26.5,24.1,3.7,3,1,51.8,81.8,0,9,0
24.2,26.3,21.2,0,91.9,24.2,22.1,3.0,1,0,59.4,79.0,0,3,0
21.1,26.3,12.9,-1,93.5,21.0,34.4,0.7,0,1,60.4,95.3,0,8,0
33.4,36.6,24.6,0,71.2,38.6,28.4,3.4,1,1,45.7,61.7,1,4,0
41.1,42.2,30.8,0,67.8,50.4,28.1,5.6,0,1,29.5,88.5,0,8,1
33.1,35.9,22.9,0,86.0,39.0,19.9,4.1,1,1,53.0,25.9,0,7,0
34.7,40.0,27.8,0,74.7,42.5,15.6,4.2,3,0,46.5,72.8,0,6,0
30.1,33.3,24.6,1,81.3,36.6,22.0,4.1,2,0,55.9,33.0,0,12,0
23.3,27.1,13.2,-1,88.5,23.8,15.4,1.6,0,1,59.8,92.0,0,3,0
25.5,29.4,18.2,-1,88.6,24.3,8.9,2.3,0,1,49.2,77.9,1,11,0
35.9,40.0,26.5,1,64.4,42.3,23.3,4.5,2,1,51.8,90.3,0,12,1
17.6,21.7,7.8,1,95.0,16.3,34.4,0.0,1,1,70.1,17.5,0,1,0
15.0,19.5,10.3,1,95.0,15.0,24.3,0.0,1,0,64.8,60.8,1,1,0
35.9,39.5,23.8,0,73.0,40.2,24.8,5.0,1,1,46.0,25.3,0,12,0
44.1,48.7,33.1,0,58.8,52.7,39.2,7.0,5,1,41.8,62.4,1,4,2
21.7,27.5,13.7,1,83.7,22.6,24.7,0.6,1,1,49.5,88.7,0,9,0
36.2,35.7,22.8,1,73.8,40.6,65.4,4.6,0,1,42.8,98.5,0,10,0
36.7,39.6,27.6,0,64.7,40.3,24.5,5.5,1,1,36.3,1.3,0,3,0
34.7,35.6,26.4,1,64.8,42.1,35.7,3.8,4,1,40.6,43.5,1,7,1
21.2,21.8,11.1,0,85.5,21.9,24.5,0.6,2,1,54.1,40.7,0,11,0
36.3,39.1,30.5,1,70.5,44.2,32.6,5.0,2,0,39.3,17.6,0,4,1
44.7,49.8,37.6,0,51.3,52.6,18.4,7.0,4,0,27.9,4.0,0,4,2
15.0,17.4,7.1,-1,95.0,15.0,28.1,1.4,1,0,55.8,1.1,0,8,0
16.1,20.5,8.0,0,95.0,17.3,35.1,0.1,2,1,64.6,67.7,0,10,0
24.3,31.2,19.1,1,77.4,24.3,26.5,3.8,3,0,59.4,50.7,0,11,0
37.5,36.8,30.1,1,67.0,43.5,10.4,6.4,1,1,42.7,25.8,0,4,1
33.9,35.2,23.6,1,70.8,40.3,20.3,5.1,1,1,43.2,71.5,0,2,0
20.2,27.4,15.3,1,94.2,20.2,35.0,2.1,2,0,56.7,0.6,0,3,0
33.7,38.9,25.0,1,68.8,40.0,21.8,5.6,4,1,38.1,0.8,0,7,0
29.1,32.7,19.9,1,79.8,27.2,13.8,3.4,2,1,51.4,24.2,0,12,0
33.3,37.1,25.1,1,83.3,38.6,22.6,3.0,1,1,42.0,93.3,0,2,0
46.6,48.9,35.6,0,65.4,53.9,24.7,8.3,6,1,40.5,5.5,1,4,3
49.2,48.3,38.9,0,61.4,56.2,31.2,9.1,0,1,21.5,16.3,0,7,2
25.1,23.9,13.0,-1,89.0,22.6,21.1,3.5,0,1,56.1,23.9,0,10,0
22.3,24.8,13.7,1,82.8,22.3,24.7,1.2,0,0,56.8,50.5,0,8,0
27.7,35.5,23.6,1,79.2,33.1,33.6,3.6,0,0,54.5,17.5,0,2,0
43.7,44.2,33.1,1,61.6,53.1,25.0,7.8,3,1,44.7,55.9,0,5,2
27.9,30.1,19.4,1,76.2,28.9,30.9,4.2,2,1,46.5,85.0,0,3,0
30.7,34.7,21.3,-1,70.1,35.8,19.5,3.8,0,1,54.9,2.4,1,12,0
21.1,20.9,9.7,0,95.0,18.5,27.9,0.3,0,1,58.7,47.9,0,9,0
17.4,22.1,7.9,1,95.0,17.7,21.8,0.0,1,1,57.7,66.2,0,11,0
21.6,22.9,12.5,1,89.6,21.4,19.7,0.8,1,1,58.8,20.7,0,1,0
43.8,45.2,35.0,0,58.5,50.8,12.6,6.0,1,1,45.1,54.0,0,4,2
35.1,37.9,29.8,1,63.8,41.8,22.7,4.9,1,0,46.0,93.5,1,4,0
18.2,21.3,9.4,0,94.2,19.5,22.9,1.7,0,1,62.9,39.8,0,11,0
15.3,22.8,8.4,0,93.2,15.3,9.8,0.4,0,0,72.0,33.8,0,9,0
32.3,35.8,26.0,1,64.9,38.2,23.3,4.4,0,0,51.4,14.5,0,3,0
28.6,30.5,22.9,0,74.8,34.4,23.3,4.9,0,1,57.5,64.0,0,2,0
39.3,41.5,32.4,0,62.0,44.3,22.5,6.3,1,1,33.6,61.0,0,3,1
29.1,30.4,20.7,-1,91.1,35.3,17.0,4.3,2,1,44.7,70.9,0,2,0
33.5,38.1,25.4,0,76.8,41.0,31.9,6.6,5,0,42.9,83.4,1,5,1
33.4,36.8,25.2,1,79.0,39.7,22.1,4.4,0,1,42.7,41.2,0,8,0
28.9,36.3,20.2,-1,69.9,34.1,30.4,3.8,1,0,56.9,80.8,0,9,0
28.7,29.5,21.3,-1,72.5,33.8,23.3,4.8,0,1,54.2,28.0,0,3,0
23.7,26.0,14.7,0,82.8,23.7,17.5,2.4,1,0,51.4,94.3,0,11,0
40.4,42.8,36.6,1,71.7,49.9,42.6,6.6,2,0,32.4,20.4,1,7,2
21.3,25.7,14.5,-1,95.0,21.3,25.8,1.3,1,0,53.1,96.3,0,2,0
43.1,48.6,37.9,0,55.2,51.1,22.2,7.5,2,0,40.0,44.8,0,6,2
20.4,21.9,9.7,1,89.2,19.2,14.6,2.1,1,1,66.1,31.7,0,3,0
25.5,31.6,16.9,0,94.5,25.7,20.7,3.1,1,1,52.1,73.2,0,2,0
39.2,42.7,35.2,1,69.5,48.0,20.0,6.1,3,0,43.9,0.4,0,6,2
36.9,43.8,30.0,1,73.0,45.3,54.7,7.1,1,0,48.8,40.8,0,2,1
24.0,26.8,12.2,1,88.7,23.1,46.5,2.6,0,1,63.2,90.5,0,10,0
35.9,38.1,30.3,1,63.4,42.9,8.6,6.0,1,0,46.3,90.3,1,4,0
19.5,25.8,15.5,1,92.4,19.5,27.1,2.3,1,0,56.5,17.5,0,10,0
31.2,39.0,22.0,1,78.0,37.9,10.8,3.7,1,0,42.6,75.5,0,10,0
38.8,46.3,29.6,1,73.3,47.9,33.9,5.6,4,0,46.7,66.6,0,7,2
19.8,27.0,16.5,1,87.9,19.8,30.7,1.4,0,0,68.2,56.1,0,10,0
25.3,24.7,12.1,1,93.5,23.0,35.7,0.8,2,1,52.2,2.5,0,10,0
33.7,35.9,24.7,-1,62.2,39.8,10.4,4.1,0,0,38.8,75.3,0,10,0
36.1,39.1,25.7,0,71.9,44.7,33.7,5.3,3,1,43.8,46.6,1,7,1
21.4,23.7,16.1,0,95.0,21.4,19.9,2.9,1,0,50.1,10.5,0,12,0
25.7,29.6,22.1,1,90.0,25.7,23.8,2.0,2,0,54.6,26.0,0,3,0
46.0,52.6,35.2,1,55.8,55.0,22.4,6.9,7,1,39.7,77.7,0,5,3
22.6,27.3,13.3,1,82.3,23.0,21.3,0.9,1,1,65.9,94.3,0,11,0
18.4,21.0,7.0,1,93.1,16.3,9.7,1.2,1,1,64.9,12.2,0,11,0
29.6,32.2,22.5,0,84.7,29.0,19.4,4.9,2,1,46.3,0.4,0,3,0
36.2,44.2,29.6,1,76.7,44.7,27.7,4.9,0,0,46.0,6.0,0,8,0
22.1,26.9,13.4,1,79.8,22.1,24.4,2.8,2,0,65.1,78.1,0,1,0
32.1,38.6,23.2,1,84.1,39.7,14.4,3.7,0,0,44.0,65.9,0,8,0
15.0,22.5,5.4,-1,95.0,15.0,19.9,1.9,2,0,68.1,56.2,0,11,0
24.9,28.7,15.5,1,95.0,26.6,14.5,1.6,0,1,60.8,92.4,0,2,0
23.8,30.2,15.8,0,90.1,23.8,13.7,2.5,2,0,61.4,9.2,1,2,0
24.8,26.2,13.9,0,90.4,23.2,18.9,3.4,1,1,63.6,66.3,0,11,0
31.1,38.2,23.4,1,74.3,37.4,33.0,5.5,4,0,42.5,94.7,0,5,0
18.6,20.7,10.4,1,95.0,18.6,20.8,2.7,3,0,59.6,41.2,1,1,0
30.1,38.1,20.9,1,70.3,35.8,9.6,4.7,2,0,41.4,14.6,0,11,0
33.6,38.3,26.0,1,69.6,40.4,45.3,5.1,3,0,52.0,93.9,0,6,0
37.0,41.6,31.0,1,61.7,44.1,10.6,6.7,2,0,43.4,91.6,1,4,1
43.1,47.9,34.7,1,47.9,50.1,11.4,7.6,1,0,34.6,39.3,0,7,2
15.0,23.0,6.3,-1,95.0,15.0,26.4,0.0,1,0,70.6,9.3,0,3,0
18.2,18.2,8.1,-1,95.0,17.2,16.3,0.9,1,1,69.5,94.9,0,2,0
31.5,35.9,25.2,-1,80.1,38.5,39.1,3.3,1,0,46.1,46.0,0,1,0
24.4,27.1,16.3,1,92.0,24.4,35.1,2.6,2,0,53.5,54.0,0,1,0
28.3,31.1,19.1,1,82.7,29.0,16.1,2.0,1,1,50.9,94.8,0,9,0
36.2,41.7,28.9,0,76.4,44.2,12.0,5.4,6,1,45.4,5.4,0,5,1
33.3,38.7,21.9,1,82.0,40.2,25.2,5.4,0,1,45.9,22.7,0,3,0
29.4,35.6,22.1,-1,75.7,35.2,44.5,3.4,0,0,43.5,95.8,0,11,0
39.6,47.4,36.5,0,60.9,47.4,24.6,7.3,3,0,30.6,20.2,1,4,2
22.2,24.6,13.6,0,95.0,21.0,22.7,1.2,1,1,63.0,73.5,0,11,0
43.8,48.8,36.6,1,68.6,53.2,25.3,8.4,4,1,33.6,59.1,0,5,3
42.2,46.6,35.1,1,57.3,50.3,22.1,6.9,2,0,44.1,76.5,0,7,2
18.0,22.3,7.0,1,95.0,17.0,23.1,0.4,0,1,69.7,72.7,0,12,0
36.1,40.6,28.7,1,69.3,42.2,8.0,4.5,2,1,36.4,38.4,1,9,1
30.9,32.5,23.8,0,83.9,35.1,23.0,4.1,4,1,57.3,21.6,1,5,1
25.1,30.0,14.4,0,89.5,23.4,18.7,1.0,0,1,64.9,34.0,0,3,0
36.3,41.2,29.7,0,66.4,42.1,26.0,5.7,2,1,48.3,1.0,0,2,1
17.5,22.5,11.9,1,91.1,16.1,32.0,0.9,0,1,68.5,74.1,0,2,0
15.6,17.8,10.2,0,95.0,15.6,14.7,0.5,1,0,71.5,25.2,0,8,0
16.1,17.8,11.8,-1,95.0,17.9,15.6,0.4,1,1,60.3,35.3,0,1,0
20.2,23.5,12.0,0,95.0,19.5,47.4,2.2,1,1,67.5,11.8,0,9,0
29.9,34.0,23.8,0,77.9,34.7,16.8,3.6,2,1,48.8,49.5,0,6,0
26.1,28.7,19.9,1,89.9,26.1,32.7,3.4,1,0,44.1,60.4,0,11,0
30.0,30.0,23.5,1,85.5,35.1,33.6,4.9,1,1,56.5,92.2,0,8,0
36.8,36.4,30.2,1,63.9,40.8,28.2,4.7,6,1,42.3,79.6,0,4,1
43.5,48.5,34.2,1,50.5,51.7,30.0,8.7,4,1,43.5,80.0,1,5,3
24.6,32.0,20.0,0,94.4,24.6,28.5,1.5,0,0,53.2,28.1,0,9,0
23.8,24.3,13.8,0,81.7,22.4,20.5,1.1,1,1,53.9,9.7,0,2,0
39.5,45.2,30.0,1,71.5,48.7,27.9,7.5,3,0,44.2,73.1,0,8,2
34.3,38.9,26.4,1,73.2,40.3,23.0,4.7,2,1,52.8,75.2,1,1,0
19.8,23.6,13.9,-1,87.2,19.8,37.6,2.5,0,0,57.8,86.6,0,8,0
20.4,24.9,13.3,0,95.0,20.4,19.4,2.0,0,0,68.3,97.8,0,11,0
22.0,25.7,15.3,0,91.8,22.0,45.2,0.8,1,0,49.3,17.4,0,3,0
46.2,50.4,40.0,0,64.3,56.0,31.7,8.2,1,1,25.5,62.7,0,6,2
50.0,57.9,42.0,0,52.0,59.4,13.2,9.7,2,0,20.9,12.8,1,6,3
33.0,39.2,27.4,0,78.0,40.4,28.4,3.6,1,0,38.0,27.1,0,4,0
51.2,53.2,44.2,1,53.4,61.4,25.9,7.9,1,1,21.3,1.7,0,7,2
28.8,33.2,22.7,0,87.9,29.5,27.7,2.5,2,1,41.7,93.4,1,4,0
42.3,43.8,31.9,1,61.7,49.8,68.8,5.6,3,1,33.7,38.7,0,6,2
49.1,51.9,40.5,-1,44.8,57.0,58.3,8.9,5,0,37.8,64.6,1,6,3
40.4,44.6,32.1,1,66.6,48.9,26.1,5.9,0,1,47.4,26.0,0,9,1
18.5,21.0,10.3,1,95.0,17.9,12.1,0.3,2,1,52.6,71.7,0,9,0
36.5,43.0,29.2,-1,75.7,45.1,31.9,5.9,4,0,42.2,67.5,1,4,1
27.3,30.5,18.6,-1,74.6,32.2,20.8,2.1,1,0,44.4,35.5,0,1,0
28.9,34.4,23.6,1,82.1,35.0,14.0,2.9,1,0,46.4,16.9,0,12,0
39.8,45.6,35.2,1,64.9,48.2,21.8,6.1,3,0,35.9,30.5,0,6,2
15.0,17.6,10.8,1,93.7,15.0,24.8,0.0,0,0,74.0,5.1,0,2,0
33.9,38.7,30.1,0,65.5,40.4,12.1,3.8,0,0,48.5,35.0,1,2,0
19.5,22.1,13.6,-1,95.0,19.5,22.4,0.7,2,0,53.2,51.3,0,12,0
24.7,26.7,13.8,1,95.0,25.0,43.5,4.0,1,1,58.5,28.0,0,12,0
15.0,23.0,9.9,1,93.0,15.0,15.5,1.0,0,0,57.6,35.7,0,8,0
36.9,44.8,33.8,-1,64.4,44.3,24.9,5.7,5,0,40.8,11.8,0,4,1
34.5,41.4,25.4,0,70.2,41.7,17.1,5.3,4,0,53.8,6.1,0,7,1
30.1,34.3,23.8,1,79.0,36.5,27.2,4.1,0,0,56.2,50.3,0,12,0
35.7,39.2,29.5,0,77.2,44.8,15.5,5.7,1,1,49.0,10.7,0,4,0
41.5,43.8,34.9,1,56.7,48.4,21.8,5.3,3,1,45.3,70.7,0,1,1
26.7,33.7,21.8,1,91.0,26.7,26.3,4.8,0,0,48.7,8.1,0,1,0
37.9,40.5,34.9,0,58.6,44.9,12.6,5.3,2,0,41.7,75.6,1,6,1
37.1,37.2,27.6,1,66.4,43.1,34.0,6.1,1,1,46.7,87.4,0,6,1
45.3,49.7,38.0,1,48.9,52.9,28.2,7.8,4,0,43.4,54.8,1,6,3
35.0,40.7,25.8,1,64.4,41.8,43.0,5.6,3,0,51.4,73.7,0,12,1
24.4,28.3,18.4,-1,88.6,24.4,31.7,2.6,1,0,55.1,41.2,0,9,0
40.1,43.5,29.8,-1,71.2,48.0,29.3,5.0,1,1,48.6,18.1,0,9,1
19.9,23.6,11.7,1,95.0,20.9,12.6,0.7,0,1,69.4,39.0,0,12,0
17.2,22.9,7.7,0,93.7,17.2,13.4,1.5,1,0,61.6,35.9,0,3,0
24.1,29.2,17.5,1,82.3,24.1,21.9,2.7,0,0,48.6,79.0,0,1,0
29.9,34.6,20.7,0,79.3,36.3,25.3,3.7,3,0,43.9,82.8,0,5,0
18.3,20.3,10.5,1,95.0,16.0,11.3,0.2,0,1,53.0,82.4,0,8,0
34.0,36.8,30.6,-1,70.3,41.1,7.3,6.0,1,0,38.3,57.3,0,6,0
16.9,21.8,10.9,-1,92.1,16.9,39.6,1.8,1,0,69.8,91.4,0,11,0
52.7,54.5,43.7,1,52.1,60.6,31.0,9.2,3,1,32.8,55.3,1,6,3
26.0,28.8,14.7,1,78.1,24.6,25.2,2.3,0,1,53.7,5.2,0,11,0
21.8,23.0,13.6,1,89.0,21.4,31.1,0.4,3,1,50.6,20.7,0,8,0
15.7,21.5,7.2,1,95.0,15.7,30.5,0.4,2,0,58.7,1.8,0,3,0
15.0,22.8,7.8,-1,95.0,15.0,26.0,0.0,0,0,61.6,79.0,0,12,0
38.7,39.6,33.7,0,74.2,48.2,40.6,5.5,1,1,45.7,16.8,0,3,1
40.8,47.2,37.6,0,58.0,48.5,20.0,5.5,1,0,46.2,4.2,1,7,1
40.2,43.9,33.9,1,56.6,47.6,29.1,7.9,1,0,33.9,72.8,0,5,1
18.0,22.6,10.2,-1,95.0,16.8,48.9,1.1,1,1,52.4,83.0,0,10,0
23.3,27.2,13.4,0,81.3,23.3,41.4,1.9,2,0,60.2,84.2,0,1,0
21.7,28.6,17.9,1,88.7,21.7,19.9,2.8,0,0,67.4,67.0,0,3,0
32.5,38.3,22.9,1,79.4,39.2,29.6,3.5,0,1,53.3,52.3,1,8,0
32.9,34.7,25.9,-1,69.5,38.6,22.0,4.5,6,1,44.9,0.5,0,7,1
39.4,42.9,29.5,0,56.4,46.5,15.0,7.6,3,0,32.7,59.1,1,4,2
18.9,23.7,12.1,1,91.8,18.9,19.0,0.3,0,0,62.0,44.0,0,8,0
44.9,44.1,37.3,1,63.5,51.6,7.4,6.1,6,1,37.2,44.7,0,5,3
21.9,23.1,15.4,1,91.3,20.6,7.4,1.0,0,1,54.3,27.2,1,10,0
36.7,35.8,27.6,1,68.4,41.6,22.1,5.2,4,1,42.7,59.0,0,4,1
28.5,30.7,22.3,-1,80.5,34.3,50.7,3.4,0,0,54.3,8.3,0,10,0
27.4,32.2,18.6,0,76.3,26.9,14.6,1.8,1,1,62.0,57.1,0,9,0
45.3,49.7,39.7,0,63.1,55.2,27.2,6.7,1,1,42.3,21.2,1,5,2
20.8,26.7,11.9,1,85.7,20.8,25.2,2.4,3,0,68.6,89.9,0,10,0
27.8,32.6,16.8,-1,76.4,27.2,25.7,2.6,2,1,48.5,8.9,0,8,0
39.7,44.8,33.9,1,59.7,47.4,32.2,5.7,3,0,36.0,36.0,0,7,1
30.0,34.0,20.9,1,75.3,36.1,41.0,5.0,1,0,52.8,58.0,0,11,0
36.9,40.0,29.1,-1,65.5,43.6,16.9,4.7,0,1,44.0,24.2,0,8,0
25.5,29.7,14.6,1,84.0,23.8,19.0,2.8,1,1,47.6,32.5,0,9,0
30.3,38.0,23.4,-1,70.3,36.1,81.0,4.6,2,0,50.2,53.2,1,6,0
17.6,24.9,9.9,1,95.0,17.6,30.0,2.5,2,0,58.9,53.8,0,9,0
22.4,26.5,15.8,-1,94.9,22.4,16.0,3.5,0,0,52.0,98.6,0,12,0
47.2,50.4,39.9,1,48.5,53.8,32.4,6.7,2,1,38.2,2.8,0,2,2
27.7,31.8,19.2,-1,87.2,25.8,27.5,2.6,0,1,57.1,77.5,0,10,0
38.9,39.7,31.1,-1,69.1,44.6,15.6,6.5,1,1,40.6,73.3,0,2,1
25.6,31.8,16.7,0,80.3,25.6,30.7,2.4,1,0,49.1,24.5,1,5,0
26.3,31.0,18.4,1,83.0,26.3,49.8,2.9,0,0,61.5,39.5,1,10,0
26.5,26.0,14.8,0,79.7,26.0,28.6,2.1,4,1,53.9,23.0,0,5,0
47.4,52.2,37.6,-1,55.4,56.6,9.7,9.2,1,0,34.8,47.8,0,7,2
28.6,31.7,20.1,1,86.2,34.9,43.0,2.9,1,0,58.1,80.9,0,9,0
39.8,41.2,26.4,1,60.2,44.4,36.6,5.8,1,1,32.1,44.1,0,11,1
44.0,47.4,40.7,0,60.4,53.1,39.1,6.5,5,0,43.5,11.5,0,6,2
20.8,26.4,10.9,1,91.7,20.8,25.0,2.3,0,0,53.2,50.3,1,10,0
48.4,52.3,40.8,1,55.8,58.9,25.2,7.4,4,1,35.8,71.6,0,4,3
25.5,31.2,16.9,0,77.9,25.5,23.5,2.8,4,1,52.9,59.3,0,8,0
17.6,20.2,6.2,-1,95.0,17.2,19.8,0.4,1,1,62.8,70.3,1,10,0
20.1,28.1,14.6,0,88.4,20.1,42.9,2.2,0,0,50.4,88.3,1,2,0
45.7,51.3,36.3,1,52.0,53.9,24.4,9.3,0,0,26.9,17.5,0,3,2
29.9,33.6,21.5,1,78.5,36.2,31.6,3.1,5,0,54.5,50.5,0,3,0
25.2,30.7,15.4,1,94.9,24.2,22.9,3.0,0,1,47.0,30.0,0,1,0
48.8,52.5,39.0,1,63.1,58.0,14.5,8.0,6,1,25.6,73.5,1,5,3
41.0,39.8,34.0,-1,74.8,47.3,20.7,5.4,2,1,36.8,10.1,0,4,1
48.7,53.6,36.7,-1,59.6,58.2,19.9,8.4,6,1,24.0,2.5,0,6,3
27.6,30.7,19.3,0,82.5,33.1,19.3,3.7,2,0,61.4,89.6,0,2,0
18.7,20.8,5.6,0,91.8,16.8,16.4,1.1,1,1,67.0,81.6,1,10,0
41.1,44.8,29.9,1,55.9,49.9,25.5,7.0,2,1,32.0,36.7,1,5,2
27.2,29.2,16.6,0,85.6,26.9,44.5,3.0,0,1,47.1,62.2,0,9,0
22.4,29.4,18.2,1,95.0,22.4,30.3,2.3,1,0,61.3,59.9,0,11,0
42.6,42.8,30.9,1,73.3,49.0,24.9,5.8,2,1,43.7,47.0,0,4,2
33.7,35.2,28.5,-1,72.5,41.0,6.2,6.3,0,1,45.2,77.4,0,1,0
24.8,29.2,19.0,1,80.4,24.6,34.9,3.5,1,1,60.1,85.7,0,9,0
25.2,29.6,14.9,1,88.5,23.4,37.4,3.4,0,1,61.6,82.8,0,8,0
18.3,21.2,8.8,-1,95.0,18.3,22.1,1.2,1,0,57.6,24.1,0,10,0
35.4,39.2,32.2,-1,62.5,42.1,34.3,5.6,7,0,51.7,18.4,1,7,1
35.2,37.9,24.3,-1,69.6,42.3,26.4,4.9,0,1,36.9,47.6,0,9,0
27.5,34.7,23.8,-1,76.6,32.7,21.6,4.8,2,0,51.1,72.1,1,6,0
18.9,18.1,8.5,1,92.3,16.8,32.3,0.0,2,1,67.4,55.2,0,1,0
41.8,46.1,33.3,0,67.8,50.8,12.2,7.8,1,1,38.3,97.1,0,3,2
16.7,19.2,5.7,1,95.0,16.3,29.4,0.0,1,1,53.6,82.1,0,9,0
52.3,56.2,43.7,1,51.0,62.0,23.6,10.3,2,1,21.1,8.2,1,4,3
24.4,30.2,21.1,1,88.4,24.4,7.8,2.2,0,0,49.0,67.2,0,1,0
44.5,46.6,34.8,-1,48.8,52.2,26.6,8.9,6,1,42.9,16.3,0,7,3
32.5,37.4,20.1,-1,86.2,39.4,37.2,5.5,2,1,55.5,71.3,0,2,0
19.3,21.0,10.5,1,95.0,18.1,27.3,0.9,4,1,62.0,54.6,1,9,1
34.2,35.4,27.8,0,74.4,41.6,29.6,5.4,2,1,48.9,53.2,0,2,0
30.8,34.8,24.4,1,76.3,36.2,25.1,2.6,1,1,55.7,56.0,0,8,0
46.8,48.3,39.9,1,61.7,56.7,21.9,6.6,0,1,31.5,5.3,0,1,2
15.0,17.4,5.3,1,95.0,15.0,26.7,0.2,2,0,73.9,8.3,0,10,0
40.6,42.6,28.8,1,65.4,47.6,49.9,6.7,2,1,43.9,80.6,0,4,2
23.3,26.6,11.4,1,83.3,21.6,10.9,1.7,1,1,55.8,50.3,0,9,0
27.6,33.4,20.2,0,87.9,28.6,26.3,4.3,1,1,61.4,63.5,0,1,0
44.7,47.9,33.4,0,66.3,54.9,56.9,7.5,3,1,34.8,53.2,1,7,2
30.9,30.5,22.3,-1,81.3,34.8,20.2,3.9,0,1,53.4,36.5,0,8,0
42.0,42.8,33.0,1,59.1,48.0,24.7,6.7,4,1,44.9,72.5,1,4,2
22.7,21.6,8.8,1,92.4,21.3,23.3,2.9,1,1,57.2,65.5,0,8,0
37.3,41.2,26.2,1,62.9,44.3,6.5,6.0,1,1,50.9,19.6,0,9,0
42.0,44.9,31.1,0,61.0,51.1,12.7,6.2,0,1,43.0,83.9,0,1,2
37.7,43.9,33.3,1,57.9,44.5,33.7,7.0,0,0,38.6,16.8,1,9,1
35.4,34.9,27.6,0,67.7,40.3,16.2,3.8,9,1,51.0,68.9,1,5,1
32.4,34.6,19.7,1,81.0,36.3,19.2,2.5,1,1,55.7,17.0,0,3,0
31.8,31.4,22.4,-1,83.8,36.6,38.7,4.5,2,1,48.3,19.5,0,10,0
41.7,44.8,32.2,-1,65.0,50.6,14.9,7.0,0,0,38.6,34.2,0,1,2
34.2,37.3,23.4,1,75.4,42.7,17.2,6.0,2,1,44.5,2.8,0,4,1
23.6,28.4,19.2,1,94.5,23.6,14.6,1.6,0,0,62.3,91.7,0,11,0
50.8,55.9,41.8,1,52.9,58.8,8.1,9.8,4,1,33.5,22.8,0,5,3
27.3,29.7,19.5,-1,91.4,25.9,23.0,3.5,0,1,48.0,58.5,1,10,0
18.9,20.1,8.9,0,95.0,16.3,51.3,0.0,0,1,68.4,6.9,0,2,0
45.3,46.8,38.9,0,53.3,51.2,47.0,8.3,1,1,31.2,2.4,0,12,2
34.9,39.3,24.2,0,70.2,41.9,33.7,4.8,0,1,51.3,23.5,0,11,0
30.9,34.4,22.7,0,84.8,36.5,21.4,3.8,1,1,49.5,9.5,0,2,0
30.1,34.1,19.7,1,91.0,28.4,38.2,4.3,1,1,49.7,95.5,0,1,0
28.0,32.2,20.1,1,78.7,33.4,33.1,5.1,2,0,60.3,75.9,0,2,0
52.0,50.9,40.9,1,51.1,60.0,37.6,10.1,2,1,23.7,31.4,0,7,3
15.3,17.9,8.2,-1,95.0,15.3,9.4,1.3,1,0,60.8,12.4,0,3,0
28.6,33.9,18.3,1,74.5,34.6,31.5,3.9,1,1,45.7,20.1,0,1,0
21.8,27.2,11.0,-1,95.0,22.1,19.3,2.5,0,1,64.7,4.8,0,8,0
21.6,24.9,12.4,-1,86.2,19.6,15.7,2.3,3,1,65.0,85.9,0,12,0
21.4,27.5,15.4,1,95.0,21.4,24.6,3.2,3,0,60.0,82.4,1,9,0
20.8,26.2,15.0,1,86.5,20.8,32.6,2.2,2,0,54.5,10.3,0,10,0
20.6,27.3,17.2,1,90.0,20.6,36.7,2.2,2,0,63.7,13.4,0,2,0
48.5,51.7,36.8,1,54.7,57.6,33.9,9.7,2,1,32.3,40.4,1,4,3
21.6,29.5,17.8,0,94.8,21.6,23.1,0.7,1,0,61.3,96.5,0,10,0
15.0,20.3,9.1,1,95.0,15.0,41.1,2.0,0,0,70.8,33.6,0,11,0
24.8,27.4,15.5,-1,77.8,24.8,23.4,3.3,2,0,45.9,82.7,0,10,0
35.5,42.9,31.1,-1,65.4,42.5,22.0,4.6,3,0,36.8,74.1,1,5,1
17.2,20.9,9.6,0,90.2,17.2,26.4,1.7,0,0,69.8,84.3,0,1,0
40.2,44.3,36.0,1,66.0,48.8,26.8,7.5,1,0,44.0,86.2,0,7,1
48.1,52.2,35.9,1,48.9,55.8,33.8,7.3,5,1,31.4,67.8,0,6,3
24.5,26.9,18.1,1,86.0,24.5,13.9,2.4,1,0,61.4,4.3,0,10,0
17.3,23.2,8.7,1,95.0,17.3,13.8,2.4,1,0,56.3,72.7,0,11,0
27.8,28.0,16.2,1,95.0,25.1,29.5,2.8,1,1,43.3,36.2,0,1,0
50.0,54.2,40.8,-1,50.5,59.1,22.5,9.9,4,0,20.7,39.4,1,5,3
39.8,42.5,36.3,1,63.7,48.0,23.5,7.5,2,0,40.6,43.0,0,6,2
15.0,18.7,6.0,1,95.0,15.0,15.5,0.0,0,0,57.4,15.9,0,11,0
33.6,34.7,25.9,1,72.5,41.7,27.4,4.8,4,1,43.5,25.1,0,7,1
43.3,44.4,36.3,0,66.1,50.8,12.0,5.7,1,1,32.0,73.7,1,5,2
16.2,18.8,9.8,1,95.0,17.0,40.0,1.6,2,1,68.5,54.5,0,11,0
34.6,33.1,23.7,1,72.9,38.9,28.8,4.5,3,1,51.8,62.1,1,6,0
24.7,31.7,18.9,1,84.6,24.7,24.1,2.7,1,0,52.4,67.0,1,1,0
31.3,33.4,25.4,-1,78.3,38.1,8.1,3.2,0,0,50.0,54.6,0,10,0
33.6,37.0,25.7,0,86.2,38.1,12.3,3.4,2,1,41.4,36.2,0,2,0
17.3,25.1,13.2,1,89.7,17.3,22.6,2.1,2,0,70.3,20.6,0,9,0
19.8,23.5,15.9,0,95.0,19.8,21.4,1.8,1,0,65.0,20.4,0,8,0
37.4,45.2,28.5,0,68.2,45.4,18.2,7.1,3,0,33.4,23.4,0,7,1
28.3,33.0,20.3,1,84.7,34.4,8.8,2.5,1,0,59.9,39.9,0,8,0
39.5,39.9,28.2,0,75.2,45.7,24.3,7.2,3,1,33.9,77.2,1,4,2
18.3,21.1,10.0,-1,92.1,17.1,36.8,1.2,3,1,66.7,22.5,0,8,0
23.8,28.0,17.9,-1,84.0,23.8,31.1,1.9,0,0,48.2,55.9,0,9,0
27.3,30.6,20.8,1,80.1,25.8,30.7,2.0,2,1,55.0,45.1,1,8,0
30.6,37.1,21.9,-1,68.6,36.3,46.4,3.6,2,0,45.1,63.7,0,12,0
29.9,30.1,23.5,0,85.3,35.0,18.7,4.8,0,1,54.5,67.8,1,3,0
27.8,28.0,17.4,1,81.6,28.2,27.7,3.2,4,1,61.0,74.2,0,2,1
35.9,40.1,25.0,-1,67.4,42.9,34.8,4.2,3,1,41.3,83.8,0,5,1
34.1,39.6,22.7,0,66.8,41.6,24.1,3.9,2,1,44.4,26.3,0,8,0
45.0,49.5,36.1,1,55.8,53.6,21.7,6.8,3,0,41.5,47.8,0,5,2
29.1,35.6,24.3,1,75.3,34.8,14.5,4.3,0,0,55.6,5.9,0,3,0
25.8,31.5,16.8,1,87.4,25.8,19.7,2.6,0,0,58.7,31.1,0,1,0
15.0,20.5,5.0,1,94.3,15.0,37.9,1.0,2,0,64.5,63.3,0,1,0
29.3,34.0,23.3,1,91.1,35.5,35.4,4.2,0,1,49.4,24.7,0,12,0
24.3,29.3,16.1,1,82.1,24.3,24.8,1.7,2,0,48.3,7.0,0,2,0
33.0,32.4,25.2,1,80.4,38.3,18.1,4.2,0,1,42.9,70.1,0,9,0
42.3,47.1,32.4,1,68.4,51.3,61.7,6.6,2,1,43.5,62.5,0,7,2
36.0,39.1,25.6,1,82.2,42.1,26.0,6.0,2,1,44.8,89.3,1,2,1
33.2,35.9,24.9,-1,77.9,39.9,14.4,5.5,2,1,43.7,10.0,1,11,0
22.2,25.4,14.6,1,95.0,22.2,53.1,3.3,0,0,63.1,7.2,0,11,0
32.8,31.6,19.2,0,69.9,35.2,23.2,3.5,0,1,51.3,59.7,1,10,0
32.9,39.8,23.6,1,70.7,39.6,7.0,3.5,5,0,43.7,98.0,1,4,0
39.1,44.7,33.7,0,58.5,46.4,19.7,7.5,2,0,31.1,76.9,0,7,2
29.9,35.3,21.1,1,82.1,36.4,29.3,5.2,1,0,47.9,5.4,0,11,0
28.0,33.0,20.1,0,87.1,34.1,23.5,4.3,2,0,57.1,77.8,0,1,0
34.2,37.9,27.8,1,71.6,39.9,31.1,3.4,2,1,41.3,72.2,0,10,0
27.2,28.1,17.7,1,89.1,25.2,28.6,1.3,0,1,57.2,43.4,1,12,0
38.6,38.0,27.7,1,63.4,43.6,20.3,4.4,0,1,35.3,27.8,0,10,1
15.0,22.5,5.2,0,94.2,15.0,24.6,0.3,0,0,63.1,98.1,0,8,0
30.2,31.6,24.0,1,75.9,33.8,22.6,4.5,1,1,41.2,22.5,0,2,0
49.9,51.4,42.2,1,47.0,56.0,14.6,8.6,2,1,34.9,15.6,1,4,3
42.9,42.0,29.8,1,56.9,49.3,15.3,7.8,3,1,34.4,11.3,0,6,2
15.0,19.0,11.8,1,95.0,15.0,14.4,1.0,2,0,66.6,25.7,0,11,0
19.4,19.7,6.8,1,95.0,18.2,22.5,1.3,1,1,68.3,25.7,0,11,0
29.8,32.7,21.4,1,74.8,35.7,31.8,3.8,1,0,50.7,23.7,0,9,0
23.5,23.2,13.6,1,81.7,22.7,18.6,1.0,0,1,52.9,61.8,0,3,0
32.3,37.5,22.4,1,72.1,36.8,30.7,3.9,1,1,52.2,20.2,0,9,0
28.0,29.3,17.3,0,95.0,25.2,42.3,2.4,3,1,46.1,90.0,1,9,0
40.0,45.7,34.1,0,62.1,48.1,20.9,6.5,5,0,35.8,4.2,0,5,2
29.5,33.0,24.1,-1,70.4,34.9,37.6,5.2,0,0,51.9,51.2,0,11,0
35.5,40.1,24.5,1,69.9,42.0,67.1,5.9,7,1,49.5,84.4,0,4,1
28.1,31.2,19.2,1,88.3,34.3,22.1,2.6,0,0,44.6,61.4,0,2,0
41.0,48.3,36.4,0,64.3,49.6,45.6,8.2,4,0,41.4,68.9,1,7,2
28.0,31.6,21.4,0,72.5,33.1,22.8,3.9,0,0,42.0,95.8,0,12,0
46.0,46.5,40.1,-1,59.5,54.8,39.2,8.1,2,1,32.9,6.1,0,7,3
24.6,28.3,19.4,1,88.0,24.6,41.2,3.9,1,0,64.2,39.0,0,10,0
30.3,34.1,18.1,0,85.7,35.5,33.5,3.7,2,1,57.5,4.6,0,12,0
42.0,48.5,38.2,1,67.8,51.4,23.3,8.2,4,0,47.4,78.0,0,5,2
16.5,23.0,9.1,-1,95.0,16.5,16.2,1.7,1,1,57.5,94.5,0,9,0
21.4,28.9,13.1,1,88.0,21.4,21.5,2.2,1,0,48.9,35.9,1,11,0
28.5,31.7,18.8,0,79.2,26.7,8.4,3.8,0,1,43.0,41.8,0,11,0
26.1,28.2,14.5,0,87.7,26.4,31.4,3.4,0,1,47.9,84.8,0,8,0
48.5,53.2,39.9,0,61.4,57.7,13.4,8.5,2,1,36.4,93.6,0,4,3
16.0,23.0,9.2,1,94.4,16.0,57.3,1.8,3,0,60.1,85.6,0,9,0
42.0,43.1,33.6,-1,54.5,49.9,17.6,7.0,3,1,30.1,83.0,1,6,2
31.4,37.5,25.7,1,70.5,38.2,23.8,3.9,1,1,58.0,76.5,0,9,0
43.8,46.8,37.5,1,61.2,53.0,13.8,7.4,0,0,33.4,72.7,0,7,2
30.1,32.0,17.3,1,83.9,34.2,16.9,4.9,1,1,58.4,21.4,0,12,0
27.2,30.9,19.0,1,89.8,27.6,9.1,2.9,2,1,56.2,19.5,0,1,0
33.7,35.4,27.1,0,68.1,39.9,64.1,5.5,2,1,47.9,51.2,0,1,0
37.5,39.3,30.0,1,76.0,44.2,35.2,5.5,0,1,52.3,98.3,0,1,0
18.4,19.9,10.0,1,93.9,17.9,19.1,1.0,1,1,63.2,88.8,0,11,0
33.3,32.8,22.9,-1,69.9,37.8,12.9,4.3,0,1,51.2,11.0,0,12,0
24.1,27.5,19.6,0,81.2,24.1,33.2,1.3,1,0,55.6,23.3,0,8,0
26.4,30.5,22.1,1,85.1,26.4,23.5,3.7,1,0,58.7,27.1,0,3,0
26.5,27.2,16.6,1,89.0,25.2,18.8,3.0,1,1,51.6,62.2,0,2,0
32.7,34.5,23.7,1,83.8,38.6,24.4,3.5,1,1,52.2,5.3,0,2,0
18.8,18.0,8.1,1,95.0,17.8,13.0,0.2,0,1,60.6,31.9,0,9,0
30.6,35.8,26.4,1,84.0,37.6,28.7,4.7,2,0,47.5,91.2,0,2,0
42.3,45.2,31.9,1,65.7,51.7,34.0,6.9,1,1,28.9,49.6,1,7,2
31.0,35.6,26.4,1,81.3,37.9,41.5,4.1,6,0,57.8,50.1,0,4,1
29.6,36.3,24.5,1,71.0,35.2,10.7,4.7,0,0,56.4,51.1,0,12,0
33.0,38.3,25.3,-1,68.7,39.1,36.7,5.8,2,1,43.4,69.4,0,12,0
30.5,31.9,21.4,1,82.4,28.2,47.8,3.3,0,1,50.2,1.4,0,10,0
18.4,22.8,15.0,1,95.0,18.4,22.7,2.0,1,0,58.9,59.4,0,3,0
46.3,48.7,33.8,1,54.1,54.1,31.5,7.4,1,1,24.8,9.7,0,1,2
32.3,32.0,20.9,-1,68.4,35.9,9.1,3.6,2,1,48.4,69.8,0,9,0
41.9,49.0,36.8,1,64.5,50.9,23.6,7.3,2,0,35.4,81.4,0,5,2
27.8,31.8,18.6,0,86.8,33.8,55.1,5.0,1,0,45.0,17.8,0,11,0
16.6,20.5,11.0,1,95.0,16.6,21.2,1.6,1,0,58.6,6.7,0,9,0
40.7,44.2,32.9,0,68.3,49.8,8.1,5.9,2,0,35.7,95.2,1,4,1
25.4,24.5,13.6,0,84.9,24.4,11.7,1.1,3,1,61.6,19.6,0,8,0
19.4,25.3,14.7,1,93.9,19.4,24.5,2.7,1,0,52.8,90.2,1,3,0
40.0,41.9,29.0,1,65.3,44.8,31.1,4.8,2,1,44.2,63.8,0,1,1
33.5,34.9,23.1,1,79.8,38.5,14.4,2.9,2,1,36.8,73.7,0,3,0
48.7,49.6,38.7,0,53.0,59.2,17.0,7.7,0,1,24.2,4.8,0,2,2
16.8,17.3,5.7,1,93.2,16.3,10.5,1.1,1,1,61.6,54.5,1,1,0
28.6,29.4,17.6,1,77.5,28.7,56.2,2.5,2,1,58.0,54.8,0,8,0
43.6,44.1,35.8,0,63.1,51.2,47.9,6.0,0,1,32.4,71.0,0,2,2
20.5,24.0,14.6,0,82.8,20.5,29.4,2.4,4,0,49.6,8.0,0,10,1
33.4,40.9,29.7,-1,72.8,40.4,12.3,4.4,1,0,54.6,12.4,0,8,0
31.8,33.9,25.0,0,83.4,36.1,27.7,2.3,2,1,53.0,72.9,0,3,0
22.4,22.5,15.7,-1,95.0,22.2,15.7,0.2,1,1,52.7,49.8,0,11,0
30.6,33.0,20.6,0,79.7,35.2,24.1,2.8,1,1,51.1,31.7,0,1,0
47.3,51.9,42.2,-1,53.3,57.2,13.2,7.3,1,1,29.7,18.7,1,5,2
22.5,26.0,13.1,0,95.0,22.5,17.7,1.2,1,0,51.1,1.4,1,1,0
26.3,29.8,21.5,0,79.2,26.3,23.9,2.3,1,0,59.5,22.1,0,3,0
40.0,42.9,32.9,1,67.3,48.7,13.0,7.5,2,0,49.2,49.3,0,7,2
20.1,27.6,10.2,-1,95.0,20.1,23.1,0.9,0,0,56.2,81.0,0,9,0
31.4,37.1,23.5,1,82.5,38.8,29.8,5.3,1,1,52.5,79.5,0,11,0
22.9,25.8,17.6,-1,93.7,22.9,23.6,3.2,1,0,63.4,58.2,0,9,0
18.8,19.1,7.2,1,95.0,18.1,20.0,0.5,2,1,62.7,40.2,1,1,0
31.0,37.9,21.9,1,77.3,37.5,16.2,4.5,1,0,43.1,87.5,0,8,0
22.9,27.3,17.0,0,94.6,23.3,35.5,3.5,0,1,57.3,34.7,0,3,0
21.5,25.5,17.5,0,95.0,21.5,19.5,2.5,1,0,56.9,41.6,0,8,0
28.7,29.2,17.7,1,91.0,28.7,11.1,3.1,0,1,57.1,1.8,1,12,0
25.4,27.5,15.8,-1,81.8,25.4,16.6,3.8,1,0,50.7,20.2,0,10,0
17.7,23.4,10.0,1,87.8,17.7,25.4,2.1,1,0,62.3,0.1,0,11,0
20.4,25.4,15.5,0,95.0,22.3,6.3,1.3,2,1,61.6,24.1,0,10,0
18.9,26.2,14.7,1,93.3,18.9,27.2,2.4,1,0,54.2,97.0,0,1,0
39.5,39.3,29.4,0,69.3,46.0,30.1,5.7,1,1,34.8,40.6,1,6,1
39.7,44.3,31.6,1,61.3,45.2,26.1,7.1,3,1,33.1,36.4,0,1,2
22.7,24.3,14.0,0,95.0,20.8,29.2,0.8,2,1,63.7,17.0,0,1,0
18.5,18.3,9.9,1,95.0,17.9,21.6,0.0,0,1,67.4,52.1,0,3,0
44.2,45.5,36.3,-1,65.9,50.6,17.0,6.4,3,1,42.0,33.9,1,6,2
52.1,53.2,40.9,0,38.5,52.5,26.6,10.3,1,1,34.0,40.5,1,7,2
47.6,49.6,36.3,-1,55.3,56.2,26.4,7.9,0,1,30.0,95.8,0,8,2
42.1,47.3,34.4,1,72.1,50.7,36.9,8.2,2,1,34.5,28.6,1,6,2
21.2,23.3,12.4,0,95.0,21.3,24.6,2.8,2,1,61.8,68.6,0,12,0
43.3,47.6,36.1,1,56.4,52.0,38.1,6.1,6,1,31.7,95.5,0,7,3
23.3,27.1,16.2,1,84.6,20.8,19.1,1.2,1,1,53.5,24.8,0,10,0
31.4,30.3,20.5,1,76.6,35.0,12.7,4.0,2,1,53.2,26.1,0,2,0
19.7,24.2,13.1,0,95.0,19.7,26.9,1.9,1,0,63.6,15.4,0,11,0
20.9,26.4,11.8,0,86.8,20.9,26.3,1.1,0,0,63.7,29.7,0,2,0
26.2,31.5,17.8,0,92.8,26.2,32.7,4.2,1,1,52.4,5.1,1,2,0
31.3,34.0,19.3,1,71.6,34.5,27.6,4.5,0,1,57.4,80.8,0,2,0
30.0,34.8,23.4,-1,72.8,35.8,25.1,3.9,1,0,40.9,54.7,0,2,0
23.7,26.0,14.2,1,90.3,23.7,17.4,2.7,0,0,60.9,83.8,0,2,0
21.5,23.9,12.4,-1,93.9,21.5,15.2,3.1,0,0,52.6,42.4,0,11,0
23.1,23.3,12.8,1,95.0,23.9,23.6,3.4,1,1,63.9,63.3,0,2,0
30.0,29.7,21.8,1,91.3,28.9,43.0,3.1,0,1,41.8,14.9,0,9,0
21.8,25.8,12.8,1,94.2,21.0,15.2,0.5,2,1,51.9,48.4,0,3,0
29.3,31.3,22.6,0,78.6,27.8,29.0,2.5,0,1,59.3,48.8,0,10,0
24.1,27.9,14.4,1,90.1,24.5,30.3,2.1,1,1,51.3,2.1,0,2,0
40.5,42.9,32.5,-1,71.5,47.9,26.3,6.7,2,1,37.5,77.1,0,5,2
41.1,47.1,34.7,1,56.1,48.9,31.1,7.6,4,1,43.1,82.3,0,7,2
37.6,44.2,30.5,0,61.7,44.9,38.2,6.3,5,0,40.5,5.4,1,7,1
32.7,35.0,29.5,1,75.3,39.7,20.4,5.6,2,0,54.7,68.3,0,11,0
45.2,46.6,32.4,0,61.0,52.9,16.7,7.7,6,1,41.1,78.5,1,4,3
34.5,41.0,26.7,1,74.0,42.1,36.3,4.5,1,0,47.8,69.8,1,7,0
38.7,40.1,33.2,-1,70.7,46.9,22.1,6.9,2,1,50.6,99.8,0,7,2
19.1,25.9,13.2,1,93.5,19.3,28.3,2.1,2,1,66.2,27.3,0,11,0
36.9,39.8,28.8,1,73.5,45.3,25.6,4.5,5,0,46.8,85.6,0,6,1
30.4,32.3,22.5,1,77.6,29.3,21.0,4.2,0,1,55.6,39.9,0,12,0
26.0,29.8,18.8,0,89.9,26.0,35.9,2.5,0,0,58.0,25.3,0,8,0
36.9,41.6,28.6,0,64.9,44.4,9.0,5.5,4,0,41.7,31.2,1,6,1
17.2,22.5,11.1,1,95.0,17.2,26.6,0.7,1,0,61.5,90.7,0,12,0
15.0,17.9,5.1,0,95.0,15.0,18.9,0.8,0,0,65.5,78.2,0,1,0
39.4,39.7,32.0,1,64.1,44.1,34.8,6.1,2,1,32.0,45.9,0,4,1
17.8,17.1,11.2,1,91.6,17.1,25.9,0.9,1,1,59.3,13.2,0,8,0
22.1,23.3,15.5,1,95.0,22.2,12.2,0.7,1,1,48.0,83.5,1,12,0
31.4,37.1,25.3,1,75.2,38.0,25.0,5.0,0,0,53.6,1.7,1,8,0
18.2,25.8,14.7,0,95.0,18.2,31.3,2.1,1,0,69.7,86.1,0,2,0
31.0,34.9,23.4,0,84.0,38.1,13.0,3.0,0,0,41.7,22.4,0,12,0
43.9,49.4,32.5,0,50.6,49.8,23.4,7.8,1,1,40.6,80.6,0,3,2
31.2,35.9,24.7,1,81.4,37.7,33.0,3.5,0,1,45.6,96.8,0,2,0
30.3,34.0,18.7,-1,72.9,34.9,10.5,2.9,2,1,47.2,49.2,0,3,0
43.5,47.8,35.5,1,51.5,51.1,11.6,7.7,4,0,32.0,35.5,1,5,2
35.8,39.9,30.3,0,66.9,43.7,13.4,4.3,2,1,42.3,24.4,1,4,1
25.8,28.5,19.7,1,85.7,25.8,26.6,3.0,1,0,49.0,8.7,0,11,0
24.8,27.6,20.4,1,84.8,24.8,6.8,2.7,1,0,64.5,12.9,0,1,0
39.0,44.1,33.7,1,72.5,48.1,27.1,5.1,3,0,37.8,62.9,1,7,1
35.5,39.7,29.6,-1,74.2,42.2,25.7,6.4,1,1,48.0,12.2,0,8,1
33.4,39.0,27.9,1,74.9,41.8,18.8,5.0,0,1,45.3,48.7,0,10,0
26.1,30.7,21.7,1,77.0,26.1,12.7,2.0,0,0,48.1,0.4,0,9,0
15.0,20.1,7.9,0,95.0,15.0,29.7,1.4,1,0,59.4,96.3,0,10,0
19.4,23.9,10.0,0,95.0,19.4,9.6,2.3,0,0,69.9,13.8,0,9,0
15.0,21.9,5.8,1,95.0,15.0,22.2,0.0,1,0,64.6,81.8,0,2,0
29.0,34.0,20.7,0,84.0,29.0,33.2,4.0,1,1,41.1,47.2,1,2,0
52.6,57.9,44.5,1,54.9,62.6,33.8,9.9,4,1,31.0,67.3,1,6,3
30.8,32.6,20.7,1,77.6,35.9,17.4,4.1,1,1,45.7,13.6,0,11,0
37.4,41.5,31.4,0,62.0,44.6,53.3,5.1,3,0,42.7,84.5,1,6,1
28.0,33.8,18.4,0,81.5,28.6,28.9,2.8,2,1,53.9,20.2,0,5,0
37.0,37.3,30.9,1,69.5,44.4,11.7,6.4,2,1,42.1,37.9,0,5,1
37.4,38.8,29.0,1,78.4,45.3,54.4,7.1,5,1,36.4,6.9,1,6,2
22.6,29.4,14.6,1,83.5,22.6,19.8,3.4,1,0,59.9,22.5,0,11,0
36.0,40.9,31.7,-1,65.4,43.2,33.8,5.3,1,0,42.0,6.0,0,3,0
40.1,39.6,32.9,1,70.6,47.2,13.2,5.6,5,1,33.0,8.5,0,4,2
17.2,20.5,10.2,1,90.7,16.9,19.0,0.6,0,1,71.9,71.1,0,9,0
19.3,23.2,9.9,0,94.9,19.0,21.1,0.6,1,1,65.3,44.5,0,9,0
24.6,25.7,15.8,1,83.5,23.5,23.1,3.0,1,1,48.4,70.4,0,3,0
31.5,38.4,25.4,1,78.5,38.4,11.5,5.9,7,0,56.5,88.2,1,6,1
39.5,39.8,29.4,-1,67.6,44.9,32.8,4.9,4,1,31.1,88.1,1,6,1
18.3,23.6,9.7,1,95.0,18.3,20.1,2.3,1,0,71.2,92.3,0,3,0
44.5,48.5,35.2,1,49.3,51.9,16.3,7.4,2,1,36.2,0.5,0,4,2
15.0,19.1,7.2,0,95.0,15.0,50.8,1.0,0,0,71.2,0.2,0,8,0
23.3,31.2,17.1,1,82.0,23.3,23.9,2.3,0,0,49.6,6.2,0,11,0
52.1,57.2,40.7,-1,54.2,60.9,25.5,8.1,7,1,32.3,23.2,1,4,3
39.4,43.5,33.4,1,57.6,46.0,24.5,6.8,5,1,40.3,21.7,0,7,2
26.0,31.4,20.5,1,84.5,26.0,72.6,4.1,0,0,44.8,14.6,0,8,0
17.2,22.0,6.8,0,95.0,17.4,29.2,1.4,1,1,62.2,28.6,0,3,0
38.9,41.4,28.0,1,61.4,44.4,18.4,7.0,1,1,49.0,38.8,0,9,1
35.4,35.2,25.5,0,66.1,40.1,28.1,5.1,0,1,51.9,99.2,0,1,0
38.5,40.7,35.0,1,58.1,45.7,6.5,5.2,3,0,33.7,86.8,0,12,1
22.2,20.8,15.1,0,95.0,21.0,41.9,0.4,1,1,49.7,27.8,0,9,0
37.8,39.5,26.8,-1,74.2,45.6,22.8,5.9,1,1,43.3,10.4,0,11,1
42.1,44.9,32.9,0,51.5,50.5,22.8,5.9,3,1,47.6,56.9,1,5,2
21.0,22.8,9.3,1,95.0,19.9,37.6,2.0,0,1,50.6,35.8,0,8,0
36.6,43.9,29.9,1,64.6,43.9,11.0,5.4,3,0,33.5,54.0,1,5,1
28.7,31.9,20.1,0,93.6,26.6,22.4,2.1,1,1,47.7,47.8,0,3,0
26.7,30.1,19.7,1,81.6,26.2,13.6,2.5,1,1,54.2,35.9,0,12,0
26.9,32.5,16.0,1,80.7,27.0,19.3,3.1,1,1,57.9,95.3,0,8,0
35.7,40.9,25.4,0,68.3,43.7,16.7,6.2,5,1,52.7,19.5,0,7,1
35.3,40.3,27.1,-1,78.3,43.6,14.6,5.2,3,0,35.5,3.3,1,5,1
45.9,48.3,38.1,0,60.8,55.6,27.9,9.3,2,0,39.2,89.7,0,4,3
47.9,54.5,43.4,0,43.9,55.3,36.2,7.6,5,0,32.2,78.8,0,4,3
39.0,40.8,30.0,-1,67.4,45.6,16.2,6.7,2,1,33.3,67.4,0,5,2
34.9,39.1,23.0,1,84.4,40.7,21.4,4.1,0,1,51.6,49.8,0,3,0
39.1,45.8,31.4,-1,54.0,45.9,36.5,7.6,0,0,35.1,80.9,0,1,1
21.5,21.3,11.0,-1,89.7,22.0,27.5,0.9,1,1,55.1,71.8,0,9,0
19.8,22.2,10.1,0,89.9,19.4,27.2,0.1,1,1,54.7,46.6,0,12,0
22.0,26.4,12.2,1,84.6,20.5,16.1,2.9,1,1,48.9,64.8,0,10,0
20.1,24.2,11.1,-1,95.0,18.0,23.5,1.3,0,1,59.8,52.5,0,12,0
29.7,32.0,22.4,1,74.3,35.1,18.7,4.7,0,1,49.4,20.7,0,1,0
20.0,20.9,8.4,1,95.0,20.9,16.4,0.6,0,1,66.2,49.7,0,2,0
23.7,27.5,18.4,1,85.8,23.7,34.2,1.8,4,0,57.9,50.6,0,4,1
38.4,40.6,26.9,1,67.1,43.8,27.8,4.8,2,1,47.6,59.3,0,6,1
18.4,20.3,10.4,1,95.0,17.3,33.3,1.7,2,1,62.6,41.8,0,12,0
36.3,38.9,28.5,1,69.5,42.4,18.8,6.8,5,1,40.6,1.9,0,5,1
33.7,38.2,28.0,-1,69.8,40.0,15.9,4.0,4,1,42.1,4.8,0,7,1
52.0,55.7,41.1,0,45.6,58.4,15.8,9.3,3,1,29.9,43.9,0,4,3
17.9,23.4,11.2,1,95.0,17.9,18.2,1.6,0,0,66.1,87.1,0,3,0
27.9,29.2,18.1,0,85.1,27.2,29.0,2.0,0,1,52.1,21.9,0,9,0
18.5,19.2,9.3,1,95.0,17.2,17.5,0.0,0,1,60.7,71.6,1,12,0
18.8,23.7,10.4,0,91.4,18.0,25.2,0.3,0,1,58.9,28.5,0,2,0
31.8,35.4,26.4,0,65.3,37.6,8.7,5.4,0,0,50.9,94.9,0,2,0
17.2,25.0,12.9,-1,95.0,17.2,16.7,1.2,0,0,58.6,56.5,0,2,0
15.0,19.6,6.1,1,95.0,15.0,9.4,0.0,0,0,65.0,75.8,0,12,0
46.2,46.2,35.0,1,56.6,53.3,39.5,7.4,0,1,42.1,2.1,0,3,2
18.8,18.4,6.1,1,95.0,16.0,11.8,0.3,2,1,65.5,42.8,0,11,0
36.9,36.5,31.0,1,61.3,42.7,24.0,6.8,1,1,52.1,98.3,0,11,1
39.4,41.6,27.1,-1,75.6,46.0,18.9,4.6,2,1,36.9,80.0,0,4,1
31.6,36.4,25.2,0,87.1,38.5,13.0,4.1,2,1,49.1,66.9,0,12,0
25.1,24.8,13.4,0,88.2,24.4,12.0,2.0,2,1,45.0,44.0,0,12,0
22.7,29.5,18.1,-1,79.3,22.7,24.6,3.4,0,0,47.7,90.5,0,11,0
25.6,29.1,15.9,1,92.6,25.6,16.7,2.5,2,0,58.4,93.0,0,8,0
43.9,47.3,36.8,-1,59.5,52.3,28.5,5.9,1,1,43.3,62.2,0,5,2
40.5,43.2,32.9,1,68.9,47.2,32.5,5.5,2,1,38.5,7.5,0,2,1
33.1,36.4,25.2,1,74.5,40.3,18.2,5.5,5,0,43.2,37.6,0,5,1
24.1,28.0,14.1,1,77.6,24.1,19.9,2.7,3,0,59.5,84.3,0,11,0
24.0,27.0,14.4,0,88.6,24.2,52.6,3.1,0,1,63.5,73.8,0,2,0
37.6,40.3,24.8,0,69.9,42.3,23.7,4.5,3,1,38.3,89.4,1,6,1
25.2,33.0,21.1,1,77.9,25.2,15.4,1.8,0,0,62.7,96.0,1,8,0
34.0,36.6,25.8,0,83.1,39.1,25.5,4.9,1,1,52.6,91.4,1,10,0
38.6,43.4,29.6,1,59.9,46.5,19.1,6.9,4,1,45.6,75.3,0,6,2
41.2,46.8,32.2,0,67.7,50.4,26.5,6.0,10,0,30.8,87.1,0,6,2
35.0,40.3,23.5,1,78.7,41.5,15.6,5.3,0,1,52.1,37.7,0,8,0
43.7,51.5,35.3,0,52.0,51.4,24.8,8.6,0,0,34.0,32.9,0,4,2
44.8,47.8,34.7,-1,58.5,52.1,12.9,7.3,3,1,37.0,78.8,1,4,2
15.7,23.1,6.6,0,95.0,15.7,8.4,0.0,1,0,54.9,26.3,0,10,0
26.2,27.0,18.8,1,95.0,26.3,38.0,1.7,2,1,53.6,89.3,0,3,0
34.2,38.8,23.8,1,76.3,40.2,15.1,5.7,3,1,46.4,34.4,0,12,0
45.4,45.1,33.7,-1,56.7,53.0,31.6,8.7,6,1,36.6,4.9,0,7,3
41.2,40.7,29.2,-1,61.3,45.8,9.0,7.4,3,1,38.6,82.7,0,4,2
18.7,26.2,10.8,0,95.0,18.7,27.5,2.6,2,0,66.6,13.8,0,1,0
29.3,30.6,22.0,0,81.5,28.0,21.4,4.5,0,1,46.7,88.5,0,1,0
43.4,45.9,30.7,1,73.2,50.2,39.3,7.0,4,1,27.7,9.1,0,7,2
47.0,50.2,41.2,1,60.4,56.9,31.3,9.8,2,0,31.3,50.1,0,5,3
44.2,51.0,38.7,1,53.9,52.4,21.8,7.1,2,0,40.2,9.9,1,6,2
28.4,29.5,23.2,1,79.1,28.7,28.1,4.5,0,1,52.3,73.6,0,12,0
15.0,22.7,7.6,1,95.0,15.0,30.3,0.0,0,0,66.0,8.9,1,10,0
22.0,21.8,10.8,1,93.4,22.1,13.1,0.9,1,1,56.4,99.7,0,9,0
24.1,27.2,19.6,1,77.0,24.1,19.3,2.1,0,0,47.2,28.9,0,8,0
45.2,48.0,34.4,1,52.7,51.9,34.7,6.3,3,1,36.4,43.0,0,4,2
32.1,35.5,28.7,0,81.2,39.5,17.4,3.6,1,0,57.2,83.9,0,1,0
31.7,33.4,21.4,0,74.7,37.3,23.3,3.0,1,1,49.4,7.6,1,5,0
33.2,33.9,24.7,0,82.3,37.5,19.9,4.6,2,1,45.1,38.2,0,1,0
15.0,22.9,5.5,1,95.0,15.0,23.8,1.4,0,0,61.7,36.7,0,11,0
24.1,29.4,18.9,1,88.5,24.1,35.3,3.2,0,0,57.7,25.8,0,9,0
47.6,49.8,37.2,1,46.3,55.2,10.9,7.2,2,1,40.4,23.9,1,4,2
32.1,32.5,21.8,0,73.2,38.0,21.9,3.4,1,1,47.0,59.6,0,9,0
38.3,39.9,32.6,1,58.4,44.6,52.5,7.1,4,1,51.6,47.0,1,7,2
38.3,40.4,35.0,1,73.7,47.3,13.7,7.2,0,0,36.6,50.6,0,2,1
33.1,37.2,22.6,0,83.8,40.8,45.4,4.8,3,1,44.1,55.7,1,5,1
17.7,23.2,11.9,0,87.9,17.7,19.3,0.0,2,0,72.2,43.6,0,8,0
52.1,54.5,41.1,0,48.5,60.4,27.9,8.5,2,1,20.7,80.1,0,5,3
39.0,44.7,33.3,-1,72.9,48.1,36.5,6.2,2,0,50.6,98.4,0,4,2
46.2,48.3,39.7,1,55.3,55.1,66.0,9.5,0,0,43.1,80.2,1,7,2
23.5,30.1,15.9,0,83.9,23.5,15.6,3.1,0,0,49.2,29.2,0,12,0
39.1,46.0,30.9,-1,70.8,48.0,13.2,5.1,1,0,47.8,0.7,0,3,1
24.3,27.5,19.8,0,86.8,24.3,13.0,2.7,2,0,57.8,50.5,0,2,0
23.9,26.1,16.5,0,81.0,24.7,39.2,0.8,3,1,64.3,6.8,0,11,0
50.8,56.2,45.1,1,54.5,61.5,39.6,9.9,3,1,24.1,61.1,0,4,3
20.1,24.8,10.9,1,92.4,19.7,24.9,1.0,1,1,62.4,13.4,0,3,0
31.0,33.7,25.0,0,72.8,37.2,13.1,5.3,1,0,52.3,32.7,0,1,0
53.5,56.8,44.4,1,55.5,61.6,19.3,10.7,1,1,22.1,42.9,1,5,2
46.6,49.3,36.2,0,60.4,54.9,37.6,6.2,3,1,26.2,26.5,0,6,2
23.4,27.6,13.8,1,88.8,23.4,17.1,3.1,1,0,54.0,19.1,0,10,0
34.9,34.9,22.9,0,82.0,42.4,33.2,4.7,2,1,39.0,10.5,0,1,1
49.9,54.7,43.3,-1,44.9,58.8,7.2,8.6,3,1,32.3,88.2,0,6,3
41.1,40.0,29.5,1,56.6,46.0,36.7,7.4,1,1,37.4,10.3,0,12,1
31.7,35.9,28.4,1,66.1,37.5,7.0,4.0,1,0,52.3,78.1,0,9,0
19.9,23.3,8.9,0,95.0,20.2,9.7,0.9,0,1,67.6,30.8,0,12,0
15.0,20.8,9.0,0,95.0,15.0,20.8,1.1,2,0,66.2,87.1,0,9,0
21.1,25.5,16.5,1,84.2,22.7,30.2,1.7,2,1,66.4,33.9,0,12,0
25.1,27.6,15.9,1,94.1,25.1,13.4,4.5,1,0,61.7,40.0,1,11,0
19.1,23.9,11.9,1,95.0,19.1,28.6,1.2,0,0,60.2,52.3,0,10,0
24.2,28.8,15.8,1,94.5,24.1,19.1,2.2,1,1,47.9,12.9,0,2,0
34.5,42.2,30.1,1,75.5,42.2,42.9,6.1,0,0,44.2,73.1,0,8,0
25.6,27.9,21.4,0,76.7,25.6,34.7,2.1,2,0,60.6,89.1,0,3,0
35.9,39.8,24.2,0,80.2,43.0,15.7,6.3,1,1,34.2,73.6,0,1,1
34.0,36.3,25.5,-1,76.2,39.2,15.9,3.0,0,1,41.9,77.2,0,1,0
39.7,38.2,30.3,1,68.9,45.0,33.3,6.3,0,1,35.3,66.7,1,10,1
45.1,50.7,38.9,0,45.2,52.1,18.2,9.1,2,0,28.5,21.7,1,7,3
33.4,34.7,22.4,1,85.8,38.4,40.9,4.0,1,1,54.2,95.2,0,8,0
40.9,44.1,32.4,0,75.1,48.5,23.9,5.3,3,1,43.8,30.8,0,5,1
39.9,46.1,35.2,1,55.1,47.0,20.8,6.5,0,0,47.6,97.4,1,6,1
20.1,25.7,11.9,1,95.0,20.6,19.7,1.7,1,1,53.1,39.2,0,12,0
31.3,37.8,25.6,1,70.6,37.8,16.4,3.1,0,1,46.3,37.1,0,8,0
41.1,45.2,37.4,0,62.8,49.6,28.1,6.4,4,0,32.3,18.7,1,6,2
24.0,26.7,16.6,-1,91.6,24.0,17.8,1.5,0,0,52.6,20.5,0,12,0
15.0,22.2,5.1,1,95.0,15.0,47.9,0.0,1,0,57.7,7.6,0,9,0
17.9,18.0,5.5,1,95.0,17.3,16.7,0.4,1,1,66.4,95.6,0,11,0
39.3,38.8,26.7,1,61.4,45.2,21.1,4.3,3,1,46.7,19.6,0,9,1
44.3,48.3,38.9,1,63.0,53.8,13.2,8.5,6,0,40.1,60.7,0,4,3
40.4,45.7,29.4,1,61.5,47.3,19.7,4.9,2,1,31.4,57.9,0,6,1
40.7,43.6,36.7,0,65.6,49.5,22.0,6.6,2,0,41.2,13.6,0,12,2
50.0,54.1,44.3,0,56.4,60.2,33.8,9.5,2,0,34.5,81.2,1,6,3
25.5,26.5,18.7,0,93.7,26.1,12.7,3.4,1,1,57.9,21.4,0,2,0
19.4,26.4,13.3,0,84.8,19.4,12.5,2.6,1,0,59.7,17.0,1,3,0
39.1,42.5,30.2,1,73.2,46.2,10.4,5.3,0,1,45.6,97.3,0,3,1
24.5,27.4,18.4,0,93.8,24.5,11.7,2.1,1,0,63.7,19.1,0,9,0
36.7,40.3,30.1,1,80.7,43.7,13.1,5.1,0,1,44.9,39.4,0,9,1
47.2,49.6,36.9,0,62.6,55.6,19.1,7.0,3,1,42.6,11.6,1,7,2
37.9,39.4,33.1,-1,71.4,45.9,30.2,5.5,0,1,41.0,2.0,0,1,1
37.2,38.0,26.5,1,66.0,43.3,24.5,6.3,4,1,37.5,25.1,0,7,1
18.9,21.1,7.4,0,88.9,17.9,35.2,1.7,1,1,56.9,9.5,0,10,0
40.1,44.7,36.7,1,63.6,48.4,31.8,7.1,2,0,41.0,89.5,0,12,2
26.7,32.9,18.3,1,83.0,26.7,24.9,2.5,1,0,52.9,63.4,0,3,0
40.0,46.7,35.0,1,59.1,48.0,17.4,5.4,2,1,33.6,61.6,1,4,1
33.5,39.1,28.7,-1,81.1,42.0,15.4,3.7,1,1,47.1,60.7,0,1,0
37.9,43.6,31.0,0,75.5,46.1,28.9,6.0,2,1,47.7,4.2,1,6,1
16.6,19.6,9.1,1,94.5,17.1,18.3,0.7,1,1,55.6,28.7,0,8,0
35.6,40.2,26.5,1,70.4,41.9,26.8,4.8,2,1,37.6,41.8,0,1,1
39.6,42.5,32.1,1,62.4,47.7,12.4,7.0,4,0,40.1,97.6,1,4,2
47.2,51.2,42.7,-1,49.5,55.4,23.1,9.1,2,0,28.6,32.7,0,7,3
15.8,21.2,10.3,0,95.0,15.8,15.5,1.3,1,0,69.6,5.9,0,10,0
17.5,18.2,5.6,0,94.4,17.7,14.3,0.3,3,1,54.7,53.1,0,11,0
45.9,49.9,38.3,1,67.0,53.5,29.4,8.6,4,1,30.9,63.5,0,5,3
23.2,26.9,12.5,-1,95.0,23.4,58.2,1.2,3,1,61.8,9.0,1,9,0
35.6,42.6,27.1,1,72.3,43.4,11.7,5.7,1,0,49.6,44.4,0,6,0
25.6,28.1,18.1,0,78.8,25.7,13.1,3.5,1,1,44.9,86.4,0,9,0
36.3,43.9,28.8,-1,70.4,44.2,32.0,5.7,5,0,41.7,44.1,0,7,1
34.6,37.0,27.6,-1,62.0,41.1,36.2,6.7,0,0,54.8,46.4,0,2,0
40.7,40.9,31.6,1,76.8,47.0,24.2,4.6,4,1,42.2,32.4,1,6,2
34.2,39.0,28.4,1,70.7,42.2,22.8,3.7,2,1,45.8,46.3,0,6,0
29.2,34.6,21.8,0,77.7,35.1,31.7,4.9,2,0,43.4,4.2,0,2,0
35.6,36.8,26.7,-1,64.9,40.6,25.6,4.2,0,1,38.3,64.6,0,12,0
21.5,25.4,11.1,1,95.0,19.3,30.7,2.3,2,1,50.5,94.3,0,1,0
21.2,26.0,13.4,1,95.0,21.2,53.3,2.8,0,0,67.3,43.2,0,2,0
31.8,39.7,26.5,1,83.4,39.3,36.8,5.5,3,0,52.5,50.6,0,6,0
24.0,29.4,19.5,1,81.7,24.0,18.6,2.3,2,0,60.0,97.8,0,9,0
27.4,29.2,17.6,0,76.9,27.5,9.5,3.8,0,1,46.0,88.3,1,10,0
31.8,34.5,21.8,0,71.2,38.2,17.3,3.7,4,0,53.5,40.7,0,4,0
32.5,34.9,21.4,1,78.7,37.0,17.3,3.2,2,1,45.9,59.8,0,3,0
21.3,21.9,10.8,-1,89.3,20.8,20.8,0.0,1,1,49.1,82.2,0,1,0
34.9,42.3,29.7,-1,78.5,43.1,27.8,5.4,2,0,51.8,12.5,1,7,0
16.5,22.1,8.4,1,95.0,17.7,14.2,1.3,0,1,67.0,12.8,0,1,0
34.0,38.3,28.0,1,79.2,42.0,26.4,6.1,1,0,49.9,10.1,0,5,0
26.4,29.5,22.8,-1,88.7,26.4,30.6,4.1,1,0,62.6,14.7,0,9,0
15.0,20.1,5.3,1,95.0,15.0,12.8,0.0,1,0,57.7,22.8,0,8,0
15.0,22.5,10.4,0,95.0,15.0,48.3,0.0,2,0,67.4,2.1,0,2,0
33.1,36.3,23.4,1,67.7,38.8,27.0,4.2,2,1,55.9,58.2,0,10,0
31.8,35.0,23.9,1,65.5,37.7,24.0,4.5,1,0,54.6,85.8,0,3,0
32.0,35.8,18.7,-1,78.0,35.9,21.7,4.0,0,1,49.0,52.2,0,12,0
38.2,41.7,28.6,1,67.4,46.4,49.2,7.1,2,0,45.0,2.2,0,6,2
39.2,40.2,26.2,0,69.6,45.2,48.0,4.6,4,1,38.3,58.1,0,8,2
33.6,31.8,24.5,-1,68.2,37.0,24.0,4.0,3,1,51.7,40.5,0,2,0
47.3,54.7,40.1,1,48.5,55.3,19.3,8.9,3,0,34.4,67.3,1,6,3
41.4,46.1,34.0,1,73.0,50.0,18.3,7.4,3,1,30.0,69.3,1,7,2
32.3,36.9,26.9,0,73.6,39.0,8.3,5.6,3,0,38.5,90.6,0,7,0
24.8,27.3,21.2,1,90.3,24.8,26.6,3.4,1,0,63.5,67.7,1,8,0
33.2,35.3,23.2,0,69.0,38.7,17.8,3.3,0,1,50.0,90.1,0,8,0
21.9,22.8,12.9,0,94.8,22.3,20.0,0.3,1,1,53.6,35.5,0,9,0
31.8,35.5,23.6,0,77.2,37.4,17.5,4.2,2,1,52.3,46.3,0,9,0
40.5,46.8,31.1,1,54.9,46.9,44.5,7.6,2,1,47.3,62.8,1,4,2
40.3,41.9,29.4,1,70.9,49.0,16.2,6.7,0,1,32.4,12.9,0,5,1
35.7,38.8,29.2,-1,73.4,43.6,17.5,5.2,0,0,40.5,81.4,0,8,0
23.7,26.8,15.1,1,81.6,23.2,26.2,3.4,1,1,54.4,14.4,0,1,0
31.7,32.4,21.6,1,83.1,36.7,14.2,3.3,0,1,46.0,55.1,1,3,0
27.8,29.5,17.7,1,93.4,26.4,30.6,3.0,3,1,47.7,10.4,0,11,0
27.5,30.1,19.7,1,81.6,32.9,21.3,2.4,3,0,49.8,87.0,0,8,0
36.5,41.7,26.1,1,79.1,45.0,20.0,3.9,0,1,44.1,58.6,0,12,0
28.3,32.2,18.7,0,86.2,27.2,13.0,3.5,1,1,53.1,40.2,0,12,0
32.2,36.2,24.5,1,82.6,39.8,9.8,4.0,0,0,55.5,30.9,0,9,0
15.0,19.2,10.6,-1,95.0,15.0,31.7,0.0,2,0,57.2,90.1,0,3,0
21.6,26.9,15.4,-1,86.4,23.2,24.0,3.2,0,1,52.3,65.8,1,10,0
25.2,28.8,17.3,-1,87.7,25.0,6.5,3.3,1,1,57.9,84.8,0,10,0
43.7,47.4,36.9,0,64.2,53.2,20.4,6.6,0,0,40.5,31.2,0,10,2
18.4,22.1,10.1,0,94.9,17.0,16.8,1.0,0,1,65.1,91.6,0,1,0
25.6,29.3,19.9,1,86.5,25.6,28.9,2.7,0,0,47.8,33.4,0,8,0
48.9,51.3,42.7,1,53.4,56.2,24.9,7.6,1,1,41.0,48.2,1,4,2
36.2,39.9,27.2,0,72.9,44.3,31.9,4.6,3,0,53.3,72.1,0,6,1
46.1,44.7,37.2,-1,65.1,54.0,27.1,8.4,7,1,34.7,76.2,0,4,3
29.6,30.1,21.3,0,78.8,27.0,20.6,2.8,2,1,52.6,60.7,0,8,0
19.1,22.6,10.3,-1,95.0,18.6,21.1,0.0,4,1,62.4,82.7,0,12,1
17.4,19.8,8.8,1,95.0,17.2,29.0,1.8,2,1,60.5,15.6,0,1,0
25.5,32.9,16.2,1,91.4,25.5,27.7,3.4,0,0,45.9,21.2,0,12,0
23.6,26.2,18.4,0,88.9,23.2,34.2,2.8,1,1,65.7,37.6,0,12,0
27.9,30.0,18.4,1,90.6,34.2,12.9,2.9,1,0,49.3,42.6,0,9,0
45.7,48.8,36.8,0,59.3,54.8,24.1,7.3,4,1,38.6,53.0,0,7,3
16.5,18.0,10.3,0,95.0,17.8,19.0,1.5,1,1,62.4,77.6,0,11,0
22.8,27.7,18.4,1,80.6,22.8,22.6,3.7,3,0,55.8,86.7,0,9,0
35.6,36.3,26.5,0,70.4,42.8,13.4,5.2,0,1,44.7,53.6,0,1,0
17.1,23.2,12.8,0,95.0,17.1,25.3,0.4,0,0,55.6,81.5,0,9,0
26.2,29.5,15.2,1,85.4,24.9,39.0,3.9,3,1,58.4,41.0,0,3,0
31.8,35.3,27.1,1,81.0,39.1,37.4,3.9,4,0,52.7,76.9,1,4,1
32.5,35.7,26.9,1,70.6,39.0,12.3,3.8,3,0,47.0,75.3,1,4,0
21.7,26.6,11.7,-1,94.0,20.6,35.0,0.2,1,1,65.1,32.5,0,10,0
15.0,21.5,5.1,1,94.5,15.0,38.4,0.6,2,0,69.5,39.4,0,3,0
30.3,32.9,22.1,1,79.9,36.7,20.2,4.7,1,0,53.0,7.7,0,11,0
17.3,21.7,11.8,1,95.0,17.9,24.9,0.2,0,1,63.2,95.7,0,2,0
20.0,26.5,12.7,0,83.0,20.0,32.5,0.6,2,0,54.7,6.1,0,1,0
28.8,28.7,19.7,1,75.8,28.1,10.6,2.5,1,1,47.1,53.1,0,2,0
34.1,33.3,23.3,1,79.4,38.1,22.1,5.0,0,1,50.0,64.3,0,9,0
41.0,44.8,31.1,0,58.6,46.4,15.4,7.3,2,1,48.6,44.4,1,7,2
31.0,33.8,27.9,1,76.3,37.4,13.6,5.5,1,0,53.9,20.9,0,12,0
37.3,40.9,27.4,-1,74.6,43.0,18.9,4.0,2,1,49.1,88.1,0,7,1
23.5,27.5,11.2,0,94.3,22.4,17.0,1.9,1,1,57.5,50.6,0,8,0
37.7,36.6,24.5,-1,74.2,44.2,8.2,6.8,0,1,47.7,17.1,1,4,1
36.0,37.8,30.0,-1,71.5,43.1,28.8,5.8,1,1,40.5,15.2,0,4,0
33.0,40.6,23.6,1,81.9,40.8,13.1,5.8,2,0,54.1,9.8,1,5,1
49.3,47.8,40.0,0,54.0,55.6,15.9,8.3,2,1,37.7,71.3,0,7,3
23.0,26.1,9.7,0,91.8,21.3,25.7,1.1,1,1,64.7,55.6,0,8,0
39.4,41.7,32.8,1,70.5,46.8,9.6,4.6,2,1,32.6,51.6,1,6,1
33.0,36.6,24.3,-1,74.3,40.1,18.0,5.2,0,0,50.8,82.8,0,1,0
26.7,32.3,22.7,1,91.9,26.7,42.6,4.3,2,0,46.4,37.1,0,10,0
17.6,20.2,10.0,1,95.0,17.3,16.1,0.0,1,1,52.9,4.2,0,9,0
22.0,25.7,9.8,-1,90.4,21.5,20.1,0.5,0,1,65.2,44.0,0,1,0
25.0,25.5,14.7,1,95.0,26.2,26.1,3.3,0,1,54.5,60.1,0,10,0
24.3,26.6,18.4,1,88.9,24.1,22.2,3.6,3,1,64.1,28.5,0,3,0
46.0,53.6,41.1,1,62.0,55.9,43.1,8.4,1,0,29.8,76.2,0,3,2
16.2,18.3,8.9,1,92.3,16.2,16.5,1.5,4,0,58.6,95.3,1,4,1
29.8,36.8,21.7,-1,87.7,36.7,7.5,3.9,1,0,41.1,80.3,0,10,0
26.6,33.9,22.1,1,91.1,26.6,21.3,4.8,0,0,51.9,20.2,0,11,0
20.0,27.6,16.3,1,84.2,20.0,24.6,0.9,2,0,65.1,33.8,0,3,0
46.8,50.0,41.6,0,64.7,57.2,19.8,7.5,2,1,30.6,86.9,0,7,2
24.3,26.4,17.4,1,95.0,24.0,11.6,1.4,1,1,49.3,92.9,0,3,0
46.3,47.6,38.8,0,54.0,51.9,26.5,6.8,6,1,28.6,95.3,1,6,3
26.9,29.4,17.0,0,88.9,27.5,7.2,3.1,0,1,45.5,50.1,0,10,0
28.8,32.2,24.8,1,77.0,34.5,32.3,2.7,0,0,54.7,86.6,0,10,0
32.3,39.7,27.7,1,79.8,39.5,13.8,3.3,1,0,40.9,95.8,0,10,0
27.4,32.8,21.4,1,79.6,32.7,34.0,3.9,5,0,44.2,29.9,0,2,0
38.3,40.5,28.6,1,67.0,43.9,28.5,5.9,1,1,41.0,76.6,0,6,1
46.0,46.8,38.0,0,59.6,53.4,43.8,7.3,3,1,28.2,51.5,0,7,2
15.4,19.8,9.2,1,95.0,15.4,31.3,1.0,2,0,62.3,60.7,1,12,0
35.8,35.1,22.8,1,75.7,41.1,28.4,4.6,1,1,49.9,53.3,0,3,0
38.0,41.6,28.7,0,77.8,46.1,49.0,5.4,0,1,50.9,27.0,0,8,1
31.9,31.7,23.2,1,75.9,36.3,46.2,4.8,0,1,39.5,78.2,0,8,0
15.0,22.9,6.2,0,95.0,15.0,16.2,0.4,1,0,57.1,22.0,0,8,0
27.9,31.3,22.8,1,72.7,28.4,41.5,3.8,1,1,49.6,85.6,1,2,0
22.9,28.3,15.5,0,95.0,22.9,39.4,3.6,1,0,62.6,26.4,0,3,0
16.1,20.6,7.6,1,95.0,16.1,35.2,1.3,0,0,68.9,55.8,1,9,0
17.9,22.9,13.6,-1,95.0,17.9,24.5,2.6,0,0,62.4,27.3,0,10,0
38.0,39.4,26.5,1,73.8,46.3,8.9,5.7,3,1,43.1,33.4,0,4,1
26.8,30.0,20.3,1,77.3,28.0,25.1,2.8,1,1,45.2,35.7,0,9,0
23.3,28.5,13.3,0,91.6,23.2,21.4,1.1,1,1,58.2,50.7,0,3,0
35.0,40.7,26.4,-1,76.1,43.0,14.1,6.5,3,0,50.2,48.2,1,7,1
22.8,27.6,16.9,0,81.5,23.1,15.6,3.4,0,1,59.0,35.9,0,8,0
40.3,46.5,30.8,1,71.5,49.7,19.5,5.4,1,0,37.2,99.3,0,4,1
31.0,31.6,19.8,-1,73.1,36.0,33.5,4.5,0,1,42.0,61.1,1,12,0
41.0,44.8,34.2,0,62.3,47.1,22.8,7.2,6,1,31.4,78.9,0,6,2
33.9,39.1,25.3,0,75.0,41.4,36.7,6.6,0,0,49.6,82.4,0,9,0
25.3,28.9,17.9,1,78.5,24.5,17.8,2.7,2,1,56.6,53.8,0,10,0
23.6,27.5,15.8,0,92.5,23.6,19.2,1.9,0,0,58.2,78.4,0,3,0
37.5,39.1,31.2,1,71.3,45.6,30.6,6.4,1,1,49.5,38.4,0,6,1
50.0,57.7,41.0,-1,45.1,58.1,39.0,8.3,4,0,38.7,81.3,1,7,3
24.3,31.1,15.1,0,83.5,24.6,14.6,3.8,1,1,45.8,51.7,0,12,0
29.4,35.1,23.0,1,86.4,36.0,10.4,3.0,1,0,52.7,26.8,0,11,0
21.6,25.2,12.5,1,92.3,21.6,45.0,3.1,1,0,51.3,77.0,0,12,0
19.0,22.4,10.5,1,92.6,19.0,31.6,0.8,1,0,65.0,14.4,0,12,0
15.0,21.4,5.3,-1,95.0,15.0,17.6,0.8,3,0,64.9,76.9,1,1,0
19.3,21.4,14.7,1,90.5,19.3,20.0,1.4,0,0,57.4,34.8,0,12,0
15.0,19.9,9.2,1,95.0,15.0,22.8,0.0,1,0,74.6,87.3,0,2,0
36.4,37.3,24.8,1,79.4,43.4,25.3,4.5,0,1,44.5,18.5,0,3,0
24.5,23.7,18.0,0,83.7,23.7,38.3,2.0,1,1,51.7,24.9,0,2,0
28.1,29.8,20.6,0,93.5,27.5,13.5,4.0,2,1,48.8,57.9,0,12,0
30.0,34.0,20.8,0,84.2,35.9,17.6,5.3,1,1,53.8,74.7,0,1,0
29.3,32.1,23.3,0,89.2,29.8,38.2,3.8,0,1,59.7,84.4,1,5,0
26.3,33.3,20.9,1,93.1,26.3,25.2,3.5,3,0,45.2,41.9,1,5,0
24.3,27.9,11.3,-1,93.2,22.9,16.0,1.4,1,1,52.8,20.3,0,9,0
28.1,29.1,22.6,1,81.9,28.9,18.7,3.1,2,1,54.4,97.5,0,8,0
28.4,34.9,22.1,1,73.3,33.7,30.9,4.2,1,0,61.4,25.2,0,2,0
27.0,32.1,17.3,1,90.2,26.4,9.1,2.8,2,1,45.1,9.7,0,12,0
33.1,37.8,21.1,-1,75.7,38.5,41.8,4.1,0,1,52.9,25.0,1,11,0
39.3,40.4,31.5,1,61.1,44.8,31.5,6.5,3,1,35.6,86.9,0,6,1
34.7,41.0,29.7,1,76.1,42.6,21.0,6.7,7,0,42.4,3.5,0,5,1
34.0,37.2,21.1,1,77.8,39.2,24.6,4.0,0,1,56.0,29.5,0,1,0
38.1,42.4,34.4,0,66.7,46.1,32.6,5.4,3,0,33.4,91.4,1,6,1
39.6,43.9,30.3,0,76.7,47.2,26.7,5.6,5,1,49.3,87.9,0,5,2
18.0,21.0,12.1,-1,95.0,18.8,10.9,0.4,0,1,65.2,18.8,0,9,0
40.1,42.1,34.7,-1,72.7,48.9,14.8,6.4,1,1,30.8,59.7,1,5,1
15.0,21.8,6.8,1,95.0,15.0,27.6,0.0,0,0,62.2,85.9,0,12,0
31.8,35.7,23.2,1,78.8,38.8,28.0,4.1,0,0,46.7,21.7,0,2,0
31.7,38.1,22.6,1,71.7,37.0,18.4,5.1,2,1,54.5,87.7,0,9,0
15.0,17.2,6.8,1,91.3,15.0,29.5,0.3,3,0,56.9,33.8,0,3,0
24.6,29.1,15.3,0,90.3,22.4,34.9,1.6,1,1,57.4,96.1,0,3,0
18.7,21.6,11.8,1,95.0,17.4,15.3,0.0,0,1,65.5,46.4,0,9,0
15.0,19.8,5.6,1,92.1,15.0,34.8,1.0,0,0,55.2,79.0,0,12,0
38.3,45.6,34.9,0,65.5,46.2,76.7,7.1,3,0,49.9,97.8,0,4,2
23.8,27.6,14.5,0,78.3,23.8,13.1,3.5,2,0,60.1,44.5,0,2,0
23.2,29.0,17.2,1,81.8,23.8,26.4,1.7,2,1,49.1,84.7,0,11,0
33.4,33.7,21.2,1,77.0,38.9,50.4,4.3,0,1,47.7,49.3,0,7,0
46.9,51.1,37.6,-1,48.0,53.2,21.9,8.5,1,1,29.1,93.4,0,5,2
32.0,34.1,23.9,1,81.5,39.0,11.5,4.0,0,1,57.3,68.0,0,5,0
35.0,34.8,28.1,-1,66.4,39.9,28.3,6.0,2,1,53.9,6.1,0,4,0
27.2,31.3,19.2,1,77.4,32.2,24.7,2.6,4,0,59.8,66.6,0,12,0
39.2,38.7,27.1,0,69.5,46.6,45.8,6.9,4,1,50.0,6.6,0,7,2
32.3,36.3,24.8,1,85.2,40.2,11.6,3.0,0,1,49.0,18.3,0,8,0
39.5,45.9,33.0,-1,62.0,47.4,27.8,7.0,0,0,43.6,72.9,0,3,1
34.6,34.8,22.9,-1,71.9,40.4,32.4,4.9,1,1,50.1,94.6,0,11,0
23.1,28.5,15.7,1,80.4,23.1,24.9,3.9,0,0,62.9,23.0,0,11,0
35.8,40.9,26.2,-1,62.9,40.4,23.2,5.3,6,1,45.1,69.7,1,5,1
36.3,38.0,26.3,1,65.9,40.0,27.6,3.9,2,1,37.9,38.1,0,9,0
44.1,43.0,32.2,1,63.1,50.9,18.8,8.3,4,1,41.7,23.9,1,7,3
34.6,38.2,31.0,0,72.6,42.1,31.2,5.6,1,0,40.9,37.8,0,8,0
20.8,25.1,16.8,0,95.0,20.8,24.3,0.8,0,0,53.0,28.5,0,9,0
27.6,34.1,21.4,0,87.3,33.5,26.5,4.6,0,0,56.5,45.7,0,11,0
26.7,29.5,22.0,0,86.5,26.7,30.1,4.1,6,0,63.0,58.7,0,5,1
33.4,40.1,24.8,1,81.9,42.0,26.0,6.2,4,1,37.4,66.8,0,5,1
21.6,23.6,18.3,1,82.7,21.6,8.1,2.3,0,0,58.0,1.9,0,8,0
31.1,32.5,23.9,1,85.1,35.6,33.2,4.0,0,1,39.6,38.3,0,10,0
34.2,38.0,26.0,1,69.6,40.2,9.5,5.8,2,1,46.2,2.1,0,8,0
34.3,42.1,27.0,1,79.2,42.3,36.4,6.0,2,0,43.5,13.0,0,1,0
21.9,27.2,18.7,0,87.3,21.9,24.6,3.0,0,0,62.8,11.7,0,11,0
32.4,34.3,27.7,0,77.1,39.1,25.4,3.9,2,1,50.4,95.1,0,8,0
27.2,29.1,16.2,1,93.7,28.4,42.8,4.6,0,1,57.0,1.9,1,8,0
38.6,38.9,31.9,1,71.2,47.4,24.6,6.2,3,1,49.6,47.2,1,6,2
37.1,39.8,31.3,1,62.8,44.9,18.7,6.0,3,1,51.7,8.2,0,4,1
33.9,40.2,26.0,-1,80.7,42.0,52.4,4.3,2,0,52.2,17.6,1,4,1
50.0,55.1,41.2,-1,45.3,58.2,33.1,10.7,6,0,23.7,13.2,1,4,3
26.2,29.5,21.0,1,76.0,27.7,15.8,4.3,0,1,59.3,54.6,0,1,0
23.2,23.0,14.1,1,94.2,22.4,31.6,2.7,3,1,49.2,38.8,0,12,0
22.1,29.4,16.1,-1,88.7,22.1,42.7,1.5,0,0,58.8,88.1,0,12,0
20.2,24.0,14.2,0,95.0,20.2,24.5,1.4,0,0,54.9,13.1,0,1,0
34.3,36.9,30.1,0,64.9,40.9,26.8,5.9,0,0,48.3,15.8,0,2,0
17.0,18.9,7.2,-1,95.0,17.1,34.3,1.1,1,1,60.2,15.8,0,1,0
45.3,51.1,38.9,-1,51.0,54.0,17.4,7.6,1,1,28.0,58.5,0,7,2
37.9,42.2,34.0,-1,64.0,45.5,18.8,5.6,5,0,48.9,39.6,1,6,1
18.5,20.1,9.4,0,95.0,16.7,18.2,0.0,2,1,62.3,91.5,0,10,0
39.5,45.4,35.7,1,66.7,48.0,22.0,6.2,1,0,46.3,74.5,0,5,1
51.0,52.1,39.0,-1,48.3,59.4,17.5,10.5,5,1,25.5,89.4,1,7,3
31.1,34.6,23.3,0,77.1,36.6,13.1,5.4,2,1,39.3,56.4,0,3,0
18.9,19.9,10.8,-1,95.0,16.1,48.6,0.0,0,1,69.7,15.0,0,1,0
31.4,30.9,25.4,1,87.2,36.3,30.8,3.5,1,1,58.6,48.8,0,1,0
39.8,39.8,28.1,1,73.8,49.0,29.3,6.8,4,1,33.1,20.7,0,7,2
53.4,55.5,45.2,1,54.2,62.3,10.3,8.5,0,1,32.9,36.7,1,5,2
28.1,30.9,17.1,0,81.8,25.9,28.6,3.5,0,1,42.2,88.2,0,9,0
44.9,48.4,36.5,-1,54.5,52.1,18.3,6.5,4,1,29.8,85.4,0,5,2
27.0,26.7,17.9,-1,81.9,26.2,27.6,1.4,2,1,49.1,73.4,0,1,0
18.6,18.2,8.9,1,95.0,16.2,29.0,1.5,1,1,65.3,81.0,0,9,0
34.6,40.4,26.0,0,75.9,42.0,59.8,4.5,2,1,39.1,35.2,0,1,0
25.6,29.9,18.4,1,95.0,25.4,14.5,1.3,0,1,51.5,36.6,0,2,0
21.8,27.9,15.4,-1,95.0,21.8,25.6,0.7,1,0,50.3,34.2,0,9,0
30.8,35.0,22.7,0,86.2,35.7,14.0,3.2,1,1,44.3,74.5,0,3,0
27.2,28.1,17.7,1,88.6,26.4,83.0,1.3,1,1,55.4,54.1,0,3,0
16.9,17.1,10.3,1,95.0,17.1,15.5,0.0,0,1,57.0,69.9,0,3,0
38.6,38.1,27.2,0,69.8,44.5,33.9,4.1,2,1,38.2,82.9,0,3,1
34.4,36.5,28.0,0,70.5,41.6,40.8,5.1,2,0,45.3,28.6,0,4,0
17.8,19.4,6.3,0,95.0,16.9,30.5,1.5,1,1,58.1,80.9,0,2,0
37.7,41.0,31.9,0,62.4,43.6,22.2,5.1,0,1,37.6,24.7,0,8,0
22.7,24.7,14.4,1,93.2,23.4,30.4,2.8,2,1,61.2,89.7,0,1,0
22.3,28.2,14.5,0,95.0,22.3,20.3,1.1,2,0,53.3,22.5,1,2,0
34.6,36.7,25.9,0,70.2,38.5,22.1,5.9,1,1,49.2,30.6,0,9,0
17.8,24.3,13.5,0,92.4,17.8,25.2,0.0,1,0,63.0,99.2,0,1,0
17.0,22.3,13.3,0,95.0,17.0,13.9,0.2,3,0,68.7,15.3,0,12,0
29.4,33.2,26.3,1,73.4,35.0,27.2,3.1,3,0,46.2,40.7,0,6,0
33.7,39.7,25.1,0,71.8,39.9,13.3,5.5,4,1,45.5,34.6,1,4,0
17.5,17.1,11.9,1,95.0,16.2,17.1,0.0,0,1,57.3,99.6,0,1,0
23.8,27.9,20.5,-1,93.0,23.8,21.7,1.2,2,0,65.1,25.3,0,9,0
25.4,27.7,15.9,-1,82.0,24.9,23.1,3.9,1,1,58.7,73.7,0,9,0
32.5,34.6,22.9,1,71.7,40.5,55.2,5.5,5,1,50.6,72.2,0,5,1
32.6,40.3,29.5,1,78.7,39.9,29.9,6.1,0,0,40.8,15.4,0,9,0
34.2,39.8,30.6,1,62.2,40.5,15.3,4.8,2,0,49.3,22.3,1,7,0
27.0,29.7,21.2,1,92.6,27.3,16.7,3.4,1,1,49.3,20.4,0,9,0
16.8,20.5,10.3,-1,95.0,17.3,28.8,0.0,1,1,53.7,94.3,0,3,0
30.1,33.3,19.8,1,87.3,28.4,13.3,4.5,2,1,40.4,45.2,0,9,0
35.2,38.9,24.4,0,66.9,39.7,27.0,5.9,0,1,48.9,17.4,0,1,0
40.5,44.4,29.1,0,58.8,48.2,37.3,7.0,4,1,32.8,68.4,0,6,2
43.1,46.7,35.1,0,58.1,51.5,28.0,8.3,8,0,39.3,79.2,1,7,3
36.1,41.6,26.8,1,77.3,45.7,18.5,4.8,0,1,51.0,62.6,0,12,1
45.8,52.6,37.4,-1,57.1,54.9,27.8,8.8,3,0,42.2,47.5,1,6,3
28.3,30.8,21.6,0,73.8,33.5,27.8,3.3,2,0,61.7,87.3,0,3,0
28.4,31.1,22.5,1,70.5,33.5,31.0,3.4,2,0,45.3,36.4,0,1,0
36.5,37.3,29.3,-1,71.3,40.2,32.5,5.1,2,1,45.0,19.7,0,10,1
15.0,19.8,9.6,1,91.3,15.0,21.3,0.0,2,0,62.4,74.9,0,8,0
36.0,38.4,26.9,0,73.7,42.7,35.1,3.8,0,1,35.4,65.1,0,10,0
18.2,17.5,11.5,1,95.0,16.1,9.8,1.0,2,1,57.6,44.6,0,1,0
29.5,31.3,23.5,1,91.4,34.6,30.1,3.5,2,1,55.2,95.7,0,12,0
34.9,42.4,26.4,1,69.8,42.2,30.9,4.1,1,0,43.2,12.7,0,7,0
18.4,23.8,15.2,0,95.0,18.4,20.4,2.1,0,0,65.0,67.3,0,11,0
33.9,40.2,26.5,1,66.4,40.5,24.7,4.2,0,0,43.6,34.2,1,9,0
21.1,26.6,12.6,1,91.1,21.2,34.6,0.9,2,1,60.3,85.3,0,12,0
15.0,20.0,6.3,1,95.0,15.0,24.7,0.0,1,0,64.5,75.8,0,12,0
30.2,32.6,25.3,1,79.3,36.6,18.3,4.5,1,0,50.1,8.8,0,9,0
25.9,31.3,16.0,0,75.2,25.9,47.1,3.6,1,0,56.8,77.1,1,2,0
48.6,52.3,36.1,-1,50.4,54.1,11.6,8.0,3,1,32.3,72.3,0,6,2
34.5,37.5,25.4,1,64.6,41.1,12.3,5.8,2,0,37.5,96.7,0,9,0
15.0,23.0,10.8,0,95.0,15.0,37.7,0.0,1,0,73.7,25.2,0,9,0
27.0,31.6,18.7,1,94.4,25.7,18.7,2.4,1,1,52.9,53.7,0,1,0
33.4,38.8,25.3,1,79.3,41.2,9.1,6.3,1,0,53.3,96.9,0,8,0
26.2,30.2,23.1,0,90.4,26.2,32.5,4.7,0,0,56.2,70.8,0,2,0
45.9,47.4,34.6,1,67.4,53.6,17.9,7.2,4,1,35.3,92.4,1,7,3
18.4,24.7,13.1,-1,95.0,18.4,16.4,2.4,2,0,67.5,94.0,0,2,0
27.2,33.2,22.2,0,85.2,27.2,32.4,4.3,0,1,47.8,68.9,0,2,0
22.3,28.9,16.9,0,88.8,22.3,19.1,2.9,3,0,62.5,8.9,0,9,0
18.1,18.5,12.3,0,95.0,18.1,20.8,0.1,3,1,65.5,95.9,1,1,0
18.4,26.1,11.9,-1,95.0,18.4,22.1,1.0,2,0,71.1,59.7,0,2,0
32.6,34.3,25.5,1,84.5,39.9,14.1,5.8,1,1,55.5,26.4,0,10,0
36.9,40.5,29.6,1,69.7,44.9,22.9,5.2,1,1,39.4,80.1,1,5,0
32.6,35.0,25.0,0,83.4,40.4,16.4,4.1,1,0,38.1,79.8,0,3,0
42.0,45.7,32.4,1,71.3,50.6,41.4,6.3,2,1,44.7,10.3,0,4,2
43.6,50.3,38.2,1,51.7,51.2,27.1,6.5,2,0,30.4,84.3,0,7,2
23.6,26.5,12.1,-1,84.1,23.2,17.7,1.4,1,1,65.6,87.9,1,9,0
30.7,32.0,19.0,-1,80.9,34.9,22.1,3.3,1,1,47.9,83.9,0,11,0
20.1,19.5,9.5,0,95.0,19.2,16.6,1.7,1,1,69.7,22.1,0,11,0
39.1,42.4,27.1,1,65.5,45.3,53.9,4.5,2,1,45.9,87.8,0,3,1
23.9,27.5,17.4,-1,83.7,25.2,20.7,2.5,0,1,64.5,77.1,0,8,0
19.7,24.7,16.0,1,88.4,19.7,22.3,1.5,0,0,52.8,9.1,0,10,0
21.4,29.0,16.9,0,92.1,21.4,37.8,1.0,0,0,68.1,76.4,0,9,0
31.1,33.6,24.4,1,84.9,38.4,31.4,3.1,1,0,50.9,38.9,0,1,0
15.0,20.5,6.4,1,90.2,15.0,17.0,0.5,1,0,70.7,27.8,0,1,0
47.8,49.3,40.2,-1,54.6,56.0,24.3,7.6,8,1,40.8,91.3,1,7,3
32.3,37.3,24.6,0,80.1,38.9,41.4,4.4,1,1,42.3,65.8,0,12,0
24.9,30.2,20.1,1,89.2,24.9,24.9,3.3,0,0,47.5,51.3,0,10,0
35.7,41.1,28.5,1,67.2,43.0,22.2,5.0,5,0,41.4,31.8,0,5,1
21.9,26.1,15.4,1,95.0,21.6,19.0,2.2,0,1,53.9,27.6,0,11,0
27.3,29.4,15.6,1,77.5,25.1,20.9,2.0,4,1,60.7,66.6,0,10,0
18.1,20.1,9.4,0,86.5,18.1,37.1,0.9,1,0,68.8,7.9,0,3,0
42.2,47.3,31.3,1,72.3,51.9,15.6,7.5,1,1,30.9,65.9,1,12,2
33.7,39.9,30.5,0,78.2,41.5,26.0,5.9,1,0,55.8,79.8,0,9,0
19.0,21.4,11.2,-1,95.0,17.5,31.1,0.0,0,1,68.5,35.1,0,3,0
53.0,52.7,44.5,-1,44.3,61.0,8.3,10.4,2,1,20.6,14.0,0,4,3
26.1,29.4,14.0,-1,95.0,24.9,31.6,2.1,2,1,51.2,78.1,0,12,0
35.0,39.8,30.0,-1,68.3,42.2,35.4,5.5,2,0,45.9,35.1,0,6,1
24.5,29.7,15.2,1,92.3,23.8,26.1,3.4,1,1,57.9,3.9,0,12,0
24.0,31.8,20.6,1,82.6,24.0,44.2,3.5,0,0,52.1,54.6,0,1,0
43.6,46.5,36.5,1,54.8,51.8,35.6,6.2,3,0,28.0,69.4,0,4,2
36.7,42.3,29.7,1,74.0,44.4,57.6,6.3,2,1,35.2,63.4,0,2,1
39.7,41.7,28.8,1,70.0,48.0,19.6,5.9,6,1,44.9,82.2,1,7,2
37.2,43.4,29.9,-1,57.6,43.8,23.7,5.6,4,0,36.2,0.6,1,6,1
15.0,17.1,5.3,1,95.0,15.0,38.0,1.7,1,0,61.4,37.8,0,12,0
37.2,36.0,26.2,1,75.7,44.0,28.6,5.0,2,1,49.0,62.4,0,9,1
35.2,36.3,27.8,1,70.4,41.8,14.3,4.8,4,1,46.9,83.3,1,6,1
18.1,25.0,11.3,1,95.0,18.1,30.1,1.4,0,0,52.0,27.5,0,11,0
39.8,42.2,29.1,1,61.2,47.8,16.9,5.2,3,1,30.7,55.2,1,4,1
36.1,41.2,28.0,1,67.4,43.5,21.1,5.1,5,0,38.7,21.7,1,6,1
45.2,48.8,35.6,-1,59.4,52.7,6.5,5.9,5,1,32.0,94.8,0,5,2
31.5,37.0,22.3,-1,79.6,37.9,21.1,3.6,1,1,48.5,71.1,0,9,0
35.1,35.7,28.1,1,79.0,39.1,31.3,4.1,1,1,49.4,54.6,0,8,0
41.4,42.5,29.4,-1,55.8,47.3,12.5,7.7,1,1,32.5,95.4,0,1,1
26.8,28.7,18.2,1,85.4,26.7,18.3,3.4,1,1,58.3,26.8,0,9,0
37.2,39.4,33.3,1,68.8,45.2,13.8,7.0,4,0,44.8,43.0,0,7,2
32.5,32.4,23.6,0,81.0,37.7,21.8,3.2,3,1,44.0,92.6,0,6,0
45.1,46.1,33.3,1,64.4,54.5,17.8,7.2,6,1,44.8,1.7,0,7,3
36.3,39.4,28.2,-1,66.6,44.1,36.7,5.8,3,1,40.7,63.5,0,7,1
44.3,43.3,33.9,0,57.6,50.8,14.5,6.1,8,1,33.8,69.8,1,5,3
50.0,52.3,46.9,0,41.2,57.4,25.4,10.0,3,0,31.4,95.9,0,4,3
24.1,26.1,12.2,1,95.0,23.3,34.5,0.8,0,1,54.9,96.7,0,11,0
32.5,36.6,22.6,0,83.8,39.6,41.7,5.9,2,1,50.2,28.6,0,3,0
34.5,39.5,21.8,0,74.4,40.0,31.4,3.5,3,1,35.8,9.6,1,7,0
31.7,35.0,22.1,1,76.5,38.5,26.3,3.5,2,0,47.7,0.5,1,6,0
29.9,35.1,20.3,1,88.9,35.6,32.8,3.0,0,1,42.0,97.0,0,8,0
41.5,44.9,33.3,0,72.3,48.3,21.6,7.5,5,1,45.3,8.6,0,6,2
17.5,21.0,10.3,0,95.0,17.5,8.0,2.1,1,0,55.6,41.2,0,8,0
46.3,52.1,36.9,1,56.5,56.1,38.1,7.9,1,1,37.4,13.7,0,3,2
37.9,43.0,30.9,0,64.9,46.6,23.9,4.9,3,1,35.1,84.7,0,6,1
32.6,35.0,25.6,0,73.4,39.4,17.0,3.9,1,0,41.8,87.4,0,2,0
46.5,50.5,41.4,-1,49.7,54.6,23.7,9.1,3,0,31.0,57.4,0,5,3
16.6,17.0,5.6,1,95.0,17.0,14.1,1.1,1,1,59.2,63.0,0,8,0
19.9,23.4,16.6,1,95.0,19.9,23.0,1.8,1,0,56.8,61.7,0,11,0
46.9,47.7,34.8,1,48.0,52.9,24.5,8.8,4,1,42.0,5.0,1,7,3
41.3,47.0,34.3,0,60.8,49.6,13.2,7.0,1,0,46.9,98.0,0,1,1
41.4,47.5,32.7,0,68.7,50.6,19.9,7.1,2,1,45.6,34.0,0,6,2
16.1,18.8,10.5,1,95.0,16.1,25.0,0.8,1,0,59.4,57.9,0,1,0
31.1,34.9,24.4,0,74.2,37.4,27.7,3.2,1,0,56.8,1.1,0,9,0
37.1,39.1,28.7,0,62.3,41.1,11.8,6.4,1,1,47.0,69.0,0,6,1
34.0,34.4,26.3,1,67.2,39.2,16.3,3.9,1,1,51.6,43.3,0,9,0
34.9,41.2,27.5,1,73.7,42.5,19.6,4.2,4,1,36.2,25.9,0,5,1
23.6,30.3,15.4,-1,78.5,23.6,18.8,1.5,1,0,62.1,14.1,0,11,0
22.3,27.0,14.7,1,92.4,22.3,12.0,1.8,0,1,54.7,39.1,0,3,0
22.0,25.7,17.3,1,93.5,21.7,10.6,1.2,0,1,62.7,48.1,0,11,0
40.0,47.3,35.3,0,66.3,48.6,41.5,7.6,6,0,34.4,86.8,0,6,2
16.7,20.9,8.3,0,90.6,16.3,34.6,1.1,2,1,55.8,8.6,0,9,0
44.3,48.2,33.0,1,58.8,51.7,13.5,7.8,2,1,31.3,10.8,0,4,2
45.9,47.6,34.0,1,67.2,54.0,26.3,6.1,4,1,33.4,16.7,0,6,3
38.7,45.6,31.2,1,63.6,46.6,40.7,5.6,4,0,35.2,3.0,1,7,2
20.5,19.6,11.0,0,88.6,19.7,19.4,0.0,1,1,60.3,50.1,0,9,0
45.9,50.9,36.8,0,55.1,53.9,25.3,8.3,2,1,38.8,98.1,0,5,3
15.0,19.2,10.8,1,95.0,15.0,13.8,1.9,0,0,57.8,3.2,0,8,0
22.2,26.5,18.6,0,82.1,22.2,19.1,2.4,0,0,63.2,72.2,0,2,0
15.3,17.4,11.7,0,95.0,15.3,20.8,0.0,3,0,64.2,61.9,0,2,0
40.1,43.7,36.1,1,65.6,48.6,21.8,5.4,5,0,49.3,96.3,0,5,2
35.9,40.0,32.4,1,66.5,43.2,32.5,4.8,1,0,46.0,38.3,0,9,0
36.0,38.7,29.8,0,78.1,44.7,13.5,4.8,2,0,37.6,62.7,0,4,1
35.9,36.6,25.7,1,80.5,44.9,21.9,6.8,4,1,46.7,80.2,1,5,2
25.0,29.4,19.9,0,75.5,25.0,30.2,1.8,3,0,58.0,98.0,0,9,0
31.0,34.7,20.6,0,88.9,35.3,7.9,4.9,1,1,43.7,68.0,0,5,0
46.3,50.8,37.0,1,43.5,53.3,11.8,6.9,8,0,36.7,90.2,1,6,3
16.8,20.3,10.8,1,95.0,17.0,26.3,0.8,2,1,67.0,83.5,0,11,0
37.7,40.4,30.1,1,72.6,46.8,15.3,5.4,1,1,45.7,6.5,0,10,1
47.2,50.6,40.9,1,47.4,55.1,37.4,7.8,6,0,38.7,5.8,0,7,3
42.0,49.8,36.7,1,68.1,51.6,27.4,6.3,5,0,31.2,26.5,0,4,2
18.9,24.2,12.3,-1,95.0,19.2,46.1,0.0,1,1,52.3,48.3,0,8,0
37.5,41.6,31.3,-1,61.7,44.7,11.5,5.4,3,0,42.5,95.7,0,1,1
48.2,50.8,43.7,1,56.9,57.9,32.4,8.4,4,0,37.8,46.0,1,5,3
39.8,42.7,33.0,-1,59.1,47.4,20.8,6.9,4,0,41.3,23.2,0,6,2
44.6,50.3,36.3,1,47.5,51.9,29.9,7.1,0,0,26.3,72.3,0,6,2
38.5,38.6,31.1,1,60.3,42.6,22.4,5.8,3,1,37.7,5.3,1,6,1
39.0,40.3,31.6,-1,70.8,45.5,20.7,5.4,2,1,33.7,91.2,1,7,1
15.0,20.1,9.7,0,95.0,15.0,10.1,0.0,0,0,67.5,1.3,0,9,0
40.2,42.3,26.7,0,61.7,45.9,15.1,4.4,1,1,40.2,4.0,0,5,1
41.5,42.7,29.6,0,65.9,48.9,13.6,7.9,3,1,30.4,78.6,1,4,2
43.2,43.6,32.0,0,62.8,49.6,35.0,5.5,1,1,39.6,36.5,0,7,1
46.4,45.2,39.3,0,55.3,53.7,37.0,8.7,1,1,43.4,50.0,0,7,2
26.6,26.5,16.9,1,84.5,24.4,25.3,2.0,1,1,46.8,69.0,0,8,0
15.0,19.4,6.1,0,95.0,15.0,29.1,1.7,1,0,74.7,61.7,0,1,0
36.0,37.9,27.3,1,67.1,41.2,25.8,3.4,0,1,41.0,51.5,0,10,0
24.9,28.8,17.2,0,81.5,24.7,23.6,2.9,1,1,58.9,90.9,0,11,0
32.9,32.4,21.3,-1,83.0,38.5,19.6,5.3,1,1,44.8,24.3,0,10,0
30.5,36.3,21.4,-1,86.2,37.6,23.2,4.8,0,0,40.3,44.7,1,4,0
19.4,21.3,13.2,0,89.8,19.7,34.5,0.2,0,1,63.8,77.6,0,2,0
35.1,41.3,26.3,1,69.8,43.1,22.4,3.7,3,1,54.0,81.0,0,9,1
43.1,45.4,33.6,1,68.4,54.1,38.8,8.2,3,1,40.1,74.1,0,7,2
21.7,26.9,15.7,-1,80.1,21.7,7.7,3.6,1,0,64.9,80.3,0,2,0
26.3,28.8,15.0,1,86.7,26.4,42.7,2.1,0,1,61.8,68.2,0,1,0
30.1,35.8,23.0,1,79.1,36.8,21.3,3.2,1,1,41.3,70.2,0,3,0
41.5,46.6,33.3,1,70.2,51.2,35.3,5.3,1,1,43.7,54.2,0,11,1
43.0,48.3,36.6,-1,59.1,51.6,20.4,8.7,5,0,35.3,85.5,0,4,3
40.4,46.2,30.7,1,53.0,47.4,25.3,8.3,2,0,33.2,65.3,0,4,2
40.2,41.6,30.6,-1,59.9,45.0,28.2,7.2,1,1,36.8,10.9,0,7,1
39.4,43.3,30.2,1,65.5,49.1,30.0,6.2,2,1,35.6,54.2,0,4,2
27.0,27.7,19.8,1,77.8,26.6,26.2,4.3,1,1,48.8,26.9,0,11,0
40.5,47.7,36.9,1,54.9,47.8,24.4,6.4,3,0,42.4,0.1,0,4,2
32.4,38.6,27.4,1,75.9,39.6,10.4,4.2,0,1,37.7,41.2,0,2,0
15.0,17.5,5.9,1,95.0,15.0,24.8,1.1,2,0,70.4,61.4,0,1,0
16.6,20.5,12.0,-1,95.0,16.6,53.8,2.1,0,0,71.5,22.1,0,2,0
51.3,57.2,43.4,1,46.2,59.3,7.7,9.5,1,1,21.9,31.6,0,4,2
36.4,38.5,29.3,-1,66.8,43.9,27.5,4.1,0,1,38.8,30.4,0,4,0
17.6,19.6,12.7,1,95.0,17.6,60.0,2.1,1,0,70.5,82.6,0,1,0
44.4,47.0,38.5,0,52.3,52.3,37.5,6.1,3,1,44.8,1.2,0,4,2
44.3,47.8,34.0,1,55.4,50.5,23.3,6.4,5,1,31.9,84.3,0,6,2
37.8,41.9,28.3,1,70.2,44.1,26.8,6.0,1,1,40.3,46.2,0,10,1
30.0,30.2,20.8,0,79.8,34.1,24.5,2.5,0,1,48.3,18.5,0,3,0
41.6,49.3,36.8,-1,53.9,49.1,20.6,7.0,7,0,33.2,92.4,1,7,2
33.5,35.9,23.5,0,83.2,42.1,25.5,3.8,0,1,54.3,40.4,0,8,0
20.6,23.2,15.2,-1,95.0,21.1,30.4,1.6,1,1,60.7,43.2,1,9,0
19.1,18.1,9.4,-1,95.0,18.5,35.2,0.0,1,1,55.2,76.6,0,11,0
31.7,31.9,20.7,1,74.8,36.3,22.4,5.3,2,1,45.9,90.2,0,7,0
25.1,27.7,20.5,-1,91.2,25.1,25.8,3.1,0,0,46.6,51.5,1,1,0
32.6,39.0,24.6,0,74.0,39.5,20.5,6.0,1,0,39.6,70.0,0,5,0
51.5,56.6,43.8,-1,53.3,61.4,14.5,9.3,6,1,31.8,38.0,1,4,3
18.7,26.6,8.7,1,95.0,18.7,10.4,1.0,0,0,55.2,93.3,0,2,0
16.3,18.0,5.4,1,95.0,17.2,25.9,0.0,2,1,60.2,19.9,0,10,0
26.1,29.8,19.0,1,78.1,25.1,13.9,1.1,1,1,46.0,75.2,0,9,0
38.7,43.6,29.5,1,66.8,47.0,7.2,7.3,3,0,33.1,95.5,1,5,2
24.3,31.4,16.7,0,84.2,24.3,26.4,3.3,1,0,49.5,26.1,0,9,0
24.3,24.2,17.5,-1,95.0,22.0,15.4,2.4,2,1,48.0,95.6,0,2,0
34.5,36.2,25.7,1,71.4,39.5,6.3,5.4,1,1,46.6,10.8,0,9,0
28.5,32.3,15.1,-1,88.6,27.5,19.3,1.5,2,1,55.7,24.0,0,11,0
35.1,36.8,23.6,1,72.8,40.3,23.9,5.8,2,1,37.2,26.9,1,10,1
16.7,17.1,9.5,-1,95.0,16.0,13.9,1.4,2,1,72.3,88.1,1,8,0
21.8,26.4,17.1,0,80.8,21.8,21.4,1.1,1,0,63.3,51.7,1,9,0
39.9,45.9,30.4,-1,72.0,49.2,32.8,5.4,0,0,36.1,78.7,0,1,1
31.0,36.7,21.7,0,66.6,36.7,46.2,5.0,3,0,47.2,72.8,0,1,0
25.9,30.6,22.6,1,83.6,25.9,31.5,3.3,2,0,62.1,70.1,0,2,0
26.7,30.5,15.1,0,83.1,27.3,15.0,3.4,0,1,57.9,47.6,0,11,0
24.5,29.7,20.0,0,91.7,24.5,28.5,2.2,0,0,47.0,33.8,0,10,0
36.2,43.5,30.7,1,77.2,44.8,38.9,4.7,4,0,37.8,56.2,1,7,1
43.8,46.5,38.6,-1,61.6,53.0,44.1,7.6,2,0,35.4,51.3,0,4,2
19.4,22.7,14.9,1,85.1,19.4,33.2,0.1,1,0,54.1,54.2,0,3,0
30.5,36.7,20.2,1,76.8,37.0,30.2,3.5,2,1,40.7,75.0,1,10,0
30.1,32.9,23.1,0,82.5,36.8,14.7,4.5,1,0,45.8,48.0,0,8,0
15.0,19.0,5.8,-1,95.0,15.0,8.1,0.0,1,0,56.1,97.8,0,10,0
30.5,36.4,25.5,1,73.5,36.1,36.5,5.1,1,1,53.2,59.8,0,12,0
24.4,28.4,13.0,-1,95.0,24.4,33.2,3.5,6,1,60.8,29.5,1,1,1
29.7,28.3,17.4,-1,76.3,27.7,38.9,3.6,3,1,52.3,90.5,1,4,0
39.2,41.5,26.2,-1,59.8,43.9,12.6,4.5,2,1,50.6,3.2,0,11,1
33.9,39.5,27.5,-1,75.4,41.4,27.4,3.9,4,0,51.6,30.7,0,5,1
27.2,29.7,17.3,1,88.7,33.0,25.3,3.1,0,0,60.8,11.2,0,3,0
41.3,43.9,34.4,0,56.9,47.0,32.2,7.2,1,1,31.1,88.4,1,5,1
36.2,41.8,31.0,1,59.2,42.7,17.9,4.4,4,0,52.9,35.6,0,5,1
39.0,46.9,29.9,1,63.6,46.9,26.9,7.3,3,0,44.1,29.1,0,7,2
47.3,51.3,41.8,0,46.2,54.8,30.4,7.0,4,1,31.1,83.1,1,6,3
50.0,53.6,41.2,1,39.5,50.0,19.2,8.0,2,0,34.2,62.8,1,4,2
26.2,28.6,18.2,0,82.7,25.7,37.4,2.2,1,1,56.6,42.4,0,3,0
28.9,30.8,17.6,0,73.4,29.3,22.0,3.9,1,1,59.0,51.0,0,10,0
42.2,44.0,29.5,1,59.2,47.9,17.0,7.4,0,1,42.5,85.1,0,2,2
24.2,28.4,17.7,-1,81.7,23.9,13.6,2.1,1,1,60.7,99.4,0,12,0
22.4,23.4,13.9,1,95.0,23.0,14.4,0.9,0,1,52.6,6.9,0,11,0
32.9,33.3,19.3,0,82.7,37.9,7.4,2.7,0,1,37.5,81.4,1,6,0
16.5,19.4,8.4,0,92.1,16.6,51.2,1.1,0,1,72.3,2.4,0,8,0
37.0,43.8,28.1,-1,66.8,44.7,38.4,6.6,0,0,52.9,28.1,0,9,1
47.4,48.3,35.8,0,58.5,57.0,18.4,7.2,2,1,29.5,36.1,1,6,2
23.7,28.3,18.5,-1,92.8,23.7,28.4,1.5,3,0,55.1,63.6,0,12,0
29.4,36.1,25.4,0,72.3,35.0,14.3,3.6,1,0,51.8,31.0,0,3,0
41.1,43.7,35.7,-1,70.4,50.9,40.9,7.8,4,1,42.1,55.4,0,6,2
34.8,40.1,24.0,1,68.4,42.5,30.2,4.6,3,1,38.5,80.0,1,5,0
47.2,47.2,36.8,-1,50.7,52.6,20.8,7.9,0,1,35.2,92.3,0,5,2
38.3,41.1,28.7,0,69.1,46.7,21.6,5.5,2,0,50.3,41.4,1,6,1
40.8,44.2,32.0,0,70.0,50.9,24.6,5.8,3,1,39.8,73.4,1,7,2
15.0,20.0,5.6,1,94.3,15.0,21.0,0.0,1,0,62.2,88.0,0,10,0
43.5,49.2,35.3,1,53.9,51.4,16.0,7.7,2,0,45.6,38.6,0,12,2
42.1,46.4,35.3,1,71.2,50.2,24.9,7.7,4,1,47.2,17.0,1,7,2
29.5,29.6,21.8,0,84.3,35.2,26.0,5.1,4,1,51.0,53.7,1,5,1
35.2,37.6,28.3,0,61.6,41.7,17.4,5.4,0,0,46.6,56.2,0,5,0
23.4,23.9,12.9,1,82.6,24.5,22.3,2.6,1,1,64.7,62.5,0,9,0
46.2,51.8,41.1,1,65.1,56.1,15.2,7.1,2,1,42.2,73.1,0,6,2
38.7,44.4,33.1,1,69.6,47.3,21.4,5.2,0,0,31.9,95.8,1,3,1
53.6,52.6,45.2,1,37.6,51.1,22.9,9.2,2,1,34.1,77.4,1,5,3
36.8,36.4,25.2,1,76.3,42.8,32.4,3.7,2,1,37.3,38.0,0,1,1
46.3,49.5,43.1,0,44.5,53.5,24.8,8.7,2,0,25.2,68.4,1,4,3
26.5,27.8,16.9,1,95.0,26.7,29.7,1.6,2,1,44.4,44.8,0,12,0
39.3,47.3,35.4,1,72.3,48.5,36.6,6.5,1,0,40.4,46.3,1,6,1
43.1,48.0,37.6,0,67.4,51.7,23.9,7.0,1,1,38.7,39.3,0,7,2
21.3,24.8,15.2,0,94.2,19.8,17.5,2.7,1,1,58.0,39.8,0,9,0
30.2,31.6,20.1,1,82.2,35.5,24.3,2.4,4,1,40.5,19.1,0,5,1
36.4,43.8,29.2,1,59.6,43.1,14.5,4.6,5,0,42.6,17.9,0,5,1
37.8,40.8,29.5,0,66.9,45.7,22.3,6.0,2,0,33.1,49.1,1,7,1
34.0,39.8,30.8,0,66.1,40.6,36.4,5.1,1,0,47.1,32.7,1,4,0
17.4,20.3,7.2,1,95.0,17.9,7.4,0.0,1,1,61.1,51.0,0,3,0
30.8,29.1,20.3,1,77.8,28.8,19.3,3.0,0,1,48.8,7.7,0,8,0
15.0,19.0,11.7,0,95.0,15.0,39.9,0.7,0,0,55.4,76.9,0,3,0
39.2,38.9,31.3,0,77.7,45.3,19.2,5.1,0,1,47.5,25.6,0,1,1
20.4,27.3,16.8,0,95.0,20.4,22.7,2.5,0,0,53.8,78.6,0,12,0
32.7,33.0,24.5,1,75.8,37.4,35.9,5.6,3,1,46.6,96.2,0,9,0
38.5,41.0,26.0,-1,66.4,44.1,13.1,5.5,3,1,34.9,10.2,0,5,1
28.9,28.0,22.0,1,85.3,28.2,17.9,4.1,0,1,58.7,84.3,0,3,0
35.5,37.1,25.2,1,66.2,40.0,18.2,3.7,3,1,53.2,96.8,1,5,1
24.8,31.3,17.4,1,77.1,24.8,18.1,4.4,0,0,54.1,3.8,0,3,0
45.7,47.9,39.0,1,54.4,54.3,47.3,7.7,5,1,44.0,8.5,1,4,3
28.0,32.2,16.4,1,86.0,27.5,57.1,2.5,1,1,61.4,27.1,0,9,0
29.1,32.0,21.2,-1,73.8,34.7,7.7,4.6,1,0,43.1,39.1,1,7,0
25.5,32.3,17.5,0,81.3,25.5,24.4,3.4,1,0,63.9,9.2,0,12,0
25.0,29.0,15.6,0,85.6,25.0,36.0,4.2,0,0,53.7,68.3,0,3,0
30.0,32.5,24.5,0,79.9,36.4,17.5,4.3,0,0,47.0,72.1,0,8,0
31.4,30.5,18.8,0,81.4,34.9,12.3,3.0,0,1,39.7,24.0,0,8,0
28.3,32.9,19.0,0,78.4,28.8,26.1,4.2,2,1,44.8,62.6,1,8,0
16.1,19.5,11.6,1,88.6,16.1,23.0,0.8,0,0,71.2,92.4,0,10,0
25.6,30.4,20.1,-1,74.8,25.6,24.0,4.3,0,0,54.9,56.8,0,2,0
24.7,29.4,18.9,1,87.2,25.8,27.6,3.8,2,1,58.1,0.7,0,9,0
28.0,32.2,20.3,1,73.4,29.4,15.5,2.7,1,1,58.5,8.8,0,2,0
27.1,27.8,21.5,1,84.3,27.9,16.4,2.7,0,1,43.3,29.6,0,11,0
21.8,25.5,10.7,1,94.6,21.7,29.3,0.9,0,1,57.9,81.6,0,8,0
30.9,29.8,18.8,1,79.2,35.3,16.1,3.1,2,1,55.9,37.6,0,9,0
20.6,23.8,14.0,1,95.0,20.7,44.2,0.5,1,1,65.1,26.0,0,8,0
46.4,51.7,41.2,1,61.9,57.1,21.5,8.4,0,1,42.5,76.4,0,3,2
47.7,50.0,38.1,0,45.4,55.3,24.8,8.7,1,0,37.9,53.7,0,9,2
32.2,37.4,25.4,-1,82.9,39.7,31.1,4.9,3,0,42.7,18.4,0,4,0
30.8,31.7,19.5,-1,85.9,36.9,23.4,4.5,1,1,50.0,2.2,0,3,0
36.2,40.3,30.1,-1,66.9,44.3,23.5,4.4,4,1,52.2,19.8,1,7,1
44.9,45.0,32.8,-1,62.8,52.8,15.2,8.6,2,1,28.6,76.1,0,7,2
17.4,19.3,7.6,-1,92.3,17.0,56.9,0.7,1,1,62.9,20.0,0,1,0
21.8,21.2,11.2,1,94.8,19.8,16.8,2.6,3,1,49.6,60.8,1,3,0
27.3,31.6,20.1,-1,84.2,33.0,13.4,4.4,2,0,54.7,70.1,0,3,0
46.8,52.6,38.9,-1,59.5,56.5,22.2,9.3,1,0,41.5,13.4,0,11,2
35.2,42.1,31.7,0,72.6,42.9,18.5,4.5,5,0,36.2,85.3,0,4,1
28.2,29.0,17.8,1,82.4,27.1,11.3,4.1,0,1,43.2,84.0,0,1,0
31.6,37.8,25.6,1,71.7,39.0,44.5,5.7,0,1,56.2,74.6,1,9,0
47.6,51.9,43.6,0,47.7,55.6,9.5,8.1,5,0,38.9,25.8,1,6,3
35.7,37.4,22.6,-1,69.1,41.3,24.9,4.5,0,1,39.8,11.0,0,8,0
33.4,38.6,28.8,0,79.1,41.1,21.8,5.6,4,0,52.8,20.1,1,7,1
40.5,43.2,30.0,0,55.3,47.3,20.7,7.7,6,1,46.7,3.5,1,4,2
32.8,36.4,24.2,0,77.0,40.2,10.2,3.1,0,1,46.3,63.7,0,10,0
29.3,33.1,26.0,-1,87.0,35.9,9.2,4.7,1,0,58.1,56.8,0,8,0
36.0,38.5,29.0,0,58.5,42.4,68.2,5.9,4,0,45.8,27.3,0,4,1
34.6,40.4,26.9,1,77.2,42.6,41.3,5.5,4,0,35.4,36.1,1,4,1
40.9,46.5,34.1,1,70.1,50.3,27.7,7.9,2,0,43.8,50.3,0,7,2
32.3,34.4,23.7,-1,76.1,35.8,18.4,2.7,1,1,56.3,9.2,1,11,0
37.9,41.4,30.6,-1,78.6,45.4,24.8,5.2,0,1,36.4,47.7,0,4,1
47.1,49.0,39.4,1,58.2,53.9,60.2,7.9,1,1,37.1,45.9,0,7,2
16.2,21.8,11.1,-1,95.0,16.3,30.0,1.4,1,1,55.0,62.4,0,1,0
25.2,26.2,19.9,0,83.0,25.2,24.7,1.4,0,1,63.5,84.8,0,11,0
34.3,37.1,25.9,0,79.3,40.7,34.4,3.5,0,1,37.5,54.5,0,7,0
42.2,45.9,33.3,-1,60.6,50.5,31.9,8.1,0,1,46.6,56.5,0,12,2
18.9,18.7,9.7,1,95.0,17.0,22.6,0.5,0,1,65.3,54.9,0,3,0
18.6,18.2,6.2,0,90.5,17.2,24.5,0.0,2,1,68.8,90.7,0,10,0
38.2,43.0,33.0,0,68.2,46.5,32.7,5.0,5,0,31.9,47.3,1,6,2
47.5,50.8,39.6,1,51.8,56.2,11.4,8.8,2,1,29.9,98.1,0,7,3
18.7,19.4,5.6,-1,94.0,17.2,37.1,0.4,2,1,61.9,77.9,0,11,0
29.4,31.5,26.1,-1,70.3,34.8,27.4,4.5,0,0,56.5,72.2,0,1,0
48.2,52.5,37.4,0,46.2,55.9,6.9,9.0,6,1,32.9,90.0,1,5,3
23.1,28.6,17.7,0,84.9,23.1,19.2,2.4,2,0,64.4,35.6,0,3,0
15.7,22.5,9.2,1,90.4,15.7,16.5,0.0,2,0,68.1,63.2,0,11,0
35.6,39.7,30.0,1,65.7,42.4,39.2,4.4,1,1,51.3,78.0,0,2,0
21.5,27.7,18.4,1,89.1,21.5,35.9,0.7,0,0,48.7,98.0,0,3,0
15.0,22.6,6.5,0,95.0,15.0,25.2,0.0,1,0,72.6,35.6,0,2,0
36.2,39.3,26.8,1,72.3,41.9,33.3,5.1,3,1,53.5,68.3,0,5,1
23.7,29.5,20.3,-1,81.9,23.7,25.9,1.2,1,0,48.1,53.4,0,10,0
39.2,40.3,27.0,-1,77.7,46.8,37.1,6.8,0,1,39.6,0.0,0,2,1
22.1,25.1,16.4,0,82.4,23.1,15.0,2.2,2,1,49.1,78.5,0,3,0
32.1,33.3,21.0,-1,81.8,37.6,10.0,5.3,1,1,47.0,90.5,0,3,0
28.8,32.6,16.7,1,78.7,29.0,33.2,4.1,4,1,54.1,44.1,0,11,0
28.4,31.6,19.2,1,79.6,28.1,23.6,2.0,1,1,53.7,67.2,0,3,0
18.9,26.6,9.7,1,93.9,18.9,29.8,1.9,0,0,69.9,94.7,0,1,0
26.2,28.6,19.1,1,77.1,27.3,30.8,3.0,1,1,49.9,83.5,0,2,0
23.2,27.1,18.2,1,95.0,23.2,22.4,1.5,3,0,51.3,63.8,0,11,0
22.7,25.0,11.5,1,87.4,21.3,22.0,0.5,0,1,47.5,79.3,0,11,0
50.0,55.6,40.6,0,42.7,57.5,11.7,7.7,6,1,24.4,35.3,1,5,3
32.4,39.0,25.7,1,82.4,40.0,24.3,4.3,0,0,40.6,86.0,0,1,0
23.2,29.3,17.5,1,95.0,23.4,10.3,1.9,0,1,56.1,54.0,0,10,0
20.7,26.7,16.0,-1,85.8,20.7,37.9,1.1,1,0,57.1,71.4,0,11,0
15.0,19.5,8.2,1,95.0,15.0,14.7,0.5,2,0,73.9,49.0,0,1,0
30.9,32.6,19.8,0,83.2,36.6,37.2,3.8,0,1,55.3,72.3,0,10,0
21.1,20.2,14.0,0,94.4,18.9,12.7,1.4,1,1,61.6,14.8,0,1,0
26.8,32.0,15.9,1,88.4,26.2,14.5,4.0,0,1,51.7,60.8,0,9,0
48.5,49.4,39.6,0,58.0,55.5,24.7,8.2,6,1,36.5,75.2,1,6,3
35.2,35.9,23.9,0,68.2,40.9,36.2,4.1,5,1,41.2,25.5,0,5,1
21.8,24.0,10.7,1,92.7,22.1,12.8,1.7,2,1,55.9,5.4,0,11,0
29.2,29.7,22.4,0,92.6,27.6,32.9,1.9,2,1,48.1,19.1,0,3,0
33.0,36.6,26.9,0,73.3,39.9,20.1,4.4,1,0,51.7,21.2,0,3,0
19.0,26.9,15.3,0,94.0,19.0,93.9,1.0,3,0,69.4,71.7,0,10,0
21.0,26.6,11.8,0,95.0,21.6,15.6,2.1,2,1,57.0,91.0,0,11,0
35.1,42.7,27.4,1,71.7,42.7,30.2,5.4,1,0,37.4,66.6,1,4,0
31.5,36.1,22.1,-1,68.9,36.6,25.1,4.4,0,1,41.8,71.5,0,11,0
34.1,41.6,29.4,-1,79.2,42.0,7.6,3.9,4,0,42.8,97.2,0,5,1
37.5,38.4,29.5,1,61.1,44.5,49.2,7.2,3,1,41.7,20.2,1,5,1
30.8,35.0,18.7,1,76.4,35.9,25.1,4.2,1,1,43.8,90.9,0,8,0
25.5,32.5,22.5,1,78.7,25.5,16.9,3.5,0,0,61.5,6.6,1,9,0
22.5,25.8,14.9,1,95.0,22.5,10.4,1.9,2,0,64.4,5.4,0,8,0
28.7,27.2,20.9,1,85.4,26.5,26.0,4.0,3,1,48.9,86.8,1,10,0
33.0,39.3,27.6,1,70.9,39.7,30.6,3.6,2,1,43.8,51.9,0,9,0
24.3,25.1,15.7,-1,95.0,24.0,16.3,1.4,0,1,65.0,24.4,0,10,0
49.2,51.3,37.7,1,60.9,58.6,36.2,7.1,2,1,32.1,48.9,0,5,2
35.5,41.5,27.9,1,68.0,42.8,22.2,6.2,3,0,44.5,54.8,0,4,1
20.4,26.5,14.2,0,95.0,21.1,22.9,0.3,1,1,51.8,11.1,0,12,0
19.2,24.0,12.7,1,93.9,19.2,103.3,0.7,0,0,55.1,0.5,0,9,0
26.6,30.3,16.8,0,76.0,26.6,8.9,4.6,1,0,45.1,76.5,0,1,0
44.2,48.5,37.9,0,60.5,53.4,8.5,8.3,3,0,29.3,67.5,0,5,2
47.1,46.5,38.7,1,59.7,53.7,10.2,7.2,0,1,23.7,31.4,1,5,2
25.5,26.6,15.0,1,91.7,25.5,14.4,1.4,2,1,54.9,67.6,0,1,0
20.5,25.3,9.4,1,87.9,19.1,28.0,2.7,2,1,66.4,84.0,1,10,0
23.2,21.8,11.7,1,95.0,20.6,28.0,1.7,1,1,53.8,49.6,0,9,0
23.2,25.6,14.4,-1,95.0,21.3,18.8,0.2,1,1,54.8,55.9,1,1,0
34.7,37.9,29.3,1,78.5,42.9,32.8,4.3,0,0,46.6,91.4,0,3,0
22.0,26.4,14.1,0,93.9,22.0,22.9,0.9,2,1,50.5,44.9,0,3,0
32.8,34.8,25.7,1,77.3,40.1,20.4,4.0,2,0,43.2,32.2,0,12,0
33.6,38.3,24.5,1,69.0,40.5,53.7,5.3,0,1,48.2,56.0,0,2,0
19.7,21.3,12.7,0,95.0,18.9,25.6,0.9,0,1,68.5,61.9,0,11,0
26.9,32.6,21.6,1,92.1,27.7,33.3,4.0,2,1,43.8,76.3,0,12,0
45.1,45.5,38.2,0,59.8,52.8,13.8,7.2,1,1,40.0,39.6,1,1,2
49.4,49.7,37.0,-1,55.0,56.2,10.3,7.6,0,1,22.3,77.2,1,7,2
28.8,36.6,18.9,0,81.7,34.9,27.8,3.3,3,0,41.9,32.2,0,1,0
34.8,37.2,25.1,1,78.9,42.2,52.0,4.5,1,1,45.6,26.0,0,3,0
25.5,32.0,17.2,1,81.3,25.5,23.5,3.2,0,0,63.2,82.8,0,10,0
15.0,21.6,10.2,0,92.8,15.0,16.5,1.2,1,0,55.2,11.6,0,2,0
20.3,24.8,9.9,1,95.0,19.0,26.8,2.5,2,1,65.3,80.4,0,11,0
37.2,41.5,31.1,0,74.2,44.6,20.3,4.7,6,1,36.2,74.2,0,6,1
25.6,28.4,17.8,1,75.6,25.6,20.2,4.5,3,0,53.7,63.4,0,12,0
29.8,36.1,26.0,1,71.3,35.5,17.9,5.2,0,0,44.1,95.8,0,9,0
30.9,35.1,21.0,0,88.9,36.2,21.0,4.2,0,1,58.6,87.8,0,3,0
49.1,55.3,41.3,1,42.9,56.2,26.1,7.9,4,1,26.9,51.3,1,6,3
47.8,51.3,40.1,-1,54.8,57.5,23.9,9.6,2,1,26.9,3.8,1,6,3
39.1,39.5,29.3,0,78.4,47.6,46.4,4.5,0,1,48.5,43.6,1,2,1
33.0,40.0,24.7,0,82.7,40.8,12.0,4.4,1,0,37.8,65.2,0,12,0
29.4,36.4,25.9,-1,73.1,35.0,49.9,4.5,3,0,42.5,61.4,0,6,0
