slope_angle_deg,rainfall_24h_mm,rainfall_7d_mm,soil_moisture_percent,soil_cohesion_kpa,soil_friction_angle,vegetation_cover_pct,elevation_m,historical_landslides,soil_type,deforestation,groundwater_depth_m,seismic_activity,month,risk_level
58.1,48.0,74.2,79.1,45.8,44.0,57.4,1686.4,0,3,0,10.3,1,10,2
53.2,122.6,467.9,95.0,49.7,35.3,69.9,359.9,2,3,0,12.7,0,8,3
16.0,46.9,59.1,68.3,38.6,17.1,85.2,1582.5,2,3,0,14.0,1,4,1
50.2,19.5,54.5,48.6,15.8,42.8,100.0,1821.4,2,4,0,22.9,0,4,1
61.1,192.2,595.8,95.0,19.3,35.1,0.9,2123.1,1,3,1,16.8,1,7,3
61.6,56.7,75.8,85.8,14.9,36.6,49.8,2137.7,3,3,0,27.0,0,5,2
21.8,84.3,253.9,88.4,30.6,37.2,98.3,359.7,1,5,0,19.3,0,6,2
54.8,38.4,108.6,77.0,33.4,15.3,19.0,684.9,2,2,1,19.2,0,5,2
42.6,5.3,13.0,36.7,36.0,19.5,86.0,1873.3,2,4,0,11.0,0,1,1
31.2,32.5,92.4,55.7,40.7,24.9,96.4,665.0,1,2,0,3.6,0,11,0
32.4,449.1,1909.3,95.0,32.4,41.9,62.1,2988.4,1,4,0,8.6,0,6,3
68.7,25.7,73.1,62.4,10.5,39.7,63.0,146.8,1,4,0,17.2,0,2,2
36.4,237.9,808.0,95.0,22.5,20.2,92.5,714.4,3,4,0,19.5,0,7,3
39.3,248.6,971.5,95.0,27.2,31.0,98.4,1853.0,3,4,0,4.3,0,9,3
32.0,36.7,39.7,51.1,24.5,24.5,46.9,1616.9,6,4,0,20.0,0,5,1
48.5,203.7,844.0,95.0,45.0,28.6,18.6,1348.8,2,5,1,6.0,0,9,3
121.4,83.6,221.1,86.0,39.5,38.6,61.6,2736.1,1,3,0,30.6,0,9,2
26.6,28.7,64.7,70.5,12.5,42.9,95.7,1784.3,1,5,0,17.5,0,2,1
29.7,18.5,46.2,63.4,24.6,20.8,57.5,1260.3,4,3,0,18.9,0,4,1
68.3,194.6,799.0,95.0,43.2,38.9,84.8,760.2,2,5,0,26.6,0,8,3
7.1,22.7,27.4,46.8,17.1,37.1,96.0,1450.0,3,3,0,24.3,0,4,0
62.8,44.6,105.8,69.3,33.2,25.6,35.0,1083.6,0,4,0,3.6,0,3,2
29.3,41.1,68.7,66.6,12.4,24.7,20.0,2535.5,1,1,1,20.9,0,2,1
59.4,48.1,108.9,65.1,44.1,26.0,47.4,1382.1,3,5,0,19.4,1,10,2
58.0,195.6,953.0,95.0,34.2,17.7,4.6,373.9,3,2,1,13.5,0,7,3
67.2,12.8,31.2,43.8,19.1,15.4,65.9,2300.7,0,2,0,23.6,0,3,1
30.4,51.3,134.9,73.2,30.2,34.6,97.5,2487.6,1,4,0,12.0,0,1,2
13.3,55.1,107.4,79.5,45.3,33.0,40.9,1769.9,1,1,0,14.4,0,2,0
24.6,233.6,593.2,95.0,44.6,23.0,38.6,395.2,0,4,0,12.4,0,9,3
30.1,41.0,73.4,78.6,27.7,36.6,41.7,2197.5,2,3,0,14.1,0,5,1
32.3,61.1,295.8,88.5,40.8,21.2,77.3,1071.2,2,4,0,17.4,0,9,2
57.5,30.8,130.9,68.6,47.5,23.7,22.5,1763.9,0,4,1,17.7,0,8,2
33.4,48.2,71.1,62.5,17.0,31.4,65.6,368.7,1,4,0,21.7,0,3,1
40.5,34.7,78.9,72.7,15.0,33.5,99.3,2412.5,2,4,0,17.8,1,4,2
41.9,54.1,116.3,65.0,41.8,36.0,23.4,1738.3,3,3,1,4.4,0,4,2
20.4,9.1,22.1,38.7,17.3,32.7,92.0,2290.1,2,2,0,18.5,0,11,0
65.9,36.9,54.1,75.9,9.0,39.9,56.1,453.7,2,2,0,13.3,0,10,1
62.1,287.0,826.6,95.0,40.9,27.6,62.1,684.4,0,5,0,11.6,0,8,3
76.5,29.0,37.6,53.0,49.7,40.7,30.7,1892.3,3,4,0,5.4,0,1,2
13.0,43.2,108.1,66.6,30.3,40.4,4.0,1606.5,0,4,1,20.3,0,2,1
53.5,22.7,23.0,60.1,10.1,19.0,16.4,1259.8,3,4,1,17.8,0,11,2
35.8,31.2,82.3,73.0,38.8,35.4,21.8,1949.5,2,3,1,28.5,0,5,2
33.6,48.2,101.3,69.4,45.1,34.1,52.2,1214.5,1,2,0,11.1,0,12,0
46.0,40.0,112.1,74.9,34.7,40.4,26.0,2581.9,1,2,1,24.8,1,2,2
57.7,351.6,1716.4,95.0,30.8,25.9,61.6,2257.8,0,1,0,6.9,0,7,3
36.8,35.4,99.7,53.7,42.8,16.8,85.7,2718.5,2,3,0,22.0,0,2,1
68.3,43.3,62.3,73.8,25.2,41.0,86.0,2879.1,3,4,0,20.3,0,10,2
34.8,56.6,164.1,65.4,35.5,43.5,9.6,1729.6,1,3,1,12.6,1,12,2
20.4,200.3,481.2,95.0,41.5,15.5,27.8,2749.4,3,4,1,13.6,0,6,3
33.3,168.7,455.0,95.0,38.1,17.3,6.0,1913.3,4,3,1,39.4,0,9,3
16.8,13.6,17.8,40.9,24.3,40.8,14.7,2290.6,0,2,1,11.4,1,4,1
73.0,66.0,159.5,67.7,29.3,38.3,59.8,1201.6,5,3,0,11.2,0,11,2
52.3,13.1,19.1,60.8,32.5,17.2,69.1,1607.4,2,3,0,17.8,0,5,1
47.3,51.8,55.6,74.8,47.5,24.4,72.2,1003.4,4,3,0,15.1,0,11,2
13.0,26.5,60.2,47.8,5.5,15.7,30.8,2190.0,0,3,0,20.1,1,3,1
66.4,32.1,38.9,62.7,42.6,26.9,50.5,1255.2,3,3,0,17.8,0,12,1
44.9,265.2,1155.6,95.0,28.3,20.4,27.4,918.1,2,1,1,21.6,1,8,3
28.5,33.7,41.7,73.7,27.6,20.6,23.1,1975.6,0,1,1,18.4,0,11,1
75.1,196.1,502.2,95.0,38.4,15.4,27.9,1581.0,2,2,1,5.9,1,7,3
52.2,12.1,35.2,38.6,29.8,15.8,90.3,1584.7,2,4,0,17.9,0,5,1
75.8,38.6,64.2,64.6,34.4,36.3,7.6,1957.0,2,4,1,19.3,0,3,2
40.6,39.9,54.8,75.0,38.2,26.5,93.7,1097.3,0,2,0,18.9,0,10,1
52.0,137.2,490.4,95.0,32.8,17.7,43.1,1421.7,3,4,0,12.2,0,8,3
38.1,9.7,28.6,54.8,40.5,34.3,71.4,213.7,5,1,0,15.1,1,5,1
66.1,78.4,82.9,94.7,19.5,16.1,83.1,2262.4,3,2,0,21.7,1,3,2
18.9,36.8,82.3,55.4,46.6,35.6,80.2,2350.7,0,2,0,19.3,0,1,0
26.4,134.5,280.3,95.0,9.0,18.9,47.9,131.1,2,5,0,18.0,0,7,2
13.2,204.0,945.4,95.0,34.2,40.8,32.6,2831.2,1,3,0,14.6,1,7,3
40.2,10.9,23.8,52.2,28.9,34.0,15.4,2423.6,5,4,1,19.8,0,3,2
136.1,27.6,79.1,70.3,25.8,26.0,54.5,2226.6,0,2,0,2.0,0,11,1
54.1,137.4,563.7,95.0,36.9,40.8,91.7,600.3,2,2,0,18.9,0,9,2
88.8,13.6,30.8,63.0,37.2,31.8,24.0,1285.2,3,2,1,35.5,0,4,1
65.2,94.7,119.9,95.0,32.6,21.2,49.3,1870.8,2,2,0,15.5,0,11,2
21.6,50.1,138.3,63.7,43.7,34.9,29.2,1301.4,0,5,1,19.9,1,12,2
93.7,41.0,67.8,58.7,16.4,17.1,72.5,124.1,2,5,0,14.1,0,4,2
36.4,31.7,68.4,47.1,42.3,16.0,57.2,2460.9,0,4,0,6.0,0,5,1
61.0,278.5,1117.9,95.0,18.9,32.8,99.8,681.9,4,5,0,10.1,0,9,3
73.7,57.6,135.6,62.4,20.3,26.2,67.2,2145.0,3,4,0,22.1,0,5,2
16.5,34.3,75.8,57.4,34.6,42.9,2.0,699.2,0,4,1,8.2,0,4,1
66.3,181.2,838.0,95.0,41.9,37.1,84.1,2009.1,2,2,0,17.5,0,7,3
12.5,46.0,56.5,58.5,8.2,16.6,15.2,1049.8,2,4,1,10.6,0,11,1
17.1,42.6,90.0,74.1,36.8,23.0,51.0,520.6,4,1,0,9.4,0,11,0
59.6,67.9,167.7,92.2,49.0,43.3,48.3,2643.2,5,3,0,9.6,0,3,2
98.5,18.4,51.7,40.2,18.6,23.8,74.6,689.9,0,3,0,8.5,0,3,1
58.9,239.8,980.5,95.0,14.9,27.0,41.1,2647.4,3,2,0,8.3,0,8,3
53.3,31.7,93.2,47.4,30.8,43.7,42.1,1681.6,0,3,0,17.3,0,4,1
15.4,87.0,253.8,95.0,31.1,41.4,28.7,2631.1,7,3,1,11.8,0,9,2
42.1,49.7,86.7,64.3,25.2,15.9,53.1,2961.7,2,3,0,18.6,0,2,1
74.3,42.3,52.6,55.4,9.1,33.1,84.2,622.0,2,2,0,26.2,1,11,2
46.9,43.6,75.0,79.3,30.6,15.6,97.8,1019.4,4,1,0,16.5,0,5,1
13.1,191.8,462.2,95.0,6.1,27.7,24.5,1072.6,2,4,1,16.8,0,9,2
23.2,94.8,416.7,95.0,42.8,20.5,45.8,2139.2,2,3,0,8.1,0,8,2
17.9,45.8,61.5,62.9,5.8,20.3,52.9,1194.8,2,4,0,20.7,0,10,1
47.2,11.8,14.7,39.6,44.7,42.0,73.4,2368.6,3,4,0,10.3,0,10,1
37.2,48.7,101.3,55.0,26.4,23.1,33.7,1478.8,1,4,0,18.5,1,11,2
54.7,16.2,61.8,54.1,37.2,30.2,2.2,1354.7,2,2,1,8.8,0,6,1
56.3,23.2,114.2,65.7,23.6,15.9,93.4,2403.2,5,3,0,13.7,0,7,1
14.3,48.1,142.7,66.7,47.7,17.8,91.1,1098.7,3,4,0,11.4,0,3,0
38.3,120.1,337.1,95.0,22.4,20.6,58.6,687.4,4,2,0,12.9,0,6,2
47.0,29.6,65.2,72.6,37.9,21.3,45.4,989.1,2,1,0,6.3,0,3,1
26.1,113.7,525.8,94.0,7.8,39.5,53.0,2701.1,1,4,0,4.5,0,7,2
30.3,45.1,116.1,65.1,27.4,31.3,31.5,1154.0,3,4,0,12.2,0,4,1
50.9,23.7,30.4,59.8,8.7,30.0,39.2,2464.1,1,2,0,13.5,1,11,2
66.9,113.5,559.1,94.1,40.0,26.0,3.2,575.2,2,3,1,17.1,0,7,3
63.9,47.9,61.1,60.2,13.9,19.0,26.5,2535.7,2,4,1,17.7,0,4,2
72.2,73.3,349.6,77.5,39.9,20.8,90.9,2164.8,2,2,0,26.9,0,9,2
55.1,37.4,67.2,49.4,43.0,43.6,53.0,1396.0,1,2,0,4.2,0,10,1
57.1,56.7,85.8,67.7,48.4,30.4,77.2,814.3,2,3,0,20.2,0,5,2
95.4,34.2,47.3,65.5,15.9,43.3,8.1,2796.4,3,2,1,21.0,0,1,2
43.0,70.5,323.1,92.0,27.1,17.5,58.1,931.4,0,4,0,19.3,0,8,2
22.0,39.8,115.7,50.8,22.3,39.5,95.5,2373.9,1,3,0,21.0,0,3,0
64.9,237.9,724.3,95.0,44.7,37.0,48.4,997.0,2,4,0,12.7,1,8,3
44.2,24.8,54.1,55.4,35.7,33.2,13.4,652.4,0,3,1,4.2,0,11,2
60.3,19.5,40.7,55.1,19.2,43.0,24.4,455.0,1,4,1,19.3,0,3,2
20.3,37.6,86.0,68.9,42.0,42.3,5.9,374.0,0,4,1,25.2,0,11,1
87.0,26.8,72.4,68.6,47.0,22.2,91.6,1406.2,2,1,0,12.8,0,5,1
76.5,51.6,110.3,63.8,5.7,21.8,61.2,833.9,0,1,0,12.2,0,4,1
59.5,57.2,148.6,83.7,22.5,37.7,73.4,815.3,4,3,0,14.4,0,1,2
47.9,247.5,937.5,95.0,17.8,32.3,54.7,1573.4,2,2,0,32.0,0,9,3
47.6,7.3,7.9,58.4,23.9,44.0,41.8,2843.3,2,3,0,15.8,0,10,1
46.5,416.8,1335.0,95.0,25.7,23.8,43.6,1140.1,0,2,0,5.9,0,9,3
9.1,177.3,408.8,95.0,47.4,24.3,65.5,1023.0,1,2,0,19.3,0,8,2
87.4,100.7,271.5,88.2,12.2,40.6,56.1,278.3,2,3,0,19.4,0,3,2
40.8,20.6,44.4,69.2,18.1,27.5,12.8,1958.4,1,3,1,24.3,0,11,2
36.8,41.4,68.2,72.7,45.8,17.0,2.2,2059.1,6,3,1,19.1,0,3,2
11.0,38.3,98.2,54.0,44.4,44.3,36.0,430.3,3,1,0,6.2,1,3,0
52.0,66.3,236.5,84.9,31.2,15.7,2.1,2672.7,2,3,1,19.2,0,7,2
83.6,34.3,84.8,73.9,46.6,20.3,67.3,317.4,2,4,0,18.1,0,1,2
46.0,47.1,110.9,79.7,16.5,32.4,82.0,2805.4,0,2,0,3.7,1,1,2
68.5,184.5,709.3,95.0,14.5,40.5,43.2,1392.0,2,3,0,26.9,0,7,3
50.0,49.2,64.7,78.8,17.2,31.4,29.2,893.8,2,3,1,18.5,0,5,2
42.7,384.4,1250.7,95.0,11.7,20.6,77.9,808.4,1,4,0,4.3,0,8,3
35.1,85.2,412.2,95.0,17.3,18.2,93.4,521.7,1,2,0,6.9,0,9,2
86.6,17.2,19.9,62.0,16.1,37.9,2.4,1969.7,0,3,1,17.7,0,12,2
34.5,13.9,26.9,39.5,17.0,44.4,90.5,1901.8,2,3,0,28.2,0,3,0
81.3,67.2,177.4,83.7,29.4,28.9,15.7,442.9,2,3,1,16.4,0,4,2
52.8,319.5,964.6,95.0,18.5,31.3,89.0,2047.0,2,2,0,15.1,1,7,3
41.3,21.6,32.5,53.0,19.3,42.9,63.0,1785.2,2,1,0,30.5,0,3,0
9.3,270.5,1218.0,95.0,14.7,32.9,67.8,830.1,3,3,0,19.6,0,6,2
35.9,33.5,56.9,65.7,7.1,43.0,96.7,2809.6,2,4,0,10.1,1,10,2
65.4,5.6,15.0,58.4,33.7,16.4,75.1,2616.3,4,3,0,6.2,0,10,1
6.8,383.4,1108.7,95.0,5.9,42.1,35.8,1527.6,4,2,0,9.6,0,9,2
96.4,242.3,976.5,95.0,49.5,36.1,37.0,2399.6,1,4,0,26.2,0,8,3
50.6,42.3,43.9,75.4,38.3,19.7,94.2,2634.1,2,3,0,20.8,0,11,2
29.2,195.9,964.3,95.0,42.2,39.5,77.2,2541.7,1,3,0,10.7,0,9,2
28.9,43.1,96.1,79.3,34.2,25.0,9.5,1511.7,3,5,1,10.0,0,4,2
58.7,145.1,566.0,95.0,31.2,16.9,45.3,2082.6,0,3,0,7.8,1,6,3
28.9,66.9,118.3,88.7,28.4,15.1,53.9,2628.8,2,2,0,8.3,0,2,1
26.4,11.7,25.0,55.8,47.8,33.2,56.8,1470.5,3,3,0,26.1,1,2,1
68.1,67.1,129.9,84.7,5.3,24.7,77.7,2591.1,3,2,0,17.9,0,12,2
65.8,87.5,122.8,93.4,21.6,27.0,4.0,2502.4,2,5,1,8.2,0,1,3
50.0,134.5,422.6,95.0,20.2,16.7,56.0,2333.4,3,4,0,15.3,0,9,3
75.8,47.9,52.2,71.4,7.1,21.5,50.1,2400.5,1,2,0,15.5,0,2,1
48.5,16.9,32.3,57.6,46.3,29.8,54.8,1746.3,3,4,0,14.8,0,11,2
41.9,46.2,103.9,72.0,5.1,35.6,74.2,178.1,2,2,0,4.9,1,4,2
64.1,62.7,106.7,68.0,21.7,20.3,98.1,1111.1,3,4,0,21.2,0,2,2
47.7,17.6,41.7,60.1,25.9,23.9,9.2,253.7,0,3,1,21.8,0,11,2
59.3,33.3,53.4,60.7,15.6,43.5,26.3,2783.8,3,2,1,12.2,0,11,1
19.8,69.7,182.9,83.8,31.4,28.9,8.1,1484.8,2,2,1,7.2,0,2,2
62.8,36.6,97.8,61.0,29.2,32.4,37.1,198.4,2,3,0,7.1,0,4,2
56.8,159.8,627.3,95.0,23.1,38.4,37.7,796.1,5,1,0,12.7,1,6,3
85.8,222.6,1042.3,95.0,17.6,18.4,7.3,155.0,1,3,1,16.8,0,8,3
33.6,53.7,60.0,70.3,27.8,42.0,57.4,2840.7,2,5,0,20.0,0,10,2
30.8,299.3,722.9,95.0,37.1,35.9,97.4,468.9,1,3,0,8.2,0,7,2
60.8,47.5,125.8,62.7,20.1,38.7,42.1,2639.9,2,3,0,33.9,0,12,1
23.9,53.9,67.2,66.6,45.8,29.3,92.6,800.4,1,3,0,7.0,0,3,1
47.8,39.3,103.5,74.2,48.7,33.6,68.7,1497.4,1,4,0,20.2,0,1,2
68.2,32.5,38.5,64.3,48.4,27.9,81.5,1463.7,1,3,0,9.2,0,4,1
51.3,6.6,7.0,56.3,10.6,32.2,77.8,1519.1,0,4,0,3.9,0,12,2
39.4,48.8,53.3,76.6,36.7,41.7,57.7,564.3,0,3,0,8.2,0,11,1
39.8,196.0,845.6,95.0,48.1,17.8,75.1,315.1,1,3,0,14.5,0,7,3
76.3,17.9,51.7,46.3,23.6,43.3,33.2,636.7,5,4,0,13.5,0,3,2
46.7,7.2,11.3,36.0,5.3,25.6,38.6,2752.0,0,4,0,12.0,0,12,2
56.9,83.1,262.5,95.0,24.7,25.7,7.3,2498.4,1,3,1,12.6,0,7,3
56.0,37.1,89.8,65.0,49.4,35.9,80.7,1325.4,4,3,0,21.2,0,3,1
40.5,89.6,447.2,84.5,23.0,15.3,21.2,2349.4,4,4,1,9.9,0,6,2
21.7,245.0,781.4,95.0,23.0,32.7,96.5,1844.6,2,2,0,13.6,0,9,2
49.9,16.6,36.0,39.5,20.0,19.3,7.6,1336.1,2,1,1,9.4,0,11,1
24.8,245.0,718.5,95.0,6.8,18.8,88.5,2719.6,3,5,0,11.4,1,6,3
17.2,52.5,81.5,79.1,16.3,31.3,11.3,2087.9,5,4,1,11.0,0,1,2
47.6,39.1,73.2,79.2,40.1,38.2,36.7,2319.1,4,3,0,24.0,0,12,2
62.8,385.7,1662.9,95.0,45.9,20.0,87.5,1210.9,0,4,0,3.7,0,8,3
50.0,28.7,33.0,48.8,9.7,17.9,14.6,2682.3,5,4,1,7.6,0,2,2
41.9,88.7,210.8,95.0,42.9,38.8,18.7,106.6,2,2,1,21.8,0,12,2
83.7,25.0,61.1,44.1,19.4,27.9,9.5,1721.8,1,2,1,9.6,0,3,1
56.2,22.5,59.9,56.4,49.6,33.5,22.2,132.1,1,3,1,16.2,0,6,2
43.3,163.5,433.2,95.0,31.7,32.6,54.9,521.4,4,5,0,18.2,0,7,3
47.6,52.4,143.0,57.1,46.4,40.8,81.9,1746.2,1,4,0,22.8,0,11,2
59.0,41.2,92.5,77.4,48.6,36.6,63.9,385.2,1,3,0,16.7,0,10,2
35.4,23.3,58.5,41.9,11.3,32.1,64.8,220.6,1,2,0,10.4,0,12,0
66.2,158.1,386.8,95.0,36.0,34.6,90.8,924.7,0,3,0,18.7,1,9,3
63.8,25.1,61.2,66.1,37.2,35.3,39.0,1502.4,2,3,0,11.4,0,11,2
49.3,28.0,29.0,56.4,46.0,39.1,98.3,2442.1,1,5,0,7.4,0,10,2
61.9,43.0,66.1,63.9,49.3,40.7,48.5,2575.4,3,1,0,3.7,1,12,2
40.5,34.0,68.6,50.9,49.7,20.9,54.9,598.7,5,4,0,10.7,0,9,1
19.5,86.2,365.3,95.0,35.5,42.6,28.6,1355.0,0,1,1,16.5,0,9,2
41.2,43.8,87.1,68.3,33.1,34.1,64.6,1130.6,1,3,0,20.0,0,11,1
37.5,16.1,23.8,39.9,48.8,20.7,63.4,435.0,4,4,0,17.1,0,4,1
33.1,57.7,104.4,63.4,24.7,36.9,69.0,2369.3,3,1,0,33.3,0,11,1
68.5,135.3,330.3,95.0,33.7,29.9,22.4,1512.2,3,4,1,17.3,0,7,3
26.1,46.8,136.7,61.8,16.7,25.2,54.4,985.7,2,3,0,26.2,1,2,1
33.9,30.2,81.8,69.4,18.5,16.1,88.4,2432.5,1,3,0,16.6,0,10,1
65.8,319.6,839.1,95.0,33.4,26.7,22.8,225.4,2,1,1,20.8,0,9,3
53.2,138.0,299.4,95.0,20.6,44.2,53.5,1452.2,0,1,0,10.7,0,9,2
37.9,3.7,10.8,60.3,47.4,31.4,9.7,1550.6,3,4,1,22.4,0,12,2
48.8,34.7,86.9,64.5,22.6,15.8,70.8,2326.7,2,3,0,17.7,0,1,1
9.3,59.8,175.6,88.5,21.0,17.5,66.9,2632.8,4,5,0,11.6,0,5,2
38.5,143.2,708.4,95.0,22.8,25.1,99.4,772.1,0,2,0,12.4,0,7,2
55.6,39.5,93.0,79.5,11.9,23.3,84.3,1715.5,1,3,0,9.0,0,10,2
52.7,19.0,53.0,57.0,31.9,17.0,8.0,1563.7,4,3,1,38.1,0,4,2
58.9,55.7,88.8,60.6,25.1,19.3,21.0,2743.7,2,1,1,25.4,0,11,2
48.1,8.3,21.3,39.2,37.2,17.3,57.5,2284.2,0,3,0,20.6,0,3,1
66.0,54.9,65.9,72.5,32.6,40.9,55.4,629.3,6,3,0,28.3,0,11,2
12.3,155.1,766.5,95.0,17.8,40.6,89.7,727.2,3,4,0,15.2,1,7,3
29.6,32.1,68.8,66.7,32.8,18.0,63.2,658.9,3,3,0,17.6,0,12,1
25.7,30.3,45.2,69.0,13.8,31.2,32.2,2185.1,4,3,0,26.8,1,12,2
39.5,160.7,679.4,95.0,19.4,29.9,17.4,1370.1,2,3,1,27.2,0,6,3
67.0,38.9,88.6,71.1,17.2,27.1,57.4,2307.3,1,3,0,17.1,0,5,2
25.7,49.9,111.9,62.8,49.0,35.2,1.0,1597.1,1,1,1,9.0,1,10,2
81.3,55.9,147.6,78.2,36.6,27.8,65.2,788.5,4,4,0,15.9,0,3,2
70.0,227.8,603.5,95.0,20.8,40.0,43.8,281.8,2,1,0,18.3,0,6,3
38.1,228.3,977.9,95.0,8.0,42.6,43.6,972.5,5,4,0,23.3,0,6,3
41.2,38.5,44.2,70.2,18.2,19.8,42.5,2578.2,1,5,0,11.8,0,10,2
37.5,47.4,120.4,61.3,49.0,37.7,65.3,2631.9,2,3,0,22.0,0,3,1
40.4,63.2,174.9,62.2,23.7,21.8,36.3,2924.5,3,1,0,25.6,0,10,2
60.3,211.2,1032.7,95.0,28.9,19.4,50.4,700.1,1,4,0,13.7,0,9,3
50.7,78.3,139.3,69.7,12.2,43.4,26.0,685.1,1,3,1,23.9,0,1,2
38.7,249.9,1045.6,95.0,42.7,30.3,78.3,2889.4,2,2,0,21.9,0,6,2
39.6,62.1,105.4,79.5,24.8,25.3,32.5,1237.5,1,2,0,21.5,1,11,2
51.8,409.5,1017.9,95.0,23.5,29.8,69.2,1488.1,2,3,0,3.2,0,7,3
44.2,61.1,109.2,82.6,40.9,18.0,22.1,483.1,4,3,1,21.3,0,10,2
59.9,80.8,117.0,74.1,16.6,26.1,86.5,2078.9,1,2,0,18.0,0,10,2
91.7,55.6,132.8,85.8,6.9,29.0,53.5,2306.2,1,3,0,22.2,0,11,2
53.5,21.1,53.6,65.6,17.8,23.5,69.0,2591.0,2,3,0,9.1,1,12,2
26.4,102.8,495.1,95.0,9.3,41.3,82.9,2244.9,1,4,0,13.6,1,9,3
32.4,179.1,831.9,95.0,40.6,24.1,50.4,1659.6,4,5,0,17.3,0,8,3
40.5,44.1,87.8,62.9,41.0,34.2,9.6,2063.3,0,5,1,5.2,0,1,2
77.2,8.1,22.9,61.6,20.9,34.8,25.7,1912.6,0,3,1,9.4,0,11,2
48.6,13.8,41.1,39.6,37.3,25.6,84.1,1687.1,4,5,0,20.9,0,11,1
41.1,272.7,1336.4,95.0,38.8,41.4,48.8,1510.3,2,3,0,13.4,0,8,3
66.5,197.0,694.6,95.0,13.8,32.0,32.6,1519.2,3,2,0,7.8,0,9,3
23.7,282.4,1195.7,95.0,36.0,28.0,13.0,1368.1,2,2,1,16.1,0,9,2
58.7,202.9,654.7,95.0,26.4,37.0,34.5,1627.8,1,2,0,8.1,0,8,3
15.0,48.9,133.4,64.0,33.9,25.3,90.5,1040.6,3,1,0,25.5,0,5,0
28.2,44.4,114.9,55.6,19.3,32.6,38.5,1231.5,1,2,0,15.2,0,11,1
36.9,349.3,1160.9,95.0,25.8,40.3,59.2,240.6,6,5,0,26.1,0,6,3
64.0,83.7,397.8,95.0,48.8,43.7,49.4,1923.9,1,2,0,6.1,0,6,2
35.8,231.0,792.6,95.0,9.6,15.1,28.3,1446.6,2,3,1,13.6,0,8,3
41.9,9.2,24.0,52.4,48.4,36.5,49.5,2804.7,4,4,0,22.1,0,10,1
79.3,39.2,40.1,58.2,25.3,42.4,85.0,729.0,2,4,0,27.9,0,5,2
43.8,34.2,55.7,68.3,21.8,34.8,34.4,534.5,2,3,0,14.5,0,1,1
15.0,125.1,249.2,95.0,9.3,42.5,98.4,2585.3,0,2,0,9.6,0,2,1
80.2,128.5,557.3,95.0,8.3,31.9,98.7,2290.1,1,1,0,16.4,0,6,2
58.6,41.5,59.8,58.8,46.7,17.4,50.4,1476.5,4,1,0,15.6,0,1,1
69.4,25.8,28.0,66.3,34.8,40.3,29.3,1703.5,4,3,1,18.7,0,2,2
55.6,221.7,646.8,95.0,32.4,28.3,31.2,2362.3,2,1,0,8.8,0,8,3
38.9,21.5,33.2,49.1,9.6,21.0,55.9,756.3,1,2,0,16.8,0,2,0
28.8,385.9,1308.3,95.0,35.0,15.4,89.3,1843.0,5,1,0,7.2,0,7,2
60.1,81.3,202.6,79.4,40.8,18.1,70.7,1272.1,3,3,0,9.8,0,11,2
75.6,187.1,669.1,95.0,24.6,40.0,39.4,477.8,0,4,0,10.7,0,8,3
15.8,32.7,36.4,64.8,10.6,37.3,75.4,404.8,4,4,0,19.2,0,5,1
85.3,43.6,117.2,68.3,17.4,24.2,30.4,2610.1,0,4,0,30.8,0,12,2
8.0,12.4,21.0,62.6,38.6,27.4,35.0,1157.7,0,3,0,21.5,0,1,0
23.9,46.1,199.3,71.7,24.9,15.3,66.8,1664.2,0,4,0,11.8,0,7,1
14.1,38.7,74.6,65.8,23.8,38.6,6.8,1127.0,2,3,1,13.6,0,2,1
55.1,34.7,44.4,68.5,23.8,38.1,12.6,319.2,1,4,1,26.5,0,4,2
63.5,262.9,1199.8,95.0,14.3,41.6,10.9,2130.0,3,2,1,11.8,1,8,3
66.1,11.4,22.0,47.2,14.6,17.4,79.0,1864.5,2,3,0,24.8,0,2,1
44.8,139.6,435.7,95.0,35.4,18.0,30.1,2543.1,1,4,0,20.8,0,9,3
74.4,43.4,111.6,56.7,49.6,19.5,54.4,150.4,1,1,0,13.6,0,1,1
64.4,27.0,64.8,71.1,13.5,18.8,66.7,1495.2,4,3,0,8.9,0,4,2
65.8,54.8,90.5,72.0,25.3,24.2,1.6,2490.1,0,4,1,20.1,0,4,2
33.7,23.5,56.4,43.7,15.5,16.0,55.7,2462.9,1,3,0,22.2,0,2,0
27.5,24.1,54.4,61.7,6.5,23.8,0.6,2398.1,2,3,1,14.5,1,11,2
113.6,29.6,87.8,60.5,24.7,16.3,57.9,2838.5,4,3,0,14.1,0,5,1
69.7,143.2,419.4,95.0,34.2,15.7,90.4,571.4,3,5,0,13.0,0,8,3
28.2,39.9,72.9,55.0,10.3,18.4,0.0,2396.4,1,2,1,2.2,0,4,1
52.8,83.6,124.6,80.6,17.3,21.6,24.6,1841.7,2,4,1,7.2,0,5,2
61.8,0.8,2.1,33.8,14.0,43.4,36.1,2533.9,1,4,0,13.2,0,10,2
43.7,8.7,24.0,40.9,7.7,41.7,6.2,2593.3,2,4,1,10.2,0,5,2
75.6,167.0,665.1,95.0,30.5,37.5,50.1,2522.2,2,4,0,15.2,0,7,3
31.6,98.2,228.9,95.0,17.7,40.0,38.6,2868.8,1,1,0,16.5,0,1,2
28.8,45.6,115.7,59.8,7.8,39.9,62.1,358.7,2,1,0,15.6,0,4,0
44.7,55.5,66.6,74.4,23.9,23.2,67.4,2449.2,0,2,0,10.5,0,12,1
25.1,35.6,93.1,58.0,9.5,17.6,45.0,1601.7,3,4,0,19.8,0,3,1
20.3,180.8,533.9,95.0,42.3,15.8,19.9,1525.3,2,3,1,22.5,0,6,3
54.6,190.0,753.2,95.0,15.4,31.1,32.0,117.1,2,3,0,30.6,0,9,3
71.6,172.6,444.2,95.0,44.7,35.0,8.7,805.6,1,2,1,6.5,1,7,3
25.0,66.6,82.4,72.1,33.7,20.1,80.2,805.9,2,5,0,16.3,0,12,2
16.8,51.7,133.4,85.5,47.3,43.7,47.9,2063.6,0,3,0,9.5,1,2,2
52.8,55.0,145.7,69.0,26.5,41.2,8.2,2352.3,1,2,1,9.4,0,1,2
22.8,56.3,147.8,86.5,5.9,42.9,24.0,2838.9,1,4,1,25.8,0,4,2
47.3,179.9,629.9,95.0,35.6,44.5,8.4,1359.8,2,2,1,20.5,0,7,3
49.9,189.6,655.0,95.0,43.0,26.3,2.8,1158.0,0,3,1,32.7,0,7,3
66.4,55.8,90.2,66.9,47.7,15.5,55.7,1780.7,2,3,0,10.0,1,11,2
62.6,18.3,41.4,42.7,25.9,19.0,67.7,648.5,2,3,0,13.4,0,1,1
47.7,41.5,71.0,58.9,30.7,39.5,64.4,2950.8,0,2,0,18.0,0,2,1
90.9,17.4,28.5,66.9,35.3,43.5,45.6,159.0,1,5,0,15.3,0,5,2
37.8,38.0,49.5,73.2,29.4,23.1,1.6,1678.2,4,2,1,18.1,0,2,2
29.2,49.8,137.2,83.4,5.1,21.8,7.8,989.2,2,3,1,19.6,1,5,2
17.6,334.1,700.1,95.0,37.2,40.4,66.7,2272.2,3,1,0,19.3,0,6,2
25.5,24.0,54.3,61.0,25.2,24.9,30.1,2923.1,2,3,0,10.8,0,5,1
37.5,181.7,680.7,95.0,12.0,28.3,55.5,1370.2,1,2,0,9.4,1,9,3
30.8,52.6,73.6,69.0,25.9,23.9,8.9,2725.0,3,5,1,14.9,0,11,2
79.4,23.4,56.4,59.9,28.1,39.9,33.5,2532.8,2,3,0,11.1,0,12,2
43.2,35.3,46.3,49.2,42.3,40.4,75.3,2337.7,1,2,0,13.6,0,2,0
62.7,42.0,67.6,75.2,6.6,40.4,11.8,552.1,2,3,1,21.1,0,5,2
72.9,174.2,535.3,95.0,15.6,22.8,81.7,2281.2,1,2,0,17.0,0,8,3
34.8,18.9,30.6,49.5,46.1,35.6,0.4,1264.1,1,5,1,23.1,0,5,1
48.0,44.6,67.1,70.5,30.0,30.4,24.6,2246.8,2,4,1,26.2,0,11,2
10.7,164.2,411.6,95.0,40.5,16.0,9.5,2132.0,3,1,1,4.0,0,8,2
56.1,47.8,92.9,82.6,14.8,40.8,72.7,683.4,1,1,0,10.7,1,12,2
53.8,61.4,120.9,76.6,18.7,19.0,62.9,948.5,2,3,0,40.0,0,3,2
32.5,71.4,85.9,78.6,37.4,32.9,94.0,2446.8,3,5,0,19.0,0,2,2
116.1,25.6,28.4,72.7,15.8,23.7,32.5,808.4,2,1,0,17.3,0,5,2
40.2,42.3,43.6,69.0,47.4,16.4,17.1,399.6,2,4,1,18.3,0,10,2
27.3,459.0,1756.4,95.0,13.8,42.7,16.0,598.0,6,3,1,4.0,1,6,3
86.5,25.3,88.4,53.7,24.1,35.0,9.8,2558.5,2,4,1,9.1,0,8,2
67.9,25.2,30.8,64.2,40.4,24.4,77.6,389.3,1,2,0,29.1,0,2,1
49.4,197.8,887.1,95.0,29.1,34.1,86.4,1227.7,0,4,0,18.8,0,8,3
47.7,66.8,295.5,81.0,36.6,21.3,20.1,2533.1,2,3,1,9.0,0,7,2
34.5,17.5,31.9,64.4,26.5,38.5,4.6,1524.9,2,5,1,15.6,0,10,2
33.1,189.1,811.1,95.0,16.1,40.7,5.3,522.8,2,1,1,10.8,0,6,3
24.1,29.8,82.9,61.9,31.5,44.9,89.8,1940.5,1,4,0,2.8,0,5,1
53.0,144.0,310.4,95.0,31.3,40.7,16.0,1469.5,1,1,1,30.2,0,6,3
74.8,27.0,35.6,46.5,16.5,28.8,63.8,1562.5,3,2,0,20.3,0,3,1
12.1,72.9,137.8,72.8,33.7,40.0,28.6,717.0,2,2,1,7.5,0,1,1
48.0,75.0,133.5,95.0,12.3,43.2,24.4,1283.2,3,5,1,1.9,0,1,2
54.6,36.4,108.7,50.3,13.5,38.2,19.2,2050.4,6,4,1,2.1,0,2,2
30.5,115.6,520.6,95.0,37.4,33.6,21.9,2623.0,1,4,1,5.3,0,9,3
12.1,48.9,85.4,57.2,42.2,33.4,59.2,484.6,2,2,0,22.1,0,5,0
19.6,52.9,134.1,74.4,37.5,20.0,74.4,1104.4,6,2,0,6.5,0,2,1
62.0,50.7,102.3,85.2,5.6,41.7,9.9,2355.6,0,2,1,13.4,0,1,2
28.7,38.1,108.9,55.6,40.4,42.9,68.2,2388.1,2,5,0,10.4,0,3,1
71.5,184.3,771.2,95.0,26.3,16.3,13.8,1371.8,5,1,1,23.0,0,7,3
28.2,456.3,1862.6,95.0,40.8,37.4,94.4,1987.1,1,3,0,15.7,1,7,3
33.7,64.9,74.1,63.2,44.3,29.4,15.0,1446.0,2,4,1,15.4,0,4,2
30.1,4.6,6.4,54.4,49.9,39.3,42.5,1966.4,1,4,0,15.0,0,12,1
34.4,231.7,745.2,95.0,18.4,15.6,19.1,1868.2,2,4,1,18.8,0,9,3
68.4,163.4,785.0,95.0,26.5,31.8,47.6,1486.8,3,2,0,12.2,0,7,3
69.1,43.0,103.3,64.6,6.2,36.4,32.0,2648.6,2,3,0,18.4,0,1,2
67.1,49.1,104.3,83.8,40.3,39.8,78.3,1382.7,2,1,0,15.5,0,5,1
28.2,93.6,198.7,84.3,22.5,37.1,42.2,2484.6,3,1,0,20.3,1,10,2
59.8,39.3,76.1,50.8,30.4,30.4,74.8,1486.6,3,5,0,17.2,0,1,1
51.8,15.7,17.1,59.0,34.3,38.5,95.6,1053.0,1,3,0,5.8,0,10,1
70.8,297.5,1077.0,95.0,25.6,29.5,14.0,1073.2,1,3,1,27.0,0,8,3
45.2,102.9,143.6,86.3,41.8,17.0,98.4,695.2,0,4,0,22.5,0,10,2
48.2,150.4,485.2,95.0,43.0,18.2,62.2,1576.6,2,5,0,18.3,0,9,3
72.0,54.8,100.3,73.4,7.4,18.7,18.9,2623.6,1,4,1,7.1,0,1,2
47.9,20.8,44.4,66.3,28.6,35.7,38.6,382.3,1,3,0,7.5,0,10,2
45.6,20.7,52.6,62.9,47.4,15.5,17.7,2017.6,3,4,1,8.6,0,1,2
9.3,48.9,112.1,65.5,31.5,42.2,26.9,1551.6,2,4,1,23.3,0,2,1
32.7,14.2,17.1,54.6,15.0,43.3,89.3,2405.8,2,1,0,13.5,0,11,0
67.3,14.4,29.3,58.0,22.7,19.9,85.2,1252.2,2,1,0,19.2,0,5,1
68.3,51.9,149.8,60.3,49.9,37.2,57.4,2977.4,1,2,0,5.3,0,5,1
77.7,197.2,567.2,95.0,23.7,28.4,8.2,1162.8,2,3,1,18.4,0,7,3
37.1,24.5,68.8,57.4,13.9,19.9,28.8,2960.9,1,1,1,13.2,0,2,1
44.6,217.5,740.5,95.0,49.3,37.6,37.8,1713.8,4,4,0,7.6,0,7,3
54.5,111.9,225.2,95.0,33.1,21.6,43.5,2322.0,1,3,0,9.8,0,9,2
44.4,11.6,14.2,49.2,15.6,16.6,29.8,2688.8,6,4,1,11.6,0,5,1
75.7,167.9,479.5,95.0,18.1,29.5,60.7,1954.0,1,3,0,17.9,0,6,3
53.1,6.3,10.5,58.8,37.8,16.0,15.5,2796.1,2,3,1,27.5,0,12,2
58.4,68.4,105.6,79.2,32.0,32.8,41.7,1676.4,0,1,0,24.9,0,1,2
48.3,58.7,119.3,74.4,24.9,21.2,83.3,1556.5,0,5,0,18.3,0,2,2
61.2,542.2,2020.7,95.0,10.9,28.2,81.5,2250.0,3,3,0,15.6,0,8,3
45.8,60.1,201.9,77.0,14.8,15.4,51.2,1199.7,1,3,0,30.1,1,8,2
80.9,7.1,7.4,35.7,42.8,41.2,91.7,1284.7,1,3,0,13.6,0,11,1
67.5,15.3,16.4,50.2,25.7,17.4,86.8,1986.0,2,4,0,16.5,0,12,1
45.3,9.8,23.8,55.5,37.4,36.6,96.1,2914.8,3,4,0,11.0,0,2,2
60.6,48.5,124.0,71.0,7.5,39.1,5.3,2905.1,1,2,1,18.7,0,3,2
28.0,59.7,144.8,78.4,8.2,25.7,67.2,1000.0,4,3,0,19.5,0,6,1
36.8,23.8,43.5,51.9,17.6,44.7,9.9,107.1,0,2,1,13.5,0,10,1
62.4,17.6,21.2,47.1,31.7,27.9,29.7,1074.3,1,3,1,25.0,0,5,1
28.3,59.4,154.8,78.9,28.3,29.3,33.6,2639.6,1,4,0,7.3,0,3,2
25.1,16.8,35.2,38.8,39.9,38.8,87.6,2469.5,0,3,0,3.9,0,3,0
24.8,79.5,140.8,95.0,31.5,43.1,21.2,1180.5,1,4,1,29.9,0,10,2
30.6,33.9,73.8,60.2,9.0,44.3,0.1,2805.4,3,2,1,15.7,0,4,1
70.5,215.4,938.1,95.0,25.4,25.2,74.3,1894.9,2,5,0,17.8,0,8,3
29.6,287.6,1373.1,95.0,41.2,23.6,50.8,1339.4,2,5,0,11.9,1,9,3
33.9,190.5,943.1,95.0,14.0,29.2,17.4,821.2,2,3,1,11.6,1,7,3
52.1,28.7,39.3,60.6,18.8,19.2,18.2,2734.9,1,4,1,18.7,0,1,2
39.2,152.1,434.9,95.0,28.6,44.8,94.6,1243.1,2,1,0,12.7,0,7,2
11.3,56.8,66.7,71.7,9.2,22.3,27.2,1570.1,3,1,1,10.4,0,3,1
78.9,74.1,360.0,68.2,25.3,38.1,50.7,1800.2,3,4,0,4.1,0,8,2
85.3,33.4,63.5,47.8,33.2,32.3,4.5,702.8,1,4,1,11.8,0,10,2
62.0,13.9,29.9,40.1,16.3,33.2,92.6,2223.6,1,2,0,26.1,0,1,1
61.9,41.5,79.4,64.5,9.6,33.9,9.1,909.5,2,3,1,14.6,0,5,2
56.5,58.0,88.1,71.7,26.1,43.4,32.9,2820.7,4,3,0,10.4,0,10,2
19.6,24.0,70.6,49.9,6.5,29.3,77.1,683.2,1,3,0,15.7,0,5,0
88.5,0.6,1.0,58.8,7.1,41.9,56.4,386.2,1,3,0,18.7,0,1,1
56.4,127.6,392.6,95.0,9.9,35.7,74.5,489.7,2,1,0,27.6,0,8,2
26.4,68.5,142.8,72.1,10.9,15.1,12.5,1837.9,2,3,1,23.6,0,3,2
30.5,151.9,351.0,95.0,27.5,16.2,99.1,2152.7,0,1,0,36.5,0,8,2
56.9,225.5,552.8,95.0,34.7,22.1,44.2,2481.9,1,3,0,14.0,0,6,3
45.3,56.0,115.6,61.7,16.0,23.9,37.6,2709.0,2,3,0,4.6,1,7,2
53.1,51.3,85.7,56.9,28.3,22.1,34.5,1139.8,5,4,0,14.3,0,5,2
24.5,180.2,457.9,95.0,43.7,39.1,57.1,1140.3,1,3,0,13.3,0,8,2
43.9,191.2,954.3,95.0,33.4,23.9,50.9,980.8,1,1,0,22.5,0,9,2
15.9,48.7,192.6,60.6,31.0,20.5,20.8,2058.8,2,5,1,15.7,0,8,1
45.0,45.1,105.9,78.5,38.0,29.5,85.7,2368.7,1,4,0,18.9,0,5,2
45.9,143.9,654.0,95.0,10.9,38.8,91.9,2369.7,4,3,0,16.9,0,7,3
79.4,83.4,213.3,76.3,37.3,35.7,38.0,216.9,2,2,0,37.8,0,2,2
29.8,195.5,632.7,95.0,21.5,16.6,13.4,230.3,2,3,1,12.0,0,8,3
53.7,35.2,87.7,52.5,23.9,19.4,17.7,2093.8,1,5,1,7.9,0,5,2
54.6,11.2,32.9,35.7,28.6,17.9,59.6,113.3,0,4,0,24.4,0,3,1
46.3,31.1,57.5,60.2,11.4,20.9,50.1,2907.7,1,3,0,17.9,0,4,1
33.9,50.6,51.4,74.6,17.5,19.7,73.8,1176.3,3,4,0,31.1,0,4,2
100.5,47.0,74.0,70.6,13.6,37.7,80.8,1126.2,0,4,0,13.8,0,3,2
33.6,41.9,90.4,61.7,30.9,42.6,45.1,113.7,2,4,0,14.3,0,4,1
31.1,208.0,526.4,95.0,45.8,24.9,85.1,1812.6,2,2,0,23.0,0,6,2
89.3,43.5,123.3,59.2,28.1,15.2,72.7,1776.4,3,2,0,26.5,0,3,1
11.7,39.0,43.2,61.9,10.9,18.6,16.0,1342.7,9,5,1,20.0,0,1,1
59.5,59.1,112.7,86.1,36.4,44.5,97.5,2281.6,3,3,0,11.7,0,5,2
30.4,171.9,718.3,95.0,39.7,25.3,47.1,240.1,2,1,0,20.5,0,8,2
74.9,33.1,52.7,73.4,44.1,30.3,24.2,2739.7,3,1,1,13.4,0,4,2
57.6,37.0,106.7,64.0,34.5,42.3,71.7,1678.7,1,4,0,27.2,0,2,2
76.9,19.9,24.0,46.8,45.4,29.5,53.8,2248.4,1,2,0,7.6,0,11,1
46.3,62.3,92.4,76.0,48.6,22.5,72.5,1010.8,3,1,0,9.6,0,11,2
90.9,38.4,88.4,76.7,32.4,15.5,83.9,1046.9,5,3,0,15.1,1,6,2
42.8,62.9,136.1,70.2,37.3,22.6,26.6,1949.9,0,3,1,4.3,1,4,2
68.5,30.1,51.0,70.3,38.0,18.7,21.5,442.5,1,3,1,24.0,0,3,2
55.7,32.6,85.2,60.6,16.8,28.9,78.9,2006.5,1,4,0,3.0,0,10,2
6.3,78.9,188.3,95.0,36.3,22.8,81.3,1115.9,2,4,0,14.0,0,11,2
41.2,75.5,217.6,69.8,36.9,21.7,96.5,1014.1,0,1,0,12.0,0,4,1
22.6,11.8,22.7,37.6,13.8,40.3,6.4,403.8,2,3,1,7.4,0,5,1
101.8,178.6,889.6,95.0,42.3,19.7,44.7,2781.8,3,4,0,14.3,0,6,3
48.5,75.8,86.5,85.0,5.3,32.7,9.7,1220.0,1,2,1,1.9,0,1,2
91.4,30.3,36.3,60.6,43.6,21.0,93.3,1220.0,1,5,0,5.9,0,4,2
26.6,152.3,546.2,95.0,35.5,23.2,33.8,1316.5,0,5,0,20.8,0,6,3
34.7,27.5,38.5,70.1,24.2,18.7,2.8,2570.9,3,4,1,17.3,0,5,2
55.0,89.3,410.3,95.0,7.3,32.5,11.5,385.4,2,3,1,23.9,0,8,3
12.4,77.7,145.1,92.4,39.4,43.4,61.4,143.0,2,3,0,11.1,0,2,1
50.2,24.6,62.6,60.5,14.0,23.2,91.6,665.2,2,2,0,8.0,1,12,2
48.6,44.8,109.8,69.0,46.4,20.7,98.6,587.5,1,5,0,18.2,1,4,2
80.0,65.1,96.7,72.3,19.9,31.6,16.9,1773.8,2,3,1,4.6,0,11,2
43.6,300.8,1255.2,95.0,14.6,44.8,33.8,1354.8,2,5,0,14.0,0,8,3
20.9,397.4,1253.9,95.0,15.5,43.0,93.5,2060.9,1,3,0,29.4,0,8,2
60.5,292.3,674.9,95.0,24.5,25.0,77.5,1691.7,3,3,0,13.6,1,9,3
31.5,23.2,64.4,63.8,33.8,18.6,6.9,1972.3,4,1,1,6.9,0,3,1
60.4,23.8,37.2,50.7,13.4,18.3,66.3,2268.8,2,2,0,27.2,0,12,1
24.7,85.3,348.0,77.4,39.9,33.4,33.2,2560.7,2,2,0,39.1,0,7,2
61.2,221.2,521.4,95.0,10.8,42.1,22.0,1226.1,1,5,1,12.9,1,9,3
6.2,42.6,75.4,69.9,42.0,19.6,97.4,1989.5,0,3,0,28.3,0,11,0
86.2,38.1,42.9,67.0,42.1,23.5,46.2,2482.3,2,3,0,15.0,0,3,1
69.0,47.5,53.4,75.8,26.7,28.2,70.1,275.8,3,4,0,26.7,0,1,2
61.6,38.7,63.5,50.6,17.5,34.6,91.3,2103.2,2,3,0,17.3,0,3,1
59.7,43.7,58.9,69.4,49.3,28.4,52.2,2496.6,4,5,0,24.8,0,2,2
15.5,207.8,613.2,95.0,10.7,20.4,69.8,2341.6,3,5,0,10.6,0,8,2
55.4,328.1,1429.0,95.0,30.2,28.2,69.8,2695.9,1,2,0,17.5,0,9,3
32.2,18.2,53.1,64.0,11.1,25.6,1.8,2215.8,0,3,1,15.3,0,10,1
65.1,34.2,90.9,63.7,41.6,32.2,33.2,416.2,2,2,0,11.9,0,1,1
39.8,30.4,76.0,49.9,45.7,15.5,2.6,1402.0,1,3,1,18.0,0,1,1
69.1,26.4,69.1,52.4,21.7,35.8,22.9,2542.5,5,3,1,8.4,0,10,1
33.3,32.1,98.1,50.2,34.7,19.9,81.3,2408.2,1,4,0,5.2,0,6,1
60.7,28.6,115.5,52.0,38.7,26.3,76.8,2309.2,4,3,0,7.1,0,9,1
52.6,85.0,222.0,86.2,28.5,31.1,96.3,1926.5,2,3,0,13.5,0,4,2
43.0,41.9,63.0,64.1,17.7,18.1,45.4,1919.6,1,2,0,11.0,0,1,1
41.6,37.7,52.4,54.6,41.4,42.8,89.4,2518.2,1,3,0,7.4,1,2,1
33.2,18.4,40.2,57.3,22.5,16.6,82.1,1077.5,0,1,0,17.9,0,10,0
77.1,32.7,58.9,47.4,18.9,32.6,1.3,1984.9,0,3,1,17.4,1,2,2
26.3,65.6,145.0,79.4,23.2,34.0,3.5,1956.2,3,3,1,2.9,0,9,2
59.3,117.8,285.0,95.0,31.4,44.5,56.9,2760.2,4,3,0,15.8,0,6,2
16.0,44.0,103.2,64.8,13.6,24.2,49.4,2850.9,1,4,0,24.3,0,3,1
57.2,52.1,59.4,83.9,25.3,40.3,34.0,1728.3,1,2,0,11.0,0,1,2
8.6,143.6,646.9,95.0,47.4,30.7,11.1,1106.9,1,3,1,1.6,0,9,2
32.8,53.1,68.1,61.2,10.2,37.4,96.1,801.1,0,2,0,22.8,0,12,1
52.8,41.2,58.9,55.8,49.8,32.5,72.4,556.1,3,3,0,21.5,0,4,1
22.0,15.3,22.5,63.4,44.2,30.9,91.5,1563.8,4,3,0,20.4,1,1,1
71.3,42.1,74.2,74.6,41.7,15.3,25.2,192.9,2,4,1,8.2,0,4,2
33.3,46.4,72.3,58.5,34.7,38.1,17.5,832.1,0,1,1,2.4,0,12,1
33.1,23.0,46.6,45.9,31.2,28.1,97.3,375.4,5,5,0,4.8,0,10,1
13.1,46.2,89.3,59.2,11.7,44.1,92.2,1001.8,3,5,0,4.8,0,12,0
45.4,23.5,36.9,55.6,19.0,19.4,75.7,949.8,4,3,0,17.9,0,1,1
61.6,37.1,103.4,71.3,20.7,20.2,44.2,480.1,1,1,0,10.5,0,11,1
48.3,34.8,47.5,72.0,10.4,22.4,57.4,1316.8,3,3,0,6.5,1,4,2
38.5,27.5,60.5,51.5,39.9,40.9,35.2,2341.4,4,4,0,7.6,0,10,1
26.1,59.8,110.8,84.0,26.6,34.3,33.6,266.7,1,5,0,7.7,0,4,2
57.5,32.5,41.8,73.0,13.0,30.3,60.1,1987.4,1,1,0,30.5,0,1,1
60.4,17.7,46.4,43.2,18.5,28.5,61.4,788.3,1,4,0,9.2,1,5,2
76.0,211.7,447.6,95.0,13.6,17.9,58.1,2222.4,1,2,0,24.8,0,7,3
66.0,164.5,697.9,95.0,16.1,32.0,1.1,2931.8,2,1,1,21.4,0,6,3
55.9,206.9,849.5,95.0,14.6,26.6,83.7,2378.5,2,3,0,27.9,0,7,3
64.6,37.7,86.8,60.3,11.4,15.2,64.0,2809.6,4,4,0,6.4,0,3,2
19.8,32.8,40.7,53.8,8.7,25.9,60.9,1469.1,1,3,0,12.4,0,4,0
10.6,54.2,80.6,72.3,38.3,42.3,85.0,2341.7,2,5,0,19.9,0,11,1
72.1,230.4,1108.1,95.0,7.6,32.0,63.9,1088.3,3,2,0,12.6,0,7,3
24.5,41.8,96.8,73.7,36.4,24.7,39.5,2859.7,2,3,0,14.8,1,11,2
32.5,181.7,668.3,95.0,24.4,40.3,6.4,764.8,4,2,1,11.5,0,9,3
10.2,51.5,200.0,77.2,6.0,43.1,73.7,1056.1,3,3,0,18.5,1,7,2
33.9,75.0,153.2,95.0,11.2,38.4,91.4,1187.3,3,2,0,12.0,0,11,2
80.0,33.6,67.8,69.6,16.5,40.8,38.2,1907.3,3,3,0,6.2,0,10,2
37.6,1.5,2.7,34.6,30.7,22.5,33.8,1099.3,3,1,0,14.0,0,11,1
16.1,39.3,106.5,73.0,12.0,26.1,70.6,1298.6,6,5,0,16.9,0,5,1
52.4,29.2,72.1,65.4,44.0,40.3,15.0,1959.9,3,4,1,5.7,0,2,2
57.8,118.5,262.9,95.0,37.6,39.7,83.2,2546.9,3,2,0,13.9,0,6,2
37.2,35.7,88.0,69.3,22.5,21.4,84.5,2773.7,4,4,0,18.6,0,4,1
44.6,176.3,358.7,95.0,42.7,37.7,63.6,1691.4,1,5,0,9.4,0,7,3
29.2,125.4,616.4,95.0,8.9,42.2,44.0,1431.5,3,5,0,27.5,0,9,2
16.4,31.0,65.2,68.8,47.9,29.6,28.2,238.2,2,4,1,11.0,0,12,1
20.1,358.4,1171.7,95.0,22.7,31.5,47.8,2083.6,1,3,0,18.1,0,9,2
30.6,41.7,93.3,55.9,44.7,24.8,67.0,2777.9,3,3,0,11.4,0,2,1
31.1,154.8,641.9,95.0,15.0,31.9,45.8,648.6,0,3,0,12.6,0,6,2
65.2,24.9,38.4,69.6,22.0,17.8,66.3,1264.6,1,3,0,14.4,0,4,1
52.9,40.1,92.1,51.8,6.0,28.4,92.6,1953.9,1,3,0,7.8,0,3,1
88.2,208.0,597.7,95.0,34.9,25.5,87.8,2978.0,1,5,0,18.8,0,7,3
54.1,27.1,77.2,65.1,18.6,40.9,31.3,2929.4,3,4,0,22.9,0,10,2
60.7,31.9,79.7,55.0,20.0,36.6,37.0,1992.4,5,5,0,34.8,1,11,2
57.7,76.2,147.2,94.8,38.3,38.1,65.1,2773.0,1,3,0,4.2,1,10,2
40.7,14.5,15.3,66.6,8.1,36.8,27.0,1541.6,2,3,1,25.3,0,12,1
37.0,41.2,85.5,75.3,37.3,34.1,14.3,2753.4,0,5,1,13.9,1,10,2
58.2,101.4,256.6,95.0,38.1,43.3,17.7,2181.2,1,4,1,9.1,0,6,3
54.0,56.9,103.1,82.8,40.5,43.2,94.1,2122.0,1,2,0,17.9,0,1,2
63.2,22.1,58.3,44.2,49.7,31.9,12.5,141.3,1,3,1,7.1,0,2,2
47.8,54.0,99.1,77.8,42.7,20.1,48.3,1701.1,1,1,0,18.3,0,3,2
27.4,9.4,27.5,56.1,34.5,43.5,97.8,2747.7,2,5,0,3.2,0,2,1
69.4,59.8,173.7,79.5,6.6,27.2,13.0,1718.8,3,2,1,15.6,0,3,2
37.2,16.7,22.1,50.0,46.1,27.4,38.7,2762.4,3,2,0,11.1,0,1,1
55.1,48.2,119.1,63.4,8.1,37.6,60.2,2613.1,0,5,0,25.6,0,2,2
17.8,27.6,80.1,55.0,16.0,16.0,59.5,2519.2,1,1,0,6.9,1,3,0
37.0,37.4,104.9,49.3,39.3,24.0,50.2,2228.0,3,4,0,5.5,0,1,1
23.2,139.9,684.6,95.0,15.7,24.1,78.8,548.2,2,1,0,19.6,0,7,2
79.5,13.9,27.5,58.3,30.1,18.1,26.1,496.2,0,2,1,19.0,0,10,1
32.0,62.0,291.7,74.2,38.7,38.2,61.8,643.5,3,1,0,17.3,0,9,1
27.5,32.8,79.6,60.0,19.9,27.7,16.9,519.2,3,4,1,22.0,0,2,2
58.0,14.8,28.7,66.1,11.4,18.2,19.8,2821.6,2,4,1,24.2,0,3,2
53.5,51.3,63.0,62.8,38.9,27.6,57.4,2602.9,4,2,0,12.0,0,3,1
68.6,66.2,169.7,77.7,32.2,33.0,57.0,1501.8,1,4,0,21.8,1,2,3
56.6,5.7,14.2,39.0,40.7,23.3,20.9,2093.9,0,3,1,5.2,0,4,1
61.6,512.8,2502.8,95.0,10.2,30.0,12.6,2752.1,2,4,1,13.2,1,9,3
35.9,42.8,124.4,70.4,13.1,42.2,88.0,1282.1,2,3,0,39.9,0,4,1
24.0,51.2,59.0,73.1,7.5,39.5,58.5,2625.5,1,5,0,13.8,1,2,2
69.4,40.1,116.5,78.9,41.6,23.8,37.5,1269.9,1,1,0,24.2,0,3,2
26.9,36.5,54.2,75.1,48.1,34.6,15.2,1650.1,2,1,1,16.4,0,12,1
33.5,178.4,648.5,95.0,14.3,28.5,63.3,1988.2,3,4,0,18.4,0,7,3
54.0,26.5,113.6,54.3,14.5,38.0,86.8,405.9,1,4,0,8.5,1,6,2
62.3,168.3,406.0,95.0,47.4,36.0,57.9,651.3,4,3,0,9.0,0,6,3
68.7,13.7,21.4,43.5,48.9,30.0,21.6,483.5,1,2,1,8.2,1,10,2
29.7,65.0,162.3,69.7,44.8,16.6,54.0,356.4,1,4,0,4.3,0,3,2
59.0,225.5,1027.7,95.0,31.4,43.3,7.7,1139.8,1,5,1,20.2,0,6,3
46.5,49.1,52.4,68.7,29.0,19.2,49.0,954.7,3,1,0,10.9,0,3,1
19.1,55.5,67.5,62.4,12.6,16.5,21.9,1724.1,0,2,1,9.7,0,3,1
61.5,21.7,55.1,57.8,30.6,33.3,14.8,945.3,4,3,1,16.8,0,10,2
62.9,4.9,13.0,55.2,46.9,29.3,61.4,284.1,2,2,0,9.9,1,10,2
48.6,284.1,1374.9,95.0,26.2,34.4,50.1,343.4,1,4,0,16.3,0,7,3
26.5,206.2,783.0,95.0,49.7,28.9,56.6,626.7,1,1,0,13.2,1,7,3
59.4,105.5,386.9,95.0,42.7,43.8,17.9,674.8,0,3,1,15.1,1,7,3
57.0,68.2,189.0,90.1,19.0,30.8,30.9,2647.4,2,2,0,19.5,0,10,2
67.2,82.3,247.6,86.7,6.5,24.2,1.5,888.3,4,5,1,9.3,0,9,3
17.8,23.3,50.0,57.1,25.9,30.7,59.8,831.5,2,2,0,18.2,0,1,0
70.9,39.1,69.2,67.9,8.2,27.9,13.4,1041.0,1,5,1,20.7,0,11,2
68.6,13.5,32.2,55.5,33.1,26.2,32.2,1243.1,1,2,0,4.5,0,12,1
63.1,99.7,444.3,87.1,37.0,32.2,21.2,1752.0,1,1,1,9.8,0,8,2
62.0,220.2,698.8,95.0,49.3,24.2,74.6,600.3,2,1,0,19.8,0,7,3
33.8,24.6,46.3,49.8,26.6,19.8,28.3,718.4,3,3,1,14.3,0,12,1
55.9,33.8,62.7,53.6,12.8,29.6,22.2,1849.6,5,4,1,13.3,0,4,2
47.6,110.6,312.4,90.9,48.1,36.1,5.3,2790.2,0,5,1,13.2,0,7,3
43.0,136.0,553.2,95.0,5.1,32.5,62.2,717.9,6,5,0,15.6,0,8,3
93.8,45.4,103.6,75.1,26.4,36.7,97.1,626.7,0,3,0,5.0,0,3,2
15.0,27.0,47.0,67.6,26.0,42.0,1.7,1689.3,2,2,1,17.4,0,12,1
19.5,12.6,17.2,64.5,16.8,26.2,6.9,1922.5,1,5,1,4.8,0,5,1
56.6,82.8,239.6,90.7,40.2,26.6,99.2,878.2,0,5,0,12.8,0,12,2
103.0,16.4,31.8,38.6,11.8,23.2,19.8,1147.9,1,3,1,8.5,0,4,2
44.8,41.4,44.6,67.2,27.3,41.9,72.3,1490.8,2,3,0,12.8,0,4,1
50.2,127.7,513.4,95.0,28.5,40.2,51.8,2923.4,1,3,0,14.5,1,6,3
40.3,33.9,38.6,57.7,7.2,25.5,40.9,601.9,2,3,0,14.1,0,12,1
38.7,26.3,57.3,60.9,9.8,34.0,17.5,955.4,4,2,1,25.2,0,2,1
38.7,54.0,136.0,69.1,24.0,26.2,50.6,2222.4,1,1,0,15.9,0,11,1
36.0,12.2,22.1,54.8,34.9,33.3,7.1,2297.7,2,2,1,10.9,0,11,1
15.8,39.2,113.2,65.0,35.5,16.5,79.0,1400.0,2,3,0,16.5,0,4,0
66.6,304.0,1434.5,95.0,19.7,37.8,28.8,872.5,1,4,1,10.4,0,8,3
23.7,43.7,71.7,72.2,39.6,28.0,21.4,1476.1,0,4,1,27.0,0,5,1
41.5,52.1,109.5,66.3,38.1,33.6,70.4,2507.7,1,3,0,5.1,0,3,1
69.8,41.1,57.8,61.0,21.5,17.2,19.8,726.0,3,1,1,3.1,1,2,2
46.0,52.8,107.5,63.8,35.6,24.0,9.2,2497.7,1,5,1,16.3,0,11,2
28.9,39.2,78.9,53.8,46.8,42.2,29.8,1264.3,1,3,1,37.3,1,10,1
73.1,34.0,89.6,70.0,40.1,20.9,85.8,2994.0,2,2,0,8.8,0,2,1
22.0,193.7,886.4,95.0,44.7,28.1,45.7,2080.7,2,5,0,20.7,0,6,2
47.4,27.2,64.0,62.7,26.9,37.5,21.0,975.3,0,3,1,18.1,0,3,2
39.1,31.7,48.0,50.7,19.9,34.1,96.0,2491.2,2,3,0,7.9,0,4,1
37.1,71.0,125.4,78.4,48.9,41.1,66.7,996.7,2,5,0,8.9,0,12,2
49.8,23.0,42.6,41.7,18.5,42.8,82.3,1929.7,2,3,0,15.1,0,2,1
40.8,21.1,45.2,62.9,7.5,30.7,16.7,1347.2,6,3,1,17.0,0,10,2
54.3,33.6,95.7,63.7,26.4,44.1,6.6,1906.7,0,3,1,11.2,1,4,2
47.8,56.4,126.7,85.3,44.7,17.9,20.2,1966.1,0,3,1,19.7,0,10,2
50.5,56.2,152.9,63.7,29.9,28.2,32.3,390.4,2,5,0,15.2,0,12,2
63.4,188.2,769.1,95.0,16.5,31.1,66.0,147.0,2,4,0,16.7,0,7,3
48.2,43.3,121.3,62.0,21.7,38.2,85.6,1622.1,1,2,0,23.7,0,10,1
27.1,217.8,496.4,95.0,42.8,21.1,25.7,570.5,1,5,1,12.9,0,8,3
58.6,9.8,18.7,51.4,30.7,42.5,67.3,1887.0,0,3,0,17.0,0,10,1
85.1,116.1,384.2,95.0,47.3,28.4,63.1,1349.6,3,1,0,15.9,0,9,2
71.9,43.4,82.6,63.4,13.5,25.0,3.8,1538.2,1,3,1,21.9,0,4,2
63.2,185.9,929.1,95.0,43.2,39.3,92.9,2294.3,1,2,0,11.5,0,6,3
60.6,30.3,68.0,60.9,20.9,42.7,34.3,1001.0,3,2,0,22.8,0,12,1
74.6,14.0,32.9,50.4,44.3,21.9,39.4,103.8,1,5,0,26.7,0,12,2
33.8,58.6,105.4,81.8,38.0,43.8,5.1,352.3,3,4,1,22.1,0,5,2
19.0,213.9,1022.8,95.0,7.7,24.7,84.5,747.9,2,5,0,5.5,0,8,2
67.0,12.7,16.9,47.6,6.0,36.5,58.9,2580.5,3,3,0,28.9,0,3,1
45.6,217.9,767.9,95.0,50.0,38.8,30.2,418.7,4,5,0,15.1,0,7,3
59.8,69.6,73.4,86.6,22.0,41.3,55.2,774.5,3,5,0,13.9,0,10,2
60.5,6.5,8.7,42.7,37.0,31.1,5.6,1558.3,1,1,1,18.4,0,12,1
53.3,46.0,119.4,67.6,39.6,26.7,68.0,1006.7,0,4,0,10.3,1,1,2
56.5,122.8,567.5,95.0,8.1,38.8,88.0,2441.1,0,4,0,17.1,0,9,3
36.7,355.9,1068.7,95.0,34.9,25.8,89.5,845.9,3,5,0,18.9,0,9,3
57.5,196.7,657.3,95.0,30.9,16.8,33.9,1067.2,0,2,0,11.4,0,9,3
50.9,173.8,483.4,95.0,40.0,37.0,83.4,2070.4,3,3,0,23.6,0,6,3
56.5,128.5,524.5,95.0,38.5,33.6,95.4,1158.2,0,2,0,4.1,0,7,2
11.1,38.3,83.9,65.9,47.3,32.5,99.2,1109.1,3,4,0,18.5,0,11,0
47.8,235.9,1164.7,95.0,9.4,19.8,1.9,1159.5,2,4,1,19.6,0,7,3
39.2,23.6,55.3,51.1,44.9,15.1,47.8,2511.4,2,2,0,21.4,0,10,0
32.3,160.8,616.5,95.0,18.2,26.2,42.3,2638.7,3,2,0,11.5,0,6,2
62.8,105.2,216.8,94.4,16.5,32.9,44.9,1568.8,5,2,0,23.8,0,4,2
54.4,147.8,395.2,95.0,15.7,32.9,30.3,587.5,0,4,0,9.2,0,6,3
24.0,62.3,89.0,69.4,32.0,21.3,60.3,625.2,4,4,0,11.1,0,1,1
50.8,49.5,147.4,66.5,42.9,19.4,75.6,2473.1,3,2,0,17.1,1,10,2
126.0,26.6,28.3,64.0,10.7,41.4,41.5,2635.1,4,2,0,19.9,1,10,2
20.7,188.1,748.6,95.0,9.2,36.2,85.3,1494.5,0,4,0,23.8,0,7,2
23.0,58.7,134.0,80.8,30.0,40.8,6.0,2316.7,2,4,1,3.3,0,1,2
70.7,23.9,60.3,44.8,13.4,23.2,45.6,2759.0,5,5,0,19.3,1,3,2
51.6,228.2,821.7,95.0,12.0,37.1,32.2,2063.9,1,5,0,7.8,0,8,3
36.7,23.8,57.1,62.6,45.5,30.2,21.8,2421.4,1,4,1,3.1,0,2,2
74.6,69.9,180.6,82.0,15.5,16.5,88.9,774.0,3,4,0,8.7,1,8,3
54.8,53.7,100.5,86.6,35.3,41.5,92.2,2253.8,2,4,0,8.7,0,11,2
37.2,59.6,68.4,64.3,27.4,20.9,71.1,1335.0,4,5,0,43.3,0,2,2
17.0,228.7,862.0,95.0,23.1,25.1,1.0,613.9,1,3,1,17.7,0,8,3
37.2,53.7,89.8,69.4,11.3,23.6,96.7,1344.9,3,4,0,21.9,0,12,2
24.6,41.2,115.1,73.5,34.2,39.2,35.2,1643.1,0,3,0,20.8,0,12,1
60.2,69.4,172.1,84.3,19.3,22.4,27.9,178.5,1,1,1,10.6,0,11,2
62.9,42.0,64.8,66.2,42.5,30.2,89.3,2024.9,2,2,0,27.3,0,1,1
25.7,248.3,1085.0,95.0,22.1,40.0,47.4,1877.1,4,5,0,7.3,1,7,3
67.1,31.5,55.0,71.0,25.4,40.7,0.9,2444.6,0,5,1,33.0,1,12,3
69.2,208.3,552.2,95.0,18.8,23.5,54.0,2846.0,1,2,0,11.3,1,6,3
25.7,44.8,53.7,78.4,25.9,22.4,52.6,846.5,2,1,0,12.6,0,3,1
54.0,46.9,127.7,54.7,42.5,25.7,30.6,2603.1,1,2,0,22.5,0,5,1
38.9,59.4,207.1,66.2,50.0,27.3,44.1,735.7,3,2,0,8.5,0,9,1
136.4,31.9,43.6,65.8,49.5,25.2,96.0,2293.8,2,4,0,20.1,0,5,2
48.6,252.8,1223.3,95.0,38.2,34.1,73.4,623.6,3,3,0,4.2,1,8,3
76.4,28.0,74.5,50.0,11.8,18.0,9.9,1511.1,4,3,1,15.1,0,5,2
65.5,308.1,1503.9,95.0,30.1,31.4,12.5,2121.6,3,5,1,13.8,0,8,3
26.4,44.8,77.2,61.4,24.4,15.8,25.1,840.3,3,5,1,18.8,1,10,2
43.2,34.8,89.2,53.9,7.4,35.9,9.7,807.2,2,3,1,10.8,0,1,1
87.9,40.4,99.8,61.2,44.7,41.2,14.3,2054.1,2,3,1,8.8,0,1,2
17.6,179.6,382.6,95.0,36.0,23.8,0.2,1706.5,1,1,1,12.7,0,7,2
78.6,239.5,612.8,95.0,5.4,21.2,80.2,1999.6,3,4,0,19.1,0,9,3
24.4,52.0,136.6,71.6,46.5,38.7,78.6,150.4,0,4,0,8.2,0,4,1
63.2,109.8,451.1,95.0,41.5,33.0,20.7,1777.9,2,1,1,31.1,0,8,3
65.3,151.6,589.1,95.0,19.6,19.5,39.1,372.6,1,5,0,12.5,0,9,3
58.0,28.2,53.5,68.6,38.1,39.1,9.5,2210.2,2,2,1,18.9,0,4,2
65.6,30.7,83.3,45.5,25.6,16.3,75.1,2711.5,3,4,0,25.3,0,8,1
15.4,110.3,508.7,95.0,23.6,19.5,91.3,1455.8,3,1,0,19.0,0,7,2
16.2,63.8,170.4,80.6,26.9,43.9,58.3,2517.8,1,2,0,33.9,0,2,1
30.8,19.6,45.5,42.4,21.1,15.8,60.6,2578.0,4,2,0,6.7,0,3,0
26.2,26.8,52.7,63.8,20.8,40.2,53.6,1682.6,1,5,0,8.4,0,2,1
33.2,5.4,7.8,32.8,8.7,44.0,40.2,2763.2,3,3,0,9.4,0,2,0
60.4,37.9,47.5,75.0,34.2,42.1,13.0,1503.8,3,4,1,9.2,0,4,2
64.1,37.3,156.8,57.4,29.6,37.9,10.5,1587.7,4,3,1,7.0,0,9,2
27.3,25.8,29.0,71.4,33.2,38.2,41.2,2853.0,2,3,0,15.1,1,5,2
48.4,46.4,128.2,81.6,6.5,23.7,16.5,2033.6,1,4,1,22.0,0,11,2
46.5,45.8,60.8,59.6,25.6,23.0,79.5,1495.6,4,1,0,23.0,0,1,1
50.5,47.1,104.2,67.1,27.5,43.9,1.1,2275.6,1,5,1,18.0,0,12,2
42.1,43.5,128.3,62.9,16.1,40.7,29.2,2596.7,0,1,1,11.3,0,12,1
33.9,36.8,107.9,54.8,15.9,26.7,94.8,2698.2,4,3,0,20.4,0,2,0
9.9,45.7,79.0,74.5,46.9,32.1,17.0,1611.8,2,4,1,5.3,0,3,1
15.8,39.2,151.9,76.9,26.5,21.7,58.2,1942.9,5,5,0,16.1,0,7,1
13.0,52.6,63.5,57.0,21.9,44.2,97.0,2071.0,1,5,0,21.7,1,11,1
39.1,138.3,675.6,95.0,27.8,23.5,22.6,417.9,4,3,1,11.5,0,7,3
49.2,88.6,216.9,95.0,46.9,28.3,16.3,1723.0,3,2,1,18.1,0,10,2
62.9,30.0,40.8,63.1,24.0,27.1,70.2,639.6,2,1,0,12.4,0,3,1
78.9,46.8,64.9,76.8,28.3,26.2,36.3,1160.4,3,2,0,12.2,1,5,2
21.2,33.2,68.1,65.0,6.9,38.0,9.3,2828.6,2,4,1,21.3,0,11,1
48.1,74.6,130.0,71.8,35.2,36.6,27.3,357.7,0,5,1,18.6,0,12,2
72.9,35.1,43.0,53.9,27.9,30.5,3.7,607.9,2,1,1,4.6,0,10,1
52.9,27.4,33.1,66.5,46.2,17.7,36.0,2628.0,1,2,0,19.9,1,10,2
42.3,42.0,83.2,62.6,34.4,20.7,33.7,2071.1,5,4,0,8.4,0,1,2
103.3,45.2,116.5,57.4,41.6,21.1,68.8,2116.2,4,4,0,8.8,0,1,2
107.3,55.5,104.3,73.1,36.6,29.1,6.3,230.7,3,3,1,9.3,0,1,2
37.1,57.8,141.7,72.5,38.4,44.0,56.3,1010.9,3,4,0,13.8,0,1,2
48.3,214.3,557.0,95.0,36.3,24.4,48.8,2686.3,1,3,0,4.6,0,6,3
28.4,21.3,54.7,52.9,19.4,43.3,63.5,2157.8,3,2,0,3.7,0,11,0
57.0,52.6,89.1,63.2,6.4,43.5,40.5,2680.2,2,3,0,22.4,0,12,2
56.6,47.7,54.3,66.0,28.0,41.1,10.1,1279.4,2,2,1,4.0,0,1,2
35.4,60.6,109.5,74.5,14.8,18.1,78.3,1248.4,6,5,0,14.6,0,5,2
73.0,9.9,16.2,60.7,44.4,21.0,52.0,2028.9,3,4,0,14.6,1,12,2
45.6,56.0,130.3,64.4,38.5,19.2,85.6,2225.6,5,4,0,12.1,0,2,2
47.5,54.6,118.9,63.2,15.5,25.7,96.9,1915.3,3,3,0,9.0,1,12,2
8.4,44.0,103.0,77.9,7.6,15.5,14.2,783.1,4,5,1,25.3,1,5,2
37.5,67.0,72.8,63.7,14.3,32.0,78.2,813.3,1,4,0,14.3,0,2,2
30.5,30.9,49.8,55.6,14.3,18.4,25.6,2642.8,2,5,1,15.6,0,4,1
17.3,89.9,227.6,95.0,34.6,36.4,11.0,1164.4,4,4,1,6.9,1,6,3
57.7,17.7,48.9,52.9,31.9,16.2,23.9,2375.8,1,4,1,9.5,0,10,2
30.8,161.5,710.0,95.0,34.8,20.9,33.6,545.2,1,4,0,11.8,0,6,3
53.3,28.4,31.4,46.2,29.1,34.1,99.8,1614.9,3,2,0,8.5,0,4,1
51.8,14.7,25.3,43.1,40.6,26.1,38.1,1551.4,1,4,0,9.1,0,12,2
53.2,50.8,53.0,83.0,48.3,17.8,5.6,2532.2,0,4,1,3.6,0,3,2
18.2,45.9,96.2,57.7,43.5,27.0,20.7,2903.1,3,3,1,10.2,0,4,1
47.6,205.8,951.0,95.0,5.8,42.7,14.0,1628.9,1,4,1,18.5,0,9,3
26.4,16.4,24.7,61.0,15.7,20.8,14.2,1889.5,1,2,1,24.7,0,12,1
66.5,29.5,40.7,66.2,28.1,44.0,21.2,2671.3,1,2,1,37.9,0,5,1
44.0,49.6,95.3,75.7,28.4,19.8,7.6,1726.5,2,4,1,12.7,0,12,2
50.9,16.3,21.7,59.1,35.4,29.9,65.8,2476.8,4,1,0,18.1,0,10,1
27.0,32.7,47.9,71.9,7.5,40.4,2.6,127.8,2,2,1,21.9,0,12,1
26.0,128.6,460.4,95.0,12.9,16.2,56.7,2649.4,2,2,0,18.6,0,6,2
42.2,126.8,512.9,95.0,43.7,39.8,17.2,1375.8,1,1,1,20.6,1,8,3
29.4,22.4,53.0,50.1,20.4,30.0,44.6,241.1,2,5,0,16.4,1,10,1
96.8,59.2,171.5,80.8,36.7,36.8,86.1,2507.3,3,5,0,16.2,0,11,2
30.4,192.8,475.0,95.0,33.1,41.4,31.8,818.3,2,5,0,7.8,0,8,3
50.9,42.8,76.2,52.5,37.9,17.3,71.9,2519.7,3,3,0,20.3,0,2,1
39.8,28.0,64.2,49.4,35.6,30.7,67.0,1629.0,1,2,0,17.7,0,4,0
117.3,35.5,88.0,70.1,27.0,24.1,5.1,2909.0,1,4,1,26.1,0,11,2
76.9,167.9,586.0,95.0,20.4,37.9,37.5,1239.4,1,4,0,18.3,0,9,3
69.7,362.8,1047.8,95.0,10.7,16.4,78.0,1057.2,5,2,0,12.1,0,9,3
42.2,5.1,15.3,46.7,6.6,28.6,27.3,2206.0,0,2,1,10.7,0,4,1
33.5,33.7,68.2,60.3,49.9,16.7,65.8,802.7,1,4,0,15.1,0,3,1
32.1,37.7,94.7,61.4,5.9,20.7,57.4,2293.2,0,4,0,8.9,0,4,1
42.2,10.6,19.5,49.8,44.7,42.9,33.3,2888.4,2,1,0,11.3,0,1,1
41.3,214.1,691.0,95.0,11.7,29.3,15.4,600.6,1,3,1,13.7,0,7,3
47.8,79.0,168.4,87.0,18.4,24.7,13.0,2792.9,2,5,1,12.3,0,3,3
28.8,43.1,98.4,70.8,7.4,37.6,21.6,2085.2,1,3,1,22.0,0,1,1
44.0,31.5,68.8,72.6,12.1,15.6,59.7,1926.0,1,3,0,17.8,1,11,2
14.4,38.1,94.6,59.1,17.3,20.6,60.7,2432.8,0,2,0,11.0,0,1,0
36.0,30.0,71.6,45.4,45.7,35.9,62.5,1962.4,0,5,0,14.8,0,2,1
50.1,13.0,31.5,52.1,35.8,26.0,81.4,1331.7,3,4,0,5.8,0,2,1
65.6,49.7,100.2,79.8,37.1,29.3,84.9,610.2,2,2,0,7.0,0,4,1
51.3,33.5,80.8,49.0,49.4,38.9,68.8,1963.8,1,1,0,21.8,1,3,1
42.5,5.1,7.4,37.7,42.8,43.5,93.5,719.5,0,4,0,3.7,0,3,1
27.2,23.4,25.8,66.5,17.1,30.8,78.5,259.5,2,4,0,7.3,0,11,1
36.3,40.6,57.2,68.2,22.7,33.6,78.2,158.3,1,5,0,42.5,0,3,1
50.2,44.5,92.9,59.1,40.1,34.4,65.3,1001.3,2,3,0,28.6,0,4,1
79.0,250.1,583.6,95.0,43.7,43.9,5.1,1809.0,2,3,1,13.2,1,9,3
13.7,161.7,542.4,95.0,38.8,28.5,92.6,1165.6,2,4,0,22.8,0,7,2
45.0,26.4,64.9,50.6,6.0,38.3,72.9,2942.0,2,1,0,12.7,0,10,1
60.0,43.3,45.2,80.8,23.3,19.3,14.0,2037.8,1,1,1,18.9,0,2,2
32.8,68.7,201.9,77.5,41.9,22.8,76.7,2418.8,4,3,0,10.6,1,11,2
23.9,61.0,246.7,73.2,11.5,41.9,25.2,1110.6,1,4,1,9.0,0,7,2
57.5,55.1,72.2,71.6,9.0,22.9,38.8,2147.6,0,4,0,9.8,0,4,2
38.2,55.0,55.3,59.2,34.9,26.1,89.3,1659.8,0,1,0,11.4,0,11,1
46.5,30.2,81.3,61.7,9.1,15.9,79.8,1019.7,5,2,0,21.5,0,10,1
53.4,12.3,25.4,37.5,39.7,22.0,43.4,332.7,2,5,0,9.2,0,1,1
56.3,52.7,66.6,85.6,16.7,31.8,81.8,870.1,2,4,0,21.0,0,1,2
53.7,28.8,71.8,74.2,47.4,44.3,5.5,1854.3,3,4,1,15.0,0,3,2
70.1,277.7,770.1,95.0,26.9,27.4,32.6,2969.1,2,3,0,25.9,0,9,3
35.6,30.3,76.3,51.4,46.8,31.6,63.2,1124.0,4,3,0,18.9,0,11,1
41.9,242.6,1046.5,95.0,48.4,23.7,68.6,185.7,3,4,0,1.6,0,8,3
62.6,42.5,54.2,52.0,36.6,34.4,87.8,2022.0,5,2,0,10.5,0,1,1
70.4,37.4,103.4,51.0,8.7,23.2,80.5,2789.6,6,2,0,5.6,0,10,1
59.6,167.6,780.8,95.0,11.7,43.1,90.1,862.4,1,2,0,20.8,0,8,3
58.2,302.7,1234.0,95.0,29.9,40.5,29.8,609.6,3,2,1,17.0,0,6,3
60.1,100.6,472.8,95.0,45.1,38.7,26.0,2247.9,1,2,1,20.1,0,7,3
49.0,287.3,1354.1,95.0,23.4,44.7,99.8,1317.7,1,4,0,8.2,0,9,3
67.1,29.3,57.5,65.5,20.6,25.8,94.2,2765.3,5,2,0,21.0,0,10,1
54.6,15.5,19.7,43.6,38.4,38.1,96.1,400.9,1,3,0,19.6,0,5,1
55.4,36.2,102.8,77.1,43.7,21.1,52.9,635.2,2,3,0,8.4,0,2,2
49.7,137.7,500.6,95.0,34.8,38.4,54.9,1250.9,2,3,0,15.2,0,7,3
34.2,67.0,126.8,83.1,27.4,22.8,60.9,2303.9,0,2,0,42.9,1,5,2
48.1,212.7,959.2,95.0,37.5,38.0,36.0,347.7,2,5,0,20.9,0,8,3
53.8,116.4,483.1,91.6,26.1,39.4,66.5,1732.9,2,2,0,18.8,0,7,2
63.9,43.6,50.4,53.6,41.1,33.5,4.5,935.2,2,4,1,10.9,0,4,2
27.5,46.6,81.4,78.8,31.2,15.3,68.3,1272.3,4,5,0,21.0,0,3,1
65.2,185.8,764.8,95.0,35.2,44.0,35.0,1516.2,1,5,0,21.7,0,8,3
42.2,68.3,150.0,73.8,26.3,32.9,79.6,2373.2,2,3,0,24.8,0,12,2
31.3,48.3,97.5,63.3,44.7,19.1,70.0,440.0,4,5,0,17.9,0,3,1
43.8,14.3,40.2,40.7,6.5,26.0,56.4,2765.4,1,4,0,30.5,0,1,1
58.9,24.7,55.6,58.5,13.0,15.6,44.8,623.5,3,4,0,4.8,0,2,2
78.6,135.2,510.0,95.0,41.1,19.8,17.3,1267.9,3,3,1,20.6,0,8,3
34.2,39.2,182.9,78.0,32.5,37.1,69.0,1656.5,2,3,0,2.6,0,6,1
27.6,173.6,813.3,95.0,25.5,27.4,14.4,372.6,2,4,1,20.6,0,8,3
57.0,37.4,51.3,78.1,22.8,29.5,31.5,907.5,3,2,0,19.2,0,1,2
76.9,70.9,169.8,78.4,35.7,30.9,63.3,2050.6,4,3,0,12.6,0,5,2
59.8,388.6,1006.3,95.0,39.3,16.0,40.2,1301.9,3,3,0,9.8,0,7,3
61.7,17.7,44.5,46.5,7.7,16.6,60.7,2703.8,2,3,0,6.2,0,2,1
19.5,270.2,1178.2,95.0,35.5,28.5,98.8,1783.0,3,1,0,16.3,0,6,2
39.8,46.9,70.1,63.5,14.4,22.1,68.9,2607.8,2,4,0,4.9,0,11,1
56.2,11.6,28.3,40.8,11.2,24.0,49.0,1576.9,1,3,0,10.1,0,2,1
80.7,49.1,112.0,78.4,43.5,31.6,58.4,2085.5,5,4,0,16.2,0,1,2
25.0,129.4,284.7,95.0,15.3,33.7,79.2,1573.2,3,3,0,29.2,0,6,2
53.1,63.2,65.5,62.1,49.0,20.8,88.7,2404.2,1,2,0,16.1,0,10,1
99.0,17.6,21.4,52.8,14.2,17.0,55.6,1751.3,1,3,0,20.8,0,12,1
65.8,19.7,73.0,40.0,49.7,15.9,63.1,1148.4,0,5,0,17.7,0,7,1
30.9,50.1,72.1,67.9,44.3,27.9,30.8,558.9,1,2,0,2.9,0,1,1
13.7,17.5,49.0,51.2,19.0,43.7,49.3,2635.3,0,1,0,16.6,0,1,0
32.8,298.4,1067.6,95.0,40.5,20.8,28.7,2644.1,3,3,1,15.9,0,9,3
29.4,152.5,495.1,95.0,46.6,30.7,51.1,1162.7,5,5,0,14.6,0,7,3
60.0,59.0,158.4,87.8,11.9,24.5,94.5,1989.5,3,4,0,19.1,0,4,2
88.8,46.5,98.1,74.2,6.4,19.1,50.8,2489.2,0,1,0,14.9,0,1,1
23.6,176.8,818.8,95.0,11.7,41.4,92.4,1412.2,3,2,0,23.8,0,8,2
41.3,56.1,113.0,63.7,24.4,21.7,18.9,393.1,3,3,1,24.3,0,10,2
66.5,297.0,653.0,95.0,18.6,40.8,5.0,2779.7,2,4,1,20.1,0,7,3
69.3,23.0,46.1,47.5,11.1,17.1,7.2,673.2,5,2,1,8.6,0,10,1
69.5,8.3,18.5,55.8,23.2,31.5,87.4,696.5,1,2,0,12.3,0,2,1
68.9,110.4,511.8,93.1,39.4,30.2,55.7,567.4,3,2,0,8.9,0,6,2
24.7,60.0,163.6,75.3,44.8,32.9,96.0,1345.8,2,5,0,18.1,1,12,2
32.3,63.1,173.7,90.4,28.3,25.9,35.1,1330.2,4,4,0,19.8,0,10,2
40.5,269.2,1168.5,95.0,17.3,35.7,81.8,135.9,3,1,0,6.6,0,8,2
10.8,632.7,1538.8,95.0,9.3,18.7,70.9,2614.4,1,4,0,21.6,0,7,2
49.2,383.0,1527.5,95.0,31.0,34.4,49.9,1633.9,4,3,0,13.3,0,6,3
21.2,20.3,49.6,57.1,47.0,33.6,77.8,2456.8,0,4,0,6.1,0,3,1
66.9,49.2,78.1,78.6,16.0,27.2,91.3,1471.2,2,4,0,16.6,0,5,2
83.5,166.6,679.8,95.0,35.1,26.1,61.9,2013.4,3,3,0,10.6,0,8,3
11.8,125.3,461.8,95.0,11.2,20.8,89.3,268.2,0,2,0,6.9,0,6,2
53.8,22.5,51.9,65.7,14.8,17.1,60.8,2011.8,2,4,0,10.0,0,4,2
9.4,13.6,27.3,40.4,27.1,31.5,57.7,126.3,3,4,0,18.0,1,10,1
58.5,438.8,1859.9,95.0,43.2,31.3,99.0,890.2,1,4,0,14.2,0,9,3
27.5,82.4,276.9,82.2,19.4,28.9,64.1,1656.6,5,1,0,20.1,1,9,2
66.6,46.0,92.4,80.0,9.8,43.5,98.4,2976.6,1,4,0,11.1,0,11,2
59.0,17.8,39.1,61.0,21.4,42.6,46.0,1516.3,1,4,0,12.7,0,2,2
53.8,28.6,82.6,64.0,23.2,19.2,69.9,1471.0,4,5,0,28.4,0,10,2
48.0,128.6,476.1,95.0,7.8,28.9,92.0,1284.8,4,2,0,17.9,0,6,2
35.8,37.0,73.8,51.1,22.9,16.6,0.7,2803.7,2,2,1,12.9,0,1,1
19.5,49.9,132.9,82.7,40.8,24.5,19.6,1526.8,2,2,1,11.9,0,1,1
40.0,27.7,49.3,68.0,32.5,41.2,65.3,1209.3,0,1,0,14.7,0,5,1
57.8,129.9,353.6,95.0,11.7,17.1,52.4,791.7,1,2,0,16.7,0,8,2
68.1,225.3,1076.2,95.0,46.3,20.3,60.5,1366.9,3,1,0,16.5,0,6,3
42.6,16.6,20.2,50.8,24.1,32.4,35.7,1576.7,4,3,0,12.9,0,4,1
48.6,38.6,50.6,52.4,21.8,38.5,26.3,676.3,2,2,1,4.0,0,3,1
81.8,39.6,47.7,65.5,14.5,22.3,82.1,965.4,1,3,0,21.2,0,2,1
45.0,34.3,50.2,75.4,37.6,33.9,72.9,779.0,0,4,0,30.2,0,2,2
66.2,213.0,765.9,95.0,8.3,41.6,77.1,110.3,0,2,0,6.2,0,7,3
42.9,231.8,839.8,95.0,28.9,35.2,90.6,2188.4,1,1,0,13.3,1,8,3
14.2,248.2,1210.2,95.0,38.9,39.1,67.4,1199.1,4,4,0,17.0,0,9,2
15.8,65.7,101.9,84.0,33.7,35.7,42.4,159.0,4,4,0,5.4,0,12,1
9.6,110.1,486.2,86.4,35.2,17.2,62.3,2626.0,2,4,0,15.9,0,8,2
41.8,40.0,92.5,76.6,46.1,25.2,63.6,1440.2,2,2,0,3.9,0,5,1
45.6,35.6,91.6,50.2,43.2,30.0,52.1,2510.8,6,4,0,19.9,0,10,1
17.1,352.4,846.1,95.0,34.7,40.1,98.9,687.2,1,4,0,12.2,0,8,2
68.2,329.2,945.0,95.0,41.4,44.8,60.2,2957.5,0,4,0,12.0,0,9,3
35.2,226.6,830.7,95.0,43.0,28.3,87.7,2559.4,1,3,0,5.8,0,7,3
52.6,16.0,46.1,60.0,19.5,32.8,52.8,1482.4,3,3,0,22.9,1,3,2
75.0,37.8,75.7,75.8,35.4,36.1,14.4,1961.9,6,3,1,7.7,0,4,2
79.2,50.2,56.5,80.8,13.0,31.3,59.0,1089.4,3,5,0,11.7,1,2,2
32.0,58.0,69.7,63.4,17.4,19.0,44.8,1827.7,1,3,0,21.7,0,5,1
24.7,84.7,259.1,85.1,20.0,32.5,61.0,231.5,2,3,0,17.5,0,9,2
15.4,15.7,42.2,42.0,21.7,40.3,22.0,555.8,0,5,1,14.8,0,12,1
76.1,32.8,54.3,64.9,35.1,36.5,90.3,417.9,1,3,0,10.2,1,4,2
31.5,40.7,99.2,66.0,37.5,37.6,83.3,2733.4,2,2,0,6.8,0,12,0
44.0,28.5,51.1,70.2,29.3,39.6,41.4,2018.9,1,3,0,17.7,0,11,1
32.0,72.6,170.2,75.5,16.5,23.1,40.6,2794.4,1,3,0,16.2,0,1,2
53.8,25.3,45.3,58.3,5.2,17.7,54.2,2987.9,2,2,0,22.7,0,5,1
26.0,19.6,25.7,52.8,36.7,39.1,2.3,231.4,2,4,1,15.6,0,11,1
62.5,54.6,113.1,83.2,46.0,18.9,68.8,878.1,1,2,0,14.0,0,3,2
46.7,292.1,1399.2,95.0,13.7,26.7,20.9,258.1,3,5,1,15.7,0,9,3
13.3,26.9,74.3,53.3,44.9,36.1,94.9,1515.6,1,1,0,23.5,0,11,0
43.7,59.9,176.4,86.5,21.5,36.1,17.0,2797.7,2,3,1,12.4,1,11,3
51.5,286.4,1318.6,95.0,34.7,32.7,12.8,793.1,1,5,1,15.3,0,8,3
28.0,47.0,131.6,79.1,39.5,37.4,70.6,2571.5,0,4,0,23.5,0,12,1
30.2,24.3,29.9,65.8,40.4,22.8,26.4,1868.0,2,4,1,12.9,0,1,1
27.8,44.1,97.5,76.5,7.7,34.4,71.8,2398.1,1,4,0,11.8,0,5,1
40.0,170.7,517.0,95.0,10.3,33.4,59.5,982.4,3,3,0,30.3,0,6,3
38.5,34.7,102.8,69.1,29.3,32.4,69.9,2764.6,0,1,0,10.5,0,1,1
38.7,49.1,145.3,56.8,6.8,29.6,14.3,502.2,4,1,1,12.8,0,1,1
72.5,52.3,182.7,75.5,5.9,42.8,59.7,2519.8,1,1,0,17.3,0,9,2
15.1,29.7,70.9,54.5,49.5,23.5,63.7,887.2,1,3,0,19.4,0,3,0
57.1,62.6,125.8,62.2,48.6,16.8,29.0,1933.1,3,2,1,3.8,1,11,2
46.7,52.2,140.0,80.2,41.4,26.2,79.3,1127.6,2,4,0,4.3,1,12,2
45.6,178.2,730.3,95.0,12.3,41.6,19.8,2298.8,2,4,1,22.1,0,7,3
18.6,178.2,863.2,95.0,34.5,32.8,54.2,502.3,0,2,0,22.9,0,8,2
35.5,22.7,43.4,56.1,24.1,26.8,32.4,1978.0,1,5,0,4.8,0,5,2
21.8,55.8,126.2,63.1,16.7,31.2,22.3,1465.4,0,4,1,12.7,0,2,1
40.8,17.8,51.3,64.7,28.5,39.3,29.4,454.1,1,2,1,16.8,0,5,1
14.6,43.6,120.4,77.4,46.6,39.2,63.3,1347.5,1,4,0,20.4,0,5,1
12.4,198.7,441.0,95.0,47.5,36.0,60.3,1894.4,2,1,0,6.7,0,9,2
26.8,42.9,95.2,73.7,28.7,22.6,96.5,2559.5,3,2,0,9.6,0,2,1
39.6,307.1,816.4,95.0,15.6,18.5,60.9,916.2,2,1,0,19.8,0,7,2
97.2,31.1,58.0,72.2,6.7,28.4,83.8,2072.9,4,4,0,18.0,0,4,2
89.6,57.2,204.7,61.5,17.1,15.3,40.1,2783.4,1,4,0,22.3,0,8,2
41.9,177.3,430.2,95.0,48.4,32.8,6.3,171.7,0,4,1,12.0,0,7,3
48.9,40.5,121.4,51.5,17.5,17.4,63.8,2542.0,2,3,0,5.3,0,10,1
53.7,201.2,942.8,95.0,46.3,28.2,29.6,2970.0,1,3,1,13.7,0,9,3
24.0,44.9,86.9,80.7,12.0,35.1,76.4,2350.2,1,3,0,22.9,0,4,1
38.6,83.3,185.8,95.0,24.3,44.2,16.6,967.0,3,4,1,24.5,0,1,3
56.3,54.0,103.9,84.1,39.1,34.4,62.2,2215.2,2,3,0,12.0,0,2,2
11.4,176.5,563.2,95.0,29.3,35.9,60.7,852.5,2,1,0,17.1,0,7,2
15.9,35.0,56.3,48.7,33.6,43.4,47.3,953.2,4,4,0,14.8,0,4,0
52.3,49.6,106.1,56.0,25.3,39.5,26.4,2166.7,2,3,1,16.8,0,11,2
50.4,39.6,49.2,77.2,29.5,34.2,37.1,1986.7,2,4,0,13.4,0,12,2
41.9,28.3,39.8,64.9,18.7,22.9,59.2,844.1,4,3,0,14.9,0,10,1
69.7,169.1,621.5,95.0,39.2,21.3,62.0,649.7,3,2,0,8.5,0,7,3
54.7,8.9,25.5,54.2,32.2,33.4,36.0,396.8,4,1,0,16.5,1,2,2
24.2,33.1,66.0,68.8,23.0,44.3,95.2,378.1,1,3,0,6.4,0,5,0
25.9,43.9,112.3,69.1,36.3,21.9,92.6,720.9,3,2,0,3.6,0,11,0
45.2,42.9,73.7,61.1,31.4,41.1,59.3,1753.1,4,2,0,6.0,1,1,2
55.7,70.7,179.3,93.7,45.7,20.3,5.8,600.7,1,2,1,22.7,0,8,2
52.7,93.3,127.9,95.0,28.8,44.6,63.8,1742.0,3,4,0,13.5,1,12,3
36.2,248.8,680.7,95.0,43.1,35.3,61.3,2515.1,3,1,0,18.7,0,7,2
25.1,22.1,25.9,63.4,26.8,44.4,90.3,547.3,1,3,0,12.8,0,10,1
75.0,15.1,19.0,58.6,11.4,16.7,99.7,1748.9,2,4,0,13.2,0,4,2
34.0,34.2,79.0,73.2,23.1,35.7,36.3,1146.5,3,4,0,19.7,0,12,2
50.4,281.7,1251.6,95.0,24.8,15.5,98.5,2769.9,3,1,0,48.1,0,9,3
42.8,62.6,115.1,79.6,22.7,39.8,44.8,1217.8,3,3,0,14.0,0,5,2
71.8,26.6,47.5,72.2,20.0,21.4,46.7,1883.1,2,5,0,15.5,1,4,2
32.3,187.7,719.5,95.0,7.8,21.9,64.1,1079.2,1,5,0,17.4,0,9,3
29.5,68.2,90.9,79.4,9.8,42.0,6.1,1899.9,2,3,1,11.0,0,11,2
74.0,188.2,584.3,95.0,44.8,26.0,70.3,2424.7,1,4,0,20.3,0,9,3
35.6,64.2,229.2,91.5,28.3,24.3,55.2,241.6,2,2,0,18.3,0,8,2
36.9,25.0,33.1,46.8,17.0,18.7,94.8,463.5,5,4,0,16.7,0,1,1
67.1,38.8,78.9,72.0,26.7,41.5,36.4,963.5,1,2,0,12.0,0,3,2
46.0,29.1,64.9,59.8,28.3,19.9,59.9,2932.7,3,2,0,14.3,0,2,1
21.8,32.7,37.9,46.9,19.2,35.8,85.3,1640.3,2,4,0,8.6,1,11,1
17.6,51.7,70.9,78.1,28.4,19.8,11.4,591.2,3,3,1,14.8,0,11,2
44.1,66.9,139.3,71.5,34.5,30.2,71.4,450.2,4,1,0,26.8,1,2,2
50.9,12.8,28.9,43.2,19.3,40.7,56.9,491.0,0,4,0,5.6,0,12,1
71.0,78.6,279.9,72.4,41.8,35.1,38.0,747.2,2,5,0,2.1,0,7,2
58.6,161.7,605.6,95.0,24.6,39.0,48.6,2153.4,3,3,0,7.4,1,9,3
12.1,46.4,74.9,59.5,40.8,26.9,48.4,2144.6,4,5,0,21.6,0,5,0
21.6,40.7,101.7,51.3,14.7,16.8,8.8,2876.4,1,5,1,17.3,1,11,2
97.9,102.5,214.6,82.3,8.3,33.2,84.0,1598.0,6,2,0,19.9,0,4,2
11.2,45.3,105.9,77.6,45.9,40.8,54.4,2740.6,1,2,0,23.8,0,12,0
67.7,349.0,1343.8,95.0,24.1,43.2,81.9,490.0,0,3,0,5.2,0,9,3
73.9,114.9,295.5,95.0,7.4,29.1,17.0,436.2,0,4,1,12.4,0,6,3
27.8,328.1,975.2,95.0,38.9,32.9,19.7,1911.2,3,2,1,13.3,0,8,3
68.5,249.8,856.6,95.0,32.4,38.9,68.3,574.7,1,3,0,11.7,0,7,3
57.6,40.0,55.0,59.2,36.1,21.3,47.1,2634.0,0,4,0,24.7,0,3,2
51.0,13.9,27.7,57.2,19.0,33.8,25.1,1360.2,1,5,1,19.2,0,2,2
69.9,25.6,62.9,55.5,16.4,42.5,91.1,2480.6,0,4,0,3.4,0,10,2
43.6,263.1,1261.1,95.0,43.4,22.7,91.8,2824.1,1,2,0,16.9,0,9,2
19.6,16.2,47.7,54.5,36.9,25.1,27.0,253.3,1,3,1,3.5,1,10,1
36.1,54.2,66.4,62.8,24.3,23.7,83.3,612.8,1,2,0,9.4,1,3,2
29.2,62.8,153.6,71.6,35.6,20.3,41.6,1104.8,4,4,0,16.7,0,10,2
52.5,65.0,69.8,70.7,19.8,33.6,86.8,2896.1,2,3,0,5.4,0,10,2
49.1,40.4,81.8,53.7,15.5,27.8,72.4,798.5,3,4,0,13.4,0,4,1
15.7,108.7,180.3,95.0,23.9,31.4,69.7,2451.3,2,4,0,5.1,0,3,2
52.3,37.6,110.2,63.3,43.2,25.5,74.0,1046.4,1,4,0,11.1,0,11,2
58.9,63.8,99.8,77.3,37.3,21.5,28.1,2002.9,1,3,1,17.5,0,1,2
13.7,207.2,472.0,95.0,42.3,21.6,36.2,2744.3,4,3,0,7.3,0,9,2
18.3,57.1,147.5,68.5,11.2,33.6,6.8,2481.3,2,2,1,16.9,0,10,1
52.6,237.6,481.3,95.0,33.0,44.0,24.1,1346.0,2,3,1,10.6,1,9,3
20.2,17.0,49.9,59.9,26.7,15.5,4.5,2907.2,1,4,1,9.3,0,10,1
43.0,20.3,47.1,53.5,35.7,25.0,91.7,376.0,3,5,0,12.1,0,12,1
65.1,21.0,49.0,63.4,29.3,32.9,46.8,955.2,2,5,0,19.0,0,12,2
85.9,194.0,838.3,95.0,17.0,44.6,11.7,1971.6,4,3,1,17.8,1,6,3
66.4,178.2,368.7,95.0,10.1,15.3,6.0,733.9,3,2,1,46.3,0,6,3
36.9,23.9,32.0,56.7,29.5,19.7,22.4,686.0,2,4,1,22.8,1,2,2
30.5,20.6,24.4,42.7,21.1,23.6,11.0,1236.1,1,3,1,14.3,0,11,1
33.8,49.4,87.4,71.8,20.5,36.4,33.6,2857.1,3,2,0,14.4,1,10,2
33.7,41.2,47.1,76.9,20.9,26.5,3.1,143.7,2,2,1,10.6,0,3,1
60.4,29.7,37.9,66.8,38.5,34.4,92.1,1630.9,2,4,0,22.3,0,4,2
25.1,62.3,87.5,90.9,17.0,23.5,65.2,2162.6,1,1,0,21.1,0,3,1
35.7,359.0,1201.0,95.0,18.1,24.9,47.7,327.4,0,4,0,22.0,0,6,3
82.2,288.4,1100.1,95.0,23.3,35.5,15.6,403.1,2,2,1,13.9,0,8,3
75.4,29.1,66.9,73.2,6.0,35.7,67.3,1820.2,2,1,0,18.9,0,3,1
24.9,46.1,111.3,74.0,42.7,35.5,4.0,743.2,1,4,1,12.6,0,3,2
59.2,38.7,96.8,72.2,33.6,41.8,44.9,705.5,5,1,0,21.3,0,3,1
57.3,21.5,39.1,55.3,25.6,15.9,33.9,2906.5,3,4,0,18.7,0,12,2
31.5,12.8,29.9,56.1,27.1,19.4,56.7,1576.6,2,3,0,8.0,0,10,1
75.2,41.8,70.5,69.5,30.0,20.6,35.4,2899.4,4,3,0,30.3,0,3,2
46.7,243.2,780.2,95.0,30.9,33.1,61.8,2750.2,0,3,0,7.4,0,9,3
60.7,2.9,3.0,40.1,23.5,45.0,96.0,558.6,2,4,0,7.9,0,10,1
10.3,55.0,136.7,64.0,7.9,39.8,23.3,738.8,3,4,1,7.5,0,4,1
61.4,90.2,288.8,85.3,43.6,39.9,16.0,2556.8,3,4,1,21.7,0,6,3
47.8,13.7,37.9,48.6,44.3,41.5,13.1,216.6,2,2,1,17.4,0,4,1
85.4,71.0,157.9,72.3,43.2,42.7,63.1,2705.2,1,2,0,16.0,1,10,2
71.7,66.0,100.1,82.3,20.9,39.5,97.6,719.2,3,3,0,18.7,0,11,2
68.4,20.1,52.0,60.2,24.1,27.0,44.8,1667.8,3,3,0,27.5,0,12,1
74.0,49.6,66.8,73.9,24.3,26.3,22.8,802.6,3,4,1,9.9,0,5,2
34.0,50.5,71.8,76.7,36.0,37.5,65.8,277.6,2,3,0,34.0,0,11,1
27.4,34.9,42.7,58.3,40.0,29.9,95.2,1219.6,4,3,0,17.3,0,5,1
32.0,13.2,28.9,42.7,47.5,19.7,83.3,1865.4,3,4,0,23.8,0,10,1
31.4,25.5,68.5,57.4,39.1,19.1,43.9,541.7,0,4,0,13.3,0,1,1
77.8,19.6,55.5,61.7,43.9,37.1,35.5,1481.9,0,3,0,23.3,0,1,2
15.2,34.4,87.5,67.8,30.2,20.7,26.4,393.4,1,5,1,19.5,0,11,1
28.5,16.6,30.7,67.5,24.5,36.0,97.9,1906.3,1,2,0,32.6,0,12,0
49.8,54.7,137.2,60.5,19.6,30.1,24.0,2343.3,4,4,1,6.0,0,3,2
51.7,65.5,108.3,75.3,43.5,30.1,83.7,1875.8,2,5,0,11.8,0,5,2
28.8,39.9,71.4,78.2,46.0,20.4,24.5,1745.7,1,5,1,23.6,0,12,2
27.8,56.0,167.8,68.8,44.7,29.9,73.0,2489.4,1,1,0,9.7,0,11,1
47.6,52.7,118.7,57.7,36.1,34.5,90.7,508.4,1,3,0,4.7,0,4,2
74.8,49.5,103.8,75.7,28.4,37.8,19.2,2013.0,3,4,1,21.4,1,12,3
32.1,60.5,149.1,68.6,44.9,31.1,15.9,2517.6,1,3,1,9.6,0,12,2
46.2,133.1,604.1,95.0,42.0,32.2,92.4,1410.5,2,2,0,22.9,1,7,3
36.1,83.1,177.1,95.0,41.9,15.9,77.9,452.9,1,1,0,23.8,0,11,2
41.1,146.5,542.8,95.0,17.9,17.3,91.8,2541.5,3,3,0,21.9,0,8,2
32.5,69.8,198.2,82.5,18.8,19.4,99.4,810.3,2,2,0,26.9,1,1,2
28.4,40.6,59.5,61.3,19.8,43.1,33.9,250.1,0,2,0,16.6,0,1,1
56.7,45.8,133.5,63.1,10.5,21.2,72.2,2742.5,1,4,0,10.5,0,4,2
66.2,231.6,555.8,95.0,44.8,18.5,18.1,451.6,2,2,1,22.1,0,7,3
35.2,148.3,594.5,95.0,49.4,31.4,58.9,2953.6,1,5,0,18.6,0,7,3
54.6,37.3,55.6,69.6,7.1,20.3,72.0,1813.6,1,5,0,17.0,1,10,2
61.4,39.0,88.2,52.1,7.5,21.4,53.4,2342.3,1,3,0,4.8,0,2,1
74.0,53.0,155.7,57.5,5.9,32.5,46.5,1572.5,2,5,0,15.3,1,3,2
11.3,29.4,54.2,63.9,26.1,35.4,24.2,2214.7,1,3,1,10.9,0,11,0
92.3,83.7,226.1,79.5,40.1,38.9,96.8,2988.7,5,4,0,18.4,0,5,2
92.3,188.2,563.8,95.0,27.5,24.2,31.2,491.4,2,5,0,5.3,0,8,3
69.7,9.6,15.7,63.8,39.0,15.6,46.3,2106.0,2,3,0,21.6,0,10,1
94.7,48.6,127.3,59.2,35.4,41.3,86.4,2431.6,3,5,0,11.6,0,4,2
22.7,56.3,115.0,83.9,10.3,26.3,68.0,2777.3,2,3,0,11.3,0,5,1
38.9,49.1,234.9,60.7,31.1,39.6,29.1,2425.0,2,3,1,17.5,0,9,2
77.0,54.8,133.3,74.1,6.0,36.5,99.4,2623.0,0,5,0,3.2,0,4,2
29.8,360.0,1453.1,95.0,42.1,38.6,2.2,2355.3,1,3,1,27.2,1,7,3
35.5,57.5,93.7,66.8,48.1,41.7,27.0,595.1,2,1,1,27.1,0,1,1
56.9,72.8,94.8,67.5,8.9,23.7,72.4,1047.0,1,4,0,10.0,0,3,2
43.1,69.2,135.1,67.1,39.0,17.7,18.2,2544.0,3,5,1,22.6,0,10,2
60.2,30.7,34.5,68.3,43.6,18.6,52.6,2212.5,3,5,0,12.9,1,3,2
36.0,54.9,67.6,71.8,41.4,16.9,74.6,372.7,1,3,0,17.2,0,10,2
33.3,98.0,225.7,95.0,37.9,22.1,9.0,2548.1,3,4,1,14.7,0,7,2
6.8,64.1,99.7,67.3,45.3,31.9,99.6,837.0,1,3,0,8.8,0,12,0
40.0,46.3,48.8,72.8,47.7,36.2,3.1,2005.8,2,4,1,6.4,0,10,2
62.3,167.5,452.8,95.0,20.5,21.7,72.5,1142.1,4,4,0,17.9,0,7,3
69.7,26.2,49.3,69.5,42.5,24.9,7.4,1715.9,1,5,1,15.1,0,12,2
44.9,39.5,64.2,78.1,32.8,35.1,67.2,2987.1,4,1,0,4.2,0,11,1
67.9,132.7,482.8,95.0,45.6,24.5,88.7,872.4,0,3,0,12.1,0,7,3
30.8,40.7,110.2,64.5,6.0,34.3,26.7,2959.3,0,2,1,9.5,0,10,1
23.5,175.3,608.3,95.0,21.2,33.6,18.9,2917.6,2,5,1,27.1,0,7,3
63.0,169.7,469.7,95.0,38.4,18.6,14.0,1142.0,0,1,1,13.6,0,6,3
65.9,41.2,47.3,79.6,37.4,19.5,70.6,2619.2,1,5,0,21.2,0,11,2
18.4,281.5,606.6,95.0,14.5,27.3,62.9,1673.4,2,3,0,15.6,0,9,2
40.0,84.9,412.8,74.3,48.0,29.8,87.8,2002.0,0,4,0,24.9,0,8,2
62.9,21.0,54.7,67.4,35.9,16.8,98.7,1717.5,4,5,0,22.5,0,5,2
29.3,43.2,66.6,58.3,24.1,28.7,21.7,2642.9,2,3,1,14.6,0,4,1
10.0,13.7,40.2,55.7,35.7,39.4,54.6,1674.1,3,2,0,18.4,0,2,0
67.2,40.5,73.6,66.9,49.7,37.3,83.8,696.4,2,2,0,19.0,0,3,1
58.1,50.3,78.4,79.4,16.3,44.4,89.0,557.2,2,4,0,13.7,0,2,2
33.2,39.8,50.5,77.4,45.2,41.4,96.4,2475.3,0,4,0,21.6,0,3,1
35.4,53.0,144.4,70.3,6.1,43.3,45.9,1625.2,2,4,0,14.8,0,1,2
60.3,52.3,236.4,59.5,48.4,20.9,72.1,1716.0,2,4,0,23.6,1,7,2
51.3,56.4,133.5,66.2,43.4,18.5,44.0,1308.8,2,4,0,9.2,0,3,2
59.2,44.1,90.7,61.2,33.2,15.5,51.8,1051.9,0,2,0,15.0,0,2,1
33.3,18.3,30.1,60.2,22.3,31.5,55.3,778.9,2,3,0,18.2,1,12,1
44.6,237.7,926.7,95.0,25.0,29.3,77.7,2194.4,1,1,0,20.7,0,8,2
86.7,48.8,74.7,81.0,33.4,27.0,41.9,1550.4,1,5,0,3.4,0,11,2
68.2,38.1,96.7,53.4,19.9,37.2,40.0,123.2,3,2,0,18.4,0,5,1
41.4,46.7,51.6,82.8,9.7,21.2,72.4,1224.2,1,4,0,21.2,0,3,2
42.0,98.9,472.3,95.0,38.9,24.2,78.8,2200.3,1,2,0,14.1,0,9,2
50.5,50.1,50.6,59.2,40.3,17.9,97.3,2913.8,1,4,0,16.0,0,2,2
45.0,169.8,717.7,95.0,24.5,44.7,12.4,2761.7,4,2,1,14.5,0,8,3
22.7,52.6,144.7,69.3,32.2,31.0,54.0,1219.9,3,3,0,11.5,0,11,1
54.6,91.4,206.1,95.0,36.2,39.3,12.7,120.1,0,3,1,8.0,0,8,3
34.0,79.5,96.3,70.6,46.0,31.5,23.8,352.1,1,4,1,8.3,0,4,2
50.5,35.4,69.5,77.4,22.9,16.3,96.8,2915.8,6,4,0,15.3,0,2,2
61.4,35.0,44.8,50.4,46.9,36.6,12.0,1605.4,1,4,1,16.7,1,4,2
62.1,64.2,124.8,76.7,47.6,26.5,37.2,1187.7,6,2,0,4.5,1,4,2
29.9,73.8,319.5,77.3,5.8,32.0,68.4,310.7,2,1,0,7.8,0,7,2
56.9,64.2,151.3,77.3,44.0,43.5,72.9,803.0,1,4,0,20.8,0,12,2
40.8,88.7,153.0,74.9,20.4,41.5,84.4,1199.8,1,4,0,8.8,0,1,2
58.9,9.1,20.7,51.7,40.7,29.6,67.3,2861.2,2,3,0,6.8,0,11,1
79.8,39.4,43.3,61.5,9.4,22.2,74.8,252.9,1,3,0,26.9,0,3,1
60.3,25.3,35.5,43.8,18.5,37.8,40.4,2119.8,2,3,0,19.5,0,1,1
34.0,34.6,56.3,57.3,40.3,44.4,11.2,719.9,0,4,1,19.6,0,3,2
49.7,184.9,659.8,95.0,44.2,41.0,12.2,1621.6,6,3,1,15.0,0,6,3
23.1,16.2,44.7,46.1,34.3,37.0,13.8,452.3,2,4,1,12.1,0,11,1
39.7,95.0,336.3,87.2,15.5,36.4,44.3,1020.9,2,2,0,21.9,0,7,2
31.2,112.6,250.6,95.0,10.4,25.9,30.3,713.4,5,3,0,16.1,0,8,2
52.3,231.4,1008.5,95.0,33.1,23.4,93.3,190.0,2,3,0,16.2,0,8,3
18.8,21.0,57.2,67.9,24.4,25.5,51.6,398.6,0,1,0,26.4,0,4,0
71.5,18.1,28.3,52.4,26.7,23.6,85.1,281.9,4,3,0,4.0,1,3,2
13.3,32.9,70.1,76.4,42.1,21.9,61.1,170.9,2,2,0,12.1,0,3,0
19.3,14.0,24.8,46.7,34.7,22.3,0.6,2267.5,1,3,1,21.3,0,2,1
46.9,21.2,53.2,53.0,34.9,20.9,65.2,601.6,3,4,0,4.4,0,10,1
45.7,369.2,985.4,95.0,8.1,40.6,83.6,1026.6,0,3,0,5.5,0,8,3
58.3,29.8,40.2,69.8,39.5,39.8,54.6,123.9,4,3,0,16.4,0,1,1
25.9,45.2,79.7,53.2,40.6,36.4,91.0,2724.6,2,5,0,2.3,0,2,1
21.8,37.3,83.4,72.5,13.0,24.4,11.4,2119.1,3,2,1,18.9,0,4,1
17.1,304.4,935.6,95.0,36.2,17.5,4.1,453.0,0,4,1,17.6,0,6,3
67.0,211.3,669.5,95.0,47.5,23.3,43.2,893.4,2,3,0,9.5,0,8,3
34.7,95.7,215.8,89.0,43.3,26.7,43.6,1628.2,1,4,0,5.1,0,6,2
23.0,35.9,75.8,49.3,20.6,33.3,94.4,1991.5,1,4,0,13.4,0,4,0
65.7,66.6,204.0,65.0,15.7,16.9,29.4,180.7,0,2,1,10.9,0,8,2
66.0,161.7,540.5,95.0,34.8,32.5,23.1,1621.8,2,5,1,14.6,0,9,3
39.4,29.9,81.2,61.4,20.3,38.4,6.7,2041.8,0,1,1,26.4,0,4,1
44.7,26.8,28.3,59.7,22.7,18.9,60.1,2099.1,1,3,0,5.5,0,2,1
59.5,226.7,523.5,95.0,5.3,43.0,43.0,102.9,3,5,0,4.3,1,8,3
44.1,32.8,42.9,57.8,38.1,33.2,87.3,2074.6,2,1,0,3.1,0,12,1
48.2,62.2,96.3,84.3,9.8,42.0,3.8,126.4,2,2,1,22.5,1,1,2
24.3,19.6,58.6,42.1,42.0,28.2,88.8,676.6,3,4,0,7.1,0,1,0
32.1,30.3,46.9,71.2,31.4,27.5,89.8,697.2,3,5,0,12.5,0,10,1
19.6,24.4,63.4,63.1,8.6,24.9,66.5,842.4,2,3,0,15.7,0,11,0
54.6,180.2,673.1,95.0,38.2,44.6,77.8,1410.3,1,1,0,15.2,0,7,3
65.7,17.6,43.2,58.5,5.4,31.4,0.7,1153.6,3,4,1,14.4,1,11,2
57.9,35.0,96.1,52.3,13.0,27.2,67.5,582.3,2,3,0,14.9,0,2,1
31.8,11.0,18.8,42.3,11.8,33.2,3.7,2557.4,3,2,1,44.5,1,1,1
47.5,29.1,52.3,69.3,26.8,43.7,73.7,775.0,2,3,0,14.5,0,4,1
64.3,53.1,107.9,73.1,5.8,37.5,24.5,597.0,1,2,1,22.6,0,3,2
31.2,7.5,21.4,39.5,30.1,30.4,85.4,277.9,6,2,0,18.8,0,9,0
40.5,147.0,402.8,95.0,19.0,34.9,62.3,1824.6,4,2,0,5.7,0,7,2
64.2,139.0,340.2,95.0,6.5,26.3,89.5,1524.2,3,4,0,17.4,0,8,3
54.8,129.9,266.2,95.0,36.8,15.3,32.5,1650.9,4,3,0,13.5,0,6,3
35.1,35.7,45.1,55.8,5.9,42.6,89.4,1899.4,2,5,0,20.1,0,2,1
50.4,60.6,103.1,78.1,28.6,20.1,87.5,700.7,4,5,0,10.4,0,11,2
43.3,47.2,122.8,59.6,46.6,28.0,47.0,858.8,2,3,0,14.9,0,3,1
52.3,17.3,38.8,41.2,32.0,44.1,59.4,2585.0,2,3,0,4.8,0,4,1
28.2,346.2,1712.1,95.0,44.3,32.7,24.8,131.8,3,1,1,17.1,0,6,2
59.4,292.2,1112.4,95.0,6.2,27.6,82.0,1616.9,0,3,0,10.1,0,6,3
22.1,21.6,58.9,43.2,5.5,22.1,84.7,2797.8,1,2,0,16.0,0,2,0
17.5,15.9,25.3,56.2,48.7,20.6,21.3,2910.9,1,5,1,12.2,0,5,1
32.4,263.6,715.4,95.0,27.0,25.9,35.5,973.7,2,2,0,6.8,0,9,2
45.6,59.2,160.6,69.7,24.0,22.9,62.1,1185.1,4,1,0,16.2,0,2,2
55.5,3.6,4.3,61.8,17.7,36.1,16.7,855.1,0,5,1,32.2,0,2,2
22.0,289.7,1399.5,95.0,13.2,41.1,98.8,1396.9,1,3,0,9.2,0,6,2
59.1,16.0,41.0,61.0,47.7,32.6,47.9,2033.8,3,3,0,6.5,0,5,1
51.5,34.7,67.2,65.4,20.3,33.4,40.7,1837.5,1,2,0,4.8,0,3,1
85.1,69.1,195.5,86.1,5.6,20.6,21.9,911.8,1,3,1,18.1,0,10,2
45.3,19.0,26.7,40.0,48.2,22.8,61.2,818.7,1,3,0,9.9,0,1,1
52.8,55.9,76.9,67.2,28.1,27.8,9.9,2260.0,1,4,1,9.5,0,2,2
56.7,52.0,114.0,81.3,44.6,24.9,39.3,2199.6,0,2,0,9.9,0,5,2
70.8,161.7,806.3,95.0,10.6,25.1,50.5,2136.7,3,2,0,25.8,0,9,3
22.4,107.1,408.9,90.4,15.0,27.6,45.2,1982.3,1,2,0,8.4,1,6,2
37.1,45.2,97.8,79.7,18.2,23.3,80.5,818.4,0,3,0,19.1,0,10,1
34.2,38.5,87.9,65.2,13.1,20.2,20.1,2384.5,1,3,1,17.9,0,2,1
112.5,65.7,123.4,74.3,11.6,38.1,62.6,594.4,3,2,0,5.7,0,5,2
19.4,29.3,50.4,53.0,10.1,43.0,18.3,2018.8,0,4,1,23.5,0,5,1
58.1,221.8,597.7,95.0,5.3,31.3,77.5,269.2,2,4,0,7.0,1,7,3
70.4,37.8,47.3,75.9,11.1,40.0,5.2,1265.8,1,4,1,27.0,0,10,2
35.2,20.6,29.8,44.5,23.1,32.7,76.4,2701.6,2,4,0,7.9,0,11,1
18.2,19.6,34.4,52.4,36.0,24.6,37.7,1906.7,4,1,0,11.0,0,12,0
20.1,74.9,91.2,78.3,33.5,33.9,86.6,1654.2,1,3,0,31.7,0,2,1
44.1,48.3,107.3,67.0,18.0,37.9,73.6,2272.0,3,2,0,27.1,0,2,1
14.2,16.5,23.5,42.0,44.7,15.9,76.0,1350.2,0,3,0,28.5,0,4,0
47.3,244.2,604.0,95.0,16.3,30.3,26.9,816.4,3,3,1,20.6,0,7,3
86.6,105.1,516.3,95.0,47.9,18.9,24.1,1107.8,6,4,1,9.0,0,7,3
43.5,27.0,69.1,54.3,23.1,35.6,32.3,2883.1,2,3,0,17.8,0,5,1
64.3,205.3,797.0,95.0,29.8,24.4,3.2,712.4,1,3,1,7.0,0,9,3
45.5,58.7,110.8,73.3,42.3,39.5,14.1,2158.4,5,4,1,7.3,0,10,2
23.1,88.4,115.9,85.7,13.4,37.9,23.8,337.7,6,5,1,12.6,0,3,2
45.7,32.0,86.3,56.5,6.8,25.5,88.6,1911.3,1,3,0,19.1,0,1,1
61.5,29.1,137.7,50.5,21.4,40.5,66.3,484.4,3,3,0,9.9,1,9,2
22.7,19.0,46.4,48.2,23.8,40.8,31.0,2780.5,1,2,0,20.5,0,10,0
42.9,37.7,61.4,58.0,8.4,20.9,61.0,2075.3,2,4,0,11.8,0,2,1
27.5,96.9,378.7,85.8,15.4,18.0,12.0,2484.2,1,4,1,10.2,0,7,3
19.8,26.9,33.3,64.0,18.7,39.2,48.9,333.5,1,2,0,21.2,0,5,0
36.1,79.8,294.0,95.0,17.1,19.2,54.4,996.3,4,4,0,5.2,0,7,2
87.2,139.0,624.5,95.0,46.9,35.5,62.5,1125.6,1,5,0,17.5,0,9,3
26.9,67.0,165.2,77.8,7.6,29.1,4.2,2844.1,1,2,1,17.0,0,10,2
24.6,45.1,106.8,55.0,21.5,37.9,34.1,2850.3,1,3,0,22.3,0,4,0
26.0,40.1,48.3,71.0,8.0,26.4,86.0,2091.0,4,5,0,5.6,0,3,1
17.0,264.1,586.8,95.0,41.2,22.5,71.5,790.3,3,3,0,24.7,0,7,2
35.0,20.1,41.4,52.4,22.7,19.8,66.0,303.7,1,3,0,13.2,0,12,1
55.1,54.6,55.7,67.0,43.8,41.1,91.9,2458.0,1,3,0,15.7,0,4,2
23.9,11.2,22.2,49.0,43.3,39.0,78.2,2803.6,3,2,0,29.6,0,2,0
11.5,32.6,77.3,54.8,46.6,30.0,46.8,454.6,4,4,0,13.8,0,3,0
64.2,17.5,33.4,54.1,20.2,41.2,39.6,2142.4,1,4,0,16.4,0,10,2
45.0,28.4,29.7,71.6,16.2,34.5,56.0,1888.6,2,3,0,3.3,0,12,1
38.7,60.9,294.9,85.7,22.9,24.5,70.4,1283.4,1,4,0,24.8,0,8,2
30.3,39.2,53.9,64.4,10.1,30.5,82.1,1502.7,1,3,0,18.1,0,4,1
88.9,42.5,76.3,65.0,28.7,21.7,30.9,2569.7,0,4,0,11.0,0,10,2
44.0,36.9,70.5,59.4,8.5,16.0,26.9,1143.2,3,4,1,12.9,1,3,2
30.6,72.3,162.3,95.0,25.1,29.1,74.1,1145.8,1,4,0,10.5,0,10,2
53.4,240.9,765.2,95.0,12.6,38.8,34.7,991.5,2,5,0,19.0,0,9,3
23.1,50.7,129.3,61.3,19.7,31.3,0.5,675.3,3,5,1,18.0,0,1,2
33.9,29.6,65.7,56.7,31.6,23.3,96.7,2507.5,4,2,0,16.7,0,10,0
44.5,7.2,14.2,46.7,27.1,17.2,29.7,2773.2,1,2,1,24.2,0,4,1
42.8,53.3,112.7,68.0,19.5,36.9,91.5,173.9,2,1,0,15.4,0,12,1
13.5,54.6,65.8,79.8,43.1,29.0,82.7,1254.2,4,2,0,13.0,0,10,0
32.0,51.9,122.9,78.5,43.4,17.5,44.2,659.9,0,3,0,34.7,0,3,1
49.7,38.6,85.1,58.0,45.7,17.8,87.8,602.6,3,5,0,36.4,0,5,2
36.5,45.3,98.0,68.8,22.6,35.5,37.0,1409.2,0,4,0,19.5,1,5,2
48.8,63.9,130.2,77.0,21.1,29.8,69.7,1002.1,2,5,0,23.0,0,4,2
50.2,185.9,650.2,95.0,46.9,44.0,81.2,1890.3,1,3,0,24.2,0,7,3
56.8,87.5,429.0,95.0,30.7,34.9,23.7,1031.8,2,1,1,11.1,0,6,2
53.4,182.9,692.7,95.0,19.6,21.3,2.3,1960.8,3,4,1,10.1,0,6,3
75.2,233.5,619.8,95.0,46.1,28.6,35.9,1915.8,2,3,0,4.1,0,8,3
39.2,34.2,57.8,48.2,47.5,35.2,19.1,242.0,4,2,1,18.0,0,11,1
77.2,49.8,60.7,62.0,11.2,30.4,73.6,323.2,2,2,0,19.6,0,12,1
69.9,38.3,71.3,53.4,6.2,17.3,9.8,1109.0,3,4,1,7.7,0,3,2
20.6,29.0,46.6,69.9,33.9,40.5,64.4,2752.7,2,4,0,13.2,0,12,1
57.6,55.4,139.7,72.2,36.9,15.8,29.3,2718.9,2,4,1,1.2,0,5,2
11.9,76.7,94.9,77.8,32.4,34.8,2.8,2745.1,2,3,1,14.1,1,11,2
16.9,35.3,95.4,54.0,15.8,41.7,46.8,1991.0,2,5,0,19.9,0,4,0
19.4,24.2,33.6,50.7,18.6,21.8,26.3,547.3,5,3,1,3.8,1,3,1
68.7,32.2,91.5,59.1,21.6,21.7,31.3,735.4,1,1,0,15.0,0,3,1
36.6,84.6,175.8,95.0,47.7,43.0,44.2,737.9,2,2,0,28.0,0,1,2
54.9,22.9,57.7,44.6,28.8,26.1,10.1,962.4,2,5,1,14.6,0,11,2
67.9,17.4,25.9,39.5,49.1,20.8,54.4,245.7,0,4,0,8.0,0,2,1
37.7,174.0,439.6,95.0,49.3,18.6,70.4,1221.2,3,3,0,19.8,0,8,3
33.6,54.7,124.5,85.7,30.5,41.5,96.1,574.7,3,3,0,15.8,0,11,2
81.1,63.6,100.2,63.3,5.9,17.3,47.0,2876.5,0,3,0,16.9,0,1,2
39.2,136.6,515.4,95.0,20.2,37.5,88.3,2056.9,1,2,0,20.6,0,7,2
62.8,224.1,488.3,95.0,7.0,33.1,47.6,1780.4,4,1,0,8.8,0,6,3
6.7,51.2,75.0,82.5,14.2,20.2,27.8,1322.9,1,3,1,17.5,0,12,1
25.9,29.1,29.7,67.1,5.8,39.4,31.8,653.6,1,2,0,31.8,0,4,1
35.4,53.3,105.2,83.2,22.1,16.8,27.3,1985.3,2,5,1,19.4,0,11,2
42.0,33.6,56.8,64.2,35.2,22.0,55.1,2584.7,2,4,0,17.5,0,10,1
46.4,235.6,530.2,95.0,27.7,20.7,57.5,1494.6,2,4,0,10.1,0,6,3
54.2,195.6,856.9,95.0,41.2,43.3,11.1,1589.1,1,5,1,9.4,0,9,3
41.2,110.3,328.6,95.0,21.2,39.6,70.5,2911.6,3,3,0,24.4,0,9,2
74.3,67.5,198.8,70.4,23.7,17.3,23.9,613.9,3,5,1,4.9,0,9,2
66.1,12.1,34.3,46.5,23.3,27.6,12.8,674.1,0,3,1,9.1,0,12,2
36.9,27.9,46.8,44.9,25.8,41.3,88.2,2207.5,2,4,0,24.2,1,10,2
29.6,6.2,16.4,56.3,44.2,29.0,7.6,528.6,3,1,1,14.5,1,2,2
64.1,312.0,758.0,95.0,6.9,15.7,93.6,1700.4,0,2,0,18.9,0,7,3
59.8,24.0,27.8,47.0,34.4,24.4,25.8,114.8,2,5,1,14.5,0,4,2
39.1,279.9,1012.6,95.0,25.3,17.5,29.0,2005.5,3,2,1,12.9,0,8,3
72.9,53.5,119.5,75.9,39.2,20.2,97.6,1682.3,4,5,0,11.5,0,3,2
13.7,24.0,56.9,67.0,41.9,34.4,71.8,1885.9,2,2,0,10.1,0,2,0
75.9,16.1,47.3,46.3,5.6,18.1,51.8,1975.4,0,1,0,11.7,0,4,1
45.3,91.0,219.4,78.2,36.7,41.4,37.8,398.1,2,2,0,15.5,0,7,2
74.4,32.9,61.5,58.4,45.4,19.6,38.2,994.0,4,1,0,12.1,1,10,2
63.9,206.0,560.4,95.0,14.4,37.2,62.7,2574.8,2,4,0,12.7,0,9,3
17.9,18.8,37.0,55.9,15.9,16.4,0.5,685.6,2,3,1,21.4,0,12,1
52.3,244.0,1180.7,95.0,10.4,18.9,66.0,334.2,2,2,0,24.7,0,8,3
56.8,67.0,102.0,91.9,32.8,31.4,28.2,1650.1,0,3,1,15.7,0,2,2
17.7,191.1,616.8,95.0,21.9,23.8,23.8,977.8,3,3,1,14.3,0,7,2
55.3,53.2,83.4,82.2,45.5,35.5,47.4,2871.0,4,3,0,28.3,1,3,2
36.3,22.0,41.6,41.6,40.6,19.0,16.6,1353.8,3,3,1,14.7,0,10,1
61.0,37.8,83.8,69.5,15.4,15.1,96.7,2340.5,1,2,0,10.3,0,11,1
20.0,151.1,581.2,95.0,8.0,37.1,24.8,307.6,3,3,1,9.9,1,9,3
45.5,39.1,108.2,58.0,17.3,39.3,27.7,256.3,2,4,1,21.2,0,11,2
22.2,185.9,829.2,95.0,36.2,44.9,44.6,1811.6,2,3,0,17.1,0,8,2
19.4,50.9,65.2,66.1,43.9,37.8,35.6,382.3,2,1,0,6.4,0,2,1
67.2,66.0,189.7,64.3,5.3,32.6,71.7,849.9,3,3,0,18.7,0,7,2
26.5,111.5,288.4,95.0,43.9,24.6,5.6,720.1,5,3,1,13.8,1,7,3
55.9,28.8,35.4,48.9,16.0,15.0,72.9,2091.1,1,4,0,18.9,0,5,1
18.5,420.9,1298.3,95.0,47.7,23.6,0.3,434.0,2,4,1,2.0,0,9,3
39.7,13.7,40.8,47.0,41.0,37.6,9.7,823.3,3,3,1,10.1,0,1,1
25.1,40.5,100.6,54.4,43.5,25.9,5.1,2735.9,4,5,1,16.2,0,11,1
66.4,129.9,174.5,95.0,37.3,20.9,78.0,803.6,1,3,0,15.3,0,1,2
27.4,95.0,180.8,90.4,42.8,32.1,74.9,2769.2,1,3,0,14.8,0,5,2
91.7,32.1,90.1,73.4,40.0,22.7,37.2,1761.7,3,3,0,8.1,0,1,2
50.3,251.6,1209.9,95.0,42.4,24.0,50.0,440.7,1,5,0,14.0,1,8,3
41.7,160.2,341.4,95.0,10.8,36.4,14.2,1991.1,2,5,1,9.0,0,8,3
42.2,48.9,118.9,60.3,49.8,37.6,74.3,1799.1,2,2,0,23.6,0,10,1
36.3,61.7,104.3,83.3,13.9,15.2,36.1,1804.2,4,4,0,22.0,0,10,2
19.5,52.2,125.7,80.0,48.9,32.4,76.6,2516.6,5,5,0,7.1,0,5,1
55.4,21.7,47.2,51.7,18.4,37.1,73.8,2087.8,4,4,0,10.7,0,2,1
63.6,15.7,34.4,45.6,24.5,18.5,20.5,1386.3,2,4,1,4.2,1,1,2
30.7,8.8,12.9,59.7,32.6,20.5,25.5,1419.2,0,3,1,16.4,0,1,1
41.9,22.3,34.7,62.0,46.3,27.5,57.5,2446.0,4,1,0,37.7,1,4,1
37.0,79.6,235.0,80.4,22.1,20.8,74.3,2516.3,3,4,0,9.6,0,4,2
38.4,188.3,394.7,95.0,23.5,33.4,22.8,939.3,0,3,1,17.2,0,7,3
58.0,51.2,104.8,73.9,27.6,32.4,96.4,2719.9,1,2,0,32.4,1,8,2
34.8,142.4,596.2,95.0,40.5,19.7,43.6,2611.8,4,2,0,21.0,0,8,2
16.1,48.4,95.5,70.0,9.8,19.4,21.0,1637.9,2,5,1,8.2,0,2,1
117.0,45.3,92.7,62.5,39.0,24.9,87.9,2316.5,3,4,0,7.6,0,4,2
63.5,19.3,53.3,59.4,24.3,27.4,28.2,408.2,4,2,1,9.2,1,10,2
51.3,42.9,65.5,56.3,16.0,41.7,61.2,1018.0,3,2,0,12.2,0,5,1
76.0,82.9,360.7,73.3,17.3,29.1,25.2,270.9,3,3,1,11.5,1,7,3
41.0,82.2,103.9,95.0,40.4,27.5,24.9,1058.1,3,3,1,17.8,0,12,2
36.3,484.8,2346.6,95.0,39.8,28.9,61.8,1139.1,1,3,0,16.3,0,8,3
71.7,88.9,420.5,88.4,28.5,39.6,93.8,2815.3,1,3,0,21.6,0,8,2
24.8,143.2,544.6,95.0,25.8,23.8,73.9,1060.6,2,3,0,15.1,1,6,2
50.8,155.1,421.5,95.0,22.5,28.2,8.0,213.2,2,3,1,4.5,0,9,3
53.5,38.0,99.5,54.6,25.0,40.3,17.2,2000.4,2,4,1,5.4,0,1,2
32.6,57.1,92.7,66.9,49.5,18.2,41.2,2273.8,3,5,0,21.7,0,4,1
10.1,98.5,351.5,95.0,33.8,44.3,81.3,1953.4,1,3,0,21.5,0,9,2
10.7,25.9,71.3,55.5,16.0,33.8,81.8,2041.0,1,2,0,20.0,0,11,0
88.1,19.0,30.5,53.5,31.6,19.2,12.4,1179.1,1,3,1,8.3,0,4,2
48.9,83.3,265.8,81.3,30.6,36.8,71.7,2685.7,1,4,0,16.8,1,8,3
26.9,27.1,65.1,72.7,7.6,38.1,37.7,1295.3,2,4,0,20.4,0,12,2
81.6,233.0,917.3,95.0,20.3,43.4,44.6,1368.3,1,4,0,14.0,1,9,3
49.8,43.5,98.5,69.1,29.8,35.0,8.2,2296.7,1,1,1,17.1,0,12,2
45.0,121.3,546.1,95.0,21.5,37.6,73.7,2491.9,2,5,0,7.5,0,7,3
68.3,32.0,58.2,62.3,15.4,19.3,8.6,2650.8,2,3,1,18.9,0,4,2
97.1,44.6,87.0,78.2,10.6,30.5,31.1,437.3,1,3,0,7.3,1,1,2
71.7,27.7,79.2,54.7,38.6,35.0,64.2,1284.3,3,3,0,11.7,0,1,1
82.6,15.1,27.0,38.0,47.6,32.6,94.5,1107.7,2,2,0,7.3,0,3,1
31.1,8.8,25.7,44.4,17.1,16.9,87.3,265.2,0,2,0,15.2,0,2,0
48.5,38.7,77.9,64.5,23.3,16.7,76.2,2179.1,4,3,0,13.0,0,5,1
54.7,50.9,116.8,55.9,20.3,42.3,69.2,2372.4,0,3,0,17.6,0,10,2
19.6,33.4,47.6,71.1,38.9,24.0,18.4,2387.7,2,3,1,7.2,0,12,1
32.5,61.8,169.3,84.1,7.9,34.5,19.0,1730.2,1,4,1,27.2,0,6,2
53.0,97.8,432.0,95.0,44.1,37.8,13.7,2619.0,2,2,1,18.0,0,7,3
64.0,22.8,33.5,68.0,30.3,15.0,14.8,2653.3,0,5,1,20.8,0,3,2
92.8,19.9,35.5,61.6,39.9,42.3,8.6,1838.4,0,4,1,5.4,0,11,2
65.6,173.5,813.5,95.0,24.5,39.7,71.8,309.1,4,2,0,14.8,0,6,3
58.0,16.8,43.7,57.7,41.6,32.4,8.4,174.5,4,4,1,16.2,0,8,2
20.3,219.4,664.8,95.0,35.9,37.3,63.8,1567.3,1,4,0,9.6,0,9,2
69.6,266.6,911.6,95.0,16.9,25.8,73.7,1714.2,5,5,0,19.3,0,7,3
75.4,41.2,66.8,73.0,37.4,16.3,27.3,789.5,2,4,1,24.5,0,5,2
49.5,4.6,7.9,57.0,39.8,42.8,55.8,1389.2,2,5,0,18.7,0,11,2
89.3,77.4,131.5,95.0,6.7,21.8,87.9,2015.4,3,2,0,11.8,0,1,2
40.2,29.4,83.4,72.1,39.7,15.6,84.6,2002.0,2,2,0,17.7,0,5,1
17.0,61.6,83.9,85.7,12.2,19.6,55.0,2489.3,3,3,0,11.7,0,5,1
61.3,43.8,64.6,62.1,48.2,32.9,18.8,244.4,0,3,1,17.4,0,4,2
31.2,136.9,305.5,95.0,37.3,42.2,43.3,1379.1,0,5,0,14.3,0,8,2
15.0,66.5,134.0,92.7,20.8,33.4,74.8,697.1,1,1,0,8.9,0,6,1
48.4,32.4,64.7,53.8,45.3,41.3,81.9,2632.6,5,2,0,11.4,1,12,1
52.7,8.1,12.5,37.8,14.9,35.6,83.3,1371.0,2,2,0,36.3,0,1,1
55.6,134.1,612.4,95.0,28.9,23.4,54.6,2746.3,4,3,0,28.5,0,7,3
73.5,57.1,157.9,78.0,16.6,33.4,29.4,163.8,3,4,1,18.6,0,2,2
55.3,33.9,68.4,70.9,10.2,34.2,49.0,754.7,1,5,0,15.9,0,4,2
47.0,60.1,136.9,86.0,7.3,34.1,52.1,870.9,4,4,0,5.5,0,3,2
36.7,17.7,39.1,42.5,28.8,24.5,57.8,2074.1,4,3,0,16.9,0,4,1
45.4,17.8,31.2,49.3,19.8,41.7,36.3,1948.3,1,4,0,23.6,0,3,2
77.8,15.4,35.6,61.1,36.9,24.8,5.1,1754.9,2,2,1,8.8,0,4,2
47.8,218.9,686.3,95.0,44.8,43.6,89.6,1817.1,3,5,0,20.4,0,8,3
66.9,22.9,64.4,64.7,43.3,26.4,97.7,2005.8,0,1,0,25.0,0,4,1
27.1,47.5,71.2,83.6,26.8,37.6,3.1,767.5,0,3,1,10.5,0,12,2
20.7,216.1,817.3,95.0,48.8,40.8,29.8,294.0,2,3,1,1.5,0,8,2
30.1,32.5,69.1,72.8,41.9,34.6,23.3,407.9,2,2,1,5.8,0,4,1
65.2,19.3,31.5,50.4,20.1,17.7,41.5,2543.5,2,3,0,21.8,0,3,1
74.5,205.7,698.9,95.0,24.9,24.1,43.4,2689.9,0,3,0,11.7,0,9,3
31.0,49.4,132.6,80.4,27.3,40.6,89.2,124.6,1,2,0,9.7,1,1,1
54.9,202.0,443.1,95.0,40.3,42.8,3.7,1272.0,2,3,1,29.5,1,6,3
23.4,502.3,2511.3,95.0,25.6,38.9,0.7,1580.3,5,2,1,9.3,0,6,2
18.5,35.6,72.9,57.3,25.0,35.3,88.9,851.4,2,3,0,8.7,1,4,1
21.1,301.2,1502.3,95.0,43.7,33.7,81.7,243.8,2,3,0,5.7,0,6,2
27.3,54.2,79.8,86.4,14.9,29.8,96.4,1067.5,1,2,0,25.4,1,3,2
59.6,48.4,136.8,61.5,9.4,26.7,17.2,2707.3,2,4,1,23.1,0,2,2
6.4,22.7,64.6,60.6,46.9,22.2,74.2,371.9,2,1,0,30.0,0,2,0
46.7,40.7,112.5,73.3,39.4,41.7,15.5,133.5,1,2,1,3.9,0,2,2
29.0,17.7,36.0,49.3,49.3,43.5,68.7,153.3,1,4,0,4.4,0,11,1
66.0,263.4,917.2,95.0,42.4,28.4,25.7,1005.0,1,5,1,14.3,0,9,3
42.9,92.8,178.7,93.2,10.0,35.7,60.3,2861.7,1,4,0,13.2,0,1,2
70.5,5.7,10.2,37.9,19.5,41.1,68.8,1944.2,3,4,0,4.0,1,2,2
14.1,60.7,123.5,71.6,31.0,26.5,65.7,2559.3,1,3,0,21.8,0,1,1
59.2,44.9,64.9,60.7,26.3,15.8,41.7,2111.0,0,4,0,13.1,0,4,2
40.8,187.3,837.4,95.0,5.4,39.4,62.2,1032.1,2,3,0,24.8,0,6,3
71.9,65.9,188.2,70.4,28.3,29.7,70.9,1787.5,4,3,0,16.6,1,11,2
28.4,50.7,116.1,82.7,30.1,44.6,63.6,2191.3,2,2,0,22.7,0,4,1
54.9,139.2,296.1,95.0,15.4,35.0,0.5,2750.6,1,5,1,14.3,0,6,3
63.2,15.8,33.0,55.0,13.6,30.6,91.2,1793.6,5,4,0,38.0,0,1,2
38.9,50.3,62.8,73.5,21.8,36.6,33.6,405.2,0,5,0,21.6,0,12,2
57.0,52.6,109.9,74.1,40.5,24.1,44.5,827.0,4,3,0,27.6,0,8,2
39.7,304.5,813.4,95.0,24.2,36.9,10.6,237.8,2,4,1,22.8,0,7,3
39.3,13.5,16.0,61.9,11.7,25.7,14.5,1597.9,2,3,1,22.2,0,11,2
37.2,51.3,80.9,78.0,17.1,45.0,84.1,1437.9,2,4,0,8.5,0,3,2
58.4,147.8,360.7,95.0,35.2,36.0,77.9,1762.7,1,4,0,17.2,1,6,3
47.9,24.7,37.9,50.1,43.2,31.4,41.3,808.6,3,1,0,20.9,0,10,1
62.8,42.1,96.6,79.3,26.7,22.8,43.6,2863.1,6,3,0,30.6,0,10,2
27.1,157.6,767.8,95.0,5.7,29.1,90.7,471.9,0,4,0,23.2,0,8,3
21.6,239.1,716.6,95.0,24.1,22.2,59.4,201.2,0,3,0,8.6,1,9,3
13.6,281.2,1321.3,95.0,10.3,38.6,56.6,1786.7,2,2,0,10.4,0,6,2
28.4,76.3,97.7,80.1,43.6,27.0,51.0,2463.9,0,1,0,17.1,0,4,1
31.9,44.2,136.2,73.0,30.0,25.3,43.8,765.0,1,2,0,13.3,0,8,1
46.0,12.2,27.8,45.1,25.2,29.3,67.0,2492.8,6,3,0,18.1,0,2,1
30.2,74.0,84.4,70.1,44.3,44.9,83.3,2822.9,2,5,0,9.7,0,4,2
64.2,245.6,1167.8,95.0,6.5,38.5,76.8,2124.5,1,2,0,27.0,1,7,3
47.9,48.3,54.3,58.0,49.2,33.9,60.6,2324.1,2,3,0,3.5,0,4,1
11.3,78.5,286.4,95.0,25.0,25.6,92.3,1380.4,5,5,0,10.7,0,7,2
41.9,35.1,79.6,71.7,32.1,26.9,79.2,1142.0,2,3,0,42.6,1,11,2
43.5,28.6,133.9,49.9,21.9,26.3,77.7,1399.1,1,3,0,13.3,0,8,1
79.1,170.1,383.7,95.0,27.8,35.5,7.5,809.1,0,2,1,14.5,0,6,3
60.0,51.5,150.1,61.2,48.6,22.0,50.7,1462.7,0,2,0,15.1,0,11,2
83.5,43.9,72.7,69.5,32.5,39.6,97.4,925.3,2,2,0,2.0,0,11,1
25.6,136.3,340.0,95.0,12.5,17.8,61.7,2000.1,3,3,0,25.4,0,6,2
31.2,35.6,103.0,66.2,27.6,35.0,21.7,1832.9,1,4,1,15.6,1,12,2
52.7,58.6,76.5,60.9,29.0,27.9,56.5,2435.9,2,4,0,19.7,0,10,2
38.3,29.9,41.5,45.7,20.7,24.8,40.2,1561.8,2,3,0,13.4,0,5,1
17.1,27.6,68.1,54.9,42.3,29.5,34.7,2452.9,1,1,0,19.4,0,1,0
52.7,53.7,102.9,72.5,47.1,43.4,34.3,1434.7,2,2,0,19.6,0,11,2
57.5,140.2,648.1,95.0,7.7,39.3,50.1,1551.0,3,4,0,16.5,0,6,3
29.5,338.4,1563.6,95.0,12.4,38.6,50.7,1120.0,0,4,0,22.2,1,6,3
9.9,26.4,55.9,67.1,27.5,29.1,95.0,1190.2,0,5,0,13.6,1,12,1
71.3,35.3,95.4,57.2,15.4,24.4,42.0,1812.8,1,4,0,21.2,1,5,2
86.3,6.7,7.2,37.0,41.9,26.9,37.8,2400.6,2,2,0,28.9,0,4,1
6.2,28.7,50.0,55.5,16.2,20.4,52.2,298.4,2,1,0,17.8,0,5,0
44.5,46.2,53.1,64.6,8.6,32.0,7.9,2226.8,2,4,1,4.4,0,1,2
72.8,42.7,109.6,65.2,44.6,21.7,36.7,803.8,0,4,0,13.9,1,1,2
40.0,61.7,291.1,89.5,23.4,44.4,7.5,2085.9,7,4,1,14.2,0,6,3
60.3,163.4,364.4,95.0,43.1,26.7,95.6,1612.7,3,2,0,6.1,0,6,3
47.0,47.8,85.2,79.7,47.4,36.4,80.8,1707.1,1,3,0,15.4,0,2,2
64.5,27.7,76.4,47.0,18.0,28.1,10.9,662.0,1,3,1,22.2,0,10,2
54.7,58.1,124.3,64.6,42.7,26.4,60.4,1240.0,1,4,0,9.6,0,2,2
56.5,46.1,130.0,60.7,11.0,22.3,89.0,987.5,3,5,0,15.0,0,10,2
54.1,41.2,114.2,56.0,6.3,36.1,28.0,1631.6,2,4,1,35.3,1,11,2
58.6,30.7,64.3,75.0,26.8,38.3,66.8,1715.6,2,4,0,28.1,0,4,2
45.5,232.6,1142.1,95.0,24.3,21.7,32.0,458.0,4,3,0,19.3,0,6,3
10.6,8.8,23.6,40.8,12.7,22.7,54.4,1586.2,2,3,0,17.1,0,10,0
41.3,30.5,103.4,62.8,9.2,28.9,28.6,297.8,3,3,1,12.8,0,7,1
49.5,172.0,687.0,95.0,8.0,36.3,21.0,1985.0,1,2,1,4.2,1,7,3
64.2,98.3,108.4,89.9,42.8,20.5,50.7,2575.7,2,3,0,13.0,0,4,2
28.7,9.1,13.2,63.6,30.2,31.1,50.6,2329.8,1,3,0,15.7,0,12,1
6.9,76.0,172.9,68.6,26.9,27.1,96.4,2177.5,2,2,0,17.9,0,7,0
36.1,94.7,265.9,83.8,48.8,35.2,89.3,522.0,2,5,0,8.4,0,8,2
67.7,230.7,540.3,95.0,37.9,24.6,46.1,1491.8,4,2,0,14.7,0,9,3
37.8,7.9,11.8,52.6,22.3,42.1,62.2,1169.5,5,3,0,9.6,0,3,1
40.4,14.9,16.8,59.5,13.7,21.7,12.1,2096.8,2,3,1,2.4,0,12,2
15.4,121.3,339.5,95.0,20.8,41.9,16.0,2141.4,1,2,1,17.3,0,8,2
94.5,56.9,98.2,63.9,35.4,27.4,37.1,1462.7,3,3,0,32.1,0,10,2
65.5,54.9,83.1,76.2,19.4,29.4,3.1,2540.6,3,5,1,24.4,0,3,2
47.3,51.3,142.6,73.5,47.6,33.4,62.2,1924.6,2,1,0,14.3,0,10,2
61.9,41.3,123.6,70.8,10.7,31.9,41.4,660.5,2,5,0,31.6,0,11,2
39.1,25.4,51.6,71.5,8.6,21.7,45.1,1113.0,3,2,0,10.5,0,12,1
46.8,202.1,771.1,95.0,33.6,35.4,68.8,1806.3,1,3,0,23.7,1,7,3
35.0,220.1,616.5,95.0,14.7,44.7,77.3,280.9,2,3,0,18.5,0,7,2
42.8,4.3,10.5,58.6,19.6,24.4,9.7,223.2,2,1,1,6.7,0,11,1
80.4,35.6,38.7,48.4,19.3,15.3,51.6,2128.4,1,3,0,20.5,0,2,1
29.3,93.6,411.2,91.9,13.3,40.9,65.0,1835.7,2,4,0,29.1,1,6,3
84.0,19.2,19.4,52.7,7.0,19.4,39.4,2106.6,2,3,0,16.1,1,12,2
57.9,24.9,73.4,53.3,18.5,24.2,24.2,614.0,2,4,1,28.4,0,12,2
47.9,52.7,124.3,61.3,36.3,27.7,40.0,316.5,2,5,0,7.2,0,4,2
109.2,24.9,50.9,52.4,45.8,16.4,96.1,1751.4,2,4,0,27.8,1,12,2
92.6,50.6,80.2,80.5,22.6,41.9,67.3,2807.8,1,5,0,19.8,1,11,2
50.1,61.1,191.7,73.1,42.0,44.6,19.0,704.7,6,1,1,21.1,0,9,2
18.1,50.5,74.6,67.4,32.8,27.3,81.8,312.9,2,4,0,21.4,0,1,1
25.9,62.0,130.0,81.4,33.3,16.7,32.1,2540.8,3,5,0,14.4,0,1,2
75.3,87.1,401.9,95.0,36.2,19.8,20.5,2061.5,1,2,1,5.9,0,9,2
7.0,63.7,170.7,74.1,40.1,20.6,47.0,1270.0,5,3,0,24.8,0,4,1
52.4,76.1,284.0,90.4,19.8,30.1,88.2,1188.2,2,4,0,9.4,0,9,2
32.6,27.4,31.0,51.0,17.6,32.1,93.6,505.3,3,5,0,25.4,0,10,1
65.3,52.9,136.5,80.9,47.2,37.0,31.4,2017.5,2,3,0,16.4,0,10,2
60.7,40.8,111.9,74.2,7.6,26.1,97.0,1132.2,5,3,0,14.7,0,12,2
52.0,13.4,17.7,62.7,24.0,36.5,58.9,1879.9,2,3,0,21.1,1,11,2
56.1,37.0,108.1,56.1,18.4,15.0,32.6,2354.7,3,5,0,14.2,1,11,2
22.2,46.6,86.4,79.1,7.3,21.5,81.9,2597.5,1,4,0,18.0,0,2,1
46.7,53.8,167.9,66.2,38.4,33.3,68.3,1522.8,2,1,0,44.4,1,9,2
48.0,59.3,90.1,77.8,6.9,26.5,34.4,2457.5,2,3,0,3.8,0,2,2
61.0,29.5,74.0,73.9,39.6,43.2,97.9,1031.9,4,3,0,7.4,0,12,2
20.6,55.5,81.0,70.6,16.7,16.8,44.3,222.1,4,5,0,18.1,0,4,1
26.7,28.2,72.3,59.8,24.1,41.2,90.0,724.7,3,4,0,25.5,0,1,1
32.4,96.7,146.3,79.5,24.0,25.4,22.1,2498.1,3,3,1,7.9,0,1,2
42.8,22.7,47.5,54.3,29.1,32.2,4.2,1948.2,1,4,1,8.4,0,11,2
68.1,68.0,194.6,68.5,43.8,31.6,71.5,962.8,0,1,0,7.2,0,12,2
52.6,37.1,109.1,67.8,48.8,19.8,9.9,2782.2,2,3,1,9.4,0,6,2
71.5,41.2,78.6,66.5,39.2,26.2,74.6,405.6,3,4,0,15.2,0,1,2
22.0,45.9,67.9,67.4,48.5,29.2,50.4,2603.7,2,4,0,14.6,0,12,1
27.7,77.0,188.2,74.1,36.6,22.7,14.3,1580.4,5,3,1,18.0,0,1,2
51.3,252.4,1213.3,95.0,25.0,36.9,91.9,2569.0,3,2,0,24.7,0,7,3
70.5,24.5,72.0,67.2,16.5,34.9,1.0,126.7,0,3,1,8.7,0,3,2
56.2,57.9,167.0,88.5,47.9,33.5,49.3,1330.4,2,3,0,10.5,0,1,2
33.5,170.3,597.6,95.0,7.4,29.7,90.0,1984.1,2,3,0,11.7,0,6,2
56.7,23.6,33.4,61.8,15.1,44.8,12.2,1970.2,2,5,1,9.7,0,5,2
23.3,57.6,97.9,69.6,35.7,26.0,95.0,1041.7,2,3,0,11.7,1,12,1
28.5,66.8,155.5,77.3,44.8,19.3,21.2,867.1,1,4,1,23.0,0,2,2
93.0,125.8,368.9,95.0,19.8,43.1,44.3,2528.6,5,1,0,4.1,0,9,2
68.3,105.7,499.3,94.6,5.7,33.7,63.9,1637.7,4,3,0,20.9,1,9,3
40.1,60.5,107.4,80.8,8.8,24.1,46.4,1354.3,1,1,0,1.5,0,2,1
80.7,23.3,30.4,70.7,26.2,39.7,94.8,2376.6,7,4,0,30.4,1,1,2
50.5,70.6,113.4,76.4,33.3,44.1,58.8,2954.8,2,4,0,1.3,0,2,2
28.9,23.8,43.7,52.9,11.1,40.6,84.2,1823.6,3,3,0,17.3,0,1,0
35.7,46.9,71.4,79.8,48.7,26.7,40.9,1415.9,1,4,0,8.5,0,5,2
117.0,32.3,46.6,47.6,26.7,42.7,88.1,2560.4,1,4,0,14.6,0,5,1
12.1,8.0,12.0,50.3,16.6,39.5,35.9,1271.1,0,2,0,6.1,0,1,0
13.3,70.0,184.1,78.7,40.2,27.2,24.0,900.0,3,2,1,6.1,1,4,2
38.9,39.1,81.9,56.3,28.9,19.8,99.2,1829.4,3,4,0,25.3,0,5,1
51.1,449.7,1277.9,95.0,36.7,16.6,65.0,996.8,0,4,0,15.4,0,7,3
43.7,56.0,106.9,86.3,21.3,42.5,1.6,1177.1,3,3,1,5.3,0,12,2
31.4,34.3,51.2,62.3,13.5,37.5,40.5,704.1,2,1,0,6.1,0,1,0
89.3,34.6,42.7,75.3,13.6,29.4,55.5,1081.9,2,3,0,22.9,0,12,2
36.3,31.7,83.7,60.0,9.4,31.7,32.7,1597.6,0,1,0,16.9,0,5,1
61.8,33.9,42.4,58.1,29.4,25.6,91.8,230.5,2,3,0,14.3,0,5,1
61.7,18.3,31.0,53.2,17.2,33.2,90.9,2215.2,0,1,0,18.6,0,11,1
26.0,34.3,35.6,70.2,15.2,43.0,60.6,2730.8,3,3,0,5.1,0,12,1
53.0,46.2,85.0,75.3,31.7,35.2,53.8,1689.5,5,3,0,7.6,0,2,2
16.1,55.3,164.1,83.7,33.3,22.9,86.1,233.7,1,4,0,22.3,0,3,2
24.9,218.6,652.5,95.0,14.1,20.3,50.1,1799.9,2,4,0,3.2,0,7,2
25.8,217.3,455.5,95.0,25.5,26.5,28.9,474.9,2,3,1,20.2,1,7,3
51.7,40.5,94.3,74.8,7.4,24.4,46.3,2897.4,0,3,0,26.3,0,11,2
90.6,137.1,667.5,95.0,29.7,44.9,55.8,1045.8,2,2,0,19.9,0,8,2
69.3,26.9,45.5,49.5,10.6,34.2,87.5,1843.9,1,3,0,13.0,0,1,1
24.0,65.8,179.8,82.8,36.0,18.4,22.0,2897.7,1,4,1,6.6,0,1,2
37.0,44.1,101.8,69.6,31.3,42.9,5.6,1879.7,1,1,1,17.4,0,2,1
92.4,390.4,1341.8,95.0,29.8,38.2,45.7,710.1,1,4,0,19.6,0,6,3
70.3,16.7,39.6,60.8,39.0,32.5,25.4,450.4,2,3,1,13.8,1,12,2
84.6,5.9,14.9,33.4,44.3,30.3,25.8,2742.2,3,3,1,16.0,0,5,1
36.1,145.6,706.3,95.0,19.6,17.0,20.2,2787.5,1,1,1,12.3,0,8,2
42.4,22.0,63.7,57.9,14.9,26.0,11.6,2400.7,6,1,1,16.0,0,1,1
63.3,14.2,25.5,56.2,30.6,22.6,95.8,1833.9,3,4,0,10.4,0,11,2
73.6,49.8,85.5,57.2,24.1,27.5,46.4,905.7,1,5,0,15.1,1,3,2
17.9,38.2,79.2,59.2,39.8,33.1,89.8,1607.2,1,3,0,15.1,1,2,1
34.0,372.8,1812.5,95.0,38.1,23.4,45.5,882.1,4,3,0,24.4,1,9,3
57.1,50.2,66.2,70.4,46.5,21.7,60.7,654.5,4,5,0,9.0,0,12,2
68.4,36.9,96.1,57.6,23.1,37.5,82.3,976.8,1,3,0,12.2,0,12,1
51.5,177.3,610.9,95.0,21.5,36.4,63.2,1859.2,2,3,0,25.3,0,9,3
58.4,71.7,213.2,68.8,20.5,23.3,99.4,2590.1,3,3,0,7.1,0,4,2
48.2,27.5,43.1,66.6,47.7,19.7,92.2,1951.3,2,4,0,23.5,0,11,2
32.8,105.7,384.7,91.0,5.9,27.5,87.6,2428.8,2,3,0,19.5,0,7,2
58.2,38.8,50.7,56.1,8.9,36.1,21.2,2465.8,3,4,1,6.1,0,12,2
72.3,30.1,57.2,74.7,40.7,42.8,47.4,2451.3,3,1,0,14.4,0,10,1
37.5,17.7,31.2,52.0,23.8,32.3,46.5,423.4,3,2,0,19.5,0,5,0
34.0,43.2,104.1,67.8,18.3,30.7,99.1,1268.9,2,5,0,20.8,0,4,1
80.4,22.8,75.8,44.7,23.7,33.9,60.5,2099.8,1,4,0,6.1,0,7,1
40.5,52.1,180.7,62.8,44.1,37.1,76.6,1590.1,1,4,0,16.8,0,9,2
112.6,56.9,156.7,79.9,49.0,17.8,25.1,507.7,3,2,1,7.7,0,4,2
22.6,201.3,853.9,95.0,34.5,19.3,83.7,297.6,4,2,0,32.6,0,7,2
38.8,76.3,87.5,70.8,13.0,24.5,53.6,2715.5,2,5,0,25.1,0,12,2
69.6,41.0,104.2,75.0,38.5,39.5,57.8,163.6,3,2,0,7.3,0,2,1
57.3,29.2,40.4,50.2,25.6,21.8,18.1,521.9,2,5,1,13.7,0,12,2
28.4,44.2,106.7,64.2,10.0,25.3,83.5,1810.6,5,2,0,31.5,1,11,1
21.9,101.4,260.9,92.5,27.2,38.2,55.2,1470.9,2,3,0,6.9,0,4,2
64.7,29.6,44.3,69.3,31.9,16.9,21.5,779.5,3,3,1,25.3,0,11,2
70.4,50.8,104.6,66.6,5.3,35.2,45.5,377.3,2,4,0,9.9,0,5,2
55.6,124.4,426.2,95.0,21.1,27.4,5.5,1925.8,1,2,1,18.3,0,7,3
20.8,23.4,42.6,48.9,49.9,24.6,22.0,2333.3,1,2,1,12.5,0,1,0
73.6,19.0,27.6,46.4,39.2,30.2,38.0,102.2,1,4,0,9.8,0,5,2
17.5,4.7,7.9,49.6,45.6,38.3,86.7,2775.1,1,5,0,12.5,0,3,0
58.8,54.3,214.9,71.2,15.2,17.8,95.9,2096.5,2,3,0,7.2,0,9,2
61.3,56.8,141.1,74.8,47.7,45.0,59.0,383.0,2,4,0,20.0,0,4,2
68.7,68.9,128.9,79.2,22.3,32.3,65.0,599.4,6,3,0,13.1,0,4,2
38.3,29.1,68.6,73.7,44.4,19.3,44.7,792.7,0,4,0,22.3,0,3,2
36.9,22.5,52.5,54.6,20.6,21.8,5.4,1035.3,2,3,1,9.6,0,10,1
29.5,48.9,75.2,68.7,12.1,27.5,92.7,2672.9,2,5,0,3.2,0,1,1
97.5,42.6,78.0,51.8,39.0,20.3,18.1,262.7,2,3,1,23.3,1,1,2
22.2,44.5,126.2,55.5,12.7,19.8,23.0,2278.3,2,3,1,13.3,0,3,1
58.0,187.3,676.0,95.0,22.5,19.6,3.5,1914.4,0,3,1,15.4,0,6,3
75.5,10.6,31.6,54.3,30.4,25.7,45.3,1393.0,1,5,0,11.3,1,4,2
81.8,34.5,79.0,76.0,49.4,15.9,53.1,1515.1,4,4,0,15.9,0,5,2
25.4,192.5,499.8,95.0,19.4,25.4,40.8,1732.9,5,3,0,13.1,0,8,2
41.3,87.0,181.8,75.7,27.9,28.5,81.3,1194.5,3,4,0,8.7,0,9,2
23.5,58.2,142.8,64.0,44.1,42.2,95.4,351.0,0,2,0,20.6,0,6,0
52.1,138.9,332.4,95.0,16.9,15.6,16.0,682.8,1,5,1,13.7,0,6,3
18.5,162.8,358.4,95.0,35.6,35.8,37.0,1457.6,4,3,0,23.7,0,6,2
52.6,109.1,347.5,95.0,34.7,28.6,63.9,934.2,0,1,0,17.0,1,6,3
61.0,57.9,136.6,83.2,45.7,34.0,62.3,2218.5,1,4,0,5.3,0,4,2
45.3,11.7,15.7,46.3,6.7,16.3,91.5,2686.7,2,2,0,12.2,0,12,1
109.8,142.6,547.8,95.0,13.4,42.9,92.2,1189.5,4,4,0,7.7,0,7,3
22.4,205.1,641.5,95.0,13.8,27.6,37.7,878.1,1,1,0,24.2,0,8,2
63.7,54.0,62.6,63.1,36.2,42.5,2.4,1667.1,0,5,1,18.1,0,11,2
50.8,135.5,488.3,95.0,21.3,27.5,44.9,2530.6,3,4,0,14.9,0,7,3
57.6,52.4,88.1,75.6,47.5,44.9,53.7,1868.8,3,1,0,6.6,0,2,2
62.0,3.6,9.5,36.4,5.7,16.8,74.2,2305.2,1,3,0,19.1,0,5,1
26.5,97.0,194.4,79.2,29.1,15.3,80.4,953.9,0,3,0,25.6,0,9,2
69.0,48.8,106.5,56.6,20.2,34.0,21.1,113.1,2,4,1,19.4,1,2,2
61.1,30.8,75.2,60.0,19.3,37.5,47.4,1611.5,1,5,0,7.0,0,1,2
10.4,234.1,956.3,95.0,39.4,42.6,82.3,189.1,5,4,0,21.9,1,7,3
75.4,23.1,31.5,44.4,14.1,36.9,61.3,480.3,3,2,0,5.2,0,10,1
30.6,57.5,92.2,74.1,31.8,39.2,2.8,2629.0,2,4,1,20.6,1,2,2
68.1,12.0,32.6,63.0,13.1,38.8,3.8,1389.5,0,3,1,23.7,0,2,2
19.4,31.3,81.9,68.3,26.3,29.8,70.2,1555.4,0,3,0,16.7,0,10,0
78.0,184.4,877.0,95.0,11.2,27.7,14.1,239.0,1,5,1,22.6,0,9,3
56.0,24.4,55.9,62.1,40.4,35.6,56.1,1485.9,2,5,0,21.3,0,12,2
89.2,43.2,63.4,74.6,40.1,35.6,14.5,642.5,3,2,1,8.7,0,2,2
28.9,64.8,140.6,81.6,12.3,30.7,89.5,1217.8,0,1,0,21.4,1,2,2
60.9,55.7,87.9,66.4,43.5,17.7,84.3,1832.7,0,5,0,6.9,0,2,2
41.7,40.1,79.6,58.9,31.0,19.8,15.8,1345.0,1,2,1,18.8,0,10,1
33.2,37.5,41.4,56.3,39.5,32.2,0.1,1845.0,0,2,1,32.6,0,11,1
40.8,396.9,1363.4,95.0,14.1,20.9,65.1,1161.8,5,4,0,18.6,0,6,3
89.3,151.2,734.0,95.0,23.9,20.9,9.9,2901.0,2,2,1,27.6,0,8,3
46.0,22.6,48.7,66.2,15.9,32.5,75.1,2984.2,4,4,0,19.1,1,3,2
23.1,36.4,78.0,65.8,46.4,36.8,99.0,1241.8,1,5,0,15.6,0,2,1
61.0,17.8,32.6,51.5,40.6,40.5,69.0,1157.6,5,4,0,14.8,0,4,1
35.1,227.4,1119.0,95.0,39.6,22.8,91.2,2386.6,1,4,0,19.3,0,9,3
35.1,14.9,39.6,63.1,30.0,28.3,87.1,2200.3,1,3,0,10.6,0,10,1
27.9,166.5,695.0,95.0,10.0,25.0,80.5,1752.2,3,2,0,10.6,0,6,2
31.3,155.6,667.3,95.0,44.6,23.5,55.1,835.9,1,3,0,24.2,0,8,2
36.7,21.8,65.0,62.4,14.8,36.6,25.8,1874.5,0,2,1,2.6,1,4,2
45.7,132.4,622.4,95.0,43.3,24.0,3.0,1149.4,2,1,1,16.1,0,7,3
60.9,27.4,65.6,59.9,38.5,33.1,47.0,1601.1,1,1,0,13.2,0,3,1
96.5,52.5,100.9,73.5,34.9,15.0,65.2,541.4,3,5,0,8.2,0,3,2
59.6,33.4,45.5,61.4,36.7,36.9,53.5,1928.8,3,4,0,6.2,0,1,2
36.2,147.2,696.9,95.0,29.9,44.3,67.7,1343.7,0,3,0,15.7,0,9,2
37.2,57.7,217.3,61.7,25.2,43.9,54.3,1460.8,0,4,0,16.6,1,8,2
51.5,59.5,80.0,79.0,30.5,21.9,30.9,748.8,1,2,0,13.6,1,3,2
82.5,37.3,84.2,76.5,22.5,16.1,18.0,2884.9,2,1,1,10.9,0,10,2
111.8,34.0,76.4,47.8,32.4,22.1,77.3,2344.7,4,5,0,5.7,0,12,1
31.4,51.4,154.0,79.0,45.2,27.5,89.7,953.8,1,2,0,10.0,0,8,1
52.3,48.9,84.4,62.3,24.0,24.1,54.9,135.0,2,5,0,17.0,0,2,2
12.6,229.1,681.0,95.0,37.0,36.2,54.8,1518.2,4,4,0,27.6,0,9,2
47.2,59.1,84.9,89.1,41.3,27.1,49.0,362.5,3,1,0,12.5,1,12,2
24.3,43.8,103.5,54.1,24.0,27.2,88.2,2261.7,4,1,0,13.6,0,12,0
22.7,47.2,61.1,70.1,39.9,40.7,88.7,1709.7,1,3,0,22.3,0,1,1
61.1,123.6,403.5,95.0,11.2,32.9,60.6,2944.8,4,1,0,16.1,1,6,3
60.5,16.8,21.5,59.5,13.2,31.7,12.0,1797.9,3,3,1,1.6,0,11,2
81.0,55.3,66.0,77.1,41.2,18.6,64.7,2511.7,1,1,0,15.4,0,11,2
12.9,20.4,24.8,52.7,45.1,25.0,41.4,2291.8,4,3,0,2.5,0,10,0
23.6,26.1,28.7,62.6,16.2,37.7,4.0,1076.7,1,5,1,3.7,1,10,2
37.3,39.6,50.6,51.2,25.6,22.2,80.6,503.9,5,5,0,10.2,0,1,1
54.8,20.2,44.1,44.4,31.7,41.2,68.8,1579.8,2,5,0,21.0,0,12,1
11.0,269.5,648.3,95.0,39.3,25.5,25.6,345.0,2,3,1,21.1,0,7,2
13.5,56.6,135.4,65.5,46.4,35.8,13.6,2216.6,0,4,1,24.9,0,11,1
116.2,35.5,89.9,51.2,25.4,36.8,39.9,1151.2,1,4,0,23.7,0,3,2
70.3,42.5,75.1,53.7,41.4,38.2,62.1,1489.2,3,3,0,14.0,0,3,1
57.2,42.8,42.9,55.3,42.5,38.6,1.7,143.0,2,5,1,19.8,0,5,2
37.7,16.1,44.0,52.9,44.6,35.5,45.5,2791.0,0,4,0,39.8,0,3,1
20.1,123.5,579.7,95.0,25.9,23.3,29.7,2118.4,3,3,1,4.6,1,9,3
59.6,239.0,1158.0,95.0,44.7,31.5,98.2,1796.7,0,4,0,17.0,0,6,3
47.6,62.7,66.7,69.7,12.2,33.3,17.7,1010.0,1,2,1,10.4,1,3,2
107.6,59.3,147.2,72.1,32.0,28.8,30.2,526.2,4,5,0,18.2,0,12,2
62.3,411.3,1575.3,95.0,44.9,33.2,22.9,263.0,4,4,1,11.4,0,9,3
20.7,64.2,101.4,78.9,43.0,22.8,25.9,2658.2,6,2,1,28.7,0,4,1
42.7,32.5,45.9,68.3,28.5,42.0,24.9,646.1,2,2,1,8.5,0,12,1
68.8,50.4,145.8,76.6,30.4,41.9,75.0,1865.7,2,2,0,28.6,0,1,2
76.3,68.4,141.2,80.0,45.7,31.3,81.9,2509.6,4,2,0,4.8,1,10,2
39.9,41.4,63.9,66.8,20.5,23.8,44.1,1534.5,2,4,0,12.5,0,2,1
62.2,42.0,66.5,59.8,24.6,27.7,27.0,2560.1,3,2,1,7.1,0,5,1
46.1,50.1,57.1,82.0,43.2,21.2,41.2,279.2,0,3,0,18.3,0,2,2
44.6,23.4,30.1,46.2,8.8,42.5,90.7,2751.2,3,1,0,23.0,0,2,0
41.9,41.8,62.2,69.3,31.8,22.3,8.0,827.7,2,5,1,24.5,0,4,2
55.9,62.3,75.9,74.2,46.6,41.8,88.4,2038.2,3,3,0,20.2,0,1,2
61.9,332.3,1520.9,95.0,21.3,21.3,17.1,2657.2,2,5,1,16.3,0,8,3
56.8,8.3,18.3,53.5,25.8,20.3,28.0,872.1,1,1,1,4.9,0,12,1
41.9,40.7,49.0,72.3,24.3,34.4,90.4,2179.3,3,3,0,25.5,0,1,1
62.4,10.8,30.3,60.2,22.0,31.7,49.3,726.2,1,3,0,19.5,0,10,1
97.3,86.6,284.5,95.0,22.1,41.1,17.7,1202.1,0,1,1,19.5,1,7,3
52.4,43.7,130.6,59.5,18.3,17.0,5.0,1287.3,5,4,1,19.4,0,11,2
31.7,35.1,47.9,50.8,32.0,27.1,78.8,2206.9,2,2,0,19.7,0,2,0
62.5,392.8,1347.7,95.0,40.0,42.7,2.2,732.5,1,3,1,21.3,0,8,3
131.6,87.8,199.9,93.8,5.5,23.8,76.7,1460.6,2,3,0,14.0,0,8,2
37.6,26.0,76.7,43.5,36.1,15.9,86.2,669.6,2,1,0,13.4,0,12,0
20.0,33.6,66.5,49.9,26.2,30.0,91.2,2851.3,2,4,0,12.2,0,2,0
28.6,29.2,56.6,68.7,43.3,33.2,36.1,1993.2,1,2,0,23.0,0,11,1
69.2,17.1,42.7,59.4,27.3,27.1,66.7,2130.3,1,5,0,26.8,1,4,2
19.0,29.6,59.1,47.3,15.8,44.9,61.9,1986.8,3,3,0,31.0,1,10,1
18.3,222.6,1106.0,95.0,37.9,42.8,50.0,1204.7,6,2,0,20.5,0,6,2
24.3,142.7,701.6,95.0,21.4,29.2,47.7,1898.7,1,4,0,23.4,0,6,2
23.2,49.1,145.5,65.0,28.7,45.0,4.1,1856.0,2,2,1,6.9,0,2,1
34.0,7.5,9.8,61.6,48.1,37.0,4.8,1846.8,3,5,1,21.7,0,3,2
9.5,74.2,287.0,76.3,13.9,31.9,49.1,1292.2,1,2,0,31.2,0,7,1
32.2,196.9,876.4,95.0,41.5,18.1,90.7,2935.7,0,5,0,24.2,0,7,3
97.3,106.4,414.1,86.9,14.1,17.8,61.3,2573.0,4,4,0,11.1,0,8,3
66.2,39.7,87.1,63.6,32.2,35.3,77.9,1084.7,0,5,0,13.2,0,12,2
46.2,83.6,219.0,94.6,10.8,32.4,17.1,672.5,0,3,1,11.0,0,9,3
45.6,118.4,368.6,95.0,42.3,36.3,82.7,630.3,2,3,0,17.0,0,7,3
76.2,49.3,109.3,59.7,19.3,24.8,42.2,1835.2,2,3,0,6.5,0,10,1
45.0,27.7,61.8,67.2,29.7,37.7,96.5,1292.0,2,2,0,12.8,0,4,1
42.1,28.3,34.8,66.5,6.8,35.1,51.7,2565.6,1,2,0,12.3,0,12,1
66.9,113.5,310.6,95.0,10.8,44.5,11.1,1855.4,2,3,1,13.8,0,7,3
78.0,35.0,86.0,75.0,35.1,40.5,3.2,685.2,3,3,1,5.1,0,4,2
74.7,46.2,108.1,66.9,15.6,37.7,49.9,1235.5,1,4,0,10.0,1,10,2
28.6,22.1,64.9,58.6,45.3,26.9,22.2,2652.5,0,4,1,13.5,0,5,1
61.3,15.6,24.7,40.3,38.0,25.0,3.6,2014.8,2,3,1,23.3,1,1,2
37.4,57.5,135.7,77.8,34.4,27.0,72.2,2693.3,1,3,0,12.8,0,12,2
61.5,108.6,498.8,95.0,18.0,38.5,42.1,2830.6,0,4,0,21.4,0,8,3
10.7,30.0,49.4,63.8,43.4,40.5,40.3,1058.6,1,2,0,15.3,1,5,0
14.5,31.2,36.1,45.7,20.2,28.3,69.0,2940.4,3,3,0,22.1,0,1,0
30.7,14.9,35.7,56.6,11.9,17.4,25.9,274.5,2,5,1,3.4,0,3,1
30.3,45.5,53.5,70.1,13.4,18.6,48.5,1825.7,3,4,0,29.2,0,10,1
29.5,176.8,825.3,95.0,22.0,25.3,90.4,2035.7,0,2,0,20.6,0,7,2
61.4,7.2,19.0,45.9,5.4,38.9,91.6,1963.0,2,5,0,16.4,0,12,1
29.3,16.5,17.4,65.2,36.8,41.0,79.2,1243.9,1,4,0,31.9,0,10,1
24.8,193.3,819.2,95.0,41.3,32.4,43.1,1161.8,2,5,0,10.9,0,8,2
14.5,34.9,70.4,66.2,41.6,21.3,37.8,477.2,2,3,0,12.6,0,1,0
21.1,63.5,182.7,64.8,23.1,43.3,19.5,2936.3,2,5,1,7.8,0,9,2
44.7,213.6,656.0,95.0,7.9,44.5,35.5,2087.3,4,2,0,6.2,0,7,3
51.2,56.3,57.4,58.3,28.2,37.0,4.5,2449.4,0,4,1,8.1,0,12,2
39.5,612.4,2427.9,95.0,10.9,17.4,14.2,2193.9,2,3,1,7.2,0,8,3
67.3,19.9,37.8,57.4,21.0,42.8,9.2,1324.7,2,3,1,29.6,1,10,2
27.9,65.5,180.8,67.7,19.4,18.7,50.1,787.2,1,3,0,5.2,0,1,1
64.3,49.2,146.2,57.0,21.2,43.4,53.2,2371.8,1,5,0,22.5,0,4,2
25.2,37.2,61.3,66.9,24.3,22.8,66.3,2113.1,3,4,0,25.5,0,1,1
24.5,72.7,124.7,72.7,7.6,21.9,25.8,1798.2,1,3,1,14.0,0,2,1
57.3,20.4,44.2,58.1,44.2,15.9,92.4,2618.9,1,4,0,7.5,1,11,2
49.7,78.5,337.7,69.4,42.1,19.3,30.9,1167.0,2,3,0,10.1,0,9,2
26.5,61.8,104.4,86.7,43.9,24.5,96.4,265.0,2,4,0,19.2,1,4,2
59.5,339.6,883.8,95.0,34.7,27.2,4.9,2714.9,0,4,1,13.0,0,6,3
47.4,42.5,107.0,57.8,44.2,21.1,4.7,1510.3,0,1,1,19.7,1,9,2
34.3,22.5,56.4,55.6,44.3,24.3,76.6,170.4,5,3,0,20.5,0,11,1
46.5,19.4,31.2,45.2,25.2,37.4,66.0,2627.4,0,4,0,24.0,0,3,1
57.5,135.5,449.1,95.0,39.7,31.4,69.0,2078.3,4,4,0,13.8,1,6,3
45.6,20.1,56.7,42.8,9.1,38.1,25.1,1640.1,2,3,1,10.4,0,10,1
65.6,37.0,74.2,50.0,24.3,37.0,68.4,224.6,3,3,0,7.8,0,10,1
62.6,75.0,185.8,82.8,24.0,27.5,55.8,2323.9,4,4,0,12.2,0,4,2
57.4,36.6,85.2,74.2,13.4,29.4,90.6,2859.7,2,5,0,11.3,0,3,2
85.1,45.4,109.4,78.6,7.0,31.1,75.4,2952.1,3,2,0,17.3,0,4,1
75.6,49.2,72.7,84.3,31.3,26.6,35.2,2030.3,2,2,0,3.3,0,1,2
40.1,7.1,20.4,51.2,12.4,20.6,91.6,723.1,0,5,0,18.9,0,5,1
64.7,16.6,18.3,65.9,44.7,35.5,91.6,936.2,0,4,0,24.6,0,12,2
86.7,36.2,89.4,60.8,23.3,40.5,70.7,2186.4,1,3,0,21.4,0,10,1
58.7,52.7,83.1,77.7,36.5,44.7,31.1,1600.9,2,3,0,18.0,0,3,2
37.8,34.6,90.3,60.8,7.7,44.4,94.5,870.0,1,4,0,13.2,1,1,2
55.5,39.4,116.8,52.6,27.8,41.9,44.0,1877.9,3,5,0,15.5,1,2,2
59.6,101.1,413.4,95.0,29.0,31.2,27.8,1731.3,4,4,1,14.9,1,7,3
33.3,71.6,125.4,68.9,31.2,20.5,84.0,2487.9,1,3,0,14.8,0,4,1
102.9,31.2,57.8,70.8,38.0,32.4,23.7,1507.7,1,2,1,19.1,0,10,2
109.7,71.9,336.4,80.9,8.8,20.4,77.2,427.6,2,5,0,12.3,0,9,2
51.4,20.3,48.0,68.4,23.0,29.7,70.0,2653.3,5,5,0,13.6,0,3,2
24.1,19.9,33.0,52.7,15.4,38.1,18.9,2425.8,2,2,1,18.6,0,12,0
67.3,100.7,275.2,95.0,14.6,44.6,54.9,514.9,2,3,0,13.8,0,7,2
54.2,70.0,114.8,91.7,32.5,18.0,74.4,1333.6,4,4,0,16.6,1,11,3
45.1,20.1,60.2,69.3,9.0,22.2,78.0,1936.1,0,1,0,10.1,1,4,2
27.6,378.4,991.5,95.0,37.3,25.5,83.2,1288.9,2,3,0,9.9,0,9,2
71.1,198.0,905.9,95.0,48.6,19.9,25.9,2209.4,2,1,1,22.9,0,6,3
48.1,134.3,347.0,95.0,35.6,29.2,15.9,2248.4,3,5,1,24.3,0,7,3
68.5,26.7,72.5,51.3,12.0,31.5,24.7,2319.8,2,3,1,18.2,0,4,1
76.2,56.0,65.1,74.7,15.6,20.5,23.8,1075.1,3,4,1,16.5,0,12,2
30.0,39.1,50.9,58.7,33.1,16.9,33.2,1009.0,0,3,0,21.7,0,1,1
23.6,177.7,713.3,95.0,12.5,18.4,4.8,712.3,5,1,1,20.6,0,8,2
16.2,214.4,960.4,95.0,33.6,23.9,57.9,488.3,2,3,0,17.5,0,7,2
20.8,241.1,673.0,95.0,34.9,39.2,33.7,1101.8,1,3,0,10.1,0,6,2
105.2,34.2,95.6,51.0,43.6,19.7,31.1,2028.7,4,5,0,5.2,1,12,2
61.5,43.7,89.6,71.0,21.3,38.9,13.4,1626.4,1,3,1,7.0,0,10,2
32.0,131.3,340.8,95.0,40.4,16.5,52.2,1492.1,1,3,0,21.7,0,9,2
59.9,108.5,439.1,95.0,41.6,23.0,40.9,1148.7,0,4,0,11.1,0,8,3
65.8,37.2,108.8,50.5,10.0,26.4,42.3,1752.5,4,5,0,13.3,0,5,1
12.4,32.4,46.0,60.0,17.3,43.3,35.3,394.3,1,3,0,20.6,1,11,1
73.1,5.6,12.6,62.7,9.0,17.0,67.7,1901.2,4,2,0,14.7,0,10,1
30.3,73.1,143.7,85.7,7.6,16.0,30.9,1871.9,4,5,0,14.1,0,4,2
24.0,190.8,947.1,95.0,29.4,43.2,47.9,674.8,1,3,0,11.9,0,8,2
33.1,75.1,94.4,73.5,20.0,21.2,54.4,572.8,4,4,0,23.2,0,11,2
48.8,50.9,109.9,79.4,9.4,18.7,7.3,1934.8,2,3,1,5.4,0,2,2
81.5,137.6,451.3,95.0,41.8,19.9,79.9,2015.9,3,1,0,22.8,0,8,2
97.4,462.3,1567.9,95.0,36.6,29.0,83.0,1462.6,5,3,0,9.9,0,7,3
34.3,79.2,370.3,73.3,41.7,42.6,47.5,1047.1,2,1,0,13.8,0,6,2
29.4,201.9,778.7,95.0,32.5,27.4,45.3,2114.3,1,1,0,23.9,1,9,3
64.0,13.7,19.7,53.3,30.6,43.8,13.2,2916.1,3,4,1,29.3,1,1,2
81.7,18.6,52.9,40.3,38.0,40.9,27.8,2214.6,0,2,1,21.3,0,12,1
54.7,56.7,68.5,72.4,25.9,28.9,58.4,2421.8,2,3,0,17.9,0,5,2
21.9,154.1,582.5,95.0,14.4,43.2,99.6,1164.0,2,5,0,11.2,1,7,3
39.5,60.3,144.9,80.3,29.6,20.1,25.8,1762.6,3,3,1,20.2,0,5,2
28.2,51.6,132.6,77.2,22.8,39.5,35.5,1444.5,0,5,0,10.4,0,11,2
69.6,123.7,608.9,92.2,41.3,15.2,25.2,2805.4,2,4,1,30.9,0,7,3
22.7,18.0,50.7,45.4,39.0,34.9,79.2,1407.6,2,4,0,13.1,1,3,1
114.4,40.8,89.1,52.5,33.3,34.4,86.8,1612.6,2,4,0,12.0,1,11,2
88.1,25.4,41.5,65.2,33.0,35.8,54.0,2718.2,0,4,0,14.2,1,12,2
63.6,256.8,766.7,95.0,43.0,20.0,93.4,554.2,4,5,0,9.7,0,6,3
21.1,25.9,37.6,71.6,10.8,44.5,94.2,2468.5,3,3,0,23.8,0,5,1
51.7,31.4,48.4,53.3,25.3,20.0,84.6,529.2,2,3,0,9.1,0,5,1
38.5,44.1,62.4,66.0,14.2,18.8,17.3,1324.4,4,2,1,30.0,0,10,1
35.0,55.5,79.8,86.1,23.2,41.4,91.2,1313.2,3,1,0,10.6,0,4,1
25.1,32.6,65.8,59.9,25.0,33.7,78.9,1201.1,3,2,0,14.7,0,4,0
51.8,524.4,2609.4,95.0,16.7,28.2,97.0,1256.4,5,4,0,5.0,0,8,3
27.2,286.5,605.5,95.0,19.5,43.3,46.9,453.7,0,3,0,8.5,0,6,2
39.6,20.1,34.7,46.8,10.7,40.1,52.1,1129.8,0,2,0,24.4,1,11,1
49.6,45.5,130.8,54.1,8.9,26.3,13.6,1805.0,3,3,1,23.1,0,4,2
29.1,37.5,96.0,68.3,30.8,32.7,6.5,918.8,1,1,1,19.6,0,2,1
31.9,54.4,152.4,59.3,47.1,41.5,67.8,710.8,5,3,0,7.6,0,4,1
61.0,28.4,46.3,57.7,42.7,35.2,6.1,2880.6,1,3,1,22.3,0,12,2
22.5,242.3,1077.7,95.0,9.5,27.9,3.7,2066.3,5,1,1,20.6,0,6,2
67.9,33.5,70.4,61.3,22.3,28.7,77.0,1203.2,3,4,0,3.7,0,4,2
61.8,23.5,29.4,45.8,14.7,33.9,42.2,2995.4,1,5,0,9.7,0,1,1
52.2,278.7,570.9,95.0,25.7,27.3,29.9,2205.2,0,2,1,6.8,0,7,3
21.5,38.8,40.6,59.9,49.7,32.5,85.2,1153.4,2,4,0,25.2,0,4,1
86.2,16.0,47.7,48.3,43.5,42.3,2.7,1830.0,2,3,1,19.5,0,12,2
53.8,10.0,22.6,40.2,8.4,31.3,13.5,2863.8,5,1,1,8.2,1,11,2
29.4,80.6,106.9,88.9,7.5,35.4,76.7,1428.4,2,3,0,13.3,0,11,2
52.6,33.5,39.0,68.5,26.8,38.4,32.2,2935.8,1,1,0,16.9,1,12,2
64.5,32.8,80.4,75.8,42.2,42.3,80.3,984.2,1,4,0,8.6,0,5,2
53.4,49.4,147.2,60.8,9.2,31.9,68.0,1199.1,5,4,0,10.2,0,2,2
37.0,29.8,32.9,55.1,16.9,28.8,35.3,2682.8,0,2,0,12.7,1,12,2
21.3,94.1,388.1,95.0,48.2,18.7,41.0,500.6,1,4,0,27.1,0,7,2
57.4,19.2,47.1,51.0,37.9,35.2,55.5,2048.1,2,4,0,21.4,0,2,1
30.8,15.4,27.7,40.0,36.4,31.3,21.3,2548.9,0,4,1,12.2,0,12,1
47.0,523.8,1235.4,95.0,13.3,42.1,46.6,1595.7,1,4,0,13.0,0,9,3
9.7,243.1,1102.6,95.0,31.1,37.9,82.0,1251.5,2,3,0,7.7,0,8,2
64.8,28.3,36.4,47.3,27.0,30.4,90.1,2966.9,0,3,0,20.1,0,11,1
28.7,259.3,971.4,95.0,44.0,23.5,37.8,2989.0,3,2,0,12.3,0,7,2
40.5,22.1,45.4,55.1,23.5,33.8,54.8,1060.2,1,1,0,7.3,1,12,1
47.7,77.6,297.0,92.2,12.5,20.1,45.4,1712.6,1,3,0,19.0,0,8,2
49.7,213.8,644.6,95.0,35.2,42.7,91.9,784.9,2,2,0,19.4,0,9,3
67.2,26.7,50.4,67.0,6.2,43.4,34.6,2507.0,1,4,0,18.9,0,11,2
46.4,45.9,57.9,63.2,14.0,26.8,15.0,888.5,0,3,1,15.3,0,1,2
54.5,7.5,21.9,63.1,48.9,34.1,28.7,838.2,2,4,1,24.1,1,3,2
56.8,200.0,561.4,95.0,14.1,36.3,26.2,2962.2,6,2,1,13.9,0,7,3
33.8,69.8,102.7,72.8,28.6,23.3,23.3,1378.0,1,4,1,10.3,0,5,2
70.0,54.8,56.5,63.2,12.9,17.2,36.0,2280.9,3,3,0,17.2,1,3,2
60.7,43.7,96.1,72.8,28.1,19.6,5.2,1631.8,1,1,1,20.1,0,12,2
78.6,53.4,54.3,76.1,10.2,33.9,28.7,417.7,2,3,1,21.2,0,2,2
22.8,29.3,31.4,74.5,7.5,33.9,91.8,2100.8,1,3,0,11.9,0,10,1
38.2,48.1,110.0,61.5,34.1,15.2,48.9,325.7,1,5,0,7.4,0,2,1
57.1,175.4,522.9,95.0,42.6,29.3,57.9,2368.1,2,3,0,19.0,0,7,3
58.5,23.5,28.4,59.2,35.4,15.6,89.2,118.1,1,5,0,21.3,1,2,2
48.0,41.7,48.6,61.7,12.2,29.1,64.0,2829.1,2,3,0,18.6,0,2,1
20.9,25.0,33.4,55.7,25.7,19.3,97.7,1096.2,1,3,0,17.3,0,4,0
43.4,26.7,63.1,66.2,45.8,33.2,26.0,1580.4,1,3,1,15.2,0,3,1
36.0,47.9,98.3,56.6,6.7,41.9,90.6,1846.7,3,5,0,21.9,0,5,1
17.8,23.6,38.9,48.2,22.9,31.5,94.0,2202.8,2,3,0,28.1,0,11,0
78.9,29.6,39.5,47.7,48.6,18.0,86.0,1437.2,2,1,0,15.9,0,3,1
40.4,10.3,19.4,56.6,12.7,35.5,30.5,1915.0,4,4,0,13.9,0,2,2
58.2,79.2,189.9,74.8,24.9,18.2,14.9,458.1,2,2,1,14.1,0,6,2
18.8,23.5,57.9,52.0,13.2,16.9,87.8,2321.2,4,3,0,23.2,0,11,0
31.7,47.9,79.2,83.7,30.6,17.1,17.3,966.5,2,3,1,23.7,0,12,2
13.6,88.0,436.3,80.5,41.2,45.0,14.1,2072.8,3,1,1,6.1,0,8,2
52.0,207.2,447.2,95.0,20.4,42.5,92.7,2695.2,2,3,0,16.4,0,7,3
74.7,13.0,19.4,51.3,16.8,30.4,0.0,1005.3,2,5,1,12.3,0,5,2
46.5,42.7,76.5,66.5,32.6,36.5,10.9,1816.3,2,4,1,23.9,0,1,2
61.0,36.7,106.1,74.3,36.6,31.9,69.1,2507.2,0,2,0,21.3,0,5,1
28.2,108.7,270.1,95.0,7.8,20.1,82.0,1032.4,2,3,0,9.5,0,6,2
72.7,29.6,64.9,48.4,8.6,15.3,22.5,2253.3,1,2,1,18.2,0,3,1
31.9,39.0,96.3,74.4,13.6,37.7,51.2,1266.1,2,5,0,9.1,0,1,1
34.2,45.1,76.8,71.1,18.3,25.6,46.1,1153.8,0,4,0,18.2,0,3,1
48.5,32.0,93.8,59.5,42.4,17.6,17.0,1594.2,2,5,1,16.3,1,11,2
50.6,17.6,26.1,62.3,20.3,18.4,51.8,467.0,2,5,0,5.4,1,2,2
48.6,212.3,955.5,95.0,32.9,42.7,26.2,1513.4,2,3,1,24.8,1,9,3
79.7,193.2,752.9,95.0,32.3,29.1,36.0,561.6,0,3,0,16.2,0,7,3
44.1,67.0,114.6,80.1,20.7,17.4,26.2,130.1,4,1,1,37.6,1,2,2
18.0,43.9,124.5,52.5,48.3,43.7,78.4,1571.1,5,3,0,22.3,0,12,0
27.3,39.7,113.0,72.6,7.4,32.0,31.9,840.5,2,2,0,23.5,0,11,1
46.8,32.3,59.7,57.8,31.1,41.5,47.3,1274.9,1,5,0,14.7,0,3,2
73.1,250.5,1154.5,95.0,24.9,27.6,34.6,2855.0,0,1,0,14.8,0,7,3
18.7,74.3,312.7,72.5,44.0,33.2,79.2,2075.7,3,4,0,9.2,0,9,2
29.9,18.5,37.0,58.5,32.3,34.1,97.7,887.1,0,4,0,29.6,1,11,2
80.7,16.1,44.9,60.9,41.9,43.4,82.3,712.7,2,3,0,17.1,0,8,1
15.5,60.9,111.2,69.0,7.4,43.4,16.3,362.7,6,1,1,17.8,0,10,1
13.9,26.5,32.5,46.9,40.5,20.1,90.5,716.4,1,5,0,15.5,1,1,1
12.2,50.2,109.8,75.9,46.7,21.3,78.8,617.9,1,2,0,10.9,1,1,1
66.5,125.8,474.9,95.0,36.7,37.2,91.4,594.7,3,1,0,15.6,0,6,2
36.0,57.3,162.5,72.7,17.1,42.1,0.7,2762.3,1,2,1,7.3,0,2,2
17.8,165.5,630.4,95.0,20.9,22.9,21.5,323.3,1,3,1,16.5,0,6,2
60.0,141.6,651.0,95.0,37.3,39.3,97.4,653.4,2,1,0,18.3,1,6,3
33.2,15.7,22.2,65.9,8.6,26.2,62.5,604.6,1,5,0,26.6,0,1,1
68.2,58.1,102.3,75.9,41.3,18.1,81.8,932.0,1,5,0,26.2,0,3,2
69.3,12.9,32.1,56.6,21.0,20.6,35.9,2900.5,2,4,0,17.9,0,1,2
39.8,53.6,127.1,72.8,26.9,31.8,23.3,2084.2,0,4,1,2.4,0,2,2
73.2,142.6,339.4,95.0,13.8,41.4,93.5,2233.3,1,3,0,17.7,1,9,3
40.3,12.1,31.9,39.1,33.7,34.1,26.0,116.7,5,3,1,21.2,0,3,1
49.6,16.4,38.3,63.8,47.7,44.9,86.3,1087.3,1,4,0,22.2,0,1,2
67.3,206.9,805.5,95.0,28.6,40.1,2.5,1351.4,0,3,1,11.2,1,7,3
28.3,93.1,454.7,95.0,35.5,32.0,7.6,2087.1,2,3,1,15.6,1,8,3
24.1,141.2,355.2,95.0,28.3,18.1,15.0,1023.1,2,2,1,29.4,0,1,2
27.5,47.7,108.7,68.9,36.9,32.3,82.3,646.4,3,3,0,14.7,1,2,1
44.7,59.5,135.5,82.9,8.0,15.4,72.0,1569.3,2,4,0,19.8,1,2,2
39.1,51.3,66.0,70.9,25.8,26.9,20.9,565.1,3,4,1,2.7,0,10,2
93.9,17.4,48.5,41.5,12.1,23.3,24.8,1338.4,0,3,1,15.8,1,10,2
34.9,60.7,73.8,90.2,14.4,20.3,69.7,2382.5,2,4,0,22.4,0,2,2
28.1,67.5,109.3,78.8,21.2,44.1,60.5,2609.7,1,3,0,13.2,0,2,1
19.7,48.5,112.3,56.6,27.4,28.4,9.5,1160.4,1,1,1,4.4,0,1,1
86.3,35.9,94.8,66.1,13.8,23.5,25.3,1367.6,5,3,1,12.9,1,5,2
58.2,53.5,81.1,82.9,40.2,20.0,85.1,2509.6,4,4,0,13.7,0,3,2
33.2,22.5,41.6,53.7,28.7,24.0,20.0,333.2,1,3,1,18.3,0,10,1
15.4,55.4,75.3,85.5,41.1,32.2,16.6,2350.4,2,5,1,17.0,1,4,2
15.6,41.7,74.2,62.2,44.7,24.9,84.8,2409.7,2,1,0,4.1,0,3,0
66.4,38.9,110.5,62.8,12.5,16.6,51.4,1856.3,1,1,0,19.9,0,1,1
57.1,50.7,65.8,80.4,44.2,38.9,94.6,2812.6,0,3,0,19.6,0,10,2
50.2,47.1,95.2,54.0,5.7,29.2,58.6,2486.0,3,3,0,21.5,0,3,1
55.9,21.6,62.4,52.3,10.3,39.6,12.2,1489.5,5,5,1,10.9,0,12,2
87.6,118.1,382.6,93.8,35.0,27.8,25.7,2223.2,0,3,1,4.9,0,7,3
9.8,36.0,58.9,64.8,36.1,38.4,64.1,2897.1,2,4,0,10.0,0,4,0
71.8,51.0,100.7,62.9,29.8,35.6,8.2,2111.3,3,2,1,14.7,0,3,2
39.9,48.4,55.6,74.7,47.4,31.8,47.0,787.9,0,4,0,5.5,0,1,2
53.5,123.0,475.0,95.0,31.8,23.0,99.9,1456.0,1,3,0,22.3,0,8,3
56.7,24.3,50.8,71.6,7.6,30.0,37.2,2144.5,0,3,0,10.8,0,4,2
80.0,26.8,52.1,69.2,19.0,19.4,15.4,2340.3,1,5,1,33.3,0,1,2
49.5,17.6,43.7,56.8,23.0,17.3,95.2,2576.6,0,4,0,20.2,0,1,2
50.5,219.5,1005.9,95.0,7.6,31.2,72.2,1652.1,2,1,0,16.6,1,6,3
38.3,43.6,118.7,57.7,25.8,34.2,60.7,1290.5,1,5,0,10.0,0,11,1
55.3,38.0,45.2,72.8,46.3,22.0,27.7,2443.4,6,1,1,17.6,0,11,2
61.2,77.1,149.2,83.7,11.7,20.6,79.6,1424.4,3,1,0,18.6,0,12,2
60.9,229.2,616.4,95.0,9.9,32.6,60.2,2558.5,1,5,0,9.5,0,9,3
28.6,317.2,1006.8,95.0,47.4,40.1,11.7,1140.4,1,2,1,15.5,1,6,3
108.7,31.6,75.6,47.4,14.6,20.1,40.6,785.0,2,2,0,28.4,0,1,1
86.3,43.2,54.7,76.0,6.6,19.3,35.9,288.8,3,1,0,23.6,0,11,2
64.7,652.3,3149.9,95.0,23.9,34.4,90.8,1239.2,3,3,0,18.3,0,8,3
38.5,397.5,1362.9,95.0,46.4,34.3,77.4,676.3,3,3,0,8.6,1,6,3
57.7,250.3,836.0,95.0,16.1,42.8,60.0,2197.1,0,5,0,14.8,0,6,3
19.8,15.1,32.8,51.7,37.7,32.7,81.4,1956.7,0,4,0,3.5,0,4,0
19.3,25.1,57.1,46.8,22.8,31.4,79.8,1905.1,1,2,0,26.6,0,5,0
52.9,18.1,49.4,51.1,45.1,38.1,32.5,423.8,1,4,0,19.2,0,11,2
61.2,47.2,111.5,54.4,30.1,23.7,41.9,1914.6,3,3,0,35.3,0,8,1
40.1,45.0,56.1,77.5,32.4,36.3,55.2,1136.7,1,1,0,9.5,0,10,1
59.5,220.0,444.4,95.0,42.3,21.7,10.3,2196.5,2,3,1,31.6,0,6,3
128.5,46.2,134.2,76.0,13.0,34.7,33.9,1279.1,4,2,0,7.1,0,1,2
26.7,128.7,466.5,95.0,6.2,43.9,96.2,1180.2,2,5,0,5.9,1,6,3
26.5,184.7,831.5,95.0,9.1,44.2,54.7,1944.3,0,4,0,18.2,0,8,3
38.4,34.7,66.4,62.9,47.3,42.6,5.5,2852.9,0,3,1,18.6,0,2,2
33.5,137.9,425.2,95.0,31.4,43.5,36.0,1670.9,3,5,0,5.8,0,9,3
27.6,10.9,28.8,36.5,48.6,32.7,11.3,2454.3,2,4,1,14.1,1,11,2
55.7,35.0,78.9,51.0,29.7,27.9,11.1,228.8,4,4,1,2.6,0,12,2
63.9,51.3,71.4,59.6,40.1,22.2,0.9,966.6,1,1,1,4.0,0,4,2
61.6,361.7,1335.9,95.0,38.9,20.4,95.9,2133.2,0,3,0,6.9,0,8,3
19.4,416.9,1500.9,95.0,6.0,15.9,87.2,1163.8,1,2,0,23.6,0,8,2
61.6,14.7,24.6,64.4,30.5,24.5,16.4,2164.2,4,2,1,19.5,1,2,2
59.7,56.7,99.9,84.5,32.7,15.9,24.8,2191.9,3,2,1,21.6,1,3,2
75.6,20.7,58.6,59.9,23.5,40.6,6.1,1642.3,2,2,1,15.8,0,3,2
104.0,105.0,427.0,83.2,19.5,24.2,7.5,1073.9,2,4,1,21.8,1,7,3
35.3,16.0,47.5,49.7,28.3,23.5,74.1,1641.9,2,2,0,33.6,0,5,0
78.9,98.1,316.3,83.9,46.9,27.2,0.1,2908.7,2,4,1,11.5,0,9,3
48.1,36.3,69.8,71.3,29.6,33.8,55.9,2698.6,3,3,0,20.3,0,12,2
36.6,102.7,238.2,95.0,33.8,38.9,86.9,592.4,3,3,0,11.8,1,6,3
48.5,66.4,68.5,88.3,35.8,19.8,79.7,2354.6,2,1,0,8.3,1,4,2
66.1,423.3,1499.7,95.0,13.2,42.6,6.4,1502.7,1,4,1,21.3,0,8,3
41.5,41.0,55.2,57.1,43.7,25.7,25.0,134.1,2,5,1,14.3,0,1,2
33.2,57.1,100.2,64.0,6.4,28.5,21.3,726.8,0,2,1,17.0,0,1,1
66.5,65.3,191.0,65.5,21.7,39.3,45.8,959.0,2,3,0,7.8,0,11,2
38.5,102.1,230.3,86.8,23.1,38.6,30.2,2840.9,3,3,0,12.9,0,1,2
52.9,51.7,54.1,56.3,17.2,20.4,48.5,2704.8,1,4,0,8.5,0,12,2
33.1,28.8,75.1,49.1,38.3,15.8,90.8,2861.6,4,3,0,18.8,0,11,0
45.0,53.5,117.7,79.2,47.0,23.2,44.8,2731.5,1,1,0,9.3,0,10,1
31.1,45.3,122.8,66.4,45.3,45.0,98.0,1375.4,2,3,0,4.0,1,4,1
42.3,34.9,41.2,68.4,34.2,32.4,37.4,1200.9,1,4,0,16.7,0,10,2
27.4,39.0,100.6,68.1,11.7,18.2,25.8,1165.5,1,1,1,5.0,0,12,1
55.3,168.5,837.9,95.0,35.9,42.2,29.4,1257.4,1,4,1,20.8,0,9,3
68.4,55.3,81.3,73.9,16.8,22.6,18.1,1264.2,3,4,1,10.0,0,10,2
60.4,27.7,47.9,58.1,35.3,20.9,15.7,2793.7,0,3,1,5.2,0,2,2
63.2,51.7,104.1,73.7,42.9,39.5,24.4,1803.9,1,2,1,21.0,0,10,2
14.9,31.5,48.4,61.5,7.1,32.3,52.0,2899.1,7,5,0,14.0,0,2,0
20.0,34.9,49.2,49.3,27.4,19.9,36.1,1481.0,0,3,0,14.3,0,3,0
61.7,266.1,960.4,95.0,21.8,22.3,97.4,1333.5,1,4,0,21.5,0,7,3
28.6,47.3,122.5,60.4,35.1,32.8,14.1,790.9,0,3,1,20.8,0,1,1
42.2,52.9,147.1,57.6,21.9,26.2,73.3,2503.1,2,1,0,23.2,0,5,1
46.6,93.5,126.9,79.5,48.3,30.0,42.1,2409.6,2,3,0,6.8,0,3,2
59.0,165.2,540.2,95.0,19.9,36.8,19.1,715.9,3,3,1,5.3,0,6,3
54.2,11.2,15.8,64.2,33.2,39.3,9.9,1479.0,0,1,1,14.5,0,12,2
57.7,216.9,647.2,95.0,25.9,23.2,44.8,2301.7,3,3,0,21.5,0,8,3
51.3,70.6,232.8,67.8,22.2,32.7,15.6,2804.3,1,3,1,15.5,0,7,2
15.0,41.0,46.2,61.2,38.6,44.7,65.1,1577.0,0,3,0,9.3,0,12,0
13.7,62.1,111.4,69.0,39.2,43.2,56.9,1939.5,1,3,0,28.3,0,12,0
47.9,17.6,48.5,59.1,15.1,28.6,26.8,1473.3,1,2,1,20.0,0,4,1
56.9,349.1,1454.4,95.0,38.2,23.1,33.2,1849.4,3,2,0,28.9,0,9,3
65.4,177.4,705.9,95.0,10.2,32.6,89.2,2262.3,2,5,0,15.9,0,7,3
16.0,118.4,265.4,95.0,45.5,28.9,73.5,796.6,3,3,0,8.6,0,7,2
43.5,40.0,42.7,53.9,27.8,44.3,12.2,547.5,2,4,1,4.7,0,12,2
80.1,28.1,82.0,46.4,30.0,30.3,61.5,2650.7,3,2,0,8.4,0,10,1
47.9,21.0,24.1,45.1,27.8,30.3,9.7,1856.1,2,5,1,9.4,1,12,2
17.2,202.8,809.3,95.0,14.8,44.8,54.8,2057.0,2,2,0,6.4,0,7,2
8.9,68.2,155.3,93.6,10.3,35.5,4.3,2577.5,3,2,1,22.9,0,10,2
29.2,13.3,27.8,38.6,7.8,39.5,8.4,2910.3,2,4,1,20.8,0,2,1
79.5,73.3,131.4,77.4,47.4,37.8,51.5,2200.3,3,3,0,16.1,0,1,2
73.6,137.6,176.3,95.0,7.4,19.5,38.5,650.0,2,3,0,6.2,1,2,3
39.4,109.1,234.2,92.3,14.2,26.2,47.2,760.0,0,3,0,4.1,0,7,2
32.1,152.1,454.6,95.0,50.0,27.4,56.3,634.1,1,2,0,17.5,0,6,2
90.3,288.5,1113.0,95.0,6.0,24.5,22.2,1091.0,1,2,1,11.5,0,9,3
35.6,36.4,62.9,57.4,25.0,40.1,71.2,335.9,5,3,0,8.0,0,4,1
20.0,52.1,138.2,80.6,33.9,17.9,44.6,1979.3,1,3,0,17.2,0,12,1
43.1,41.6,123.7,66.0,7.9,37.9,37.8,456.7,2,4,0,18.3,0,3,2
82.2,68.9,83.7,65.2,43.5,36.3,37.6,1075.4,0,3,0,16.7,0,3,2
39.0,49.0,222.7,70.0,32.7,35.1,89.5,1384.6,7,2,0,23.5,0,6,1
49.3,63.4,161.6,65.4,30.3,26.0,32.5,2410.4,3,3,0,16.6,0,2,2
139.9,71.1,71.9,93.9,45.1,20.4,50.8,2802.8,1,2,0,15.0,0,10,2
21.7,30.0,45.2,47.0,13.5,26.5,67.0,1572.0,1,3,0,22.6,0,5,0
47.1,142.8,519.1,95.0,6.2,18.7,42.5,2804.2,2,3,0,48.2,1,6,3
90.0,136.9,330.8,95.0,10.5,34.7,74.8,2050.2,0,3,0,2.3,0,6,3
8.8,69.0,81.6,69.1,30.5,35.4,27.8,691.7,1,3,1,16.4,0,4,1
47.9,140.0,603.0,95.0,22.0,27.7,71.5,364.1,3,4,0,8.5,0,6,3
27.1,136.3,577.6,95.0,13.1,34.4,28.4,539.6,3,4,1,14.7,0,7,3
57.3,48.6,115.5,72.8,38.0,22.3,31.4,2719.0,5,4,0,17.7,0,1,2
25.0,219.6,998.9,95.0,16.4,15.7,63.6,1778.2,4,2,0,7.2,0,8,2
59.5,171.0,622.4,95.0,19.7,21.0,3.3,871.7,4,4,1,8.6,0,8,3
44.8,56.8,121.5,61.8,35.6,26.3,0.8,2738.6,4,2,1,6.1,0,2,2
43.1,59.6,169.7,65.8,32.9,16.1,5.9,1302.4,3,4,1,27.0,0,4,2
19.2,50.0,86.5,65.5,36.7,18.9,23.7,924.6,2,5,1,11.3,0,4,1
48.9,29.5,67.4,54.6,36.2,23.1,34.5,762.5,2,5,0,27.2,0,2,2
42.2,169.8,621.6,95.0,10.0,39.8,65.2,419.4,2,3,0,7.1,1,6,3
28.4,369.5,974.8,95.0,12.2,44.6,47.5,2016.6,1,1,0,19.3,0,9,2
35.0,49.3,65.9,75.5,44.1,44.6,97.6,2687.0,2,4,0,23.6,0,5,2
57.6,53.0,154.8,60.7,48.8,17.4,81.4,1006.4,1,4,0,17.0,1,10,2
38.4,133.3,628.4,95.0,19.1,20.4,77.0,2124.6,2,2,0,7.2,0,8,2
68.6,22.3,65.9,43.3,47.7,44.6,26.1,1966.8,0,4,1,19.9,0,3,2
78.7,10.7,13.9,52.7,23.2,18.4,0.1,1386.4,2,4,1,10.2,0,12,2
38.9,48.8,85.9,67.5,19.4,40.4,22.7,2303.5,1,5,1,19.0,0,10,2
44.6,95.9,312.5,83.9,20.8,41.2,23.9,1993.3,2,3,1,10.6,1,9,3
53.7,6.8,16.0,41.0,24.8,15.2,42.8,2916.0,0,4,0,20.9,0,2,1
42.0,64.7,67.4,86.5,10.6,41.4,2.3,2212.3,2,3,1,15.6,0,5,2
58.7,138.5,570.1,95.0,15.5,32.6,31.3,1907.3,3,5,0,13.9,0,7,3
42.4,51.4,59.8,64.3,46.3,16.9,92.6,1130.3,1,3,0,19.3,0,12,1
27.4,169.1,535.4,95.0,33.1,22.9,41.3,345.7,1,5,0,13.8,0,6,3
55.5,164.0,699.4,95.0,10.3,29.6,42.9,1966.0,1,4,0,16.8,0,9,3
52.5,36.3,58.1,68.0,8.1,43.6,23.3,2464.0,3,4,1,19.2,0,3,2
30.4,46.8,54.6,72.2,16.1,25.3,17.1,1138.8,2,3,1,6.9,0,3,2
69.7,19.4,36.7,58.6,7.9,20.1,81.5,337.5,1,1,0,18.9,0,2,1
38.0,22.3,47.0,63.3,29.8,27.2,88.8,2205.5,3,4,0,23.4,0,4,1
56.8,81.6,167.4,84.5,49.8,44.2,75.7,835.3,3,3,0,17.0,0,6,2
61.5,358.5,1494.4,95.0,23.0,32.3,14.8,445.4,1,1,1,31.9,0,7,3
91.2,82.2,233.4,95.0,6.5,36.9,27.9,1246.8,0,4,1,12.3,0,5,3
63.5,121.5,457.0,95.0,30.2,41.3,90.7,1589.0,1,2,0,24.4,0,9,2
64.0,61.5,90.0,83.5,6.6,15.0,38.6,2599.7,1,4,0,16.3,0,4,2
40.0,33.0,79.1,48.9,28.2,20.3,67.9,538.8,2,4,0,1.7,0,12,1
20.1,12.5,21.4,64.2,9.9,17.1,22.3,2431.0,3,4,1,18.0,0,2,1
103.5,104.7,432.0,87.8,9.5,37.7,73.7,1079.0,2,3,0,9.5,0,9,3
58.5,35.6,142.6,69.8,16.6,44.3,98.4,2823.5,0,5,0,5.9,0,8,2
27.6,41.4,118.1,56.4,23.2,21.1,82.4,2234.8,2,2,0,18.4,1,12,1
68.8,26.4,50.9,58.6,18.5,37.5,10.1,572.2,0,2,1,4.9,0,12,2
38.4,56.7,64.2,81.3,16.8,43.7,14.5,412.2,1,5,1,20.7,0,3,2
133.5,22.3,66.6,46.7,27.5,16.3,88.0,2540.3,0,2,0,12.2,0,3,1
15.9,40.1,49.1,59.4,41.2,32.6,27.4,258.2,2,3,1,13.3,1,3,1
50.4,81.5,124.1,78.4,6.0,29.7,45.6,824.9,2,4,0,18.3,0,2,2
60.7,18.2,32.1,53.0,8.0,24.4,31.8,2412.4,2,3,0,15.9,0,11,1
63.5,48.0,96.1,71.4,8.8,42.6,15.1,2656.3,1,2,1,14.6,0,11,2
69.1,59.8,137.9,87.7,49.2,17.0,52.5,1071.9,1,2,0,23.5,0,3,2
50.4,235.1,723.7,95.0,16.9,21.2,91.1,2792.1,3,2,0,15.9,1,6,3
77.6,125.7,222.8,95.0,28.3,25.8,2.0,1557.6,4,5,1,30.6,0,10,3
58.7,90.8,210.5,79.0,12.0,28.4,38.1,455.8,0,4,0,18.5,0,4,2
29.9,33.6,69.0,54.8,25.9,20.8,15.9,2824.3,3,3,1,28.7,0,3,1
62.6,246.2,719.2,95.0,36.4,25.5,55.5,2651.4,1,2,0,21.0,0,7,3
44.8,51.6,115.1,76.0,47.8,29.0,64.3,2645.0,1,3,0,13.4,0,10,2
45.3,37.7,105.2,59.6,33.9,27.4,90.3,786.6,2,2,0,16.0,0,10,1
29.5,86.0,87.6,76.0,47.0,35.1,6.1,1078.8,3,4,1,8.7,0,11,2
25.3,143.4,294.2,95.0,46.7,18.1,59.8,1745.0,3,3,0,7.2,0,6,2
14.8,26.8,38.2,54.7,40.7,17.3,19.5,677.0,3,2,1,8.3,0,10,0
24.5,21.1,29.7,48.4,27.8,30.5,21.3,2567.5,1,5,1,7.9,0,4,1
32.0,73.3,144.4,67.8,10.3,43.5,22.9,2475.1,2,2,1,10.2,0,4,1
67.6,92.3,271.3,95.0,40.8,42.8,27.8,2462.5,1,3,1,34.8,0,6,2
54.8,44.1,59.6,71.1,38.7,23.4,35.3,2739.5,1,4,0,11.7,0,10,2
19.4,27.4,54.5,53.5,37.5,43.9,86.5,1598.8,2,4,0,9.3,1,5,1
72.6,32.3,63.1,69.8,19.5,16.1,36.9,2543.8,2,2,0,16.6,0,2,1
44.3,33.1,93.0,73.8,21.6,33.0,85.4,1018.4,0,5,0,3.9,0,3,2
37.0,35.5,57.5,72.1,48.6,19.1,75.9,107.2,5,4,0,38.7,0,1,2
60.4,153.4,740.3,95.0,6.7,31.3,30.2,559.6,4,5,0,15.1,0,9,3
48.8,42.4,101.1,66.5,38.7,39.4,12.1,861.8,1,5,1,9.3,0,11,2
40.3,172.1,574.8,95.0,13.6,27.1,59.1,618.9,2,2,0,8.5,0,9,2
33.3,29.3,66.2,59.3,25.7,21.6,58.1,1689.9,5,4,0,9.6,0,4,1
56.3,43.9,70.7,78.8,47.8,42.2,60.0,551.5,2,3,0,20.2,0,4,2
35.8,46.8,102.4,60.1,26.9,32.0,8.0,1819.6,4,4,1,3.7,0,11,2
79.5,36.3,80.6,49.5,6.1,41.3,1.8,2216.9,1,5,1,17.4,0,3,2
63.1,197.5,544.6,95.0,7.6,18.4,4.1,557.0,2,2,1,9.4,0,8,3
71.5,46.6,52.4,53.6,45.7,20.1,80.1,1447.2,4,1,0,19.2,0,1,1
57.0,95.6,233.0,93.8,15.2,18.7,52.4,2011.6,2,3,0,10.1,0,2,2
76.2,191.3,645.6,95.0,27.6,27.6,7.6,460.0,0,4,1,23.5,0,8,3
23.2,39.5,49.4,78.1,39.6,31.9,9.5,780.9,2,3,1,25.1,0,3,1
65.3,34.8,46.0,50.6,39.4,23.5,96.3,2242.6,1,2,0,16.7,0,5,1
28.5,24.3,36.2,65.7,34.9,20.6,62.6,2772.5,1,4,0,25.3,0,10,1
56.3,216.8,864.1,95.0,47.8,38.4,99.4,1433.3,1,3,0,13.6,0,6,3
37.8,193.2,414.8,95.0,8.2,21.1,7.0,1298.6,3,3,1,7.9,0,8,3
18.2,59.9,125.4,68.0,19.1,41.8,29.2,677.3,1,4,1,19.2,0,1,1
68.5,164.8,759.7,95.0,49.1,34.8,76.4,1254.0,5,2,0,12.2,0,9,3
46.8,199.4,454.2,95.0,26.4,23.6,52.2,1781.8,2,3,0,31.4,0,9,3
61.9,46.2,74.3,68.3,26.5,29.7,81.2,1320.0,4,4,0,19.3,0,1,2
25.0,23.9,66.9,70.8,17.2,42.8,13.1,2048.1,2,5,1,9.6,0,1,2
51.0,49.7,113.2,77.6,13.0,33.0,15.5,1507.8,2,1,1,18.2,0,4,2
64.8,212.6,997.5,95.0,17.8,35.8,76.8,1297.1,2,2,0,8.3,0,6,3
62.8,59.9,97.0,71.8,37.3,40.2,56.9,339.4,3,5,0,2.1,1,11,2
43.6,226.8,502.0,95.0,15.4,19.4,34.9,1231.9,5,4,0,20.1,0,7,3
19.6,250.0,927.4,95.0,43.7,21.2,53.7,304.3,1,1,0,5.9,0,9,2
49.5,150.4,621.0,95.0,31.0,26.0,85.3,1976.2,3,2,0,11.8,0,7,3
34.4,31.2,66.7,70.6,26.9,20.9,46.1,2869.2,3,3,0,23.3,1,11,2
61.8,52.6,141.4,69.4,6.2,19.7,37.9,2089.7,5,4,0,20.1,0,1,2
56.0,114.5,567.6,94.2,23.0,36.1,33.1,1569.3,0,2,0,11.6,0,9,3
32.4,33.8,99.5,52.3,33.2,21.2,85.1,2129.0,3,3,0,10.3,0,2,0
40.8,34.0,52.5,76.7,13.4,20.7,43.4,1168.8,1,5,0,13.8,0,10,2
59.4,147.1,450.9,95.0,42.4,26.9,0.8,2671.6,1,1,1,14.3,0,8,3
55.2,296.4,808.8,95.0,35.3,35.8,45.5,1493.6,2,3,0,13.5,0,8,3
52.7,160.8,521.7,95.0,25.4,43.5,8.2,2979.5,0,3,1,19.4,0,7,3
40.3,220.2,607.6,95.0,12.9,27.8,38.9,178.7,2,5,0,12.3,0,9,3
57.2,47.2,81.0,82.3,34.5,37.6,71.3,2416.3,4,4,0,15.1,0,3,2
52.3,284.6,832.7,95.0,23.9,43.1,37.7,2281.6,3,1,0,7.7,0,6,3
64.1,39.6,109.2,79.3,31.0,20.5,54.4,2000.3,2,4,0,31.0,0,4,2
19.7,70.8,157.2,85.0,27.5,17.3,69.7,573.6,4,3,0,15.0,0,1,2
50.7,8.6,10.0,44.3,11.5,15.3,22.8,781.6,0,3,1,34.4,0,11,1
43.0,76.8,180.9,70.1,12.9,42.9,3.4,2420.8,2,3,1,9.9,0,3,2
58.1,41.7,118.5,51.1,19.5,32.5,51.5,1682.1,3,1,0,22.9,1,2,1
37.8,29.1,52.1,49.6,48.2,41.3,79.3,703.0,4,5,0,12.1,1,11,2
60.6,166.5,637.1,95.0,23.2,31.4,99.7,2580.2,0,4,0,16.6,0,9,3
21.1,18.8,28.6,47.1,38.4,21.3,29.5,1919.2,0,4,1,13.3,0,4,1
24.4,17.0,48.9,49.5,36.0,31.1,58.7,2983.5,4,5,0,6.3,0,1,0
55.7,57.3,81.2,71.2,30.7,18.1,57.3,1529.9,2,3,0,18.3,0,3,2
40.3,27.1,58.2,55.2,39.4,41.9,1.4,2750.3,2,3,1,8.8,0,11,2
21.3,158.9,584.0,95.0,49.1,30.9,14.2,2577.7,2,3,1,17.3,0,7,3
11.9,6.7,11.3,58.6,16.8,20.3,92.3,761.9,2,2,0,7.5,0,3,0
23.6,7.1,15.4,38.4,27.7,39.5,69.5,868.1,3,5,0,27.4,1,1,1
44.3,293.0,1089.9,95.0,27.4,35.8,23.8,655.6,0,3,1,3.6,1,7,3
71.2,37.1,108.3,73.6,46.4,41.7,8.2,1980.1,2,1,1,18.2,0,3,2
30.5,67.5,90.4,75.4,24.0,41.2,14.8,1159.1,1,4,1,28.9,0,2,2
37.1,90.5,117.6,89.0,31.5,42.6,29.1,2474.4,0,5,1,26.0,0,10,2
100.1,222.3,952.1,95.0,33.1,25.1,47.4,2557.3,2,4,0,13.2,0,7,3
58.6,29.9,77.7,70.7,18.9,17.4,25.4,2681.6,2,3,1,9.9,0,12,2
