rainfall_mm,rainfall_7day_avg,rainfall_intensity,river_level_m,river_level_change,soil_moisture_percent,elevation_m,temperature_celsius,humidity_percent,wind_speed_kmh,distance_to_river_km,month,flood_risk
346.69,232.45,24.59,13.71,3.51,85.87,9.95,18.74,70.83,7.1,0.53,6,3
29.24,37.66,0.87,2.89,-0.43,45.03,320.21,26.86,91.38,11.87,9.93,1,0
75.37,69.9,11.09,6.16,0.76,71.36,69.01,19.85,81.08,33.03,2.66,5,1
110.27,72.87,5.86,7.55,0.59,63.81,136.98,31.74,69.22,5.14,3.01,12,1
132.49,135.23,17.15,8.81,1.18,77.25,66.96,24.47,71.65,34.95,1.68,9,2
20.59,3.88,1.18,1.21,0.3,49.46,134.98,30.23,75.37,32.54,3.34,4,0
106.53,66.54,6.06,5.31,0.7,66.02,92.91,30.31,74.41,5.67,4.89,7,1
91.41,64.43,10.03,5.94,0.32,72.16,62.89,19.4,73.14,7.21,4.03,8,1
45.64,9.93,2.89,1.66,-0.47,32.46,412.2,21.74,67.44,23.03,7.72,1,0
340.05,167.94,25.75,12.83,3.55,85.1,34.05,29.25,62.41,17.67,1.09,9,3
179.68,104.51,19.46,10.97,1.31,80.69,75.59,18.82,87.35,33.98,1.94,8,2
29.03,38.14,3.25,3.69,-0.36,39.7,246.83,31.61,76.12,7.2,11.01,4,0
9.65,8.16,0.94,2.96,0.14,42.76,457.28,29.72,83.37,20.73,13.82,8,0
411.39,207.21,21.0,13.7,3.61,96.29,34.21,29.87,70.2,16.77,1.27,7,3
437.85,155.07,33.44,11.55,3.36,85.8,12.84,25.46,94.21,33.28,0.61,8,3
221.28,182.42,21.78,11.63,2.96,91.1,14.4,20.85,65.15,39.06,0.24,8,3
49.44,37.96,0.39,4.73,-0.21,53.79,267.35,28.78,87.11,6.18,10.49,3,0
7.62,39.7,4.64,3.16,0.17,40.84,349.43,30.84,64.47,33.91,4.52,6,0
31.34,27.41,0.62,4.78,-0.23,48.53,309.68,32.39,88.64,18.86,6.79,5,0
116.74,46.48,10.21,5.96,0.87,70.46,142.62,24.98,60.38,32.75,3.99,7,1
18.48,13.17,2.12,3.29,0.22,35.78,492.45,26.7,82.54,8.58,15.9,12,0
24.95,37.96,4.71,1.72,-0.35,26.54,415.57,20.16,78.83,13.66,3.1,7,0
168.48,92.35,14.06,10.45,1.31,80.01,59.86,25.83,91.49,12.69,1.62,8,2
59.98,47.49,11.24,5.02,0.87,67.75,105.93,25.33,64.05,8.6,3.85,3,1
38.23,14.58,4.09,1.39,0.04,31.73,418.15,29.31,92.7,5.72,9.84,4,0
92.0,51.67,9.86,7.58,0.85,60.59,98.05,22.11,94.53,9.99,1.87,6,1
53.66,69.71,6.21,5.1,0.62,72.98,65.08,19.87,72.73,25.31,1.55,12,1
51.2,72.81,11.16,7.57,0.56,66.93,51.24,25.83,91.74,36.29,2.9,8,1
5.13,24.5,0.47,4.02,-0.48,29.98,456.27,19.24,88.74,22.26,15.22,8,0
18.86,1.56,3.09,2.35,0.02,35.42,372.65,22.43,77.36,29.25,8.79,2,0
16.82,23.57,2.27,3.98,-0.33,20.43,410.62,19.01,81.38,18.24,16.97,9,0
160.79,128.65,15.5,8.37,1.85,89.28,67.58,29.0,92.57,19.99,1.66,7,2
408.25,172.73,39.73,11.09,4.43,91.85,15.61,19.13,94.63,6.38,0.61,8,3
12.54,35.78,3.58,3.56,0.03,36.57,117.82,29.54,76.55,36.49,16.34,8,0
37.08,27.74,1.25,2.01,0.0,50.49,450.59,34.4,80.35,36.8,17.49,2,0
65.84,45.27,11.21,5.83,0.46,72.86,131.71,26.32,67.62,7.74,3.07,5,1
75.62,40.06,9.06,7.45,0.33,60.05,122.78,24.9,83.16,38.37,3.89,2,1
86.72,72.66,10.25,6.2,0.36,71.53,66.87,32.34,80.24,36.21,1.56,10,1
235.4,181.33,27.05,13.58,3.48,85.35,29.78,27.03,91.28,13.99,0.64,6,3
25.01,16.48,4.35,3.53,-0.07,24.62,342.26,23.73,65.0,29.22,4.99,7,0
97.31,57.71,8.12,7.17,0.31,65.12,131.87,23.73,91.69,32.04,3.61,4,1
86.25,75.16,11.26,6.36,0.62,67.73,101.96,29.04,69.71,23.6,4.83,9,1
179.87,106.35,16.88,8.48,2.01,77.69,61.64,20.0,65.78,5.07,0.96,8,2
29.13,27.95,4.27,1.56,-0.06,20.32,138.04,30.33,62.84,30.08,3.92,1,0
17.1,35.98,3.71,4.89,-0.02,29.67,231.06,23.55,83.55,23.58,8.44,6,0
154.58,104.77,18.11,9.75,1.11,88.38,21.85,30.9,93.36,6.89,2.0,7,2
378.49,241.71,32.93,11.35,3.56,86.65,25.74,28.58,60.35,11.82,0.78,7,3
0.22,10.95,2.99,4.2,-0.39,24.42,468.84,28.03,86.92,20.01,15.77,11,0
20.32,12.96,0.43,3.53,0.09,53.93,149.11,28.93,84.64,36.87,17.9,5,0
67.23,63.28,7.94,5.62,0.6,69.96,57.09,18.3,86.23,27.42,2.67,5,1
323.88,216.36,21.73,13.24,3.18,89.57,9.15,21.16,71.49,36.22,0.31,7,3
39.2,16.78,2.5,4.14,-0.02,28.04,336.09,25.98,60.99,12.35,9.93,1,0
20.24,39.26,0.79,3.69,-0.31,40.01,420.2,31.69,74.92,39.98,11.31,6,0
0.88,11.73,3.87,3.07,-0.22,34.87,100.54,28.99,94.1,34.65,8.1,9,0
148.12,90.03,12.27,9.16,2.36,78.58,32.39,18.43,87.5,16.25,2.44,6,2
74.56,70.76,11.04,6.09,0.67,61.76,91.69,21.11,91.31,10.18,2.76,8,1
1.66,20.11,1.57,1.72,0.1,28.18,375.04,26.7,92.69,6.31,8.94,8,0
83.33,64.92,9.08,6.12,0.92,70.01,70.54,31.39,63.66,31.26,2.62,8,1
75.59,43.05,9.59,6.47,0.4,74.04,145.57,32.35,63.45,39.77,4.5,9,1
39.4,36.13,1.34,4.25,-0.43,44.0,294.26,33.75,90.5,32.48,12.28,4,0
154.18,105.34,14.03,10.45,2.48,78.85,23.37,28.54,93.59,13.83,2.13,6,2
52.49,59.92,8.88,6.68,0.79,62.66,75.22,34.1,64.76,22.42,4.34,2,1
76.48,51.23,9.64,7.94,0.74,73.22,82.91,33.41,86.49,39.35,2.92,7,1
100.43,68.08,8.16,6.57,0.66,70.37,54.79,27.9,66.93,6.72,3.98,1,1
166.36,127.37,15.32,9.77,1.08,89.79,68.0,29.8,66.51,6.09,2.24,9,2
203.17,180.66,26.43,12.7,3.77,98.0,22.95,25.04,65.17,15.62,0.87,6,3
77.19,72.83,8.16,6.81,0.93,72.99,139.04,18.59,69.14,14.75,2.45,10,1
77.99,56.57,6.97,6.87,0.55,72.46,146.29,20.77,60.5,20.35,4.77,1,1
25.36,1.66,0.74,4.95,0.27,20.2,480.72,32.75,75.92,23.05,13.87,2,0
74.51,52.85,6.73,6.23,0.76,63.33,146.54,26.16,62.98,5.79,1.94,5,1
141.75,136.3,17.33,8.14,1.2,77.86,34.7,19.51,72.27,36.9,1.96,7,2
4.35,8.09,2.73,1.83,-0.06,29.26,439.57,22.17,88.43,17.0,9.75,1,0
314.66,162.91,37.67,11.85,3.03,96.43,10.69,22.58,81.24,9.31,0.19,7,3
121.54,86.73,19.92,8.84,2.46,77.74,41.67,29.18,80.34,23.55,2.01,8,2
56.54,60.31,6.14,6.25,0.88,74.81,81.8,26.69,93.4,21.75,3.36,5,1
6.73,3.78,4.16,4.67,0.02,24.14,260.81,31.26,64.14,5.0,15.39,3,0
119.82,51.68,9.42,5.01,0.72,66.71,103.03,21.01,86.95,24.44,3.4,12,1
175.96,107.95,16.1,8.41,1.51,77.82,69.27,27.13,85.47,9.25,2.33,8,2
81.59,74.77,8.71,6.4,0.59,72.26,139.51,29.45,64.81,14.69,4.49,7,1
9.39,22.61,0.25,4.2,-0.15,47.97,169.85,28.1,86.45,15.41,13.92,12,0
5.21,32.0,0.89,3.61,-0.31,23.98,197.27,32.55,89.06,18.9,15.28,5,0
16.19,38.64,4.56,4.8,0.16,34.07,462.35,23.95,69.12,24.14,19.69,4,0
78.8,76.87,8.5,7.13,0.45,71.41,122.1,18.57,75.66,28.77,4.66,9,1
37.98,23.32,0.27,1.34,-0.34,25.73,231.75,28.24,80.57,9.12,12.84,11,0
90.86,47.34,9.22,5.17,0.73,68.31,115.53,32.46,94.32,39.17,4.63,4,1
55.98,50.47,5.88,5.67,0.37,74.31,77.86,33.28,83.71,26.63,3.05,9,1
43.24,9.99,0.42,4.28,0.12,31.79,136.06,31.11,93.77,14.07,6.51,5,0
8.93,19.72,0.41,1.78,0.26,59.06,250.5,27.26,69.44,29.58,18.7,12,0
161.03,132.18,15.22,10.91,2.4,86.12,36.76,32.53,65.79,34.9,0.76,7,2
130.28,96.05,17.45,10.95,2.2,86.66,40.56,19.92,94.73,21.82,1.82,8,2
252.27,249.4,39.34,13.18,3.22,92.1,27.89,29.98,62.88,17.45,0.97,7,3
43.02,7.94,0.02,4.48,-0.24,36.58,278.53,23.74,91.23,26.59,17.42,10,0
121.18,102.75,14.7,8.06,1.19,81.2,49.57,27.03,80.83,5.35,1.31,7,2
8.63,22.72,1.48,4.75,0.15,59.34,203.87,25.33,72.16,6.76,19.49,4,0
10.51,11.81,4.24,2.52,-0.27,52.24,112.77,32.85,74.35,14.43,13.1,8,0
107.39,60.69,6.62,6.99,0.86,64.79,114.53,23.81,91.82,36.9,2.01,2,1
77.7,51.95,11.07,7.24,0.9,67.42,63.09,21.5,75.44,7.28,3.94,3,1
78.26,68.51,11.42,7.0,0.63,71.69,114.1,19.63,61.33,20.99,1.71,4,1
22.81,7.38,1.86,3.09,-0.46,48.59,317.32,22.62,91.62,39.95,17.09,5,0
8.65,24.66,2.82,1.7,0.29,36.87,138.83,27.93,94.27,25.02,5.05,6,0
5.87,7.19,4.85,3.21,-0.13,59.38,322.78,23.66,73.37,25.8,14.24,8,0
139.67,123.73,17.98,9.19,1.32,82.82,75.28,20.94,83.9,19.95,1.78,7,2
144.33,128.7,14.35,9.34,2.09,85.39,79.24,29.26,81.34,37.03,0.95,6,2
49.81,14.23,2.14,4.24,-0.43,35.46,134.28,18.08,60.33,18.31,5.37,1,0
32.84,38.74,3.02,1.31,-0.44,58.06,218.92,28.18,81.83,27.7,4.57,5,0
98.76,50.85,7.08,7.53,0.31,69.55,89.39,29.18,89.21,24.54,2.54,3,1
21.81,38.88,0.19,2.26,-0.25,45.34,142.32,19.62,63.32,30.49,13.69,7,0
0.5,28.94,2.68,4.34,0.16,53.73,294.04,31.46,75.8,11.42,8.67,2,0
49.54,9.9,2.53,4.38,-0.31,36.61,346.04,25.81,72.69,25.53,11.18,2,0
397.64,166.72,42.71,11.28,3.44,96.54,27.44,22.98,73.13,22.81,0.68,7,3
29.55,20.15,3.23,4.89,-0.46,42.96,445.21,19.33,79.62,16.62,11.18,6,0
55.96,41.86,8.64,5.74,0.37,66.36,141.51,31.87,90.52,39.04,4.03,9,1
116.15,72.95,9.47,5.19,0.76,73.67,87.94,23.32,79.95,27.69,4.43,6,1
66.65,43.87,10.61,6.62,0.41,67.07,56.84,23.79,63.62,11.43,3.53,2,1
136.55,134.01,16.18,8.34,1.6,78.1,31.98,29.42,91.91,22.58,1.51,9,2
135.45,108.28,15.78,9.13,1.78,81.2,31.96,19.23,80.15,34.88,1.32,8,2
197.77,92.89,13.5,9.36,2.12,79.22,21.19,34.26,73.69,19.7,1.58,9,2
97.53,73.29,8.21,6.78,0.49,69.69,148.6,33.07,79.68,13.82,1.67,12,1
59.14,57.62,7.22,7.74,0.34,70.41,68.28,25.06,91.78,13.49,2.62,6,1
194.17,131.24,18.64,8.21,2.19,86.75,27.88,25.69,91.5,29.34,1.82,9,2
4.67,11.19,1.61,4.88,0.03,37.04,495.22,26.09,82.65,6.95,5.6,4,0
100.13,44.38,6.89,5.14,0.6,72.41,52.47,33.85,68.29,29.28,3.86,2,1
12.42,30.36,0.59,2.48,-0.38,30.32,161.07,30.44,79.63,12.85,18.08,9,0
106.62,54.47,8.67,7.01,0.49,64.16,143.34,27.81,82.67,6.03,4.03,8,1
80.48,78.12,10.03,7.79,0.67,63.88,55.28,20.06,70.6,23.64,4.04,12,1
24.98,21.14,3.46,3.84,-0.2,36.54,249.48,25.71,91.14,29.37,12.12,7,0
93.01,75.7,5.55,5.99,0.47,74.82,88.94,29.64,67.42,13.36,4.06,6,1
116.61,77.79,10.46,6.81,0.62,65.34,144.71,27.84,68.12,6.63,3.61,9,1
86.76,62.14,7.72,7.99,0.98,74.43,147.91,34.81,91.23,19.56,4.28,6,1
71.44,53.04,5.5,6.05,0.9,63.5,119.52,32.68,64.63,39.22,3.7,4,1
86.55,60.76,7.71,6.41,0.74,73.99,109.59,32.67,78.16,17.16,4.5,9,1
8.84,21.79,2.77,1.91,0.07,49.32,108.39,33.13,78.21,17.17,9.73,10,0
445.1,200.0,43.75,11.54,2.55,85.51,25.56,34.3,64.97,15.67,0.19,8,3
243.89,159.53,42.88,12.4,2.63,92.78,26.06,34.53,79.04,24.59,0.19,7,3
36.31,20.4,0.65,4.0,-0.42,53.56,472.57,33.74,87.76,37.29,8.48,9,0
89.93,79.89,11.86,6.61,0.62,66.93,92.83,22.65,92.44,22.16,3.36,3,1
46.4,26.92,4.01,1.2,-0.02,41.1,217.2,27.86,84.73,6.16,7.46,9,0
91.65,44.06,5.02,5.14,0.98,61.89,54.44,28.0,93.2,29.5,2.58,3,1
362.9,172.67,43.24,13.22,3.07,89.93,11.98,26.79,91.36,17.13,1.46,9,3
92.74,60.47,7.72,6.37,0.99,71.25,93.06,26.49,83.08,21.31,3.1,5,1
54.36,76.88,6.24,6.59,0.86,63.23,102.74,30.91,79.75,34.96,2.34,4,1
48.92,38.63,1.98,3.91,-0.22,46.84,422.17,24.8,87.42,14.31,19.09,11,0
35.02,28.11,2.74,1.36,-0.22,22.04,291.04,18.04,69.33,33.0,18.41,3,0
360.37,236.46,36.9,12.07,3.53,93.78,38.61,32.87,92.34,28.46,0.46,9,3
138.93,136.93,16.6,10.28,1.13,82.39,74.06,18.8,70.63,20.52,2.25,6,2
68.5,51.49,8.58,7.42,0.33,69.05,130.68,18.26,70.94,25.59,2.05,7,1
159.18,125.75,18.67,9.04,2.34,82.06,51.67,32.34,72.66,5.36,2.5,8,2
31.04,35.28,1.76,3.21,0.01,36.59,461.34,20.13,65.04,36.18,9.17,5,0
120.91,122.22,19.76,9.31,1.35,85.57,69.03,34.44,61.81,22.67,1.59,8,2
9.06,27.24,0.91,3.1,0.07,24.28,326.92,34.37,76.92,33.21,7.36,1,0
38.33,2.36,4.2,4.77,0.04,28.52,244.04,28.28,83.4,24.4,11.11,4,0
180.8,100.94,15.63,9.78,2.46,79.91,75.39,34.81,83.46,21.22,1.04,8,2
127.51,110.76,16.51,9.48,2.1,80.76,76.7,27.71,88.89,14.63,1.46,6,2
197.86,98.15,17.55,8.03,1.28,85.34,23.95,29.26,86.81,20.88,1.44,8,2
199.81,91.47,15.68,9.29,1.46,77.97,23.94,25.14,77.39,37.09,2.27,8,2
54.36,60.38,11.98,7.44,0.73,64.59,112.39,25.24,64.57,36.03,3.34,3,1
101.68,53.42,10.36,6.3,0.64,69.72,51.84,28.52,70.84,8.0,3.79,12,1
43.75,22.31,1.66,2.38,-0.27,38.22,234.82,31.15,83.61,15.31,12.32,9,0
133.46,130.01,13.56,10.68,1.69,85.15,49.83,22.94,94.43,38.63,0.69,7,2
439.91,202.08,44.83,13.31,3.53,90.06,25.75,34.89,77.17,34.26,0.82,8,3
104.04,73.13,6.19,7.69,0.76,73.23,98.53,33.62,91.5,20.69,3.4,9,1
369.85,243.04,40.67,13.53,3.64,89.97,37.71,27.16,75.61,24.77,0.7,7,3
60.2,57.98,9.12,7.85,0.48,65.39,87.94,24.06,78.67,32.36,3.62,8,1
28.77,4.93,3.45,3.93,-0.47,47.03,265.88,25.14,66.8,19.54,5.11,9,0
328.89,213.8,21.68,11.16,3.67,96.53,23.5,31.79,62.65,12.07,1.33,8,3
36.22,5.67,2.34,2.43,-0.06,48.26,373.89,25.89,73.92,35.17,11.76,12,0
92.32,46.29,11.29,6.4,0.56,61.9,66.8,25.76,85.28,7.82,4.72,3,1
257.66,172.05,41.27,12.38,2.55,91.43,7.96,28.0,68.98,24.73,1.48,6,3
329.76,214.53,27.8,13.32,4.05,91.78,39.16,18.29,86.96,33.25,0.28,6,3
81.96,72.73,8.83,7.66,0.8,68.29,125.45,18.46,62.92,20.31,1.63,8,1
99.34,46.22,9.55,5.25,0.43,67.14,115.36,21.15,67.16,13.35,2.01,12,1
8.52,19.99,2.97,1.59,-0.18,56.18,499.56,32.99,73.81,29.03,19.78,3,0
20.98,14.28,3.5,3.43,-0.48,27.91,291.25,26.78,85.02,28.87,10.57,8,0
54.04,42.81,11.09,6.37,0.62,74.17,82.02,34.56,68.46,22.99,4.64,3,1
273.74,192.3,38.92,13.07,4.23,97.96,19.94,18.52,85.44,35.59,0.26,6,3
142.84,89.42,15.59,9.07,2.02,89.5,41.78,33.26,61.33,38.35,0.62,8,2
97.28,52.95,5.56,6.75,0.96,67.28,140.61,20.51,84.79,20.24,4.42,8,1
408.12,169.79,30.69,11.72,2.51,87.44,5.14,25.23,70.94,31.66,1.11,8,3
67.65,52.99,10.84,7.29,0.53,68.01,56.17,26.26,63.01,34.52,2.23,8,1
10.0,18.78,4.56,1.04,0.13,22.3,291.29,29.67,62.05,19.65,13.84,10,0
95.51,52.88,5.29,6.49,0.31,74.26,129.67,22.89,94.4,18.07,2.17,6,1
45.61,35.71,3.27,3.69,-0.5,59.39,451.13,29.21,72.07,36.28,18.22,1,0
12.89,23.44,1.6,3.0,-0.2,45.62,294.86,29.04,74.77,16.96,3.08,2,0
72.81,71.42,11.3,5.66,0.74,65.88,148.95,21.88,73.37,27.88,3.18,5,1
258.92,239.91,27.74,13.93,3.06,97.39,6.87,27.05,76.73,12.82,1.09,8,3
129.59,107.07,19.29,10.44,1.78,86.57,51.36,20.12,66.59,17.28,0.82,9,2
15.63,6.65,0.69,2.35,0.14,28.04,312.57,22.1,92.35,35.33,15.73,4,0
7.7,33.6,0.32,2.16,-0.25,26.44,303.27,23.12,92.68,15.87,3.2,8,0
12.15,9.94,1.89,4.27,0.23,28.09,317.18,26.87,75.19,11.72,13.83,11,0
61.59,56.2,11.3,5.5,0.76,63.07,91.57,27.81,81.09,27.4,3.39,5,1
44.06,10.27,2.96,4.74,0.04,36.58,375.81,22.71,94.88,31.28,8.85,11,0
97.43,54.92,11.59,5.5,0.65,70.36,119.71,22.68,65.47,27.26,3.77,4,1
134.22,131.71,16.3,10.63,1.23,86.43,60.84,31.78,82.69,35.7,1.59,7,2
9.01,3.93,4.02,1.49,-0.4,54.02,237.84,18.88,64.98,12.47,3.52,4,0
23.13,29.9,0.18,2.01,0.07,55.81,304.67,19.82,75.66,23.64,12.05,9,0
156.52,88.97,19.44,9.38,1.27,79.54,23.05,32.5,92.68,37.64,1.44,6,2
32.07,7.44,1.51,2.94,-0.16,24.24,475.29,30.75,62.5,21.36,3.75,6,0
54.22,43.26,9.5,6.4,0.98,70.18,51.01,25.05,63.73,37.31,3.18,1,1
60.09,76.81,8.09,7.98,0.59,69.12,60.48,22.06,89.24,32.44,3.09,12,1
43.11,13.7,4.73,1.29,-0.11,43.88,199.06,28.66,60.63,26.29,16.11,4,0
23.73,8.01,1.62,4.92,-0.43,48.9,169.18,26.52,65.64,38.79,3.13,8,0
21.89,9.23,1.46,4.09,-0.44,53.1,271.07,19.52,71.81,8.14,13.13,1,0
108.76,79.27,9.35,6.68,0.74,67.99,113.51,21.71,64.21,7.39,3.07,1,1
36.94,38.4,3.39,3.28,0.26,37.72,339.72,33.86,62.66,22.54,11.1,6,0
161.72,87.48,19.69,9.91,2.15,76.19,22.82,21.21,74.5,37.75,0.54,7,2
178.68,86.97,18.25,10.36,1.9,89.86,39.52,33.55,60.4,20.75,2.38,9,2
19.46,35.33,0.46,3.17,-0.43,38.81,150.72,21.24,68.93,14.67,4.37,3,0
9.23,30.4,1.03,3.78,-0.36,23.64,200.44,29.0,65.63,37.56,7.84,12,0
1.49,37.34,2.63,3.15,0.12,32.59,292.76,29.43,65.38,9.66,19.47,2,0
72.87,73.11,6.9,7.9,0.62,72.63,69.44,29.89,64.84,9.65,2.94,2,1
195.23,106.83,17.25,9.17,1.53,81.47,64.58,31.84,86.08,5.72,1.5,8,2
5.21,33.62,4.55,1.49,-0.31,26.62,174.53,23.65,70.9,12.96,17.24,5,0
48.07,26.71,4.67,2.06,-0.01,47.14,227.02,34.1,90.97,30.87,17.42,10,0
20.48,12.45,3.39,3.42,-0.21,28.72,495.21,29.7,64.92,22.0,10.72,8,0
190.01,81.6,16.5,8.64,1.51,86.77,31.52,29.13,93.39,32.13,1.78,8,2
298.37,217.88,21.75,13.79,3.19,91.81,9.85,29.44,61.89,10.43,1.42,7,3
7.7,36.39,4.69,1.05,0.08,32.37,249.88,25.26,78.02,25.38,10.97,12,0
166.17,133.44,16.78,10.43,1.64,86.25,74.78,21.07,69.41,11.95,1.64,6,2
440.51,195.99,31.32,11.84,4.42,86.86,25.29,22.74,74.17,39.96,0.5,6,3
167.04,96.61,15.18,10.04,2.34,75.62,24.29,21.96,69.27,12.74,1.15,6,2
7.73,35.46,1.37,1.55,-0.4,48.0,102.43,20.02,89.74,38.55,11.01,4,0
158.12,139.77,12.48,8.01,1.96,79.48,34.42,22.35,61.08,39.0,1.12,6,2
130.29,81.1,17.52,8.9,1.94,77.26,48.14,27.95,77.96,22.35,1.51,7,2
265.54,163.41,22.01,12.69,2.53,90.35,7.57,18.68,89.23,12.34,0.67,7,3
118.29,64.31,10.47,6.35,0.67,66.43,120.29,26.63,76.83,16.91,4.48,1,1
55.37,77.34,9.18,7.79,0.74,66.47,106.69,23.54,93.48,21.31,4.4,6,1
13.26,17.28,5.0,1.88,-0.42,43.4,295.42,29.34,69.35,36.87,11.91,12,0
99.17,62.39,5.07,5.98,0.66,61.32,85.06,19.34,73.89,9.65,1.62,7,1
106.16,51.27,9.38,6.23,0.46,67.71,129.75,32.39,71.85,32.77,4.41,4,1
8.73,28.3,3.56,4.59,-0.03,24.96,148.57,21.12,71.49,22.05,15.26,9,0
6.41,30.26,3.45,3.44,-0.47,50.51,356.76,27.98,70.64,18.35,19.39,2,0
144.8,93.92,15.67,10.34,2.44,86.45,71.31,32.2,87.45,18.19,1.71,7,2
88.63,55.54,10.91,5.01,0.66,63.26,124.35,32.14,89.33,34.15,1.65,4,1
356.2,195.08,29.59,12.62,3.26,89.68,21.24,21.06,79.48,34.5,0.49,6,3
194.55,107.54,13.95,10.75,1.71,81.12,41.2,29.45,75.18,16.35,1.35,8,2
47.3,33.69,1.48,1.31,-0.36,25.08,149.31,22.18,72.53,39.63,11.82,5,0
21.82,23.27,2.61,2.32,-0.07,58.35,182.41,18.74,62.32,24.31,14.13,1,0
102.01,76.67,10.96,6.53,0.8,72.01,99.35,25.44,89.49,25.88,1.9,5,1
101.01,70.45,10.4,6.99,0.45,66.06,127.61,19.34,78.74,15.94,4.84,7,1
320.95,193.95,22.99,13.41,2.99,96.69,36.88,26.84,83.7,32.25,1.42,6,3
25.07,1.74,1.74,1.72,0.02,38.57,298.13,34.25,67.52,23.08,10.27,2,0
96.5,63.91,6.42,6.28,0.79,68.06,51.86,32.36,69.12,26.58,4.84,1,1
31.0,13.61,4.28,2.74,-0.35,27.64,407.51,31.04,67.21,16.26,7.51,3,0
44.4,32.34,2.6,3.9,-0.21,21.47,461.73,34.11,80.02,15.69,5.17,3,0
48.55,5.1,0.88,1.67,-0.03,56.7,202.04,20.99,82.09,9.31,12.4,2,0
32.53,30.61,4.63,2.75,0.22,55.12,226.88,24.39,70.39,27.72,17.77,5,0
3.75,35.83,4.01,1.56,0.12,45.03,263.66,32.62,84.51,24.17,7.32,4,0
101.61,55.82,5.22,6.52,0.82,74.65,53.7,25.65,68.49,27.32,3.39,5,1
27.64,10.13,4.78,1.11,-0.34,29.69,265.63,26.35,90.54,29.92,6.96,10,0
18.71,24.83,3.81,3.94,0.15,21.29,119.09,27.06,80.23,6.84,16.42,11,0
306.74,196.4,23.67,12.65,2.79,92.95,37.66,31.0,60.82,18.14,0.37,6,3
154.5,102.74,19.32,8.75,2.27,82.26,50.85,27.74,71.38,6.37,1.12,6,2
55.15,47.59,7.36,5.23,0.43,73.67,51.93,24.53,83.54,25.6,3.79,6,1
52.66,69.15,8.7,5.61,0.38,65.75,133.72,28.25,85.46,9.03,4.53,11,1
179.32,82.4,17.41,9.92,2.45,89.5,42.67,20.4,62.33,20.15,1.68,8,2
25.53,16.67,1.1,3.88,0.01,23.99,470.15,22.25,67.22,9.76,12.49,6,0
53.75,45.62,9.36,5.62,0.65,68.17,78.35,32.32,85.28,7.73,4.82,9,1
158.64,133.79,19.86,9.2,1.62,81.12,39.47,30.9,76.75,6.56,2.06,7,2
63.75,72.18,7.14,5.94,0.91,68.39,138.73,23.85,77.72,7.15,2.95,4,1
44.37,39.03,2.79,3.26,-0.26,43.38,275.86,19.14,68.84,11.92,8.14,4,0
47.51,17.84,0.93,3.17,0.2,49.29,422.62,29.77,89.72,13.74,14.2,9,0
60.26,76.07,10.64,5.21,0.47,72.29,130.3,34.96,94.17,19.35,4.81,9,1
411.79,179.04,43.92,13.03,3.47,91.41,7.91,28.24,79.38,12.45,0.23,9,3
182.03,111.49,14.28,10.43,1.28,79.35,31.04,29.67,82.84,19.55,1.85,6,2
439.73,232.13,29.1,11.22,3.64,92.26,34.75,26.64,72.08,11.51,1.49,6,3
57.34,60.92,9.01,5.85,0.99,65.03,71.03,24.43,84.24,13.1,1.89,5,1
89.92,48.4,10.2,5.08,0.55,71.7,106.39,29.81,79.86,32.87,2.41,10,1
19.54,31.93,1.86,2.81,-0.18,23.74,276.43,21.17,63.29,17.48,6.33,9,0
58.4,76.67,10.04,6.2,0.41,73.23,132.38,22.62,74.09,8.6,4.03,1,1
0.4,30.35,3.13,4.27,-0.14,51.99,359.03,22.31,77.29,26.65,3.06,2,0
152.81,116.86,16.23,9.14,1.58,83.33,28.47,25.6,94.48,17.3,1.27,8,2
106.39,77.85,9.81,7.2,0.93,74.05,99.13,25.93,79.46,27.1,1.88,5,1
148.8,84.6,15.41,9.33,2.0,79.73,60.96,22.04,94.26,18.52,2.24,6,2
81.44,53.4,8.74,6.36,0.33,63.91,71.31,28.18,86.73,38.49,4.54,9,1
87.61,62.5,11.23,6.07,0.45,66.84,70.81,33.36,81.61,34.94,3.24,7,1
31.87,21.43,2.98,2.89,-0.28,58.11,134.56,23.29,77.94,8.81,18.96,1,0
350.9,242.73,25.09,11.44,4.21,93.85,11.53,31.61,75.89,28.47,0.48,7,3
170.27,106.32,12.31,9.5,2.15,78.98,68.41,32.0,62.98,35.32,1.0,7,2
102.46,65.84,8.31,5.15,0.82,65.45,72.45,31.15,93.68,13.97,4.82,12,1
188.3,94.52,19.69,8.59,2.43,89.92,62.7,27.68,69.08,20.29,2.46,7,2
76.02,75.7,6.02,6.69,0.98,65.18,124.18,21.17,94.74,33.33,4.59,3,1
66.66,69.82,8.12,7.04,0.9,68.04,83.6,22.51,91.2,7.5,4.19,3,1
122.49,132.21,13.11,8.38,1.26,89.4,61.59,24.76,71.77,13.21,2.1,7,2
35.03,38.07,3.55,2.78,-0.36,38.44,342.71,26.67,64.56,20.83,8.63,2,0
119.91,48.05,8.66,6.04,0.67,63.48,54.76,23.71,66.37,16.34,3.5,10,1
39.7,24.8,2.67,4.58,0.13,26.07,224.69,30.65,61.17,24.95,7.22,10,0
26.18,8.73,4.95,3.3,-0.39,47.55,459.1,19.3,91.36,32.79,15.67,1,0
139.67,99.31,14.47,9.09,2.5,86.67,78.5,24.91,73.64,22.1,1.89,7,2
45.03,27.65,3.42,4.29,-0.08,52.6,299.24,24.89,77.41,30.21,4.14,5,0
64.34,75.11,11.16,7.61,0.47,66.77,148.5,18.46,62.28,21.24,4.2,8,1
92.23,56.54,7.61,6.69,0.34,73.14,132.53,27.64,92.63,14.51,2.71,6,1
17.03,32.53,1.94,3.26,-0.34,56.63,469.27,30.31,62.63,25.95,5.48,1,0
2.01,22.14,0.66,2.37,-0.09,56.15,132.73,18.24,82.05,24.3,14.37,2,0
234.82,215.95,30.05,12.54,4.02,87.05,31.73,26.22,85.97,11.74,0.2,8,3
195.65,104.54,17.3,9.39,1.95,81.74,31.32,26.99,88.37,30.74,1.52,8,2
110.63,51.58,8.27,6.86,0.59,66.41,83.03,32.46,67.05,37.71,3.47,11,1
105.75,58.37,10.89,7.31,0.35,60.69,112.08,21.56,80.29,16.95,2.72,9,1
34.51,0.0,4.66,3.2,-0.0,46.59,324.55,28.36,91.77,25.38,17.56,1,0
55.64,70.67,9.09,5.26,0.89,68.21,142.16,33.65,62.72,9.23,4.71,1,1
177.79,80.44,16.07,8.42,2.3,88.07,45.1,23.16,85.08,17.55,1.39,6,2
32.66,5.94,2.77,3.11,0.09,22.2,455.15,21.67,66.42,20.11,14.95,11,0
383.14,163.64,20.78,11.79,3.69,85.67,22.37,23.68,86.98,8.73,0.94,6,3
374.09,243.47,26.26,13.08,4.12,94.13,12.36,27.63,75.64,30.73,0.49,7,3
109.45,45.54,5.22,7.8,0.4,72.14,132.32,20.23,83.36,36.12,3.98,8,1
83.9,62.0,8.44,6.7,0.8,61.64,124.96,19.13,94.16,38.49,1.98,7,1
73.75,49.96,9.82,7.91,0.82,67.37,110.05,31.82,81.15,38.8,2.0,6,1
171.04,131.11,14.89,8.44,1.5,81.83,52.0,27.28,89.46,10.95,1.52,7,2
29.62,26.89,0.19,4.42,0.23,54.02,429.85,28.77,83.75,33.22,15.66,8,0
111.44,44.0,6.8,7.26,0.37,64.81,88.72,20.69,90.12,20.66,3.68,5,1
111.42,69.4,10.62,5.85,0.42,71.26,130.68,25.01,73.02,32.17,4.97,8,1
37.23,0.96,3.25,1.84,0.06,32.39,449.2,28.53,70.01,37.1,8.73,11,0
83.03,59.94,11.19,6.81,0.79,65.84,52.91,34.14,93.22,38.03,4.76,5,1
11.6,36.15,0.89,3.73,-0.08,23.33,214.11,32.49,84.76,26.77,11.85,9,0
9.07,9.78,4.16,3.46,0.23,29.28,148.46,26.63,94.94,29.32,3.1,2,0
1.41,39.18,4.9,2.51,-0.48,49.09,432.4,20.3,88.78,37.27,5.13,5,0
60.84,54.25,9.88,6.68,0.57,66.3,106.21,19.33,90.84,7.73,1.52,8,1
27.86,25.9,4.49,2.8,0.12,26.7,162.48,28.14,82.13,31.1,11.92,5,0
134.76,100.8,17.31,9.45,2.11,89.42,26.99,21.92,74.51,6.15,1.92,6,2
6.12,8.67,4.32,4.43,0.26,23.04,314.72,30.08,82.54,31.95,14.03,10,0
33.47,11.44,3.0,4.86,0.13,33.32,288.96,18.27,70.14,17.93,6.41,7,0
0.73,14.02,2.95,2.57,-0.15,56.17,239.3,31.32,73.88,26.77,11.74,3,0
55.6,64.1,10.95,5.14,0.86,65.92,65.95,33.62,63.87,35.34,2.12,2,1
75.05,59.77,10.8,6.01,0.42,70.68,132.6,22.08,64.97,17.18,1.85,2,1
239.07,164.21,32.96,13.13,2.69,89.13,38.9,23.32,89.28,6.76,0.47,7,3
97.48,70.56,11.94,6.04,0.59,62.48,70.41,33.59,73.81,11.29,3.93,8,1
102.92,58.09,5.3,5.93,0.52,72.58,115.42,34.45,71.25,39.94,2.46,7,1
188.93,92.16,14.85,10.94,2.47,78.35,23.99,24.76,75.44,26.66,1.04,9,2
89.55,66.79,11.73,6.81,0.69,60.22,58.09,33.92,90.33,39.39,3.52,2,1
24.34,9.95,0.84,3.94,-0.07,28.65,224.0,32.43,90.8,21.1,19.43,5,0
77.49,63.11,8.61,7.06,0.75,66.36,92.5,26.73,80.55,21.68,1.99,7,1
445.26,212.8,40.42,13.25,3.9,88.99,7.0,29.34,63.59,5.42,0.58,6,3
44.84,8.43,1.14,2.12,-0.4,45.57,130.06,28.96,71.89,29.78,5.28,5,0
10.54,30.05,0.75,4.2,-0.05,53.28,101.9,18.88,93.25,29.6,15.74,12,0
157.93,80.25,12.09,9.25,1.23,84.97,62.53,33.11,75.47,10.0,0.86,8,2
9.22,8.09,1.93,1.2,-0.18,40.47,293.32,32.27,65.09,22.7,9.51,5,0
48.2,24.97,0.87,1.47,-0.2,32.31,211.7,33.52,79.88,23.24,10.96,6,0
118.3,54.77,7.5,6.03,0.66,66.61,137.99,26.63,64.84,39.4,3.27,6,1
90.4,41.75,5.86,6.68,0.54,70.94,115.23,29.77,75.05,28.55,4.46,7,1
154.03,139.73,12.78,10.57,1.72,87.41,69.03,23.06,93.24,10.31,2.33,6,2
84.16,46.53,8.46,6.23,0.92,60.14,147.63,20.58,61.64,23.83,3.69,3,1
37.78,6.57,4.57,2.47,0.04,29.02,196.13,27.53,86.91,31.52,12.77,12,0
0.84,27.17,0.38,2.68,-0.02,57.48,224.72,29.12,81.67,16.62,7.25,9,0
83.42,66.71,10.62,7.92,0.74,73.12,50.11,21.65,63.3,23.62,3.36,2,1
51.66,55.88,7.12,7.14,0.34,67.33,107.91,24.89,70.65,28.89,3.66,4,1
53.45,62.77,7.68,7.27,0.51,68.89,103.77,19.23,70.16,35.88,1.52,11,1
334.01,196.64,21.05,11.21,2.51,96.87,19.29,32.37,81.32,26.33,0.76,6,3
58.93,56.36,7.48,5.91,0.81,70.51,108.9,23.95,68.53,27.96,4.79,7,1
80.51,60.0,9.88,6.1,0.9,60.44,93.98,28.32,69.66,19.96,3.29,5,1
22.49,36.85,2.8,1.18,-0.17,36.66,486.2,28.81,84.96,31.95,13.19,4,0
166.54,99.41,16.13,10.1,1.14,84.32,75.0,28.65,88.75,22.91,1.1,8,2
134.83,84.74,13.92,10.38,1.05,83.74,79.73,26.86,62.23,34.1,2.21,7,2
37.28,39.82,3.33,2.97,0.24,20.63,391.97,19.05,75.75,12.17,18.11,3,0
68.89,68.61,11.7,7.07,0.92,66.8,127.16,30.08,77.77,26.91,4.45,9,1
104.1,56.16,9.79,5.3,0.39,62.1,54.55,31.5,81.36,25.12,3.39,11,1
157.83,112.12,13.43,8.94,1.35,78.09,58.28,28.74,62.05,9.96,1.01,6,2
165.54,128.71,18.46,8.57,1.17,85.82,29.39,30.35,89.46,15.47,2.2,7,2
167.36,112.93,15.73,10.18,2.29,79.54,33.26,33.55,72.19,14.54,1.84,6,2
12.65,20.6,4.99,4.22,0.08,38.08,224.78,27.65,88.46,22.07,17.55,12,0
89.13,54.5,9.49,5.81,0.86,63.44,65.88,30.03,66.39,9.07,4.24,6,1
147.39,96.0,19.88,10.73,1.04,86.56,26.62,22.65,69.43,33.68,0.55,8,2
372.98,157.14,26.09,13.53,2.92,85.94,29.61,33.64,82.76,8.16,0.66,9,3
35.09,22.26,1.79,4.65,-0.48,32.63,122.75,29.94,71.6,28.65,16.03,11,0
156.22,94.6,19.02,10.23,2.35,87.28,79.42,19.47,71.8,9.52,0.88,7,2
129.99,127.65,14.21,10.63,2.42,77.23,47.76,26.22,90.22,25.61,2.46,7,2
19.81,38.55,2.69,2.15,-0.4,48.14,357.94,34.17,60.78,15.63,9.36,8,0
27.35,21.85,0.45,2.67,0.18,54.25,139.7,22.47,90.62,9.51,4.54,2,0
23.52,7.29,2.99,3.77,-0.13,23.91,287.46,29.6,87.66,38.68,4.38,4,0
40.01,34.52,0.75,4.41,0.29,49.07,413.91,28.29,70.78,34.31,19.91,4,0
183.61,104.56,15.17,10.86,2.38,78.5,66.85,20.62,72.49,11.21,1.75,6,2
197.38,129.6,19.22,10.8,2.2,85.11,20.34,27.71,70.64,16.13,1.43,9,2
98.1,50.21,9.2,7.05,0.63,65.05,111.92,25.26,73.71,21.25,4.92,4,1
101.29,45.0,6.94,5.66,0.57,71.45,121.37,18.11,64.98,12.82,3.82,9,1
23.6,22.59,0.33,4.1,-0.14,40.98,276.31,27.51,65.43,11.37,9.81,7,0
65.72,42.15,10.45,6.92,0.54,60.71,136.56,33.82,76.75,16.91,2.09,11,1
98.87,58.69,6.34,6.56,0.55,64.36,82.81,33.07,85.69,28.38,3.04,11,1
86.54,78.11,9.23,6.82,0.39,74.95,127.28,25.04,77.57,23.27,4.57,10,1
37.82,21.59,0.39,1.07,-0.42,36.42,473.28,31.63,76.32,17.66,13.84,11,0
89.72,60.61,5.17,7.82,0.75,61.37,52.1,28.36,81.49,22.49,1.68,3,1
362.79,218.77,24.88,13.31,2.66,93.53,6.95,19.83,61.84,16.24,0.26,9,3
161.45,80.69,16.14,8.3,1.99,83.48,20.63,31.2,69.65,22.47,0.91,7,2
37.37,29.9,2.59,3.63,-0.09,21.14,126.4,30.75,91.96,6.04,9.52,8,0
170.85,88.9,18.13,8.21,2.24,78.93,61.33,23.78,77.6,21.21,2.35,6,2
111.08,49.77,8.15,7.78,0.76,65.83,63.14,27.88,85.14,9.35,2.42,3,1
20.84,34.5,1.42,4.66,-0.13,45.88,205.76,32.78,63.83,32.09,5.65,4,0
95.29,60.67,11.22,7.97,0.38,61.95,63.03,24.34,85.67,19.19,3.88,9,1
28.78,37.01,0.73,4.88,0.26,55.38,185.82,30.94,94.51,11.31,13.78,2,0
88.91,67.98,7.88,5.42,0.77,67.87,113.94,33.42,80.56,7.99,2.68,12,1
23.6,9.41,2.81,1.5,0.26,54.39,162.23,26.71,87.05,12.67,5.93,11,0
20.67,8.25,4.38,1.63,-0.14,44.23,376.75,32.77,79.89,20.38,9.51,3,0
105.33,48.57,7.41,7.62,0.34,67.68,98.17,22.79,67.67,37.41,4.13,8,1
248.34,239.1,23.54,12.52,3.79,91.01,38.31,26.97,62.64,34.83,0.57,7,3
65.1,74.64,9.1,7.83,0.7,61.86,67.09,30.33,61.72,29.63,4.96,4,1
40.98,39.97,1.06,2.06,0.03,58.62,466.33,31.52,64.75,39.21,11.55,9,0
315.59,148.18,44.43,13.53,2.86,96.76,16.92,33.41,78.55,9.82,0.63,7,3
158.58,111.22,19.8,10.9,1.32,87.17,31.83,29.49,74.18,37.6,0.93,6,2
235.08,204.61,25.02,13.37,4.07,86.46,36.92,28.42,94.5,35.88,0.37,9,3
59.57,73.8,8.33,5.49,0.39,74.48,78.15,24.98,73.51,29.53,4.68,6,1
20.51,17.69,4.34,3.45,-0.48,40.76,404.98,25.18,75.79,38.39,3.96,5,0
7.93,10.33,3.03,2.73,0.12,54.1,316.66,23.22,74.52,29.95,15.89,8,0
114.3,76.16,6.1,6.1,0.73,62.39,146.8,20.84,64.24,7.99,4.7,9,1
146.99,117.99,12.4,9.83,1.23,87.46,41.33,32.3,61.76,18.88,1.06,7,2
48.25,10.04,3.38,3.83,-0.01,32.52,208.44,32.72,93.14,8.71,13.16,10,0
26.2,20.2,2.63,4.9,0.23,26.47,247.55,24.13,87.95,23.34,10.21,2,0
28.67,34.15,1.21,4.51,-0.48,49.3,473.25,25.46,61.57,37.2,14.17,6,0
119.32,64.45,7.6,7.32,0.42,65.77,84.7,31.29,76.95,32.79,3.01,6,1
118.95,43.85,7.0,7.61,0.35,73.14,102.43,23.26,70.4,15.7,2.93,8,1
30.38,28.08,1.01,1.74,0.27,43.59,256.05,26.93,68.46,12.24,16.62,10,0
82.26,73.15,10.81,7.13,0.37,72.58,117.1,24.17,90.77,30.39,3.94,7,1
118.69,60.73,11.49,6.22,1.0,68.69,54.23,22.67,61.14,33.73,3.55,9,1
134.55,90.18,18.9,9.49,1.37,85.33,73.51,23.9,76.91,31.33,1.76,6,2
117.31,70.79,8.42,6.01,0.68,71.23,128.39,30.26,83.02,38.57,2.64,2,1
9.02,33.66,0.06,2.25,-0.49,23.84,218.84,28.14,63.04,29.56,3.92,4,0
59.14,68.59,9.76,7.98,0.74,72.0,76.83,33.59,86.43,27.93,2.69,12,1
13.21,36.4,4.58,2.32,0.06,47.03,422.63,26.67,83.37,5.92,8.04,11,0
12.97,15.19,2.95,2.07,-0.0,36.38,320.82,23.01,93.2,31.73,10.41,8,0
15.9,1.25,1.36,1.87,-0.46,39.67,287.45,22.45,93.37,8.88,4.32,10,0
23.21,28.91,3.28,3.84,-0.49,28.71,364.67,18.09,88.16,32.05,11.23,9,0
164.62,115.19,16.52,9.14,1.51,88.49,56.45,26.47,71.56,37.68,0.99,6,2
250.16,249.41,22.25,11.01,2.59,89.44,27.15,18.1,92.8,33.77,0.2,8,3
36.97,31.24,1.99,2.54,0.03,23.74,394.25,21.24,83.25,8.44,3.73,3,0
85.96,49.61,5.87,6.76,0.83,74.9,125.83,28.48,94.51,27.4,4.28,10,1
369.03,173.8,29.25,12.65,4.08,89.13,25.29,31.87,76.34,7.69,0.58,6,3
75.63,57.51,8.98,6.48,0.75,62.71,104.07,25.84,76.43,35.85,3.08,5,1
100.01,76.67,9.94,7.02,0.58,60.02,62.02,29.48,74.61,30.57,3.37,11,1
79.09,44.71,7.31,7.17,0.73,61.8,66.33,31.83,72.23,25.84,3.74,12,1
154.65,87.97,15.06,10.86,1.11,81.13,58.88,23.86,92.92,6.07,0.66,8,2
127.31,138.23,19.83,8.39,1.16,81.19,77.82,24.18,84.63,11.26,1.3,7,2
147.77,113.71,15.47,9.38,2.45,79.44,57.64,19.04,77.13,33.47,1.34,6,2
396.57,199.71,43.92,11.46,3.46,91.99,22.22,29.4,64.43,17.13,1.22,7,3
241.74,169.41,21.58,13.39,3.74,89.09,10.73,20.83,75.86,13.65,0.16,6,3
65.23,45.35,11.67,5.22,0.44,65.22,112.02,20.14,70.14,13.36,3.41,6,1
13.49,36.06,0.24,3.64,-0.47,52.03,431.76,21.16,64.36,22.62,18.19,5,0
29.61,14.03,1.07,1.47,0.2,37.61,350.08,32.83,79.14,21.83,11.34,8,0
41.34,33.23,1.46,4.5,0.12,36.72,399.36,25.8,68.34,37.96,19.34,4,0
99.88,46.67,10.69,6.04,0.65,69.12,98.81,19.9,75.13,14.82,3.5,11,1
16.31,10.77,2.26,4.09,0.17,52.18,348.48,30.49,61.38,32.94,7.77,11,0
61.97,74.42,8.72,6.23,0.72,69.52,54.28,24.19,62.15,34.83,5.0,2,1
28.59,3.83,0.8,1.34,-0.19,53.68,462.76,28.79,83.95,23.68,4.22,11,0
9.75,20.2,3.84,1.25,-0.04,24.77,114.58,32.18,64.13,6.58,3.9,8,0
192.29,127.43,13.88,10.94,1.54,77.54,49.97,19.42,82.2,35.03,1.95,6,2
197.96,138.54,12.52,10.47,1.97,84.71,27.7,34.7,91.91,20.37,1.8,6,2
163.59,89.91,16.66,11.0,1.23,87.25,32.44,30.49,70.52,16.4,2.06,8,2
103.5,55.8,9.55,7.28,0.53,71.96,83.89,21.78,67.0,30.8,2.4,6,1
34.01,33.7,1.14,4.47,-0.47,56.51,147.34,22.25,89.28,22.93,13.98,5,0
140.27,93.51,12.48,8.28,1.99,82.58,21.8,29.15,78.04,14.55,2.44,8,2
35.84,28.24,1.17,2.08,0.02,35.6,177.82,20.62,89.95,23.01,15.44,11,0
24.48,15.64,0.45,3.5,-0.1,31.01,289.47,31.63,82.73,21.37,16.18,3,0
60.43,53.85,5.3,7.16,0.97,63.96,58.77,32.56,79.32,6.64,3.16,6,1
123.11,119.54,14.18,10.61,1.73,79.58,51.06,27.59,64.01,39.89,1.26,7,2
18.13,5.11,0.61,2.13,-0.46,47.54,129.6,19.58,62.21,14.37,6.46,3,0
148.26,97.79,14.8,10.32,1.99,77.78,30.45,29.23,86.75,14.28,0.7,6,2
0.73,24.99,0.58,4.08,0.19,57.79,365.79,23.99,77.18,11.66,11.19,7,0
76.77,79.33,8.27,7.58,0.78,66.76,51.33,27.58,73.49,5.56,4.8,2,1
19.83,4.45,0.16,3.63,-0.01,48.33,364.15,22.95,64.53,34.5,4.94,11,0
105.56,42.43,9.24,7.51,0.56,66.83,119.87,24.56,70.35,5.59,1.74,11,1
87.17,76.02,8.86,5.77,0.6,67.74,59.67,19.86,74.17,33.16,4.1,10,1
28.34,14.06,3.05,1.1,-0.41,25.08,175.71,30.79,91.69,34.24,10.81,10,0
165.06,120.15,14.62,9.23,1.35,89.69,49.82,26.33,67.69,22.76,2.49,6,2
150.55,121.36,16.79,8.16,1.12,75.31,42.25,20.94,81.2,15.11,1.99,8,2
7.11,2.11,3.13,1.22,0.17,40.48,310.8,20.9,66.92,16.16,12.55,7,0
170.4,131.49,18.27,9.29,1.3,82.71,64.17,29.34,63.3,31.18,1.37,8,2
247.53,230.34,33.62,11.23,4.41,88.21,35.09,32.52,60.46,22.91,0.34,8,3
68.11,68.62,10.05,5.85,0.88,64.75,122.51,20.87,71.05,25.79,1.92,5,1
164.27,84.43,14.29,9.1,1.93,75.97,51.81,29.99,87.9,28.86,2.3,6,2
197.82,138.98,15.95,10.61,2.11,82.52,54.37,33.94,72.32,20.62,0.77,8,2
64.29,41.69,9.06,6.36,0.96,60.91,118.54,20.91,75.88,20.92,1.59,4,1
5.79,6.17,0.86,3.55,0.09,41.2,431.61,31.94,84.32,23.64,19.85,11,0
7.78,38.4,0.19,4.91,-0.5,54.95,222.93,23.39,82.9,7.8,18.96,5,0
12.42,8.58,1.35,1.99,-0.45,38.36,393.09,29.44,62.84,38.3,13.31,10,0
28.02,15.92,3.37,1.22,-0.4,39.97,234.79,19.14,91.35,29.21,8.03,10,0
7.21,30.36,2.5,4.65,-0.38,45.84,193.15,29.62,80.78,31.42,5.66,3,0
52.74,65.54,5.35,7.78,0.97,62.84,117.64,30.4,72.16,28.84,1.82,8,1
119.3,66.4,10.13,6.17,0.6,62.16,132.28,28.6,72.03,10.39,4.76,11,1
111.53,78.48,11.0,5.18,0.77,71.77,148.19,20.89,89.85,16.11,2.81,10,1
31.88,12.28,2.16,4.49,0.28,29.86,479.3,34.17,79.68,38.63,14.71,7,0
16.86,16.09,0.26,2.99,-0.4,36.04,240.28,31.65,65.37,17.83,16.14,10,0
4.35,8.92,0.94,2.71,0.03,30.55,104.83,28.3,93.7,25.63,11.82,4,0
28.1,4.48,3.05,3.27,0.13,59.47,200.35,33.45,87.48,22.06,11.66,12,0
55.92,64.27,11.17,7.65,0.76,63.17,136.3,21.34,85.81,15.03,4.6,9,1
38.97,32.18,4.11,2.89,-0.35,23.99,397.34,29.06,65.05,37.72,18.07,3,0
28.03,17.54,1.43,1.38,0.21,20.45,100.66,34.95,85.45,5.53,17.06,1,0
47.85,9.77,4.53,3.9,0.09,50.6,302.63,32.22,72.62,19.01,16.85,2,0
76.15,50.86,6.62,5.96,0.93,61.16,132.89,26.87,87.81,35.95,2.72,12,1
65.92,46.65,7.33,7.82,0.54,74.82,98.52,33.15,76.11,29.84,2.13,12,1
110.94,48.59,8.4,7.88,0.63,63.79,85.11,34.23,93.25,29.46,4.6,1,1
55.88,75.4,6.88,5.73,0.51,68.66,104.47,30.2,71.08,32.37,3.22,3,1
68.8,71.06,8.87,6.98,0.53,67.22,111.74,21.37,93.66,22.9,2.92,8,1
195.74,126.9,14.51,8.74,2.05,80.46,53.97,19.05,78.74,24.81,0.51,8,2
247.12,228.65,23.27,11.73,2.99,96.41,11.97,25.85,94.97,34.37,1.2,8,3
107.74,67.55,8.86,5.73,0.6,74.52,115.78,33.86,80.53,23.41,3.48,11,1
189.49,81.21,13.95,8.27,1.66,88.35,48.05,23.56,71.88,36.34,2.2,7,2
50.19,74.0,7.67,6.49,0.31,67.38,148.65,24.72,84.05,33.52,2.47,5,1
180.96,129.83,13.86,8.2,1.57,87.83,24.68,29.92,76.85,13.93,1.65,7,2
34.42,10.39,1.27,4.99,-0.35,25.92,139.47,28.67,72.78,23.74,12.86,1,0
32.68,30.96,4.07,2.97,-0.34,49.49,379.89,33.36,63.65,39.39,7.19,1,0
141.71,91.11,17.45,9.6,1.77,78.85,22.09,19.81,91.71,6.44,1.32,7,2
148.2,133.38,15.16,10.15,2.41,84.77,44.81,27.24,80.47,10.14,1.63,8,2
95.75,50.96,9.15,6.47,0.39,63.64,79.17,21.92,70.12,17.93,4.74,10,1
12.62,15.66,0.8,4.19,-0.21,57.44,437.0,23.01,80.08,16.25,18.45,10,0
34.76,16.72,2.83,3.6,-0.22,56.68,153.59,18.07,92.36,8.94,14.42,11,0
192.34,95.08,19.45,8.2,2.19,81.53,30.67,24.62,73.63,13.05,0.66,6,2
77.44,54.75,9.83,6.16,0.54,72.54,60.13,22.23,60.54,10.84,3.87,10,1
34.72,33.29,4.23,3.71,0.26,40.44,465.53,32.4,70.84,11.87,19.45,5,0
171.34,90.56,13.27,9.24,1.11,86.33,44.09,26.65,84.81,24.93,1.19,8,2
45.55,38.76,2.48,2.16,0.12,25.3,406.24,20.12,94.19,39.49,16.92,4,0
218.51,169.1,25.01,13.61,2.86,89.0,24.04,31.74,74.26,23.7,0.97,9,3
21.94,32.83,3.9,3.05,-0.3,38.6,325.48,28.95,84.3,22.2,20.0,11,0
405.3,140.17,35.91,11.15,3.02,85.77,26.13,19.95,73.43,20.97,1.06,7,3
12.4,28.42,3.86,2.66,-0.33,51.16,368.2,32.35,67.18,34.13,17.9,5,0
56.86,45.09,5.43,7.99,0.57,73.59,79.36,21.72,77.44,33.86,4.14,12,1
42.79,9.09,4.19,2.12,0.01,47.77,305.06,21.61,61.16,15.64,8.19,4,0
0.25,2.4,4.52,3.59,-0.28,27.09,217.71,34.01,87.45,21.18,4.95,9,0
156.66,95.74,13.93,9.45,2.33,80.68,64.98,26.09,94.71,31.97,0.69,6,2
32.08,2.05,2.4,2.07,-0.2,34.19,124.17,34.91,70.46,30.77,10.93,3,0
75.58,57.84,7.99,6.88,0.81,71.77,114.96,34.15,84.89,19.93,3.03,7,1
31.39,31.89,4.7,3.42,-0.29,53.47,165.29,33.44,80.14,7.44,3.38,2,0
123.07,104.1,18.39,9.57,1.83,76.46,27.94,29.48,94.27,29.92,1.85,7,2
333.98,193.73,30.05,11.46,3.65,88.6,37.25,28.08,72.42,6.82,0.92,6,3
49.43,28.4,2.6,2.56,-0.09,32.98,349.08,28.56,69.64,5.62,4.58,1,0
88.89,73.0,8.53,7.75,0.74,72.61,64.83,29.48,65.96,11.64,4.49,12,1
46.96,1.73,3.07,3.77,-0.41,21.92,413.96,19.82,86.69,34.72,9.54,12,0
100.31,44.42,5.25,7.98,0.46,60.81,68.99,24.66,88.08,16.94,1.64,5,1
47.39,32.78,2.76,4.5,0.29,44.43,345.16,21.95,65.85,31.59,15.83,9,0
166.64,134.54,19.54,8.19,1.6,75.35,39.76,33.48,89.63,9.46,1.57,6,2
153.54,91.64,14.28,9.52,1.8,87.08,67.48,31.27,66.71,6.75,1.66,9,2
87.23,43.67,8.12,8.0,0.88,73.4,132.32,21.87,60.11,15.62,1.86,10,1
96.4,63.61,7.96,5.6,0.51,67.87,115.19,31.04,94.04,15.0,4.23,6,1
40.69,37.62,3.24,4.82,-0.38,39.1,340.72,24.82,71.83,9.44,12.89,5,0
189.02,110.54,15.47,9.13,2.06,85.07,31.77,22.29,60.65,29.47,1.84,8,2
190.71,80.31,19.47,9.53,2.05,87.83,48.03,21.02,65.57,28.01,2.17,9,2
46.75,11.64,2.6,2.57,0.27,33.4,411.42,25.41,73.24,31.17,17.54,11,0
7.63,30.74,2.18,1.71,0.11,56.61,473.31,26.15,64.97,32.75,13.14,11,0
192.03,117.99,14.71,9.05,2.09,88.46,73.23,28.91,62.94,10.66,2.06,9,2
35.51,14.56,4.17,2.82,0.08,24.3,438.45,21.6,65.09,16.07,15.51,6,0
117.77,71.95,5.96,6.04,0.98,67.35,61.16,29.85,94.91,16.34,3.11,4,1
34.56,36.1,4.82,4.34,-0.33,31.43,448.3,28.89,70.98,12.84,18.12,6,0
284.69,218.45,34.28,11.32,3.62,93.59,35.85,23.03,84.23,6.2,0.2,6,3
4.76,4.78,3.92,2.4,-0.32,34.11,358.13,30.64,71.87,20.82,12.3,7,0
10.34,37.0,1.83,1.41,0.06,31.98,207.54,32.59,74.28,39.31,19.97,10,0
56.85,79.89,10.29,7.2,0.34,65.98,58.62,27.7,90.76,14.9,2.76,7,1
176.0,86.26,15.19,10.17,1.42,85.31,21.47,27.34,82.12,25.2,1.11,8,2
19.95,31.42,2.44,1.87,-0.41,39.96,417.75,21.95,75.28,34.93,14.1,11,0
22.12,6.22,2.98,2.0,-0.23,38.85,110.71,29.66,75.01,35.27,4.56,8,0
16.13,16.98,0.73,4.32,-0.22,36.01,457.62,27.25,93.48,36.04,11.44,5,0
187.9,90.15,17.65,8.44,2.18,78.68,64.27,34.77,80.3,27.14,1.41,7,2
103.4,54.68,8.82,6.55,0.37,64.82,51.94,31.8,89.03,33.07,1.89,5,1
171.49,116.56,15.74,9.88,2.19,89.54,48.04,25.56,83.4,27.05,1.65,6,2
25.18,28.44,3.87,1.0,-0.1,29.41,449.96,29.33,69.31,17.48,5.6,9,0
35.69,37.19,3.59,3.31,-0.32,20.62,377.87,32.59,76.32,23.57,6.93,9,0
411.82,240.33,23.55,11.63,3.71,91.52,15.45,33.32,70.21,10.45,1.34,6,3
98.68,73.02,5.39,6.44,0.67,62.54,82.24,32.16,92.53,26.99,3.04,11,1
161.61,131.13,16.42,9.68,2.31,81.05,28.04,30.84,81.71,29.64,0.56,6,2
207.51,238.71,35.57,13.92,3.43,96.02,7.18,19.14,94.14,33.59,0.57,9,3
13.38,2.9,1.77,1.11,-0.06,28.46,214.8,26.55,69.42,25.95,18.48,8,0
34.66,32.86,0.21,3.68,0.26,24.97,458.49,28.48,81.45,15.46,13.11,12,0
167.67,110.84,12.27,9.96,1.26,88.97,61.14,21.95,90.83,23.82,1.91,9,2
370.83,166.7,35.2,13.91,4.48,93.35,36.04,22.18,93.35,9.73,0.38,6,3
38.48,10.57,3.64,4.35,0.13,30.96,260.65,26.35,65.86,20.84,10.03,9,0
48.57,7.24,4.27,2.97,-0.3,54.83,278.12,24.11,80.75,10.72,11.75,11,0
103.58,43.26,5.28,5.99,0.81,67.83,91.7,31.03,87.51,21.09,4.35,5,1
49.0,23.85,3.55,1.03,-0.09,21.5,327.69,34.46,78.92,21.04,18.65,7,0
33.09,38.72,3.53,2.03,-0.27,23.72,374.49,21.51,67.97,5.32,11.81,12,0
17.33,23.83,4.85,4.93,-0.04,20.04,460.26,24.22,89.02,18.99,12.69,3,0
293.34,239.23,42.94,13.79,3.04,90.2,35.46,28.2,64.13,6.97,0.6,7,3
40.55,3.5,4.03,3.68,0.09,37.29,371.89,31.07,75.64,21.55,13.35,4,0
33.12,14.85,3.23,2.42,0.04,49.17,376.22,29.17,69.8,6.01,4.94,1,0
172.97,105.31,17.84,10.17,1.95,86.94,46.93,27.5,69.28,18.46,0.74,6,2
16.68,1.52,0.73,4.67,0.3,51.22,214.73,30.57,93.9,20.94,9.84,4,0
195.03,111.75,12.08,9.02,1.6,80.09,46.18,20.06,69.54,22.77,1.77,7,2
28.29,39.41,2.36,1.73,-0.11,40.5,396.67,24.84,67.63,27.58,14.88,4,0
193.21,94.27,15.43,8.37,1.69,77.0,51.4,27.41,68.58,17.38,1.97,8,2
47.65,9.69,2.36,4.75,0.13,58.58,343.33,32.05,70.2,10.77,8.67,10,0
72.74,60.65,8.11,6.02,0.89,67.25,133.27,20.4,94.21,25.57,1.87,10,1
46.54,21.23,4.61,1.83,-0.02,36.16,409.69,26.41,91.95,18.2,13.3,2,0
129.44,125.39,12.76,8.08,1.61,89.9,30.49,20.95,85.37,22.69,1.85,8,2
90.41,68.2,6.85,5.67,0.77,61.57,95.41,24.48,66.48,17.44,3.22,12,1
111.82,77.93,8.41,7.11,0.9,65.35,76.14,30.35,67.69,20.72,4.81,6,1
399.65,190.44,25.0,13.43,2.81,87.74,17.81,20.24,64.28,22.29,1.33,6,3
49.72,9.42,1.2,3.75,0.19,35.48,450.25,21.35,71.54,26.33,8.78,5,0
116.74,53.68,9.48,7.88,0.86,70.32,147.11,31.14,74.24,17.62,2.1,6,1
47.08,38.16,4.41,3.25,0.02,54.78,410.36,34.7,84.0,39.14,13.71,11,0
181.96,120.16,18.08,10.94,1.65,76.01,47.65,23.0,80.54,15.84,0.59,8,2
60.5,53.19,5.96,7.17,0.41,70.53,119.23,20.3,71.02,16.2,3.11,2,1
25.66,7.78,0.47,2.64,-0.37,28.87,227.02,19.49,63.15,11.76,7.41,6,0
70.43,70.6,10.35,5.88,0.36,60.17,92.75,34.8,76.44,13.97,2.94,10,1
0.44,15.29,1.51,1.15,-0.1,36.12,353.82,20.05,94.19,11.54,13.56,7,0
224.87,212.18,39.78,12.06,4.41,96.06,15.31,23.04,69.85,36.15,0.11,9,3
110.88,62.91,8.04,7.92,0.46,63.94,58.48,30.01,60.42,29.65,4.91,6,1
41.75,38.99,0.68,1.93,0.19,57.06,267.85,18.67,80.09,18.75,3.86,5,0
78.66,72.44,10.85,6.0,0.79,71.57,115.47,32.89,78.87,14.89,2.03,7,1
119.55,59.54,8.85,7.08,0.98,71.75,72.42,19.66,82.56,11.33,2.56,3,1
6.59,35.46,3.76,2.69,-0.09,34.8,396.31,30.98,85.29,12.16,16.33,7,0
68.14,54.19,11.26,5.17,0.71,65.59,88.67,32.51,80.96,14.55,4.6,6,1
142.56,123.37,13.17,8.71,1.86,89.83,24.41,18.73,66.97,36.76,1.3,6,2
10.1,27.86,4.33,1.96,-0.35,46.81,348.32,19.63,63.21,32.21,10.6,9,0
43.99,26.3,1.55,3.97,0.15,44.6,375.15,27.16,78.35,34.68,9.38,10,0
14.55,15.97,3.13,4.19,-0.22,38.94,414.19,21.69,80.62,20.26,6.83,3,0
164.81,102.99,15.28,9.39,1.11,79.12,71.1,27.58,76.82,14.06,1.99,7,2
275.05,223.21,30.85,12.68,4.13,87.89,17.0,27.7,63.23,20.06,1.18,7,3
67.68,78.31,5.21,7.87,0.45,60.73,79.25,30.79,67.31,11.89,4.25,5,1
37.43,17.48,3.53,3.27,0.26,43.91,105.95,20.43,92.36,8.64,9.0,2,0
68.74,58.2,8.3,7.12,0.96,64.94,54.22,27.26,65.9,31.62,3.24,10,1
16.34,0.43,3.51,1.45,0.12,39.67,413.71,19.4,86.8,7.44,12.93,9,0
9.05,25.28,3.08,3.2,-0.3,34.84,138.68,33.26,94.29,27.67,6.85,10,0
40.27,25.53,2.83,1.9,0.23,27.65,417.98,30.36,94.75,27.79,19.43,10,0
60.4,56.2,5.72,6.6,0.37,71.86,106.66,25.11,73.35,8.44,4.03,7,1
13.93,15.74,0.66,3.03,0.05,45.21,421.5,26.82,88.36,19.97,10.68,4,0
165.12,118.95,14.46,9.12,1.12,87.85,55.55,31.68,75.54,31.78,0.67,6,2
93.06,76.42,8.57,6.5,0.34,60.52,105.12,32.27,65.62,5.87,3.03,2,1
92.44,48.02,7.41,7.54,0.36,72.87,98.37,23.41,71.86,31.31,4.43,12,1
99.86,55.04,11.49,5.28,0.56,70.63,72.6,20.79,61.96,9.24,3.8,2,1
22.5,13.31,2.19,2.05,-0.37,47.57,305.83,23.43,80.71,7.53,6.4,5,0
96.41,61.07,5.67,6.21,0.97,74.93,123.05,19.73,74.52,34.98,2.3,11,1
59.93,67.67,7.35,5.78,0.97,71.65,128.71,32.27,86.57,25.96,3.68,7,1
27.38,28.45,4.3,4.74,0.13,46.11,273.45,30.07,94.75,30.79,4.91,12,0
76.68,64.19,9.9,6.78,0.94,69.42,137.86,23.6,78.63,8.02,3.55,7,1
79.49,74.16,10.4,5.19,0.73,63.53,105.75,32.94,74.16,15.2,4.85,6,1
98.83,42.91,11.57,6.38,0.96,61.61,144.99,25.85,92.83,13.14,1.88,5,1
41.05,31.3,2.72,1.62,-0.3,49.54,422.43,24.26,62.72,29.97,7.75,9,0
158.5,107.04,15.39,9.53,2.42,83.22,77.19,30.31,88.43,28.77,0.86,8,2
346.36,218.38,30.4,13.74,4.15,87.17,25.17,31.48,93.69,13.1,1.36,7,3
31.22,27.17,2.44,1.16,0.02,53.68,388.13,21.41,91.11,16.28,17.11,9,0
361.34,185.62,43.26,13.35,2.9,86.7,28.65,31.42,85.86,26.88,0.88,9,3
115.28,65.3,7.02,6.92,0.5,64.4,89.96,26.51,83.76,18.72,4.48,12,1
102.98,51.18,6.52,5.77,0.51,68.99,97.15,24.36,72.98,39.03,2.68,10,1
2.14,11.23,4.85,3.21,-0.29,25.3,468.07,23.21,90.03,26.15,9.16,5,0
96.21,69.35,11.28,6.3,0.42,64.78,93.22,18.22,71.05,32.29,4.0,6,1
293.76,151.76,32.34,13.62,4.27,85.14,36.02,18.66,89.67,35.24,0.48,7,3
148.01,85.0,17.8,8.93,2.17,81.64,49.12,24.5,75.51,18.17,2.06,7,2
162.42,136.91,14.32,9.36,2.04,87.48,45.28,20.01,84.8,17.19,2.28,6,2
131.75,100.56,18.92,8.46,1.12,82.27,38.15,31.66,64.8,25.32,1.63,7,2
29.1,37.52,1.42,2.84,0.02,53.79,201.33,33.05,62.81,26.19,7.76,2,0
37.9,30.4,1.56,2.64,-0.33,59.06,358.24,23.16,87.37,31.81,18.89,9,0
40.77,36.73,3.89,4.91,-0.33,25.63,308.28,18.68,94.84,26.08,17.09,8,0
307.64,236.58,35.14,11.74,3.21,86.09,16.67,19.23,67.19,18.35,1.05,9,3
29.54,20.23,0.09,4.73,-0.44,47.53,414.0,20.3,75.66,34.03,16.52,9,0
153.64,134.01,12.64,10.52,2.24,79.83,37.92,31.79,89.11,16.54,1.11,7,2
337.37,160.08,41.02,12.19,4.3,88.39,18.76,33.17,90.41,25.1,0.81,6,3
79.11,68.79,7.6,7.61,0.81,69.72,129.62,18.61,73.82,37.58,4.14,4,1
181.92,96.92,14.3,10.72,1.54,75.95,56.04,31.54,82.46,35.62,0.75,8,2
12.97,3.44,1.37,1.37,-0.09,37.53,169.62,28.64,73.55,6.97,5.97,2,0
80.71,63.1,7.49,6.17,0.67,61.0,72.9,25.34,71.65,30.57,3.4,10,1
94.22,50.28,11.64,5.51,0.98,60.22,98.11,25.64,79.97,20.25,2.67,2,1
5.87,38.1,2.26,2.03,-0.08,47.29,227.52,22.29,63.93,24.24,15.33,8,0
196.3,127.73,15.26,10.46,1.76,79.17,38.18,20.46,66.46,7.21,0.95,9,2
109.4,40.83,5.46,6.37,0.82,62.37,77.17,24.78,67.87,17.34,2.31,9,1
282.21,212.85,38.8,13.44,4.39,89.07,35.05,29.99,85.97,28.72,0.28,6,3
27.58,33.64,4.98,2.72,-0.24,56.27,176.5,24.9,61.44,17.16,13.46,12,0
44.19,7.97,4.11,2.65,-0.49,49.3,338.54,22.79,62.58,37.95,8.85,10,0
165.1,111.51,17.79,8.06,2.04,89.02,62.84,24.42,88.34,38.55,0.57,7,2
291.94,215.46,35.07,12.58,4.28,85.04,14.87,21.03,91.78,27.67,0.85,7,3
162.8,87.83,18.38,10.13,1.79,82.72,25.25,33.49,63.26,14.22,1.81,9,2
6.59,15.32,1.02,3.58,0.3,20.48,316.37,33.54,77.71,24.03,12.75,1,0
103.99,71.7,5.64,5.17,0.86,63.89,108.2,18.37,61.41,33.95,3.05,1,1
0.21,37.63,4.15,1.31,-0.02,29.32,205.61,19.94,81.05,19.04,17.86,4,0
102.28,68.62,8.65,7.47,0.6,73.45,57.13,29.13,73.3,11.9,4.84,6,1
10.51,5.45,0.12,4.74,0.24,22.02,169.23,22.78,67.14,38.1,5.37,10,0
176.66,80.33,19.95,10.27,2.02,81.08,53.31,18.6,89.26,36.38,1.01,6,2
3.64,37.31,1.97,4.17,-0.28,45.85,449.32,32.12,80.0,26.26,3.71,8,0
24.19,11.78,1.29,1.1,-0.27,42.16,100.64,32.98,80.78,26.28,7.81,2,0
73.79,68.99,5.46,5.95,0.68,71.86,81.88,33.06,81.56,13.15,3.69,7,1
142.58,128.77,12.95,10.27,1.15,81.7,64.04,22.86,90.27,35.98,0.85,6,2
373.23,235.44,29.16,11.13,4.45,85.22,38.17,18.17,84.12,39.32,0.62,9,3
170.29,118.0,15.6,9.59,2.12,87.39,61.79,31.95,79.67,28.5,2.35,9,2
44.27,2.66,4.77,2.13,-0.19,23.67,144.91,34.05,81.38,30.05,15.35,1,0
89.24,54.22,8.98,5.77,0.61,64.21,62.29,32.48,73.34,31.18,2.63,4,1
211.28,152.04,29.79,11.37,4.41,95.37,14.06,34.7,90.95,26.03,0.92,9,3
286.71,239.1,28.13,13.2,3.97,85.24,17.64,34.95,64.28,24.0,0.13,8,3
23.92,23.42,2.71,1.34,-0.45,24.22,334.24,21.97,82.32,33.7,12.25,6,0
114.84,66.04,11.4,7.55,0.61,61.43,87.08,29.32,80.7,14.62,3.84,3,1
12.15,25.69,1.38,1.87,-0.3,39.63,486.44,22.84,72.72,21.26,17.15,12,0
174.43,103.27,17.28,10.81,1.28,82.98,34.08,30.26,88.04,38.01,2.21,6,2
7.22,9.32,4.53,1.15,-0.32,32.38,346.75,21.71,65.75,13.29,12.08,9,0
0.71,31.28,4.06,1.65,0.09,37.34,195.84,21.03,86.49,6.67,13.56,4,0
194.89,136.45,13.4,10.62,2.11,78.79,24.04,33.51,82.16,30.24,1.04,6,2
108.54,48.62,5.84,7.55,0.41,74.62,134.25,34.68,63.41,15.61,3.25,11,1
23.17,19.92,2.71,2.2,0.03,45.8,331.13,26.11,72.47,22.19,4.93,1,0
16.8,18.63,3.87,4.66,-0.35,56.89,378.25,21.4,61.94,24.9,13.38,1,0
42.48,17.5,4.84,4.82,0.12,57.3,382.84,22.02,72.09,31.35,18.22,10,0
62.14,52.05,10.15,5.49,0.54,70.0,143.77,26.78,62.87,18.27,1.76,8,1
32.12,20.07,1.8,1.56,-0.39,48.46,251.06,23.54,94.42,12.19,19.34,8,0
135.26,121.64,16.82,8.55,1.41,81.13,61.95,27.05,86.89,31.53,1.78,8,2
87.25,56.09,6.13,5.36,0.83,73.91,95.83,33.55,63.15,31.97,3.81,6,1
97.69,79.43,11.6,7.14,0.67,62.42,88.42,30.33,82.24,29.99,3.55,2,1
39.1,8.27,1.43,2.97,-0.14,40.82,317.91,20.98,86.9,19.0,8.64,9,0
175.11,87.99,16.02,10.34,1.33,88.07,23.18,28.47,71.03,30.23,2.06,8,2
36.06,14.38,3.95,1.55,-0.21,38.56,269.54,25.56,94.61,11.76,10.36,12,0
326.93,184.77,34.72,11.58,2.77,90.27,12.95,33.17,78.58,21.92,0.44,8,3
52.05,42.33,9.73,7.3,0.8,71.06,60.46,21.09,63.43,31.5,3.93,3,1
74.63,52.63,9.28,5.4,0.48,60.63,57.26,18.33,68.59,27.92,2.35,9,1
72.28,59.56,11.02,6.78,0.79,65.47,123.85,20.03,80.04,13.99,3.83,7,1
1.33,29.41,3.13,3.32,0.09,47.01,182.35,20.14,64.54,28.67,8.99,5,0
149.6,96.74,13.44,9.66,1.32,78.01,79.43,30.72,87.79,38.91,2.1,7,2
74.22,66.89,11.66,6.46,0.63,69.82,60.35,33.62,83.45,5.47,2.39,10,1
117.18,44.0,8.38,5.15,0.65,63.78,141.11,28.78,90.11,39.43,2.89,1,1
45.67,29.57,1.82,2.2,0.05,36.97,191.73,32.81,62.4,17.89,10.31,5,0
8.24,6.82,4.74,2.78,0.13,45.58,370.57,21.98,87.54,38.98,5.24,12,0
115.53,72.41,6.09,6.17,0.77,74.08,148.77,27.75,86.48,14.56,4.17,12,1
89.11,65.0,5.68,7.86,0.85,65.61,106.28,18.7,68.78,29.14,1.67,2,1
170.38,92.98,16.15,9.79,1.79,78.9,50.91,34.94,91.41,21.22,1.48,8,2
135.22,139.82,14.26,8.25,2.04,84.14,79.99,25.29,83.68,33.62,2.1,7,2
128.5,109.24,17.08,8.31,1.78,83.66,64.55,22.99,79.93,39.41,0.97,6,2
177.2,94.93,19.28,8.46,1.94,75.43,58.62,25.64,72.08,11.05,1.05,8,2
163.46,110.71,12.44,9.72,2.35,86.7,67.18,24.09,68.16,16.06,0.82,7,2
377.74,161.95,38.41,12.59,3.91,94.98,8.06,33.84,71.22,25.79,0.81,7,3
54.97,63.81,6.54,5.91,0.39,63.73,132.13,34.15,61.71,32.73,3.74,7,1
121.27,113.47,15.04,9.52,1.84,79.7,37.71,32.81,66.74,8.42,1.97,9,2
137.1,91.82,15.3,8.68,1.88,80.57,46.93,21.46,65.45,35.81,1.57,7,2
123.68,128.48,13.42,9.54,2.21,78.81,34.75,33.21,60.02,36.55,1.31,6,2
33.08,39.15,1.87,1.07,-0.3,53.24,445.84,19.92,87.84,37.15,16.06,1,0
44.46,26.62,3.08,3.5,-0.26,36.61,419.72,25.99,60.69,30.67,8.21,12,0
403.27,173.56,34.67,13.74,3.14,95.66,5.33,30.92,86.65,32.61,0.11,9,3
108.59,54.93,11.12,5.64,0.53,62.26,112.06,28.43,86.66,24.1,2.97,12,1
0.62,18.75,1.51,3.39,-0.26,32.0,397.28,33.35,89.83,28.37,3.82,6,0
187.44,108.21,15.12,9.18,1.92,76.86,54.77,25.46,93.36,26.29,1.83,6,2
30.63,23.42,2.74,3.56,-0.29,23.39,147.71,26.5,89.42,29.55,6.82,7,0
10.86,4.26,0.65,1.25,-0.43,37.28,228.35,32.79,87.47,23.57,15.01,11,0
105.64,60.11,9.04,6.48,0.44,70.84,78.08,28.97,66.2,37.92,1.59,5,1
261.91,178.29,42.39,13.9,3.39,89.17,23.41,22.65,85.78,6.81,1.06,6,3
94.54,73.97,9.69,7.2,0.46,65.57,64.73,25.75,94.9,26.39,3.27,7,1
132.36,109.24,15.44,9.79,2.5,86.54,43.87,20.9,61.07,12.16,2.16,7,2
43.92,21.26,3.02,1.36,-0.25,37.07,265.56,22.8,66.37,25.39,16.23,4,0
56.4,69.86,5.09,6.93,0.43,63.49,113.56,31.22,67.9,11.16,4.98,11,1
86.66,67.71,5.31,6.11,0.45,61.49,73.41,34.54,70.03,13.08,2.17,8,1
116.51,57.15,5.55,5.36,0.84,61.02,140.78,33.28,87.07,35.49,2.49,9,1
25.68,32.12,1.87,2.55,-0.42,56.58,136.41,25.02,74.2,28.78,14.02,10,0
164.95,94.32,17.44,10.22,1.36,80.67,52.06,24.62,70.42,8.5,1.49,6,2
126.8,86.39,13.02,10.71,1.79,86.87,26.92,31.96,67.87,35.6,2.36,6,2
87.25,50.66,11.3,7.78,0.58,73.35,88.39,26.09,64.29,37.48,4.08,3,1
161.2,128.84,17.78,9.85,1.23,87.54,76.15,26.3,69.06,31.41,0.77,8,2
47.89,37.71,3.93,4.97,-0.06,58.51,130.24,21.83,66.85,9.93,9.22,10,0
43.1,35.74,0.97,1.52,0.28,54.73,457.29,27.21,82.62,24.09,18.07,4,0
19.49,19.2,0.69,1.32,0.16,59.07,261.89,19.12,91.2,21.23,4.49,10,0
141.63,129.37,16.15,9.39,1.47,83.71,63.79,28.7,84.48,29.89,1.32,6,2
7.68,30.58,3.62,3.26,-0.13,55.53,406.68,31.83,82.5,21.03,16.8,3,0
43.18,37.17,1.52,4.46,0.13,57.23,198.3,22.67,88.84,5.19,12.81,7,0
172.55,130.71,12.66,9.9,1.32,76.74,73.57,22.14,73.54,39.06,1.78,9,2
61.64,51.25,8.65,5.83,0.45,61.32,65.57,30.22,61.6,12.11,4.19,12,1
65.43,65.03,9.0,5.55,0.34,69.07,126.37,21.86,83.33,7.8,3.33,11,1
39.72,3.96,1.36,4.42,-0.22,58.92,491.89,18.7,84.68,20.78,7.56,5,0
28.25,27.56,4.37,3.55,0.11,26.4,284.62,22.19,85.43,39.71,3.16,8,0
351.49,192.94,38.53,11.99,3.49,96.91,38.45,22.46,68.14,15.42,1.4,7,3
20.27,10.77,0.99,4.13,0.23,34.81,400.51,32.38,66.4,38.47,18.25,7,0
19.91,3.67,1.68,3.09,0.09,20.13,286.92,32.5,85.04,25.62,8.05,1,0
85.82,46.28,7.64,5.01,0.91,61.27,109.73,27.12,92.34,13.26,4.95,12,1
90.31,65.81,5.12,7.88,0.33,62.15,51.4,33.85,83.31,33.79,3.48,5,1
80.46,77.49,9.94,6.89,0.33,73.56,140.94,18.12,62.0,12.88,4.23,12,1
75.65,62.38,9.66,7.93,0.81,69.66,83.51,22.9,86.9,12.18,1.62,9,1
176.88,102.92,19.29,8.83,1.31,80.46,59.01,20.25,88.48,33.45,2.22,7,2
83.96,66.76,7.59,5.64,0.92,74.72,52.0,23.81,69.69,16.75,3.41,9,1
343.15,241.62,29.83,12.9,4.29,92.64,26.52,33.0,63.09,16.79,1.1,7,3
186.7,103.7,16.51,8.68,1.93,75.18,49.32,33.61,73.35,31.78,1.79,7,2
156.07,113.52,12.02,9.1,1.21,85.35,48.74,25.95,67.34,37.38,1.1,6,2
89.01,69.71,6.96,6.69,0.36,66.2,125.02,34.84,69.73,22.44,3.93,8,1
156.52,86.45,14.19,9.21,2.12,76.09,59.57,29.12,86.62,11.24,1.93,7,2
24.1,7.84,3.05,2.12,-0.33,40.66,102.2,21.72,61.29,8.78,3.13,10,0
42.3,32.5,2.38,4.41,-0.3,20.7,347.68,27.64,91.48,38.95,10.78,11,0
58.97,48.95,10.15,7.03,0.98,60.22,125.08,33.35,80.17,20.63,3.27,3,1
13.71,4.54,0.57,2.39,0.11,44.32,141.03,28.22,93.63,28.46,17.49,5,0
15.51,20.27,2.92,1.27,0.02,39.56,314.76,23.82,66.09,24.31,17.16,6,0
3.89,16.04,2.97,2.15,0.18,26.04,246.85,24.88,61.39,14.54,5.12,2,0
171.14,131.21,17.9,10.65,1.65,86.21,79.99,19.94,78.14,25.56,1.95,6,2
4.92,38.27,3.0,3.91,-0.25,35.73,194.77,21.04,87.91,28.71,4.65,7,0
19.05,30.98,2.09,4.89,0.09,20.62,451.99,20.39,85.71,35.27,4.71,10,0
70.35,56.75,8.12,7.73,0.37,64.2,103.76,28.72,92.96,32.85,3.94,5,1
98.58,70.71,11.27,6.06,0.97,69.56,128.77,21.49,62.5,30.42,3.95,11,1
100.66,73.74,8.26,7.36,0.64,65.8,102.61,30.36,72.49,25.0,3.87,9,1
334.14,216.58,22.09,11.12,3.02,89.02,29.07,24.37,82.89,10.72,0.9,6,3
218.39,145.88,43.44,12.59,3.73,91.27,8.28,30.7,70.91,15.72,1.18,8,3
120.76,137.54,16.12,10.95,1.09,83.75,40.96,24.14,69.12,35.01,2.19,7,2
21.72,28.94,0.05,3.36,-0.01,45.51,196.81,19.55,66.97,35.71,15.14,4,0
25.66,3.38,2.35,4.73,0.08,23.1,189.68,33.21,61.15,33.44,14.45,12,0
42.26,24.09,2.27,2.63,-0.1,21.62,457.12,21.09,64.21,10.03,19.97,8,0
13.23,2.66,2.6,2.25,0.07,48.94,232.84,22.4,85.45,5.56,14.38,10,0
43.53,3.34,1.06,4.01,-0.46,39.7,276.84,24.71,78.55,10.65,8.68,10,0
129.0,124.16,14.2,9.92,1.51,89.97,35.81,33.82,60.86,29.38,1.06,8,2
19.57,38.47,3.82,2.28,0.26,45.83,282.18,24.98,68.15,18.53,10.96,8,0
32.18,38.89,4.89,2.88,-0.37,28.08,455.84,28.33,86.82,30.9,18.5,10,0
28.27,17.69,3.99,3.9,0.05,33.62,421.99,20.71,71.75,7.69,3.89,11,0
165.46,96.48,15.8,9.0,1.87,88.34,54.16,26.82,61.79,13.15,1.76,7,2
35.64,1.85,1.33,2.99,-0.16,27.67,233.53,29.38,62.51,31.16,15.37,9,0
410.97,221.65,24.2,11.36,2.64,94.41,37.51,20.03,77.93,17.21,0.7,7,3
22.12,1.84,2.72,2.35,-0.12,44.53,447.52,25.38,88.68,36.7,14.25,7,0
15.3,26.7,3.53,4.75,-0.32,38.73,200.21,24.85,73.09,14.47,4.36,11,0
99.16,79.71,5.92,5.82,0.58,66.33,91.1,30.14,81.28,15.83,4.68,10,1
25.05,14.01,3.86,3.49,-0.12,51.17,194.06,32.71,90.75,32.43,15.81,5,0
73.6,50.5,5.85,6.53,0.71,65.39,97.54,28.9,91.54,10.74,2.77,1,1
30.68,37.8,0.24,1.0,-0.02,31.36,452.22,22.93,69.43,10.07,8.56,6,0
12.02,16.26,4.33,4.76,0.29,58.37,102.38,20.51,72.21,34.05,3.81,3,0
3.88,15.67,0.77,2.51,0.0,41.89,192.47,28.44,90.13,31.36,8.84,9,0
189.94,132.97,13.82,10.69,1.51,79.64,63.61,18.9,73.08,30.25,1.11,7,2
307.73,248.32,25.39,13.14,3.57,95.62,21.69,33.81,85.63,32.16,1.2,6,3
11.06,39.47,1.53,1.51,-0.06,54.32,371.22,27.55,85.02,30.48,8.03,9,0
6.46,37.84,3.56,3.97,-0.1,38.99,144.01,22.2,94.2,32.88,12.52,11,0
128.36,114.61,15.71,8.36,2.47,78.22,24.03,30.56,61.14,28.06,1.69,7,2
5.28,7.53,2.5,4.17,-0.38,46.39,229.43,29.25,76.34,33.42,8.8,11,0
200.19,205.36,37.98,12.86,2.66,87.83,13.76,25.87,77.04,37.72,1.26,8,3
67.84,71.19,6.79,5.45,0.54,68.97,64.2,32.67,70.26,20.76,3.77,2,1
1.61,28.43,4.15,3.54,0.22,47.92,248.38,33.72,63.63,24.0,6.08,1,0
427.3,230.16,42.2,11.6,3.07,88.76,18.2,27.26,65.6,29.19,0.65,6,3
0.93,35.55,1.13,4.72,0.07,50.51,180.58,26.86,66.02,15.69,6.98,10,0
136.85,112.73,13.44,9.04,2.4,77.19,57.94,20.05,71.41,24.7,1.69,6,2
179.42,105.53,14.77,9.11,2.48,75.6,72.02,25.46,85.38,22.03,1.66,9,2
97.61,49.23,8.2,5.57,0.34,65.68,86.29,25.59,71.67,25.32,4.98,10,1
145.48,105.51,18.43,8.27,2.29,79.67,20.09,19.52,63.23,29.25,0.97,6,2
6.65,0.89,0.25,2.05,-0.45,34.76,433.11,30.37,63.29,28.08,8.55,7,0
27.76,23.52,2.13,3.46,-0.43,23.51,168.73,21.64,69.91,19.01,11.81,9,0
109.12,64.02,5.94,6.17,0.98,65.27,136.78,23.68,72.28,6.81,1.83,9,1
33.21,17.06,4.45,4.38,-0.08,47.66,453.34,23.33,86.38,12.7,11.43,1,0
48.53,22.2,0.91,1.52,-0.03,45.32,121.21,31.52,61.74,34.93,7.13,10,0
66.29,55.76,8.76,5.57,0.48,61.87,121.34,21.74,77.76,7.39,2.77,1,1
145.25,118.69,15.16,10.14,1.3,88.35,37.24,18.99,63.9,23.06,1.24,6,2
59.59,48.08,7.86,6.23,0.52,62.23,50.44,34.04,76.93,39.83,4.9,7,1
111.77,44.23,11.92,6.33,0.33,60.57,124.62,31.64,63.69,6.24,3.81,4,1
8.09,13.98,4.86,4.68,-0.34,49.02,331.61,24.32,77.01,28.37,3.85,2,0
117.36,52.02,11.03,7.8,0.82,63.47,83.4,32.13,89.74,27.14,1.63,11,1
151.79,94.76,13.81,10.55,1.46,80.08,31.82,22.16,68.66,38.04,2.42,9,2
179.58,123.67,15.28,9.9,1.87,81.32,55.83,21.28,91.7,6.87,2.39,7,2
45.08,6.76,4.41,3.29,0.19,38.96,471.05,27.43,64.4,20.65,6.6,8,0
73.75,61.19,9.67,6.05,1.0,68.46,132.45,32.5,66.08,12.79,4.04,7,1
15.23,39.9,3.29,4.69,-0.15,48.41,283.88,26.83,74.96,39.32,8.58,11,0
183.57,124.86,15.53,10.2,1.94,87.81,68.15,24.44,61.22,8.57,0.58,8,2
70.7,70.41,6.68,7.05,0.51,60.13,113.34,29.21,92.4,38.92,1.9,12,1
8.49,26.1,3.06,4.15,-0.3,50.55,375.19,27.27,65.15,20.84,8.49,2,0
223.14,219.39,23.51,12.17,3.32,87.06,37.29,33.19,90.93,16.09,0.1,8,3
8.23,21.36,2.42,3.77,-0.28,29.77,167.32,27.49,74.13,7.27,6.72,10,0
41.56,26.97,0.03,3.51,0.15,43.63,269.89,28.54,82.4,38.85,12.93,9,0
105.97,49.1,6.17,5.06,0.46,60.36,84.55,27.86,73.43,8.28,2.01,5,1
113.22,64.15,9.04,6.68,0.56,71.78,75.28,33.2,71.81,30.53,4.79,5,1
308.65,193.69,43.19,12.56,3.48,92.52,29.12,31.96,75.24,7.53,0.25,8,3
13.9,0.07,0.6,4.0,-0.32,59.77,167.13,29.99,71.27,16.58,16.41,4,0
335.25,248.33,43.47,12.36,2.9,87.14,13.4,22.64,71.95,20.71,1.09,9,3
439.14,232.78,37.21,11.88,4.33,88.58,33.03,28.25,88.11,32.71,1.39,6,3
68.17,51.7,9.94,7.21,0.51,65.18,149.11,24.88,62.19,33.74,1.86,2,1
105.46,40.97,9.27,7.19,1.0,70.18,73.18,28.9,78.31,36.47,1.88,4,1
158.42,132.22,14.88,10.78,2.05,78.86,53.85,20.34,80.69,16.02,1.57,6,2
3.16,4.71,1.14,2.37,-0.2,33.85,195.62,32.03,69.79,37.98,11.67,2,0
135.84,135.25,15.53,10.23,1.82,78.85,60.27,31.08,81.14,39.67,2.42,6,2
273.96,140.12,26.8,11.65,3.82,93.24,25.77,30.39,71.32,28.28,0.12,7,3
102.26,72.19,10.16,7.78,0.61,62.6,54.78,20.43,79.53,11.47,2.36,5,1
138.15,127.72,17.05,9.76,1.53,82.24,55.84,29.87,75.18,12.08,1.44,6,2
159.69,105.86,19.63,8.62,1.47,79.62,37.34,34.82,91.11,16.48,1.44,7,2
421.31,148.75,30.65,12.6,2.75,95.51,10.2,19.17,78.36,25.9,0.64,8,3
315.29,174.23,32.26,13.32,2.84,94.98,31.23,32.72,64.63,25.84,0.86,7,3
55.21,72.66,11.08,6.92,0.61,69.93,120.67,34.25,78.0,32.95,4.63,10,1
193.19,90.17,18.54,10.8,2.41,88.71,52.79,18.12,62.13,20.01,1.21,7,2
145.21,96.57,19.85,9.58,2.36,77.46,58.57,34.11,71.81,30.37,2.12,7,2
147.7,85.13,14.37,8.41,1.7,77.34,47.77,30.56,60.96,24.42,0.94,6,2
23.6,34.11,3.23,1.18,-0.07,20.69,411.41,26.02,87.95,6.63,8.58,8,0
163.87,87.68,19.06,9.18,2.24,86.82,57.47,34.65,65.07,30.38,1.49,6,2
105.74,53.31,9.15,6.48,0.96,71.21,123.05,27.34,76.34,37.47,1.66,10,1
330.51,230.91,34.41,13.62,3.94,93.36,24.78,25.13,63.38,6.4,1.11,7,3
65.73,47.81,6.16,7.33,0.46,67.9,95.15,32.91,90.37,20.79,3.53,9,1
22.04,23.39,4.08,4.95,-0.19,21.9,420.47,21.38,77.32,30.98,13.27,5,0
8.86,27.8,3.08,2.93,-0.19,56.36,111.65,33.33,75.62,24.27,16.07,7,0
24.31,29.36,3.87,4.14,-0.32,27.7,336.0,23.43,63.66,30.09,15.6,4,0
159.1,123.89,15.05,9.04,2.26,75.53,78.48,25.35,81.98,9.3,1.8,7,2
155.23,134.07,18.01,9.47,1.9,79.88,79.02,18.75,71.43,26.82,1.83,6,2
10.16,30.47,1.93,3.05,-0.11,43.09,446.23,24.93,88.96,31.76,19.67,4,0
174.58,120.58,16.06,8.83,1.94,89.43,70.04,18.39,77.46,32.15,0.72,7,2
347.13,141.22,21.49,13.98,2.64,85.6,17.36,23.42,74.35,27.19,1.46,6,3
96.29,41.54,7.58,7.94,0.59,67.53,140.99,27.9,87.92,35.25,4.01,4,1
16.04,28.98,3.73,1.8,0.19,48.6,325.1,27.23,65.57,12.13,11.02,5,0
15.46,6.46,4.11,3.35,-0.01,52.82,237.17,21.37,85.64,26.49,6.29,7,0
34.74,17.98,4.06,3.13,-0.23,33.28,458.99,24.9,61.4,17.75,10.7,6,0
37.57,26.28,4.78,1.28,-0.45,31.29,204.68,33.41,68.73,14.52,7.2,6,0
271.88,199.2,33.33,12.22,2.84,97.71,34.87,28.26,67.95,24.03,0.8,8,3
58.51,69.78,8.64,5.68,0.5,68.36,110.17,32.53,67.2,32.09,4.89,11,1
147.1,113.82,13.64,10.23,1.08,87.79,31.89,23.99,85.29,16.17,2.25,9,2
13.82,2.0,2.38,1.23,0.07,34.88,179.75,34.55,84.33,22.21,12.26,10,0
20.33,23.08,0.76,1.71,-0.27,58.23,393.64,31.89,64.47,35.08,14.25,8,0
156.05,103.27,13.92,9.12,1.17,89.57,54.44,24.0,79.15,23.65,0.76,6,2
158.47,113.39,18.73,8.62,2.48,88.5,37.19,30.82,92.58,29.19,2.29,8,2
96.67,72.71,7.62,7.55,0.41,64.06,54.33,24.46,88.18,27.86,2.78,9,1
30.68,8.92,2.73,3.74,-0.35,40.84,287.62,31.91,71.75,25.11,4.21,10,0
52.4,59.9,6.08,5.55,0.56,66.49,112.32,26.56,66.39,25.09,1.76,1,1
350.16,221.8,32.66,12.9,2.64,88.31,17.66,18.78,64.9,14.69,0.76,9,3
33.17,33.56,2.75,1.61,0.08,44.01,392.5,34.58,80.07,16.96,16.09,6,0
166.38,117.14,14.26,10.68,1.04,80.23,63.31,21.11,80.63,24.6,0.66,8,2
67.01,63.83,10.56,5.1,0.8,63.78,144.79,18.57,74.12,38.82,3.38,9,1
184.64,95.18,16.32,9.59,1.63,78.43,62.19,33.49,78.5,35.47,1.0,6,2
81.08,63.88,7.04,7.15,0.86,63.9,80.06,29.82,84.64,28.89,3.81,5,1
52.39,70.51,5.23,6.37,0.41,72.35,81.37,25.29,87.04,21.84,3.09,4,1
61.61,46.16,9.95,7.92,0.46,71.6,58.76,26.61,69.41,23.54,2.84,1,1
108.84,67.31,6.46,6.39,0.94,64.9,99.87,30.49,86.17,13.83,4.85,7,1
23.37,37.94,2.09,4.45,-0.29,42.84,437.54,26.26,82.39,5.1,18.65,8,0
173.35,133.99,14.28,10.7,1.2,84.89,52.86,23.29,77.63,10.66,1.49,7,2
21.86,2.63,4.72,3.48,0.08,47.06,367.1,26.93,88.76,6.56,3.29,5,0
57.73,56.78,7.22,5.11,0.4,71.46,51.8,19.47,87.97,36.45,4.77,5,1
48.39,11.82,3.85,3.5,-0.19,28.23,148.55,31.17,82.54,23.56,13.46,2,0
4.56,3.08,1.99,4.29,0.18,49.48,458.75,19.5,62.04,34.82,8.49,5,0
7.39,12.6,2.96,2.43,-0.48,23.88,216.2,19.67,79.62,9.2,14.21,11,0
20.79,29.13,3.99,4.78,-0.01,30.19,469.66,27.77,84.35,37.35,16.18,8,0
147.04,122.33,13.5,10.25,1.35,77.15,31.12,26.72,89.57,7.79,0.86,8,2
32.75,11.33,0.0,1.51,0.25,54.69,193.44,28.35,93.98,18.08,16.23,6,0
20.35,22.96,2.14,2.05,0.11,41.26,127.07,33.04,86.43,16.31,9.26,12,0
117.34,68.92,9.51,7.19,0.63,67.58,135.12,33.25,91.18,39.18,3.88,6,1
439.0,153.24,22.98,13.8,3.09,88.14,6.25,29.79,74.91,23.09,0.49,9,3
78.74,49.25,5.95,5.59,0.34,62.97,50.92,23.38,94.06,11.78,3.7,2,1
185.8,90.4,15.89,8.35,2.02,89.25,28.23,28.75,80.43,18.65,1.97,7,2
36.6,29.57,3.3,1.91,-0.16,53.85,368.08,27.99,75.74,31.57,15.46,11,0
19.11,33.33,1.74,1.14,-0.28,59.6,370.67,31.17,78.89,10.2,18.31,11,0
83.37,41.89,5.37,7.29,0.51,66.14,106.41,31.18,90.96,7.09,2.81,5,1
142.51,95.16,12.04,10.09,1.07,82.99,77.73,33.21,94.7,7.15,0.72,9,2
54.45,41.47,5.94,5.04,0.35,70.38,103.43,33.52,80.48,30.41,4.12,10,1
142.16,92.88,19.32,10.29,1.17,78.18,57.28,26.57,93.3,19.71,1.34,9,2
369.85,248.11,33.31,11.6,3.39,97.75,17.96,31.55,75.47,23.97,1.44,8,3
10.6,32.75,1.61,1.09,-0.38,28.94,482.93,33.86,80.13,21.78,12.74,1,0
97.6,75.89,5.95,5.75,0.68,71.99,53.63,25.73,72.57,15.25,4.94,1,1
157.77,110.85,18.69,10.22,1.4,75.25,48.78,33.23,93.47,35.78,2.22,7,2
432.68,223.85,33.01,11.61,3.59,94.95,36.35,21.32,80.99,16.63,1.21,6,3
175.57,139.28,16.08,9.28,1.43,82.15,72.37,34.62,94.77,25.92,0.58,7,2
11.39,4.07,3.64,1.72,-0.44,37.08,115.83,28.66,65.34,11.04,19.4,6,0
12.34,39.19,4.14,3.38,0.24,37.81,493.31,22.09,82.33,18.24,8.04,5,0
94.42,71.92,7.77,7.75,0.67,62.37,119.59,23.38,90.0,36.72,4.28,2,1
63.96,52.31,5.3,6.9,0.47,64.56,127.08,22.12,65.92,32.12,2.65,6,1
284.94,190.12,36.95,12.63,3.19,90.66,32.81,20.42,70.96,34.73,0.49,6,3
170.11,106.72,12.73,9.86,1.25,76.15,59.84,25.83,61.43,35.81,2.32,6,2
107.59,63.74,11.98,7.36,0.49,63.97,83.59,18.46,68.06,36.67,4.45,1,1
55.16,61.79,8.87,7.62,0.81,63.74,138.84,28.31,65.91,35.02,3.51,6,1
4.35,26.39,1.3,3.63,-0.38,35.88,140.99,19.5,93.97,18.83,7.8,1,0
18.44,32.91,0.57,4.34,0.01,33.68,147.12,23.7,64.91,14.37,4.56,8,0
97.4,74.98,10.24,7.82,0.34,60.18,116.13,22.31,71.58,14.44,2.51,12,1
47.01,30.48,4.86,1.15,-0.27,27.82,104.46,29.54,68.09,22.82,7.12,10,0
118.48,47.24,10.59,6.0,0.81,66.3,107.84,31.67,90.32,7.09,4.41,10,1
97.03,58.38,10.78,7.76,0.33,71.16,53.52,25.85,84.37,17.33,3.06,3,1
32.14,23.51,4.48,3.61,-0.22,58.65,420.65,22.98,73.07,28.45,13.72,12,0
29.95,34.25,0.59,3.76,-0.17,28.25,261.1,29.82,68.85,15.9,4.29,10,0
394.45,172.55,26.12,11.65,2.77,92.17,26.19,29.56,70.23,16.56,1.09,8,3
38.04,5.29,2.27,1.74,-0.35,23.99,272.82,33.47,75.68,34.35,4.28,3,0
69.41,76.66,7.72,6.51,0.53,69.94,149.5,33.3,60.14,17.75,1.59,6,1
390.46,176.41,32.58,12.15,2.77,89.64,36.11,22.72,72.88,26.58,1.15,7,3
98.07,76.23,7.61,6.75,0.31,64.98,56.22,31.9,67.23,23.46,3.33,12,1
30.09,18.01,3.38,1.73,-0.18,22.74,339.24,18.78,83.09,32.13,19.37,10,0
20.71,33.1,3.67,4.08,-0.49,36.65,292.54,22.42,86.61,9.8,3.33,7,0
196.73,91.54,17.74,9.99,1.52,75.29,61.39,28.75,75.24,23.38,2.39,6,2
108.8,53.57,9.96,7.98,0.52,70.11,134.43,30.2,69.93,16.42,4.71,2,1
181.61,93.38,16.93,8.73,2.48,89.28,53.8,31.62,85.23,29.49,1.9,9,2
24.97,4.25,0.57,4.76,0.2,38.08,494.32,28.44,81.57,21.01,3.0,10,0
297.58,240.06,25.64,11.57,3.73,95.13,24.84,18.64,81.64,9.59,0.42,7,3
32.41,22.49,3.81,4.46,-0.02,52.64,224.91,25.32,83.72,11.55,6.89,5,0
4.48,8.63,3.91,2.12,-0.38,33.25,333.62,24.59,77.44,20.92,14.96,7,0
22.41,24.04,1.64,4.12,0.17,32.94,435.46,32.24,65.35,7.9,4.76,9,0
310.38,197.0,33.05,12.62,3.54,85.11,5.06,19.73,84.67,12.17,0.24,9,3
8.68,14.93,2.09,2.2,0.03,56.75,260.24,22.6,89.89,25.01,6.27,9,0
191.34,92.28,18.87,8.9,2.41,79.22,75.61,20.47,94.11,8.0,2.43,6,2
46.34,7.25,4.56,1.22,0.26,28.03,221.09,24.47,83.36,39.12,11.35,5,0
180.74,101.93,12.58,9.05,2.02,85.54,77.9,28.75,78.87,10.27,1.41,7,2
234.91,200.7,26.85,11.2,2.6,86.5,7.5,26.25,72.0,19.64,1.16,9,3
63.24,77.5,5.07,6.24,0.95,65.77,59.31,26.47,66.48,21.33,2.56,10,1
109.96,43.03,8.24,7.97,0.84,74.43,127.96,30.01,86.62,23.31,4.56,10,1
160.0,123.81,16.95,8.56,1.04,79.27,46.58,32.45,66.87,9.39,1.73,9,2
30.96,24.78,0.19,2.16,-0.17,42.01,218.43,34.71,61.47,39.62,7.89,11,0
128.23,87.56,19.83,10.02,2.27,79.86,60.59,28.25,83.89,25.14,1.69,7,2
265.79,214.05,24.45,11.28,3.18,93.11,13.68,30.05,63.6,20.64,0.52,9,3
45.26,8.03,4.95,1.03,-0.29,27.99,105.6,29.79,87.73,13.98,15.45,12,0
84.88,68.51,9.26,7.95,0.43,66.74,141.82,26.42,64.72,33.52,4.7,1,1
41.15,8.39,1.9,4.89,-0.23,31.86,467.28,30.91,94.58,36.55,4.88,12,0
119.0,49.68,9.7,7.28,0.47,70.92,86.78,28.77,78.75,8.16,3.71,1,1
35.64,32.97,4.48,2.7,-0.25,53.57,411.05,20.0,82.81,7.3,12.11,9,0
417.8,224.27,39.71,12.99,3.02,96.79,28.48,19.89,75.65,21.11,0.88,9,3
25.52,38.78,3.47,1.28,-0.35,50.85,436.58,28.96,60.99,34.0,13.5,7,0
33.93,23.3,2.76,4.44,-0.42,33.88,315.3,21.68,88.1,18.99,16.79,12,0
79.82,61.92,8.65,6.05,0.77,71.38,51.46,30.13,73.53,28.19,2.23,12,1
4.08,19.26,2.03,3.42,-0.15,57.36,313.9,33.24,65.14,13.04,14.79,2,0
73.93,67.02,7.07,6.05,0.6,60.06,99.21,18.95,91.89,16.28,2.4,10,1
148.42,86.56,19.59,9.47,1.75,84.32,20.21,24.14,73.89,11.09,2.36,7,2
0.93,32.19,0.69,4.1,0.14,41.52,223.87,30.53,81.05,27.94,5.47,11,0
118.72,58.02,8.59,7.97,0.46,74.14,54.28,19.19,85.52,26.29,3.06,7,1
15.05,29.96,3.97,1.81,0.27,40.1,466.79,30.28,62.98,12.7,15.02,4,0
68.74,76.46,7.58,5.14,0.51,67.97,90.82,20.23,88.67,39.87,2.46,8,1
20.24,21.55,4.22,1.24,-0.02,48.68,491.16,22.7,84.84,31.71,16.72,4,0
60.5,52.99,10.16,6.43,0.56,65.92,95.94,33.17,93.44,32.54,4.25,9,1
124.27,130.85,17.04,9.47,2.33,87.68,37.82,19.69,88.8,28.64,2.08,6,2
17.48,26.09,4.46,2.54,0.05,25.39,316.33,18.47,69.36,9.64,18.67,8,0
25.21,34.63,1.21,1.31,-0.21,49.91,320.28,34.31,87.74,26.13,16.89,11,0
38.43,9.05,3.46,1.93,0.0,49.88,187.49,20.23,81.21,34.73,4.02,11,0
395.67,172.85,36.03,13.02,4.5,86.8,11.7,28.01,64.74,27.96,0.32,8,3
41.42,18.11,4.28,4.29,0.21,21.93,174.45,20.32,76.99,32.96,8.03,11,0
32.72,19.5,1.83,3.58,0.26,21.65,467.54,31.72,73.44,21.51,13.35,1,0
47.26,11.31,2.3,3.69,-0.37,39.46,395.42,28.65,83.42,9.42,17.74,3,0
402.22,148.41,26.98,13.79,3.01,95.16,33.88,24.57,75.75,12.94,0.79,9,3
17.49,12.31,1.05,1.69,0.01,56.78,303.54,20.71,89.06,39.0,8.07,7,0
24.1,20.13,1.58,3.92,0.2,57.55,422.04,27.36,88.91,15.62,17.46,1,0
142.6,137.03,16.65,9.31,1.87,82.75,65.53,24.0,91.29,38.13,1.06,9,2
149.37,81.13,12.8,9.49,2.03,80.02,61.73,29.97,77.24,37.02,1.9,7,2
189.34,111.15,19.95,8.03,1.45,84.35,48.16,24.25,60.89,27.5,0.73,9,2
163.92,130.68,19.65,10.83,1.15,89.17,67.74,19.53,66.28,39.13,2.06,6,2
70.4,44.69,9.58,7.55,0.95,74.59,128.11,32.5,74.0,30.55,1.99,5,1
47.7,34.62,2.89,3.7,-0.49,33.56,418.26,22.8,80.49,13.97,4.32,1,0
12.72,0.52,2.7,4.4,0.27,42.63,305.78,27.33,73.3,26.25,4.45,12,0
352.7,207.25,38.41,12.0,3.9,96.91,5.38,21.72,75.96,34.83,1.32,8,3
10.45,3.39,2.33,2.93,0.17,28.85,252.4,32.0,73.46,21.07,16.74,5,0
164.84,83.67,17.24,9.4,1.7,80.69,75.74,23.38,93.71,33.36,1.0,6,2
110.92,70.9,9.91,5.42,0.76,71.49,107.24,22.71,68.48,35.43,4.62,9,1
66.79,43.75,6.28,7.8,0.75,67.75,115.71,30.41,61.67,24.81,3.02,3,1
0.2,14.17,0.58,2.72,-0.34,52.88,132.21,27.87,76.05,24.24,17.72,7,0
19.89,17.12,4.4,4.84,0.21,48.77,334.0,33.96,68.75,23.73,14.72,12,0
110.66,71.79,11.74,5.22,0.49,61.2,125.11,19.7,79.66,19.4,1.99,12,1
101.16,45.92,10.97,7.13,0.93,61.99,109.3,24.01,76.05,6.33,3.6,6,1
12.71,25.24,0.12,3.88,-0.09,44.23,352.75,27.9,83.93,31.36,11.96,6,0
116.42,49.84,8.72,6.45,0.79,61.02,69.38,30.55,66.62,25.07,2.25,9,1
93.79,42.07,6.48,5.22,0.5,69.41,106.62,27.34,69.56,13.56,3.64,5,1
10.89,13.09,3.14,1.69,-0.29,38.72,193.22,33.69,86.18,28.32,13.01,6,0
21.8,6.28,4.74,4.07,-0.29,43.63,388.58,32.99,78.03,32.11,19.0,11,0
335.6,198.02,23.53,11.0,4.12,86.14,27.18,21.55,83.28,7.75,1.38,8,3
72.39,49.73,7.4,7.39,0.71,63.8,131.78,29.89,75.37,30.6,1.69,1,1
29.68,2.69,3.57,3.81,-0.22,55.71,300.87,21.56,74.61,35.18,13.98,1,0
165.98,117.12,19.47,8.49,1.81,75.87,41.54,21.19,92.72,26.37,0.8,9,2
86.8,77.89,9.17,6.97,0.34,62.49,80.1,31.2,71.24,17.47,3.39,3,1
80.81,44.88,8.47,5.1,0.94,63.88,116.25,26.84,79.13,11.47,2.59,2,1
95.53,78.25,10.35,6.22,0.82,74.25,99.94,19.33,91.23,13.63,2.94,1,1
17.07,38.66,2.97,4.2,-0.29,28.4,413.57,29.58,79.34,24.73,14.66,8,0
192.62,85.25,19.49,10.48,2.19,78.01,68.31,22.92,93.33,6.75,2.2,6,2
62.23,51.84,9.65,7.9,0.34,73.36,107.69,26.5,62.43,8.15,3.47,2,1
27.13,5.64,4.01,1.3,0.29,50.89,179.49,31.86,84.74,30.52,3.09,1,0
438.71,194.41,32.82,12.44,3.77,86.18,6.14,25.55,69.64,26.77,0.18,9,3
131.07,131.01,19.59,9.08,1.78,86.69,53.72,25.75,84.99,32.74,2.49,7,2
149.52,131.28,18.42,9.05,2.04,77.39,73.78,25.75,84.7,33.73,1.31,6,2
9.56,12.4,3.66,3.56,-0.17,50.36,343.85,31.91,68.85,14.5,18.23,9,0
22.66,1.29,1.4,2.64,-0.02,30.84,153.27,33.99,74.58,25.34,4.3,9,0
28.29,24.62,0.2,2.61,0.02,47.92,355.26,19.59,74.95,9.51,8.45,3,0
299.76,232.38,24.71,13.02,4.45,86.32,5.29,19.57,86.19,37.01,0.71,7,3
68.37,65.8,10.94,6.2,0.88,62.32,132.28,21.79,74.25,39.58,3.39,12,1
285.11,174.32,42.65,12.76,2.93,96.56,39.77,32.66,73.67,23.34,0.22,9,3
99.19,79.79,9.61,7.38,0.32,72.16,80.0,19.93,83.8,39.92,1.94,2,1
23.44,39.95,0.79,4.79,0.16,58.89,171.83,18.29,85.36,27.54,6.63,11,0
36.13,12.85,3.62,2.14,0.1,21.22,213.32,18.77,66.51,37.71,11.48,9,0
268.84,141.78,21.91,12.74,2.78,85.54,18.29,19.9,70.97,19.62,0.97,6,3
117.32,58.06,8.93,6.75,0.47,71.05,122.66,18.23,94.96,25.36,2.25,5,1
129.62,117.02,16.8,10.58,1.0,77.85,33.18,20.61,61.29,23.71,2.4,7,2
68.2,63.51,6.83,7.95,0.52,63.63,77.85,28.82,85.57,37.13,4.64,8,1
437.33,141.23,25.04,13.98,3.49,92.45,10.82,21.93,66.64,12.98,1.35,9,3
32.08,10.39,4.43,4.58,-0.26,29.2,264.52,29.43,88.91,28.56,7.09,4,0
26.71,33.68,2.92,1.25,0.02,20.33,411.98,23.25,70.24,32.94,14.33,5,0
178.77,81.19,17.5,9.35,1.79,83.42,63.9,28.99,79.74,18.08,2.16,6,2
17.67,12.63,2.46,2.28,-0.35,32.38,489.96,25.56,80.18,39.42,9.99,4,0
81.1,77.76,5.33,7.55,1.0,73.3,131.04,21.93,85.72,15.66,2.81,3,1
101.92,50.77,8.94,5.84,0.57,73.6,135.58,22.05,66.76,38.39,3.31,3,1
442.2,249.11,39.74,12.99,3.19,87.23,7.76,31.34,88.93,36.98,1.07,9,3
187.11,102.01,18.09,9.46,1.3,76.87,40.7,34.97,61.72,20.44,0.78,7,2
9.88,19.19,4.44,3.27,0.05,33.56,328.56,29.21,61.77,22.27,10.61,9,0
297.96,200.14,33.3,12.77,2.62,89.71,30.31,21.46,60.35,20.31,0.38,9,3
107.98,58.94,10.81,7.19,0.45,74.23,56.08,23.18,77.51,19.78,4.64,12,1
23.56,21.93,0.46,2.51,-0.25,41.44,364.48,20.32,88.45,28.75,14.96,1,0
30.08,6.51,2.74,4.43,-0.09,47.34,130.1,19.61,80.98,14.84,10.63,7,0
237.17,185.61,22.13,13.99,3.5,92.74,7.35,21.57,91.43,12.18,1.15,6,3
72.61,71.81,6.9,6.32,0.35,60.38,146.26,29.83,74.31,11.07,4.43,1,1
21.6,17.58,3.06,4.77,-0.31,24.86,178.99,28.98,70.01,33.56,18.08,7,0
41.87,12.39,2.54,2.61,0.18,37.28,254.44,28.24,63.75,22.79,14.73,9,0
5.02,25.35,4.4,4.55,0.27,54.71,100.86,31.92,72.82,26.05,9.46,12,0
175.98,138.04,18.49,8.23,2.07,83.03,20.99,33.67,92.41,32.96,1.0,9,2
385.84,147.15,30.04,13.51,2.96,95.8,9.21,24.53,61.29,38.5,0.17,8,3
385.75,206.57,43.04,11.49,2.78,92.33,6.98,22.09,64.17,19.33,1.03,7,3
45.08,2.82,4.51,1.65,-0.23,44.21,462.27,30.98,84.87,10.59,7.35,12,0
179.12,84.91,14.48,9.03,1.55,80.16,67.23,18.08,70.37,26.83,2.0,6,2
5.73,2.11,1.83,1.19,-0.42,25.69,100.77,27.81,88.68,11.77,5.61,7,0
23.1,3.12,1.79,3.78,0.26,58.52,322.29,21.16,84.34,7.47,13.31,7,0
182.31,117.86,16.11,10.13,1.59,87.62,60.63,27.11,90.98,13.82,1.9,7,2
34.52,37.8,3.41,2.33,-0.1,45.83,304.23,23.31,88.08,35.15,5.04,3,0
29.43,5.48,2.81,1.22,-0.01,41.21,308.31,18.76,76.09,20.54,14.63,4,0
29.53,29.37,3.81,2.21,-0.45,21.5,407.22,20.28,66.46,31.82,9.55,3,0
17.61,17.15,4.12,4.06,-0.2,42.62,434.24,31.64,93.14,6.12,3.31,10,0
404.12,173.04,30.85,11.25,2.7,91.11,23.56,28.93,84.62,15.47,0.47,8,3
84.24,43.84,7.77,6.54,0.88,61.14,84.85,29.02,70.15,34.59,4.38,10,1
92.64,75.0,10.72,6.8,0.83,66.5,104.74,19.53,89.03,7.09,1.72,3,1
17.52,6.48,1.64,4.28,-0.37,38.95,468.63,22.26,92.74,14.15,19.98,4,0
246.46,247.58,44.86,12.67,2.84,89.11,19.86,22.77,94.03,10.37,0.53,8,3
133.51,83.22,17.74,9.43,2.27,80.75,30.1,27.33,66.62,30.21,2.17,7,2
159.64,121.3,15.48,8.74,2.23,86.99,61.68,28.03,72.63,8.21,1.04,9,2
30.79,25.4,0.23,2.5,0.0,40.13,442.6,20.77,62.47,27.48,14.2,1,0
4.26,12.55,3.29,2.47,-0.06,49.77,263.39,23.07,94.24,12.11,19.99,2,0
109.59,71.94,6.87,5.73,0.46,65.09,99.82,21.71,64.57,5.44,3.04,6,1
146.78,122.36,17.6,10.98,1.7,86.07,22.93,21.17,89.42,34.4,1.43,6,2
88.4,61.96,6.41,7.05,0.36,62.08,50.27,26.04,81.21,32.8,1.91,1,1
149.27,94.5,17.38,8.59,2.34,76.58,62.39,32.79,64.42,28.73,1.5,7,2
76.14,50.21,5.74,6.06,0.59,70.14,115.82,24.72,66.36,10.49,1.75,12,1
42.77,1.28,0.38,2.1,-0.34,29.27,419.18,18.1,75.03,19.28,12.57,6,0
12.96,0.76,0.18,4.66,-0.22,36.43,107.35,31.68,81.54,31.38,7.6,11,0
58.37,68.53,10.33,6.68,0.84,67.41,102.27,18.43,63.78,6.1,3.0,7,1
29.39,20.06,4.37,1.34,0.05,47.2,367.63,31.99,61.47,21.49,19.02,9,0
44.45,2.2,0.88,3.19,-0.12,21.83,102.9,29.2,72.79,21.47,19.8,10,0
113.56,55.85,7.07,5.43,0.41,66.49,109.57,33.97,86.43,25.53,1.78,4,1
13.93,7.08,0.44,1.48,-0.13,28.25,245.71,29.74,61.38,32.98,11.56,9,0
104.73,47.31,7.13,6.35,0.56,74.74,133.49,32.95,72.17,32.5,3.18,12,1
305.43,170.45,34.81,13.74,2.92,93.1,27.1,20.24,85.05,36.82,1.13,6,3
172.18,107.58,17.41,9.86,1.85,75.89,57.97,34.9,60.39,30.56,2.04,7,2
16.91,4.29,3.49,1.83,0.24,28.63,202.26,31.07,74.97,33.68,8.05,9,0
27.39,39.16,2.78,1.76,-0.03,28.18,307.88,28.29,78.09,30.91,4.26,2,0
108.08,64.25,7.04,5.62,0.41,73.49,121.01,28.26,76.57,7.09,4.78,12,1
55.32,62.9,10.74,7.3,0.41,73.72,127.01,30.54,85.81,22.39,1.52,5,1
156.17,111.42,19.86,8.18,1.73,86.61,29.07,22.07,90.36,16.45,1.72,7,2
97.73,79.74,6.63,6.87,0.62,60.59,51.45,29.03,79.85,24.37,1.92,10,1
26.29,9.34,4.04,2.55,0.17,35.26,429.66,25.48,81.54,7.46,8.67,3,0
40.3,21.34,0.53,4.19,0.26,22.4,256.54,20.49,90.37,14.95,11.29,1,0
45.49,0.54,2.74,1.63,-0.27,32.28,187.71,23.65,72.09,20.86,16.47,1,0
123.47,95.66,19.01,10.26,1.03,82.76,51.77,23.06,83.86,12.27,1.3,8,2
414.13,217.13,38.18,12.69,4.39,91.45,18.32,31.37,85.71,18.45,0.33,6,3
27.57,14.38,0.63,3.36,-0.08,28.12,280.75,28.04,63.39,24.18,16.55,11,0
59.73,76.59,11.5,7.05,0.31,68.06,112.92,34.93,90.02,7.23,4.98,5,1
154.11,100.02,14.53,10.32,1.08,75.19,67.73,20.22,68.24,37.64,1.45,9,2
165.59,118.53,12.83,8.12,1.5,87.32,47.95,32.19,68.0,33.54,0.95,7,2
98.64,71.83,7.38,5.02,0.64,60.24,59.2,25.43,69.78,25.37,2.64,5,1
174.83,112.04,13.9,10.23,1.71,79.42,68.12,33.93,65.79,27.72,1.89,6,2
39.27,4.88,0.95,1.85,-0.05,51.48,225.73,25.9,86.18,12.76,4.44,6,0
91.73,74.44,6.51,5.53,0.48,73.37,144.1,26.52,81.19,26.57,3.49,7,1
102.82,44.12,8.76,6.14,0.62,69.06,100.23,26.27,74.31,32.02,3.39,11,1
256.66,217.65,33.83,12.61,3.94,87.69,10.57,22.94,94.09,20.8,1.01,6,3
14.17,0.74,2.16,4.36,-0.19,27.18,401.48,20.95,86.98,38.16,16.41,1,0
29.81,36.64,1.44,1.74,0.02,48.5,375.21,22.29,93.46,37.32,8.43,4,0
108.68,54.46,11.02,6.22,0.53,66.81,126.24,21.34,93.3,11.14,1.94,3,1
205.95,145.67,43.97,11.83,4.25,90.05,9.17,20.66,68.75,22.1,0.21,8,3
16.43,2.18,0.91,4.86,-0.16,45.28,390.44,20.5,67.23,15.96,9.24,5,0
44.94,23.74,1.04,2.05,-0.15,24.88,131.49,24.92,85.42,8.85,14.56,7,0
28.59,0.73,1.25,1.92,-0.3,41.42,332.78,24.56,92.43,27.82,18.45,2,0
176.45,114.64,19.12,10.1,1.3,81.45,49.64,34.23,64.5,29.41,0.61,7,2
79.58,51.37,11.33,5.55,0.78,73.87,103.87,20.12,77.28,21.0,4.57,9,1
166.83,132.1,13.65,8.34,1.4,75.86,51.87,18.67,64.27,20.83,2.37,9,2
139.79,107.03,13.03,10.86,1.91,78.43,60.3,24.09,63.97,28.51,1.74,7,2
44.71,7.67,1.62,1.91,-0.22,22.78,307.62,31.61,68.18,23.9,4.15,6,0
53.28,51.05,9.95,5.19,0.89,60.06,74.68,23.38,63.57,17.61,4.09,3,1
18.27,19.51,4.25,1.35,0.14,22.23,436.93,18.31,84.39,39.9,3.88,6,0
433.27,235.77,30.55,13.07,4.31,96.06,19.5,19.29,80.2,27.49,0.26,8,3
293.33,169.78,36.1,12.23,2.55,87.03,30.06,18.46,67.77,13.09,1.02,8,3
38.97,12.91,2.15,2.92,0.24,22.14,178.75,27.82,68.8,15.12,15.0,12,0
42.39,3.23,4.92,2.43,-0.24,23.67,334.26,26.39,70.89,17.9,12.96,5,0
20.95,30.05,0.36,1.32,-0.22,57.67,367.43,24.15,80.78,5.35,14.54,2,0
72.65,73.37,9.41,5.6,0.35,60.64,87.14,28.98,77.48,14.31,2.43,5,1
41.44,24.14,1.95,3.23,-0.04,26.62,261.09,24.82,86.64,21.89,8.84,5,0
74.12,59.93,8.2,6.56,0.4,67.7,74.24,19.1,86.69,19.96,2.15,8,1
321.77,206.69,39.12,11.52,3.51,90.18,10.12,19.16,60.9,9.73,0.61,9,3
442.76,243.87,31.86,13.59,4.19,89.15,34.01,28.14,68.05,9.22,0.15,6,3
103.05,49.89,9.99,6.34,0.5,67.85,87.97,30.87,87.91,33.01,2.3,12,1
157.66,138.38,12.6,8.01,1.57,84.02,57.75,20.12,65.97,34.83,1.45,9,2
79.12,79.11,6.4,5.65,0.5,62.59,87.94,28.46,74.42,37.7,4.69,11,1
142.05,99.82,15.31,9.3,1.62,82.56,68.87,31.57,63.54,32.99,2.14,6,2
14.47,26.5,3.07,3.12,0.05,45.5,452.53,31.24,68.7,28.74,12.96,3,0
25.35,23.92,0.17,2.45,0.09,52.82,225.26,34.45,89.99,9.12,16.58,11,0
152.77,119.31,14.08,8.48,1.24,76.06,31.14,32.99,88.49,28.98,1.83,6,2
432.0,158.2,20.06,13.95,4.31,85.72,34.16,22.4,90.76,11.88,0.74,9,3
69.77,74.64,7.5,6.48,0.34,64.13,117.68,22.13,77.63,33.61,4.08,1,1
43.75,34.35,2.02,3.81,-0.05,54.12,226.02,26.25,72.39,36.2,11.9,10,0
181.49,102.62,19.27,10.37,2.13,89.56,41.97,33.47,87.68,24.72,1.72,6,2
22.68,21.21,0.09,4.19,-0.26,56.47,487.0,25.86,60.04,25.94,6.15,12,0
68.9,59.64,11.65,5.87,1.0,63.44,70.81,32.31,86.23,30.32,3.41,10,1
128.83,108.07,12.57,9.79,1.4,82.91,51.05,27.33,80.4,19.06,2.35,9,2
20.18,22.85,0.04,3.61,0.03,46.1,165.39,22.21,93.6,7.36,7.35,8,0
177.13,128.1,14.72,10.44,1.12,88.42,52.86,25.69,82.53,23.42,2.13,8,2
186.25,117.56,12.6,8.34,1.07,78.86,28.14,24.55,93.0,26.36,1.02,8,2
6.84,36.0,4.37,3.39,-0.02,46.6,170.15,25.12,73.41,23.16,18.55,2,0
75.28,66.72,9.0,7.54,0.74,69.51,72.17,23.86,60.4,15.96,2.95,7,1
96.58,78.51,6.07,7.96,0.76,66.81,138.82,23.93,90.94,28.33,3.93,4,1
180.86,83.6,12.15,10.92,1.29,87.33,53.71,20.21,77.38,19.26,1.03,8,2
157.2,97.74,18.2,10.56,1.63,85.02,23.53,18.76,61.02,26.45,1.56,7,2
285.88,246.75,34.58,12.38,3.82,95.61,18.8,30.05,93.47,26.87,0.15,6,3
96.71,78.26,9.62,6.75,0.89,69.48,66.56,30.47,85.84,39.55,2.6,12,1
41.94,17.14,3.63,3.04,-0.0,35.81,407.28,25.78,78.12,34.11,10.23,10,0
55.52,51.48,7.25,6.69,0.49,61.43,66.49,32.33,69.95,30.01,2.11,9,1
31.74,7.46,3.75,3.18,-0.34,31.68,399.44,21.67,93.85,30.03,11.2,11,0
31.24,22.87,4.16,4.62,-0.49,46.96,120.73,22.89,70.74,17.35,12.33,1,0
273.96,158.1,32.58,12.48,2.85,94.53,17.66,23.64,79.73,30.43,0.36,7,3
187.93,104.36,12.11,8.24,1.47,75.24,21.03,30.0,70.81,9.64,2.33,7,2
97.64,49.9,9.2,5.77,0.53,66.62,102.92,26.38,70.45,10.56,3.07,3,1
160.04,112.54,19.61,10.54,2.37,87.21,26.54,26.95,68.61,21.68,0.8,7,2
2.03,38.94,0.4,2.54,0.02,55.2,201.83,26.86,76.49,15.74,3.49,9,0
216.57,180.35,30.07,11.0,3.49,94.79,33.81,26.29,82.07,7.78,1.33,7,3
15.49,10.0,2.58,3.14,-0.21,34.15,431.42,23.23,91.98,38.35,16.42,4,0
236.25,184.5,43.35,11.59,4.19,95.64,39.52,23.36,91.6,13.19,0.49,7,3
179.29,90.7,15.37,9.27,2.14,87.56,25.69,30.95,87.52,10.18,1.63,7,2
149.75,129.13,14.02,8.0,1.24,82.03,76.66,32.52,78.45,33.91,0.7,6,2
129.08,135.86,19.79,10.99,1.08,86.06,52.75,34.47,84.08,34.29,1.91,9,2
69.53,70.51,5.84,7.29,0.61,72.83,123.89,33.36,69.92,38.84,2.82,3,1
168.5,130.75,14.37,10.74,2.12,80.93,25.72,34.27,70.86,16.55,1.01,6,2
57.51,56.94,8.17,7.2,0.89,68.17,58.68,20.8,64.36,17.81,2.33,2,1
79.39,60.33,5.44,7.5,0.85,62.78,113.43,28.89,70.86,27.96,4.36,5,1
21.67,28.18,2.27,2.84,0.04,30.18,400.76,24.73,82.96,33.99,5.6,7,0
129.51,104.9,14.17,8.04,2.18,87.2,33.27,20.46,76.24,13.63,0.8,7,2
47.54,29.28,2.99,1.62,-0.38,22.32,446.47,30.04,60.72,38.95,13.22,12,0
163.69,104.7,12.86,9.18,2.1,88.82,35.1,20.62,84.18,38.61,1.21,8,2
159.36,129.35,15.25,10.95,2.16,89.49,50.86,30.84,90.81,38.75,1.45,7,2
94.54,66.4,7.02,5.42,0.41,69.59,137.29,20.88,86.48,34.14,2.93,3,1
1.3,9.48,3.87,1.96,0.08,30.08,258.12,22.16,73.17,15.54,19.71,3,0
119.32,40.01,6.3,6.15,0.95,61.05,50.95,19.51,61.32,21.79,1.68,8,1
12.74,6.27,3.46,1.37,0.25,53.07,443.0,24.95,89.63,10.53,18.41,4,0
184.03,107.42,16.85,9.81,2.24,81.38,36.53,27.12,75.72,20.4,1.03,6,2
11.92,19.53,1.08,2.93,0.27,53.59,476.65,24.03,88.42,37.3,16.71,2,0
51.42,68.99,5.25,7.99,0.91,64.46,75.74,24.05,73.03,16.14,2.84,8,1
7.76,31.57,1.79,1.47,0.3,51.49,263.5,29.57,87.65,33.53,17.0,9,0
32.51,13.43,1.84,4.13,-0.06,58.13,243.72,30.55,91.16,38.49,17.07,9,0
8.36,0.46,3.11,2.62,-0.25,59.42,286.46,21.02,60.47,19.61,15.75,1,0
64.58,64.31,10.31,6.29,0.98,60.86,108.92,18.62,67.86,36.69,3.54,2,1
109.49,42.4,6.59,5.78,0.57,72.04,88.66,19.1,62.78,31.6,2.22,12,1
52.82,53.05,8.28,5.44,0.99,63.14,63.04,31.07,74.89,24.79,2.21,5,1
38.56,32.11,1.84,3.63,-0.11,29.12,404.51,23.79,66.65,30.17,7.47,9,0
274.71,175.71,24.57,13.69,3.99,86.37,39.36,32.46,61.69,22.67,1.12,8,3
30.76,18.24,0.19,1.14,-0.43,34.12,102.47,24.13,79.44,30.23,11.4,10,0
32.66,13.29,2.71,2.97,-0.43,36.13,188.22,21.46,89.42,11.1,10.11,5,0
5.68,13.66,4.82,3.04,0.0,34.26,229.4,26.51,76.93,10.52,3.39,3,0
50.42,48.62,5.17,7.26,0.4,73.04,114.33,20.68,81.97,36.53,2.3,7,1
64.79,55.28,8.81,6.4,0.39,69.74,57.31,30.07,60.7,24.95,2.82,2,1
92.8,40.72,11.1,7.8,0.7,70.45,142.25,20.59,80.17,26.24,3.98,6,1
117.34,43.26,8.05,6.67,0.58,63.16,109.3,28.96,68.21,30.61,4.15,10,1
84.47,74.25,8.66,6.09,0.47,66.13,101.57,20.06,67.76,18.29,4.11,8,1
28.69,16.62,4.24,4.61,0.2,58.97,111.01,30.78,68.0,38.47,17.28,6,0
140.67,112.64,17.09,8.66,2.47,86.22,53.47,18.92,71.2,31.36,0.86,6,2
22.01,10.12,3.42,3.9,0.22,50.43,119.3,22.64,73.51,10.6,9.32,11,0
119.45,74.3,5.68,7.12,0.54,60.1,90.35,31.92,71.81,33.96,2.32,6,1
49.0,16.26,2.59,1.78,-0.01,52.42,334.36,30.43,68.32,20.25,16.4,8,0
24.1,1.7,2.31,2.68,0.12,34.2,493.02,28.05,63.14,30.69,6.07,8,0
136.85,124.33,16.38,8.29,1.84,76.0,20.86,26.33,79.02,14.8,2.28,7,2
35.12,27.3,0.46,4.64,-0.11,35.72,482.18,30.26,82.93,10.78,10.45,3,0
133.27,83.19,13.53,8.8,1.42,85.06,33.07,19.55,65.15,22.81,1.85,9,2
79.96,53.04,9.52,5.39,0.8,74.71,130.46,24.11,71.37,23.1,4.51,6,1
22.83,8.74,2.08,4.53,-0.24,24.88,242.52,22.63,82.67,5.02,18.42,9,0
97.79,65.15,6.86,5.12,0.62,73.36,106.95,34.86,65.73,29.21,4.41,11,1
79.19,66.55,8.43,6.55,0.6,74.88,142.76,19.9,89.39,39.9,2.58,1,1
38.24,27.16,3.86,4.81,0.12,44.45,442.92,24.94,91.0,12.77,14.45,10,0
163.67,100.29,14.01,9.78,1.31,79.86,58.19,27.06,86.57,31.71,2.26,8,2
106.39,51.99,11.73,6.61,0.73,70.21,116.67,25.29,61.88,5.77,3.29,7,1
106.82,70.36,6.86,5.45,0.79,63.86,142.27,23.41,61.92,29.62,1.95,4,1
59.28,55.8,6.24,6.09,0.56,74.9,149.48,30.34,61.81,6.06,1.9,4,1
77.89,41.05,8.09,7.71,0.9,66.13,52.22,30.6,70.3,21.68,3.73,9,1
37.77,22.98,0.24,2.62,-0.35,34.37,253.34,28.2,79.98,6.36,11.07,2,0
122.33,112.47,12.42,10.1,1.08,88.68,62.12,25.51,64.57,15.18,1.51,9,2
110.94,50.75,5.85,6.68,0.42,69.16,76.35,24.79,80.76,24.09,2.31,6,1
69.25,77.52,9.57,7.91,0.71,72.32,131.31,34.39,60.77,31.9,2.68,3,1
272.73,241.53,28.15,13.35,2.99,93.71,16.33,29.45,80.61,25.17,0.81,6,3
10.61,18.92,4.84,4.09,0.22,33.35,496.82,18.9,89.95,37.45,4.75,4,0
109.99,67.37,11.18,5.61,0.91,60.9,138.86,23.35,77.92,37.92,2.65,10,1
35.76,6.85,0.52,1.95,-0.2,39.04,117.83,30.17,71.31,16.15,19.5,4,0
1.03,8.56,0.92,1.14,-0.24,38.98,394.33,21.31,68.07,36.19,8.54,7,0
100.29,55.68,11.33,6.68,0.62,69.7,145.28,18.68,71.63,21.47,4.28,3,1
133.93,115.41,17.56,9.03,2.04,88.26,48.33,22.27,81.15,35.79,1.27,7,2
120.39,136.2,12.85,10.53,1.72,84.89,50.64,32.19,86.46,21.92,1.45,6,2
346.57,216.91,33.13,13.5,2.57,88.49,21.44,30.0,73.78,14.54,0.21,6,3
18.18,21.26,4.36,3.75,-0.41,25.91,271.25,18.47,88.18,5.68,6.33,1,0
159.39,137.09,13.53,10.75,1.39,76.54,46.35,21.93,79.45,33.28,1.73,6,2
88.74,43.54,10.11,6.81,0.76,73.48,128.4,33.76,94.65,25.34,4.23,4,1
159.42,133.35,14.77,9.11,2.33,81.97,50.97,22.7,82.96,9.19,1.17,9,2
27.21,32.17,2.69,4.63,-0.45,43.53,324.7,32.17,85.4,32.66,14.23,8,0
107.06,75.1,10.41,7.01,0.32,68.02,53.77,23.45,79.69,14.78,4.33,10,1
8.14,19.57,3.97,3.65,-0.41,39.5,379.06,24.66,81.77,38.9,12.01,5,0
176.7,133.37,14.25,9.04,1.93,89.5,42.29,25.58,79.04,33.03,0.56,8,2
380.04,171.59,41.99,11.15,2.96,96.67,13.97,20.35,90.07,22.5,0.41,8,3
125.14,91.64,17.25,10.56,1.38,79.91,52.23,31.79,87.08,10.09,0.92,7,2
101.99,47.2,11.4,7.25,0.95,64.76,143.93,18.92,86.7,29.62,2.79,1,1
173.18,100.35,12.56,9.74,2.08,76.41,58.03,30.99,78.89,9.52,1.07,7,2
24.32,8.39,1.0,4.76,0.11,47.85,195.57,32.8,60.21,18.58,5.02,1,0
41.2,35.15,3.41,3.16,0.27,24.8,395.16,24.49,80.49,30.8,5.18,5,0
77.47,62.59,6.69,5.24,0.32,63.77,59.16,31.14,85.07,26.38,2.68,4,1
296.75,248.74,39.04,11.24,3.82,88.52,13.53,33.57,77.5,28.43,0.46,6,3
46.35,20.15,3.23,2.55,-0.35,28.91,421.07,26.38,72.49,33.27,18.19,10,0
8.18,29.48,4.58,1.43,-0.34,59.45,106.01,26.77,69.21,28.21,11.64,11,0
284.2,218.76,32.07,12.88,3.51,97.57,29.22,33.46,70.29,18.01,0.45,6,3
171.5,111.53,14.65,10.94,1.48,86.16,51.92,24.69,93.77,25.01,1.72,9,2
43.07,31.72,1.58,2.42,-0.46,20.63,290.8,21.3,89.64,24.99,4.62,5,0
51.19,76.0,10.79,5.52,0.59,71.56,148.01,33.29,65.54,37.01,4.83,10,1
28.11,37.71,2.56,1.45,0.0,49.31,257.31,23.52,87.62,16.94,15.27,3,0
21.64,7.91,2.74,1.46,-0.48,22.05,481.7,30.04,62.38,8.79,5.42,5,0
98.52,42.06,9.69,5.13,0.71,74.99,105.58,23.32,64.22,30.59,3.16,3,1
115.72,64.29,6.11,6.51,0.9,70.07,134.25,33.1,86.45,30.51,2.38,10,1
146.64,104.0,15.39,9.88,1.43,89.54,56.52,28.97,73.84,33.62,1.3,7,2
81.77,75.17,11.27,5.72,0.44,67.44,140.03,29.08,84.79,32.25,2.63,1,1
311.0,159.22,24.97,11.84,4.5,88.48,16.51,23.0,67.55,10.55,1.02,7,3
50.02,44.57,7.63,5.16,0.39,63.48,92.96,20.26,85.83,34.93,4.0,8,1
186.01,91.18,13.89,9.9,2.36,79.74,55.3,25.68,84.98,36.49,1.87,8,2
117.61,57.3,7.18,6.52,0.61,61.58,114.08,28.53,82.76,10.32,2.26,3,1
20.35,19.94,2.67,3.64,-0.47,48.86,124.79,32.07,75.79,10.22,10.96,12,0
45.98,36.6,4.95,4.5,0.3,29.79,436.9,21.93,63.45,39.28,16.99,10,0
68.68,47.94,10.87,7.09,0.38,67.42,96.69,31.6,72.83,31.67,2.0,11,1
40.4,6.69,3.49,4.12,-0.24,32.89,323.12,21.81,92.94,25.97,17.64,11,0
42.81,38.42,3.44,2.46,0.25,46.51,437.73,24.45,76.75,11.51,16.02,8,0
76.51,78.18,11.12,7.12,0.8,63.79,115.68,20.45,94.98,26.78,2.19,1,1
435.0,245.1,42.03,11.77,3.2,88.0,39.52,24.23,66.97,12.82,0.31,6,3
16.6,31.27,2.19,3.51,0.02,53.75,229.97,34.35,85.56,22.15,14.68,1,0
68.32,64.97,10.81,5.57,0.94,68.3,79.92,23.31,85.38,32.87,3.01,10,1
27.21,38.02,3.13,4.27,0.02,53.57,477.8,20.88,76.94,29.57,7.64,11,0
90.64,63.78,7.04,5.8,0.83,63.85,94.63,19.35,80.81,25.63,3.93,11,1
11.24,10.86,2.25,3.61,0.18,31.49,173.49,33.2,60.35,28.73,9.44,5,0
106.07,54.16,8.95,7.41,0.47,73.24,145.31,19.0,63.18,32.19,1.64,3,1
73.38,44.27,6.67,7.85,0.51,62.53,96.07,18.6,71.31,24.04,2.57,8,1
13.37,37.98,0.93,3.83,-0.47,27.91,235.44,31.43,93.34,37.09,16.51,11,0
18.64,9.71,2.59,4.37,-0.15,37.33,462.14,27.63,69.17,26.27,12.8,1,0
79.08,75.53,7.57,7.58,0.52,67.97,64.38,30.51,78.55,5.91,4.39,5,1
99.3,62.34,11.33,5.33,0.42,66.43,62.67,24.77,69.96,10.95,3.48,1,1
76.63,79.07,5.78,6.27,0.33,71.1,141.81,32.59,70.23,36.88,2.48,10,1
111.3,44.34,10.54,5.51,0.33,62.78,126.5,32.83,78.36,5.78,2.92,1,1
14.05,38.02,4.45,2.82,-0.0,31.1,175.25,24.01,80.43,7.72,10.88,9,0
154.62,109.58,14.12,10.11,2.2,78.58,22.51,27.56,74.07,27.54,1.75,7,2
46.5,4.23,3.49,1.76,0.21,58.45,286.19,18.09,88.7,13.0,17.94,7,0
40.44,21.71,0.05,2.88,-0.27,39.1,261.88,18.7,83.93,34.79,18.84,4,0
166.76,134.15,18.63,10.15,1.05,80.6,57.91,23.43,65.05,24.35,1.54,6,2
16.94,22.47,2.97,2.49,-0.28,30.95,169.88,21.39,82.18,24.92,8.53,10,0
92.43,40.39,10.46,7.46,0.98,62.71,109.46,23.69,79.8,32.38,2.99,3,1
352.17,173.37,35.96,12.87,3.69,87.07,27.21,18.32,78.89,39.62,0.7,7,3
197.06,122.44,12.64,9.21,1.97,80.26,36.4,33.87,61.22,31.92,1.65,8,2
425.5,244.73,41.05,12.78,3.32,91.39,35.54,20.71,64.93,33.94,0.52,8,3
43.46,26.86,0.49,3.66,-0.01,38.93,267.7,22.17,73.94,16.52,18.08,3,0
359.32,244.7,22.31,11.18,3.71,97.56,22.6,21.76,68.57,16.82,0.17,6,3
428.05,163.03,20.99,13.22,4.16,97.58,36.14,27.01,60.97,13.63,0.94,7,3
20.27,20.65,2.9,4.74,0.04,39.25,423.87,18.38,94.39,8.01,19.16,7,0
29.1,31.44,0.85,1.43,0.1,32.21,480.6,23.55,70.13,23.33,15.14,4,0
170.91,128.06,17.42,9.72,1.19,87.17,69.24,31.95,82.8,12.23,1.75,6,2
32.7,21.39,2.98,2.66,-0.26,21.94,397.71,29.4,82.53,13.53,15.68,2,0
61.12,59.88,5.63,7.83,0.75,72.81,149.83,29.8,91.04,25.16,2.14,5,1
22.91,28.85,2.17,4.17,0.03,36.42,301.59,29.25,91.67,11.26,19.44,5,0
415.86,175.53,31.59,12.25,2.8,97.45,19.15,21.22,79.18,5.84,1.33,8,3
172.09,117.26,14.82,10.52,1.71,89.69,58.05,29.5,71.38,29.02,0.75,6,2
3.56,34.08,3.87,2.05,-0.24,32.41,359.12,26.32,64.69,33.69,4.04,10,0
76.27,55.76,8.78,5.26,0.82,66.03,98.04,23.85,82.69,18.74,4.91,1,1
28.63,28.69,3.73,4.62,-0.5,20.01,288.91,34.57,67.77,21.54,3.5,11,0
39.96,18.76,3.42,4.67,-0.17,29.32,446.87,28.74,92.31,28.6,5.75,3,0
5.01,14.1,2.01,1.07,0.15,34.37,332.17,20.97,91.14,26.3,4.26,1,0
46.42,2.63,2.75,3.36,0.02,30.23,245.83,21.31,88.94,24.69,17.34,11,0
5.22,3.01,1.74,3.46,0.17,27.34,269.86,26.73,88.34,24.38,9.66,5,0
193.3,103.3,16.77,9.5,2.47,87.47,74.7,31.13,69.29,12.31,1.01,9,2
31.34,22.14,4.81,1.75,-0.22,42.91,447.19,23.71,62.35,19.76,18.8,12,0
301.21,195.7,44.29,11.83,4.08,87.93,28.85,33.02,79.65,11.51,0.46,6,3
7.83,38.12,2.03,2.35,-0.49,26.14,268.45,26.68,75.93,31.85,4.16,10,0
197.56,124.78,13.4,8.19,1.87,80.37,36.53,24.24,71.1,34.75,2.11,8,2
134.34,128.0,16.42,9.19,1.2,87.98,29.44,22.93,90.5,28.54,1.12,8,2
20.33,22.43,1.14,4.29,-0.26,48.21,305.29,21.05,85.73,11.6,12.96,7,0
13.19,22.47,2.1,3.61,-0.11,47.89,441.37,23.6,75.29,38.67,6.32,5,0
73.41,53.76,10.32,6.75,0.33,73.16,79.68,34.22,92.92,33.39,4.99,2,1
69.24,67.1,5.27,6.7,0.58,74.67,100.76,30.11,76.96,12.86,3.43,5,1
58.49,42.34,11.67,6.84,0.37,72.86,102.27,20.15,91.74,25.67,4.2,1,1
80.08,72.72,10.56,7.2,0.35,71.95,141.94,24.83,94.59,25.97,1.71,5,1
5.16,24.65,0.58,4.37,0.29,34.65,281.47,33.93,91.29,7.02,15.1,2,0
72.65,74.27,9.16,6.55,0.82,72.23,118.61,24.45,87.01,23.13,3.04,10,1
151.35,101.92,16.34,10.87,2.35,82.05,61.75,29.79,89.03,6.21,1.66,7,2
92.42,54.37,5.4,6.92,0.7,61.69,140.89,30.64,90.98,25.28,2.2,2,1
19.95,34.32,0.05,3.35,-0.02,35.87,194.81,33.02,75.47,16.58,6.99,10,0
113.62,41.18,7.41,7.47,0.74,74.73,144.45,34.52,93.09,18.08,2.09,9,1
53.54,41.76,10.04,6.33,0.48,62.86,117.0,31.7,62.77,11.7,1.5,2,1
21.16,5.49,0.8,1.31,-0.34,48.62,423.57,26.61,61.14,7.43,10.69,4,0
164.84,115.0,15.82,9.65,1.3,83.2,79.83,18.75,87.88,18.88,1.63,6,2
12.2,29.16,2.1,4.93,-0.22,56.87,473.19,31.57,75.16,37.11,7.11,1,0
37.03,34.49,1.73,2.36,0.22,21.99,240.08,18.49,63.95,20.09,5.02,12,0
126.7,89.64,17.87,9.29,1.67,79.63,56.44,28.66,66.08,7.23,0.87,7,2
31.58,15.3,2.41,4.34,-0.1,46.1,362.71,28.85,62.27,16.98,16.66,11,0
106.78,67.37,8.79,7.86,0.84,61.73,105.81,31.51,61.56,19.38,2.93,9,1
134.81,93.52,17.29,9.41,1.75,76.92,68.34,20.3,73.09,33.36,1.73,7,2
285.58,188.44,37.68,12.76,3.14,92.2,30.57,18.19,76.03,9.61,0.16,8,3
108.06,79.92,10.87,6.67,0.44,70.22,143.77,22.35,65.22,30.79,2.24,10,1
128.36,106.96,14.3,8.31,2.15,82.66,53.41,25.83,64.06,28.55,1.32,7,2
12.33,27.81,2.05,4.51,-0.26,20.47,220.26,24.39,78.72,35.68,12.83,8,0
12.0,22.28,0.54,4.73,-0.23,28.76,298.62,27.09,72.2,9.62,7.71,4,0
36.72,20.87,1.07,4.13,-0.34,30.43,137.01,25.12,78.01,29.81,9.79,7,0
185.73,107.69,19.87,10.36,2.16,86.22,29.04,25.89,69.24,19.53,0.93,9,2
36.9,3.31,3.02,1.98,-0.19,31.55,242.27,23.05,79.82,21.66,15.22,8,0
106.79,66.84,5.12,5.54,0.46,66.35,108.67,24.5,80.44,18.42,2.26,2,1
142.89,118.43,14.51,10.87,1.05,83.7,29.99,20.99,68.24,22.3,1.92,9,2
84.29,61.15,7.34,6.56,0.44,72.08,68.58,25.42,83.04,20.32,1.8,5,1
4.69,36.39,3.35,4.32,0.2,42.87,306.98,23.39,75.21,32.09,10.32,9,0
108.48,64.63,9.44,6.62,0.95,73.98,101.27,25.81,66.53,27.27,2.57,10,1
126.26,113.38,14.21,9.85,1.97,88.66,44.62,22.56,70.03,6.61,1.58,6,2
183.18,135.29,12.95,8.49,1.5,88.73,66.53,19.49,81.57,13.99,1.15,7,2
159.59,81.08,16.87,10.49,1.36,78.32,56.53,22.24,92.63,37.46,2.14,6,2
29.01,36.16,1.6,3.68,-0.35,44.99,234.58,23.32,66.26,36.57,6.59,6,0
98.58,61.71,6.76,6.04,0.43,73.63,108.34,25.85,93.15,10.37,2.9,8,1
95.6,60.67,11.94,5.16,0.64,61.37,65.98,20.64,93.73,38.14,2.84,3,1
61.36,52.4,11.3,7.06,0.99,71.51,144.2,31.12,60.71,28.48,2.26,2,1
144.91,99.61,12.59,10.66,1.26,84.45,58.64,34.76,62.25,26.28,1.06,7,2
10.68,36.36,4.45,2.86,-0.39,20.53,275.39,28.36,81.29,36.46,3.68,12,0
31.2,10.95,2.44,1.33,-0.13,32.26,428.95,25.12,76.05,30.38,3.97,2,0
5.88,25.97,3.73,3.33,0.27,34.99,214.28,21.8,93.71,5.43,17.77,5,0
102.9,52.86,8.43,7.84,0.96,64.61,131.0,34.58,76.72,32.11,3.58,8,1
32.14,15.28,4.78,2.32,0.27,56.06,208.15,34.93,68.84,20.29,16.66,11,0
13.41,32.82,3.62,4.48,-0.36,22.94,147.75,27.06,93.98,17.5,5.74,10,0
47.04,30.02,0.01,4.06,0.09,20.39,247.84,25.7,87.23,19.89,13.31,7,0
10.63,14.97,1.36,1.35,0.16,54.12,187.9,30.56,67.4,18.77,4.1,3,0
199.58,128.19,17.26,10.69,2.36,89.6,66.59,30.07,62.63,16.13,0.89,6,2
142.83,130.65,15.46,10.49,2.23,77.83,62.07,23.06,70.37,30.39,1.08,6,2
27.69,21.67,3.81,4.33,-0.15,32.09,203.73,18.98,71.99,14.46,6.31,12,0
401.31,170.19,41.97,13.5,4.36,90.96,31.9,23.28,94.81,6.34,0.93,6,3
18.06,25.49,0.35,2.45,-0.07,59.85,289.81,25.35,87.87,25.84,16.87,10,0
25.13,33.94,0.1,3.42,-0.28,54.49,213.38,29.46,67.75,6.22,14.67,3,0
416.27,195.0,23.52,11.65,3.8,90.48,10.14,18.3,85.69,7.58,0.77,8,3
148.29,87.96,13.26,10.1,2.31,84.62,75.72,18.15,83.43,15.66,2.18,7,2
197.5,119.03,17.41,9.88,1.93,77.21,52.62,25.52,78.33,9.49,1.27,7,2
56.19,41.06,10.54,5.78,0.54,60.96,67.95,26.39,90.82,18.9,4.18,4,1
3.11,32.91,1.56,2.61,-0.1,53.58,360.33,20.99,77.96,30.04,13.46,3,0
48.27,5.97,4.1,2.1,-0.22,28.67,334.21,29.18,60.55,7.25,8.92,1,0
73.14,43.61,8.94,6.44,0.37,69.19,123.8,33.39,74.33,38.36,4.19,7,1
52.68,41.94,6.99,6.89,0.71,69.51,121.73,19.79,72.58,10.42,1.57,7,1
274.44,205.97,39.41,13.25,3.16,92.94,35.49,25.41,67.85,18.6,0.12,7,3
32.94,15.75,3.26,1.43,0.03,59.98,119.28,24.92,90.48,32.38,19.61,9,0
55.78,46.18,8.08,6.53,0.48,64.75,58.7,34.43,93.06,16.72,2.56,1,1
15.65,28.54,0.74,2.36,-0.48,48.87,452.27,18.44,67.62,20.35,12.66,1,0
45.59,30.04,0.32,3.86,-0.08,56.03,225.18,26.51,77.13,20.96,12.76,1,0
34.76,5.69,3.2,1.22,-0.17,27.1,143.85,33.78,61.92,19.75,12.64,1,0
85.15,63.31,10.89,7.85,0.69,62.72,113.98,28.8,88.3,17.37,1.77,12,1
113.46,62.85,9.63,6.63,0.91,71.01,102.13,22.17,65.51,10.61,4.54,11,1
46.24,34.07,2.62,1.92,-0.4,34.54,202.17,34.43,80.12,36.15,11.61,5,0
81.46,75.81,10.52,5.38,0.73,74.94,109.56,31.07,72.26,18.01,4.25,7,1
154.55,82.4,12.14,9.94,1.81,83.14,67.4,34.92,93.09,5.45,1.25,9,2
143.24,89.91,19.37,9.27,1.42,82.06,75.07,27.56,88.1,19.95,1.27,6,2
42.42,36.24,2.71,3.52,-0.29,52.03,352.85,19.02,92.06,26.54,11.56,7,0
176.6,88.13,18.54,10.21,2.16,78.47,74.21,22.31,83.21,28.58,0.69,7,2
249.91,144.48,32.21,12.35,3.16,97.45,33.79,20.77,85.7,30.45,1.03,7,3
262.95,194.7,27.52,11.85,2.57,92.92,22.59,22.74,91.79,13.38,0.17,6,3
130.95,84.18,19.15,9.16,1.43,85.87,70.18,23.37,89.83,6.43,2.22,6,2
27.72,7.98,1.47,1.95,0.26,57.79,343.98,31.36,80.65,5.23,18.72,12,0
44.29,11.93,3.73,4.96,0.3,41.34,430.62,24.37,68.83,9.0,19.83,1,0
30.77,39.8,0.89,3.19,-0.4,57.37,216.7,22.81,88.21,12.33,17.93,10,0
0.76,28.03,2.75,3.6,0.15,37.37,149.81,27.27,81.54,37.67,18.98,9,0
99.65,63.45,7.5,6.73,0.54,61.26,149.28,19.23,90.75,15.56,1.95,11,1
92.38,43.77,11.19,6.63,0.33,73.8,98.93,32.57,88.55,7.15,4.54,3,1
14.63,1.78,3.63,4.59,0.01,46.27,288.86,18.13,72.04,31.3,5.65,11,0
73.73,45.88,8.87,7.26,0.5,63.28,102.19,29.33,81.19,8.05,2.04,12,1
135.7,92.3,17.17,10.54,1.71,85.9,79.96,30.65,85.89,13.67,2.48,8,2
15.43,37.88,4.84,1.73,-0.48,48.8,267.2,29.62,79.08,39.32,4.51,2,0
23.76,7.71,3.14,4.92,-0.13,52.7,303.11,33.82,91.15,32.5,11.43,11,0
31.32,5.25,4.41,4.31,0.02,38.34,473.18,26.49,84.57,24.84,17.12,4,0
83.9,40.53,7.87,6.94,0.31,64.21,70.8,26.15,66.36,31.01,1.65,12,1
52.67,64.8,9.89,5.64,0.33,65.45,59.86,22.32,70.34,23.55,1.91,11,1
20.45,7.82,4.81,1.62,0.23,37.14,251.15,28.81,83.99,21.36,6.93,2,0
34.24,7.47,2.72,4.95,-0.15,45.67,487.75,25.12,89.76,37.63,5.34,2,0
18.52,22.76,4.41,4.77,0.09,23.46,367.66,26.0,61.72,11.69,9.98,11,0
30.91,35.13,2.25,1.49,-0.2,25.46,106.66,22.05,60.07,35.54,15.78,10,0
147.39,139.89,12.03,8.08,2.24,77.99,23.65,25.24,85.57,26.85,0.97,6,2
57.92,73.13,6.76,7.33,0.97,70.45,109.6,24.19,72.36,27.27,3.11,10,1
150.98,86.88,18.74,9.49,1.19,76.73,29.55,30.08,67.13,34.64,2.0,6,2
130.61,111.12,18.23,8.78,1.24,80.05,53.28,20.22,76.01,14.39,1.65,8,2
46.7,5.77,1.02,1.99,0.25,50.23,415.88,32.22,74.29,14.2,4.78,7,0
299.59,175.1,42.18,11.15,2.77,86.07,34.51,32.65,75.79,5.14,0.11,7,3
120.82,97.27,12.24,8.28,1.33,82.55,70.85,28.48,92.49,22.5,2.22,9,2
396.32,234.25,23.6,11.43,3.11,85.84,8.19,30.11,61.06,7.91,0.3,9,3
8.92,9.57,2.09,2.0,-0.24,25.4,218.47,25.51,72.14,31.13,12.73,7,0
122.21,114.73,15.51,10.02,1.49,77.33,78.91,32.63,68.76,6.36,2.18,7,2
77.12,74.54,7.16,5.88,0.49,64.99,105.74,29.26,88.27,36.01,3.97,4,1
151.03,80.01,13.3,10.65,1.33,76.69,60.93,31.54,90.15,34.61,1.38,7,2
128.89,127.68,13.46,10.42,1.92,77.9,48.4,28.78,74.95,36.48,1.86,7,2
337.97,195.74,27.96,11.77,2.54,88.55,20.72,19.48,85.12,36.31,0.38,9,3
63.96,50.58,8.52,5.2,0.45,74.03,96.61,18.25,68.66,35.32,3.06,7,1
9.09,20.17,1.61,2.03,-0.13,25.33,471.1,30.03,63.72,32.16,17.75,2,0
21.38,6.43,3.5,4.04,-0.42,40.25,425.85,26.73,93.26,23.75,18.91,4,0
115.01,70.43,8.83,5.54,0.62,68.41,136.4,33.26,83.6,9.79,3.18,11,1
378.92,237.32,27.99,12.14,3.73,93.11,21.86,34.77,88.74,20.22,0.66,8,3
100.21,57.89,11.12,6.55,0.4,69.33,96.22,24.66,74.1,27.78,4.77,9,1
80.23,62.27,9.07,7.57,0.52,72.33,106.59,23.02,72.64,26.79,2.55,10,1
106.92,71.45,11.23,6.66,0.98,74.94,61.65,26.5,73.56,26.46,4.47,6,1
16.85,30.84,0.53,1.92,-0.49,58.74,336.86,29.07,65.05,25.82,15.24,8,0
176.69,108.41,12.46,8.22,2.28,89.85,60.56,29.01,80.8,18.43,1.39,6,2
96.56,68.51,11.17,6.11,0.35,74.38,93.5,29.33,79.13,12.18,3.68,4,1
137.61,90.81,12.12,8.63,1.78,83.08,35.27,30.66,86.53,39.92,0.64,9,2
47.44,14.29,3.26,3.97,-0.48,58.36,237.78,32.46,84.6,8.04,6.23,1,0
23.35,23.6,0.23,2.61,-0.29,21.23,150.27,21.11,88.12,20.38,5.36,9,0
173.1,120.99,15.85,10.0,1.12,87.77,23.33,27.81,85.88,7.67,0.8,9,2
19.77,6.99,4.24,2.19,-0.02,40.11,120.75,26.96,71.38,10.53,19.02,11,0
37.28,32.93,4.28,1.43,-0.05,52.35,151.29,31.89,87.89,20.7,4.69,8,0
26.25,3.34,4.19,3.45,-0.36,20.83,112.63,30.48,64.23,12.74,11.63,10,0
143.96,90.41,17.1,9.49,1.27,85.29,79.47,30.58,93.26,12.1,1.99,7,2
84.21,43.1,6.34,5.96,0.59,68.91,136.33,18.26,75.72,20.12,2.06,10,1
18.12,36.53,2.38,4.68,-0.23,29.06,298.08,24.66,72.11,12.63,13.46,1,0
173.58,119.02,15.37,10.89,1.41,83.67,38.54,18.81,61.61,33.38,1.99,7,2
90.48,50.37,11.36,5.06,0.54,70.78,126.69,18.29,81.63,7.21,2.96,1,1
4.48,17.35,1.78,3.06,-0.26,47.52,445.58,21.28,64.07,26.57,8.08,5,0
37.74,25.95,3.19,3.21,-0.49,47.86,250.42,31.91,80.57,13.83,19.02,3,0
86.86,47.37,11.18,6.03,0.57,70.09,98.88,24.59,63.31,11.68,1.81,8,1
170.49,98.98,13.29,9.23,1.99,84.51,42.96,31.83,60.92,20.77,1.73,8,2
243.15,222.67,39.78,11.44,4.37,91.34,27.01,26.58,64.97,31.31,1.0,7,3
186.96,114.32,18.97,9.94,2.42,79.22,55.72,24.68,90.79,39.29,1.88,7,2
39.92,28.29,0.95,2.47,-0.42,45.13,148.55,31.27,73.66,25.25,19.76,12,0
83.02,62.87,5.32,6.87,0.74,73.37,100.57,23.21,82.95,13.37,1.77,5,1
68.41,57.08,7.71,7.3,0.92,70.49,84.16,20.44,65.88,10.75,3.02,11,1
74.85,79.12,9.93,7.49,0.33,63.54,87.42,19.24,67.88,23.68,2.14,3,1
25.63,13.22,4.3,2.9,0.14,43.22,409.24,32.13,69.61,24.11,8.66,12,0
92.49,47.54,10.63,7.9,0.49,67.42,58.61,26.55,65.06,20.47,3.46,1,1
87.13,56.63,10.95,5.69,0.47,65.59,73.03,20.29,71.21,36.97,3.46,10,1
35.39,28.0,0.92,3.39,0.19,35.3,384.11,22.38,92.15,24.72,14.47,1,0
91.84,41.28,8.29,6.69,0.31,71.84,79.54,27.11,94.73,8.47,3.08,7,1
20.53,34.56,1.64,4.86,-0.36,29.67,285.47,30.44,66.11,13.28,16.56,7,0
27.97,37.31,1.53,1.19,0.04,51.47,483.15,24.67,89.54,33.24,5.68,5,0
71.87,53.92,8.41,7.94,0.98,66.24,76.55,22.57,78.63,26.24,2.56,8,1
18.32,15.85,3.48,2.55,-0.14,29.5,249.3,19.24,81.12,28.39,6.86,10,0
142.64,106.28,14.84,8.22,2.01,87.38,38.29,19.29,83.16,20.69,2.48,7,2
21.71,29.53,3.9,4.08,0.3,22.86,492.9,32.49,75.89,35.48,19.15,2,0
109.54,40.36,5.26,6.79,0.57,73.35,80.2,26.97,69.56,36.8,3.01,2,1
53.97,62.55,6.47,7.85,0.53,64.88,142.34,34.37,60.85,15.72,2.96,7,1
8.32,24.69,2.62,3.68,0.24,41.29,332.37,30.2,74.0,39.19,4.52,10,0
61.24,53.63,7.27,6.76,0.35,72.45,106.24,29.95,70.2,21.46,3.85,7,1
167.91,102.68,19.32,10.61,1.64,78.48,36.35,27.2,90.4,32.08,0.94,8,2
58.78,71.46,5.13,6.45,0.53,71.1,81.28,28.11,87.79,39.63,4.39,5,1
161.03,99.25,16.77,10.99,1.65,88.81,40.7,21.47,74.65,12.69,0.61,6,2
46.92,16.59,2.01,2.56,-0.44,45.53,393.2,20.35,80.26,24.93,14.49,7,0
172.06,138.07,18.9,9.35,1.09,82.14,61.35,27.15,76.41,15.28,1.72,6,2
56.36,45.16,6.68,7.58,0.95,72.39,83.41,27.34,85.26,39.77,2.45,11,1
91.31,51.92,5.25,5.11,0.32,71.09,81.8,25.34,75.85,22.95,4.29,8,1
67.68,54.89,5.76,5.75,0.49,70.81,54.86,21.76,62.87,15.53,3.78,2,1
90.93,56.01,9.88,5.54,0.79,66.17,137.43,34.54,81.07,12.83,3.3,5,1
108.69,47.41,8.88,7.17,0.93,73.26,100.87,24.7,76.39,36.72,3.75,4,1
146.94,118.27,18.63,10.67,1.01,87.2,41.02,24.31,81.22,27.64,1.94,7,2
47.09,33.99,4.22,4.7,-0.1,29.89,260.54,32.89,75.23,23.74,15.22,6,0
119.31,43.63,9.67,5.85,0.75,69.11,65.35,28.57,64.49,14.28,2.22,4,1
10.49,23.96,0.44,1.23,-0.2,48.83,321.92,27.62,72.79,37.77,10.19,8,0
39.9,8.55,1.34,1.93,-0.09,32.87,161.66,32.86,79.97,35.74,10.7,3,0
34.03,27.27,1.65,4.54,-0.29,35.83,392.55,32.64,61.02,11.43,15.64,3,0
195.16,133.69,16.78,10.77,1.13,77.94,22.71,24.61,69.5,34.01,1.15,7,2
186.0,94.22,14.59,9.44,1.89,79.31,55.55,18.94,60.09,8.54,1.1,8,2
41.93,7.25,3.03,2.76,-0.13,38.18,459.98,31.31,89.23,38.0,4.48,12,0
34.62,10.56,4.7,3.55,-0.24,30.78,176.37,21.72,80.84,14.26,14.81,7,0
1.11,8.75,0.54,4.14,-0.41,48.97,254.26,31.82,80.29,13.25,4.25,6,0
42.4,23.12,1.33,2.09,-0.19,38.41,133.0,20.07,76.92,18.4,17.31,10,0
55.42,60.51,7.4,5.99,0.72,64.83,127.69,29.23,88.32,28.55,1.75,4,1
30.03,19.65,0.97,4.0,-0.28,35.27,249.93,25.32,76.57,31.05,7.15,10,0
3.94,11.08,1.24,1.94,-0.35,42.99,231.24,21.13,76.26,5.48,16.95,7,0
54.98,71.95,6.7,7.18,0.35,74.33,69.3,31.76,93.88,21.73,4.59,12,1
133.9,86.58,16.13,9.68,1.14,79.27,35.77,23.37,61.3,27.8,0.87,9,2
15.83,11.43,0.46,2.26,-0.47,51.24,259.29,33.19,83.03,5.28,10.55,8,0
3.27,34.86,3.65,2.27,-0.1,25.43,382.86,30.87,79.14,14.76,4.2,10,0
8.63,5.56,1.83,2.97,-0.45,57.86,406.1,20.94,81.13,23.54,15.42,1,0
14.82,36.43,2.74,3.94,-0.22,36.31,150.23,32.07,80.47,16.81,5.91,2,0
37.29,8.1,4.79,2.47,-0.24,25.96,222.24,34.94,72.89,20.7,17.9,4,0
65.2,79.37,10.89,7.37,0.53,68.03,63.71,20.48,79.36,27.71,3.38,2,1
188.28,84.64,14.75,10.06,1.75,77.86,53.16,24.63,88.34,19.27,1.31,6,2
2.81,3.23,4.96,4.13,0.24,27.8,484.23,26.65,89.04,17.24,5.43,1,0
134.58,113.84,18.73,8.27,1.8,78.5,40.58,24.04,82.71,21.79,1.45,7,2
218.57,216.56,30.93,11.75,3.85,86.64,35.04,24.14,82.14,5.04,0.45,7,3
76.68,68.78,7.35,5.87,0.68,60.36,57.98,34.03,85.25,8.08,2.96,10,1
310.99,223.06,38.77,11.8,3.64,96.63,21.63,21.65,62.6,36.2,1.42,8,3
3.92,17.93,0.49,3.91,0.28,42.78,194.07,32.5,85.65,26.53,17.33,6,0
443.97,243.3,26.8,12.53,2.85,95.48,36.1,25.37,86.55,8.42,1.29,6,3
154.99,84.52,19.57,10.76,2.03,82.02,25.57,19.28,62.4,23.81,2.08,6,2
55.87,65.72,10.34,6.75,0.49,60.47,61.94,33.89,67.23,30.73,3.68,1,1
66.13,69.75,8.7,6.23,0.49,74.98,57.17,21.69,93.99,39.27,1.65,12,1
104.96,72.86,8.88,5.54,0.63,74.52,125.3,18.56,76.38,27.63,4.34,11,1
262.72,151.06,29.83,12.85,4.22,89.5,27.88,28.49,90.97,13.1,0.59,7,3
206.2,231.88,29.13,13.52,3.61,96.72,37.42,19.28,68.76,28.43,0.11,9,3
49.85,7.34,2.97,2.65,-0.4,21.11,349.09,32.31,76.89,32.21,16.71,3,0
179.82,137.18,14.65,9.66,1.86,89.7,24.52,21.25,69.4,21.98,1.11,7,2
58.45,57.04,7.01,5.48,0.5,63.5,123.41,28.5,86.62,21.83,1.61,9,1
74.52,68.33,8.37,6.13,0.79,63.73,83.03,22.31,74.18,25.0,3.02,4,1
184.0,136.15,15.23,10.13,1.76,87.06,62.75,23.72,68.84,25.18,1.24,9,2
18.94,26.91,1.81,3.32,-0.03,43.48,311.81,21.71,88.0,22.58,4.99,11,0
47.91,3.64,1.16,1.19,0.06,54.01,273.63,28.04,82.05,34.59,18.78,6,0
162.25,104.13,12.24,10.26,2.46,84.3,71.39,21.94,60.51,27.87,1.53,7,2
14.14,12.18,4.91,3.57,0.07,59.06,250.88,25.39,90.43,11.32,16.63,3,0
124.85,133.21,17.72,8.11,1.64,86.32,54.99,32.75,71.64,7.96,2.37,9,2
358.47,147.91,42.73,13.87,2.66,91.92,15.62,21.05,80.23,38.53,0.65,7,3
125.97,134.87,12.17,10.89,1.69,81.19,35.39,22.67,63.83,28.09,0.52,7,2
142.67,102.01,16.87,10.61,2.22,78.96,69.77,34.83,92.74,23.66,1.9,8,2
127.27,110.89,12.51,9.07,1.9,83.34,44.28,21.86,75.96,38.36,1.36,9,2
74.4,57.37,7.35,6.01,0.68,62.88,103.74,22.91,85.86,6.04,2.48,8,1
150.66,109.61,14.27,10.36,1.6,82.7,35.2,22.96,86.98,19.96,2.48,6,2
417.21,235.56,21.59,13.54,3.71,89.95,6.98,23.58,76.37,28.86,1.05,9,3
15.2,0.34,4.17,1.35,0.0,40.16,310.68,18.54,87.07,6.82,18.75,12,0
283.16,195.35,20.35,11.02,2.98,86.31,14.11,18.48,91.83,5.29,0.35,8,3
192.96,127.59,13.41,10.45,1.41,88.84,62.55,19.45,80.4,33.74,2.07,9,2
168.54,90.01,18.38,10.16,1.13,81.96,30.44,18.31,74.01,24.25,1.17,8,2
241.32,217.03,34.65,12.76,3.9,97.09,32.39,32.5,67.89,18.19,0.18,7,3
41.89,38.43,0.2,1.31,0.21,52.62,347.17,28.99,67.56,30.5,19.06,4,0
127.35,130.07,14.89,9.84,1.23,75.99,32.96,23.31,78.0,25.61,0.76,8,2
66.06,47.34,10.45,5.6,0.86,66.44,149.5,19.58,62.64,34.24,2.19,2,1
21.93,31.28,3.92,2.81,0.13,53.54,361.91,22.66,71.02,9.09,6.88,2,0
30.49,7.86,1.26,1.69,0.27,54.18,192.2,21.57,77.22,5.69,8.57,5,0
29.67,38.11,1.31,4.64,0.26,30.77,401.68,30.54,87.91,13.65,7.06,6,0
81.19,75.83,5.88,5.37,0.4,60.45,57.17,25.34,86.73,39.74,3.81,1,1
72.57,70.29,10.55,7.09,0.32,68.85,84.7,29.8,69.4,36.95,2.19,1,1
18.32,29.77,3.6,2.23,-0.07,40.35,354.53,28.03,94.26,22.04,7.26,8,0
243.83,215.9,25.02,12.61,2.69,90.85,31.47,29.3,87.84,37.45,0.59,6,3
360.5,190.77,27.63,11.67,2.93,90.32,39.71,21.35,66.59,30.1,0.1,7,3
0.32,28.27,4.69,1.75,0.01,49.86,471.05,34.49,72.06,17.25,14.0,5,0
43.1,10.95,3.33,1.59,0.04,21.43,340.26,22.16,92.79,6.61,13.98,10,0
170.72,130.62,14.09,8.29,1.92,81.52,45.59,24.14,81.91,6.07,1.55,9,2
105.5,57.31,8.28,7.96,0.6,69.06,55.45,29.02,74.14,5.57,4.45,2,1
49.28,14.73,1.76,3.55,0.27,59.05,382.88,27.58,86.45,35.09,15.83,3,0
18.74,18.96,2.22,4.98,-0.06,23.53,342.75,18.53,93.98,32.07,5.58,5,0
62.85,51.4,7.92,6.06,0.67,68.99,106.67,23.23,64.42,31.63,3.79,12,1
41.8,30.34,1.61,1.41,-0.44,23.77,333.15,23.73,86.36,15.3,3.88,8,0
155.18,124.89,18.72,10.79,1.87,86.68,49.67,20.64,64.49,11.01,0.58,6,2
7.05,22.99,3.02,3.75,-0.19,50.96,489.74,29.95,92.5,29.02,7.61,5,0
36.8,12.05,2.32,3.4,-0.36,49.67,221.06,20.69,84.08,9.49,14.26,12,0
80.7,48.74,7.78,5.13,0.49,72.25,78.46,27.04,90.8,25.12,4.36,7,1
125.48,105.06,12.93,9.84,2.41,84.93,24.61,27.36,74.11,34.18,1.21,8,2
56.61,45.03,7.9,7.29,0.93,69.97,60.52,28.8,88.2,33.88,3.85,7,1
94.14,46.89,6.14,6.64,0.76,74.43,92.19,19.98,91.14,27.16,4.18,1,1
100.84,59.05,5.1,5.04,0.76,72.71,128.53,26.01,68.2,39.62,2.59,12,1
59.03,55.13,11.47,6.85,0.72,73.7,105.98,23.88,73.0,29.0,3.59,1,1
436.04,238.49,20.08,13.8,2.77,85.52,6.94,28.55,74.08,5.89,0.59,7,3
40.36,20.93,0.58,1.52,-0.07,57.46,223.34,30.99,68.67,6.27,17.78,6,0
26.87,25.7,4.79,4.6,-0.15,57.69,272.91,22.41,82.28,23.84,14.39,3,0
86.38,67.27,8.15,5.73,0.3,68.4,109.07,24.15,73.79,12.06,4.9,11,1
14.92,26.89,1.64,2.11,-0.35,39.9,210.38,19.3,83.24,13.31,15.43,4,0
109.14,50.73,6.09,7.56,0.33,69.3,106.2,23.36,87.02,8.02,2.71,2,1
194.03,132.47,14.73,8.98,1.05,84.77,52.09,33.43,65.88,5.34,1.42,6,2
367.68,179.89,43.39,12.7,2.76,91.49,27.88,33.92,71.11,10.44,1.27,6,3
50.64,44.06,9.64,5.02,0.41,68.23,119.19,21.81,84.93,13.3,3.78,5,1
16.0,18.94,4.99,2.72,0.08,47.74,181.79,27.28,84.51,39.94,3.99,1,0
0.03,18.67,2.43,4.45,-0.14,34.54,497.9,26.03,77.36,33.32,12.71,5,0
178.3,93.75,19.65,8.08,1.5,78.9,22.89,28.59,90.89,39.64,1.31,8,2
8.37,15.16,1.77,1.53,0.04,40.35,388.45,23.54,76.54,35.71,9.0,9,0
228.05,231.69,34.6,11.44,3.09,91.27,29.19,27.09,83.96,20.71,0.44,9,3
41.62,34.03,2.12,1.27,-0.5,40.93,237.63,31.13,86.64,38.43,19.95,12,0
339.11,215.33,20.27,13.54,4.13,85.26,24.0,21.08,72.34,16.59,1.37,7,3
9.06,22.62,3.19,3.96,-0.36,58.36,355.5,27.18,74.5,39.2,17.4,10,0
314.12,202.74,31.33,11.76,4.12,85.37,29.16,20.45,65.81,28.07,0.93,7,3
315.46,202.28,38.78,11.21,4.21,95.36,32.11,26.95,61.9,24.28,0.13,8,3
160.86,84.94,16.93,8.03,2.16,84.76,32.76,18.13,84.28,16.29,1.25,7,2
40.06,3.57,1.14,1.81,-0.16,32.89,388.19,23.53,75.29,12.28,14.89,8,0
33.64,8.82,1.09,4.5,-0.3,30.53,100.26,31.47,81.96,31.26,17.8,6,0
81.24,56.44,8.77,5.75,0.92,65.0,64.75,18.23,74.8,11.57,1.84,5,1
13.95,11.79,4.33,2.41,-0.14,35.23,148.27,32.04,78.93,21.67,19.84,3,0
104.63,59.05,8.48,5.61,0.71,62.79,83.16,21.52,62.49,7.42,4.49,3,1
121.15,86.96,12.37,8.12,2.28,85.55,48.45,26.36,76.57,11.06,0.7,7,2
404.64,219.84,35.25,12.74,4.49,88.61,32.29,34.59,88.97,39.95,0.91,7,3
41.32,28.06,2.3,1.22,-0.16,38.76,471.42,23.3,78.39,7.31,13.9,6,0
378.59,230.87,22.24,11.9,2.62,89.83,39.35,27.56,60.21,29.94,0.25,6,3
17.57,13.72,1.63,1.97,-0.01,56.02,222.83,32.26,85.96,37.58,6.17,12,0
45.1,32.27,4.92,4.02,-0.19,43.63,364.41,27.26,84.83,10.86,4.33,9,0
46.23,36.76,1.26,3.78,-0.44,26.65,186.72,34.93,84.39,18.45,8.01,7,0
31.04,35.64,2.48,4.3,-0.18,24.1,124.6,24.46,71.8,30.13,3.87,1,0
123.55,98.51,17.44,9.7,1.65,83.1,31.86,26.53,91.54,14.13,1.36,9,2
414.75,140.84,21.26,12.83,3.75,96.42,27.02,25.96,88.31,37.3,0.42,6,3
425.8,218.51,40.45,13.0,2.75,94.95,12.36,31.93,78.78,35.1,0.55,6,3
99.23,67.8,7.5,6.16,0.69,73.87,124.54,23.73,78.33,35.45,2.87,9,1
299.09,152.48,25.37,11.52,3.21,96.39,20.33,21.05,77.25,35.58,0.89,8,3
147.13,86.66,14.23,10.31,1.53,87.18,39.17,25.41,75.83,5.56,0.83,6,2
143.6,135.97,12.57,8.99,1.96,82.9,52.54,21.31,94.37,20.31,2.09,9,2
84.4,68.88,11.56,5.27,0.31,72.09,60.82,28.53,82.78,11.96,4.95,3,1
191.69,88.36,17.8,9.54,1.17,84.77,56.57,33.75,78.24,39.67,1.53,7,2
8.43,15.77,3.83,4.76,-0.16,50.97,288.16,30.57,87.94,12.1,8.02,12,0
104.24,69.59,8.77,5.26,0.95,66.83,86.33,29.46,67.37,34.29,3.7,11,1
81.0,43.29,11.24,7.61,1.0,68.78,125.12,29.35,82.74,36.54,2.21,6,1
89.25,76.51,8.99,5.63,0.54,67.95,65.49,34.99,82.84,18.03,3.64,12,1
19.35,38.6,1.33,2.34,-0.24,39.21,437.4,31.7,64.03,36.32,9.84,10,0
92.55,55.3,11.91,7.12,0.5,60.87,54.47,21.96,74.53,12.52,2.22,9,1
59.3,58.93,8.23,7.65,0.51,68.41,124.35,34.22,81.08,36.57,3.59,6,1
61.64,68.22,7.04,5.85,0.47,73.13,136.8,26.04,83.52,26.25,3.71,1,1
48.98,4.74,1.29,4.57,-0.11,25.43,253.69,21.4,61.82,20.34,4.97,1,0
87.98,71.67,8.84,6.84,0.46,72.7,92.86,29.29,67.56,8.41,1.99,3,1
74.63,49.3,9.32,6.53,0.99,74.75,113.5,26.35,83.89,8.56,3.05,9,1
377.88,186.01,37.47,14.0,3.92,94.9,37.84,29.98,89.78,38.4,0.26,6,3
2.47,33.95,0.05,4.75,0.0,32.87,198.59,22.0,64.82,26.43,3.15,10,0
172.76,125.97,16.6,8.78,2.37,75.27,41.99,25.26,60.87,7.31,1.96,8,2
182.69,98.11,16.1,9.86,2.23,86.42,79.28,25.44,68.96,9.2,0.52,9,2
292.97,172.87,41.46,14.0,3.76,95.34,32.36,27.76,89.16,29.08,0.6,6,3
198.56,92.59,18.6,9.56,1.56,76.84,64.13,24.31,62.19,33.05,0.97,8,2
36.29,27.34,3.1,3.47,0.05,35.38,447.63,33.03,71.98,9.38,5.76,9,0
84.3,54.21,6.96,7.02,0.84,73.11,65.53,22.33,74.96,36.55,4.38,8,1
136.09,84.8,15.8,8.03,1.13,87.11,66.29,32.53,83.91,6.83,2.33,8,2
179.7,93.14,12.58,10.15,1.59,86.49,46.72,25.67,86.2,36.58,1.19,6,2
158.75,112.27,12.48,9.67,2.19,83.61,35.92,24.15,79.07,22.06,1.84,7,2
53.69,69.63,5.77,7.01,0.85,70.89,145.19,29.78,69.16,37.37,4.08,5,1
3.02,9.88,0.8,4.49,-0.32,59.03,234.76,31.42,83.05,22.44,6.1,2,0
33.69,36.62,1.62,4.6,-0.1,32.67,458.6,18.48,80.99,32.89,3.54,8,0
8.54,8.44,3.82,3.83,-0.01,55.39,198.86,33.46,75.2,8.3,18.37,1,0
185.05,137.47,19.07,10.8,2.29,85.4,30.22,21.62,81.13,22.63,1.04,9,2
98.64,55.0,8.01,5.62,0.96,74.2,131.78,29.31,68.21,31.61,4.77,12,1
164.46,109.08,18.68,10.81,2.48,80.95,79.46,22.31,63.12,14.51,0.81,8,2
48.47,34.62,4.09,2.03,-0.36,46.75,471.75,27.72,69.8,31.93,12.46,6,0
128.33,93.53,17.62,8.16,1.73,83.99,56.13,23.48,82.28,10.21,0.55,8,2
169.88,87.88,14.48,8.61,2.36,86.41,60.58,21.13,86.48,21.6,1.1,6,2
69.09,76.01,5.62,5.43,0.75,72.75,59.55,30.62,80.35,22.04,4.07,7,1
119.96,44.19,8.49,6.16,0.91,67.14,61.1,31.1,60.1,35.06,3.72,2,1
39.92,7.13,0.39,4.35,0.28,23.52,425.57,20.02,69.91,30.68,17.61,2,0
189.1,87.4,18.77,8.97,1.89,83.08,59.78,25.49,91.09,33.33,1.98,8,2
224.05,220.57,22.86,11.82,3.64,92.71,32.13,28.09,91.93,20.83,0.96,6,3
89.43,67.82,5.98,6.81,0.68,63.05,144.29,29.81,90.82,26.85,3.6,9,1
41.47,27.82,2.88,1.76,-0.02,21.25,147.54,25.54,64.22,9.2,8.3,1,0
96.76,49.47,8.11,6.9,0.75,71.88,78.71,25.48,83.46,20.95,4.2,6,1
48.46,39.37,0.94,4.46,-0.19,35.25,205.08,22.56,61.88,37.35,3.76,9,0
122.25,102.52,17.01,8.44,2.23,78.53,59.14,28.13,63.76,5.59,1.31,9,2
2.89,15.64,1.17,1.88,0.27,44.65,322.75,25.29,78.93,29.38,10.07,10,0
161.21,123.76,12.29,9.1,1.72,77.8,27.21,33.97,62.76,17.22,2.24,9,2
14.97,38.39,3.17,3.22,0.06,36.7,403.23,32.05,69.36,14.71,9.68,9,0
121.21,137.25,18.22,10.3,1.12,78.49,77.74,24.76,89.4,8.06,1.5,7,2
87.04,75.05,8.24,5.84,0.46,73.11,67.1,21.18,87.07,21.6,2.99,5,1
275.97,175.61,44.74,11.4,4.02,97.17,22.91,24.38,63.9,19.57,0.1,8,3
184.65,113.13,12.01,9.91,2.12,78.73,47.88,23.07,67.81,12.38,2.43,7,2
261.02,223.96,34.66,11.78,4.46,96.67,9.5,29.7,81.14,37.75,0.14,6,3
235.64,182.04,33.87,11.23,2.51,93.72,27.46,26.32,74.54,5.84,0.68,7,3
113.67,68.3,5.32,7.52,0.99,67.09,146.96,25.81,71.6,28.01,3.42,8,1
62.98,63.99,11.03,7.61,0.81,71.19,105.79,20.27,75.54,20.78,3.55,1,1
196.08,118.76,17.42,8.31,1.71,88.3,34.45,29.49,67.8,14.9,2.08,7,2
44.01,39.22,1.96,4.55,-0.09,48.68,118.15,19.19,69.4,24.84,12.47,11,0
16.88,18.4,3.44,3.58,0.26,24.02,234.54,29.4,77.34,36.95,11.19,9,0
137.38,88.27,17.3,8.01,1.27,75.44,30.01,24.59,74.08,35.6,0.86,7,2
30.81,38.43,4.51,3.79,-0.42,30.97,228.02,31.64,73.48,19.63,15.97,5,0
31.9,11.53,1.18,3.92,-0.47,23.79,102.72,19.17,94.85,15.11,5.6,1,0
30.79,34.82,2.29,3.9,0.16,25.44,382.33,27.8,66.51,9.44,18.64,9,0
48.13,38.29,0.89,1.58,-0.16,21.99,361.96,18.99,76.98,38.52,4.32,2,0
169.35,80.17,12.08,10.43,1.39,84.54,47.25,33.59,94.89,10.38,2.23,9,2
428.18,146.02,22.0,11.74,3.01,86.23,18.6,27.83,79.02,16.85,0.92,8,3
433.82,180.15,33.3,13.86,4.3,95.27,19.26,31.48,69.56,26.93,0.89,8,3
25.06,15.35,4.86,1.64,-0.22,36.78,256.28,21.66,67.74,30.52,14.32,9,0
0.24,15.86,2.43,3.97,-0.45,56.96,205.58,18.82,82.86,29.81,9.23,12,0
28.57,6.0,3.92,2.33,-0.03,48.63,455.62,28.34,73.59,22.61,17.21,8,0
100.96,44.32,9.8,5.28,0.98,67.33,65.07,25.03,86.54,31.02,2.7,3,1
102.57,47.83,7.58,5.05,0.89,71.7,56.33,34.24,73.72,23.42,2.78,5,1
41.66,21.92,4.28,3.06,0.23,30.19,346.67,33.62,74.65,34.92,11.55,3,0
294.25,206.35,21.99,13.05,4.37,92.48,9.41,31.03,74.22,35.79,0.91,8,3
164.0,104.8,12.58,10.14,2.05,84.21,50.62,28.09,68.17,37.94,1.37,7,2
65.75,41.65,9.73,5.64,0.99,68.01,78.9,22.68,88.71,15.79,3.8,2,1
8.3,29.84,1.89,2.89,0.0,56.31,267.64,22.56,84.43,5.06,16.32,1,0
45.11,25.21,1.31,2.12,-0.01,36.28,276.53,20.36,73.77,29.49,4.03,2,0
1.41,34.21,1.79,3.52,0.07,37.19,222.58,34.4,70.13,21.79,19.36,1,0
13.14,9.62,0.97,4.36,-0.36,42.47,130.93,28.26,91.61,18.93,19.14,8,0
110.32,63.61,6.58,6.15,0.62,68.69,125.94,33.12,60.43,17.95,1.85,6,1
146.74,132.87,16.92,10.47,1.82,78.28,52.54,29.86,76.65,34.26,1.24,8,2
72.68,64.35,11.13,7.65,0.38,66.43,96.47,29.53,74.25,5.91,4.92,4,1
18.9,4.12,3.6,3.02,0.07,29.96,229.78,18.44,71.94,33.12,8.68,3,0
6.26,18.97,0.57,2.94,0.24,40.83,346.6,18.74,63.88,25.95,5.66,9,0
65.73,69.07,9.96,5.46,0.94,60.97,55.5,33.46,78.2,32.58,2.16,6,1
159.21,125.06,16.12,8.26,2.1,87.5,74.21,30.81,86.32,10.45,1.64,6,2
198.44,99.46,13.89,8.99,2.43,80.0,53.91,24.74,66.77,23.8,1.31,8,2
181.01,135.76,12.24,10.62,1.79,84.49,58.67,23.67,85.66,23.5,2.14,8,2
65.7,50.39,9.28,5.12,0.98,73.78,88.08,25.92,90.88,29.1,3.3,2,1
43.34,17.45,0.22,1.98,0.11,22.77,158.95,33.17,82.18,12.78,14.8,10,0
104.39,74.49,7.2,6.61,0.89,74.84,138.95,21.32,77.13,30.96,2.8,12,1
78.78,56.1,11.19,7.69,0.94,64.71,119.11,21.24,66.46,16.97,2.45,9,1
130.57,84.36,13.5,10.24,1.89,83.11,34.97,34.42,68.42,36.56,1.16,7,2
417.14,202.11,32.92,11.85,3.53,96.03,28.98,21.42,69.28,10.94,0.51,6,3
11.84,31.22,1.37,4.29,-0.16,46.7,138.21,25.68,80.53,10.88,13.61,3,0
15.5,29.92,2.78,4.53,-0.25,47.68,401.18,24.81,76.9,17.45,5.58,2,0
135.03,123.19,18.94,9.36,2.23,83.32,58.23,25.87,68.21,15.61,1.55,6,2
47.17,16.06,2.64,1.49,-0.07,44.45,499.08,34.43,72.19,39.69,19.58,12,0
44.1,17.78,2.94,1.56,-0.5,29.81,381.83,33.45,67.53,12.16,4.69,4,0
146.69,131.91,19.32,10.58,1.05,86.81,44.68,28.85,89.18,22.48,2.25,7,2
47.08,12.8,1.67,4.36,0.02,48.41,354.4,21.52,94.62,34.08,19.09,10,0
191.92,107.48,15.52,8.53,2.45,78.2,31.46,22.13,92.86,5.38,1.82,6,2
24.02,5.93,2.17,4.0,-0.13,26.54,200.77,19.18,80.45,26.26,9.25,11,0
129.09,126.01,15.1,9.41,1.25,75.28,59.97,28.58,68.93,13.37,1.68,8,2
342.59,239.76,41.48,12.0,3.57,90.61,29.82,31.34,60.41,29.07,0.92,7,3
56.7,54.18,6.76,7.75,0.9,68.7,102.03,33.85,93.93,9.39,4.76,9,1
2.08,16.56,3.8,4.5,-0.42,40.99,205.36,33.87,72.32,17.79,9.37,3,0
232.39,152.28,31.48,12.98,3.21,87.5,33.66,21.3,72.78,12.51,0.61,7,3
48.29,8.23,3.71,3.19,0.21,42.16,313.82,20.83,92.08,16.47,6.32,9,0
36.92,36.17,1.18,1.7,0.06,59.08,399.98,25.14,73.45,34.82,7.84,7,0
92.61,56.47,8.32,6.24,0.89,63.45,50.57,21.44,91.15,35.07,3.78,12,1
180.92,124.33,18.0,8.43,1.15,87.92,70.23,28.3,72.84,12.84,1.86,8,2
31.12,39.25,0.95,4.17,0.23,57.75,484.05,34.61,86.51,10.66,11.86,8,0
64.33,53.39,7.31,5.06,0.39,70.43,62.03,23.96,86.52,25.38,2.31,8,1
200.19,249.14,35.44,12.83,2.51,85.3,23.37,18.79,94.08,13.15,0.66,6,3
26.61,5.03,0.66,1.57,0.25,49.32,164.95,30.42,65.47,13.21,6.2,6,0
108.04,57.75,9.0,6.58,0.33,69.23,132.8,28.1,80.78,10.75,2.05,7,1
122.11,106.99,18.63,10.21,1.62,86.03,53.07,27.98,74.03,35.2,2.33,6,2
22.66,6.25,4.79,4.11,0.09,47.61,269.33,19.24,88.11,12.53,18.7,12,0
120.08,138.56,14.87,9.02,1.22,87.87,72.25,18.95,92.14,9.3,0.54,8,2
44.53,14.99,0.95,1.06,-0.44,26.87,110.16,18.76,84.23,33.66,8.71,7,0
16.98,37.71,2.51,4.87,-0.43,39.1,124.96,19.34,66.14,14.06,13.71,12,0
103.24,69.03,9.84,7.46,0.75,66.04,97.19,32.9,69.53,16.97,4.01,6,1
24.7,6.11,0.85,1.02,-0.24,23.59,257.58,24.25,84.68,30.95,13.16,5,0
126.62,115.47,15.86,10.93,2.27,81.82,66.51,27.56,62.61,17.18,0.89,6,2
288.49,219.7,27.52,11.0,3.26,94.59,10.25,21.61,62.61,26.61,0.81,9,3
14.1,25.31,1.09,3.59,0.24,20.2,414.31,18.79,87.66,12.86,13.9,4,0
9.41,7.37,0.29,3.35,0.17,20.7,119.6,31.93,71.44,17.24,12.74,11,0
32.47,9.71,2.3,2.91,-0.36,55.05,310.33,22.46,66.03,5.63,17.74,11,0
52.3,58.74,11.2,6.08,0.95,69.46,143.42,19.76,68.09,18.8,4.15,2,1
75.04,70.5,5.95,7.63,0.97,60.02,134.27,25.84,68.35,20.66,3.27,11,1
181.56,129.35,19.78,9.16,1.46,75.46,29.0,20.68,85.77,6.3,1.62,6,2
183.01,124.02,15.61,8.48,1.46,78.11,41.69,34.3,93.58,31.94,1.48,9,2
160.91,117.14,14.42,10.9,1.42,83.83,79.61,27.12,94.66,29.55,2.26,6,2
44.02,9.59,4.85,3.39,-0.31,39.89,187.64,32.4,60.92,38.17,19.73,11,0
37.16,18.25,0.14,4.68,-0.16,28.14,322.27,21.5,79.1,18.69,6.72,2,0
117.48,43.82,5.16,5.17,0.34,73.62,122.13,26.88,87.37,10.45,3.87,6,1
35.12,29.53,3.29,4.99,0.19,36.68,230.79,31.9,76.64,30.82,13.15,9,0
67.89,69.15,11.97,7.39,0.54,73.51,55.12,18.4,66.11,39.57,4.04,2,1
37.3,5.36,1.57,1.47,-0.14,42.08,184.46,30.23,60.7,39.07,3.45,10,0
49.1,36.48,1.82,4.1,0.1,56.05,222.9,32.7,87.25,18.77,10.91,9,0
6.46,3.98,3.02,3.09,-0.3,38.84,296.89,29.09,87.33,32.7,6.32,10,0
1.68,5.64,3.04,1.72,-0.32,21.01,389.17,31.55,64.46,36.62,16.78,10,0
8.54,34.81,2.1,3.62,-0.1,49.09,291.7,24.18,90.07,21.38,7.89,8,0
274.38,149.25,20.13,12.23,3.76,89.32,34.29,23.95,85.7,37.92,1.1,6,3
47.08,28.45,1.48,3.32,0.26,52.47,396.73,21.03,88.86,14.66,15.53,12,0
24.43,32.91,1.39,3.09,-0.22,24.19,483.32,19.33,85.19,17.17,17.53,7,0
19.51,26.18,1.27,2.73,-0.45,43.52,402.52,25.14,63.09,12.07,10.03,1,0
68.91,55.7,7.81,5.54,0.3,72.8,121.5,27.29,84.53,37.75,3.92,8,1
52.78,73.58,8.14,6.91,0.45,70.16,127.22,28.5,75.97,36.29,3.16,10,1
125.53,99.87,14.26,9.67,2.1,82.99,75.86,24.14,87.22,30.86,2.4,9,2
97.61,64.86,9.92,7.36,0.66,72.2,99.73,30.8,65.99,34.04,4.85,4,1
78.44,41.79,11.7,7.86,0.5,70.97,107.86,22.46,77.19,19.67,2.33,8,1
32.06,2.58,3.67,3.16,-0.34,41.58,173.2,31.59,76.17,10.2,10.46,7,0
44.42,1.02,2.03,1.13,-0.2,26.91,200.89,25.41,69.58,25.63,17.92,10,0
14.07,34.94,4.32,3.14,-0.48,29.13,355.61,29.91,60.42,28.89,4.72,9,0
76.6,41.79,7.35,6.17,0.99,63.12,104.48,31.46,94.77,38.89,4.96,7,1
15.23,26.72,4.77,2.32,-0.17,50.85,272.94,26.55,72.17,39.01,18.74,6,0
83.56,77.38,6.68,5.82,0.94,61.15,110.96,26.59,84.3,11.05,3.89,9,1
120.77,93.21,17.32,10.69,2.03,81.2,41.69,30.6,81.25,15.2,1.98,9,2
2.96,30.66,4.41,4.28,-0.13,41.36,196.91,31.99,87.94,32.21,5.94,9,0
13.34,10.39,2.43,2.84,-0.15,39.84,494.81,28.46,68.38,21.33,8.07,4,0
42.5,3.74,0.21,3.02,-0.45,35.7,458.71,30.0,70.58,6.57,7.11,4,0
226.73,201.96,28.25,12.29,3.72,96.82,21.01,28.08,65.62,11.65,1.48,8,3
142.89,95.54,19.36,10.42,1.21,86.54,74.78,32.03,79.16,28.42,0.66,7,2
163.67,97.77,15.91,8.66,1.28,87.9,76.69,31.0,75.87,18.61,0.66,8,2
87.71,50.31,7.56,6.3,0.39,66.83,131.05,25.0,78.16,6.18,4.4,1,1
225.44,145.41,20.13,11.98,3.82,94.5,20.86,24.12,83.37,6.42,1.06,7,3
370.31,211.02,37.79,13.75,3.0,92.97,19.01,20.13,71.37,24.77,0.12,9,3
122.46,115.15,16.76,10.79,1.43,79.18,46.43,30.52,82.46,31.56,1.21,8,2
68.32,42.68,5.2,5.73,0.92,66.24,122.03,24.94,66.69,23.1,4.71,8,1
82.16,53.99,9.39,7.35,0.75,71.22,140.6,29.46,67.51,27.32,4.52,12,1
94.33,43.98,9.23,5.36,0.36,67.91,90.28,19.52,75.08,11.12,3.56,2,1
173.42,119.95,17.6,10.02,1.58,85.24,73.84,34.06,60.48,17.22,1.17,6,2
92.6,55.53,7.95,7.5,0.63,74.82,93.96,18.86,82.87,34.8,3.77,10,1
91.27,64.15,7.04,7.76,0.94,65.88,93.43,29.27,73.38,19.5,3.96,4,1
40.61,9.03,2.63,1.51,-0.12,42.33,278.37,26.24,76.41,14.16,4.18,12,0
153.22,97.01,14.27,9.45,2.08,80.38,56.6,23.18,60.87,5.14,1.26,6,2
209.78,244.08,44.94,13.83,3.84,94.12,9.28,19.01,71.12,39.69,1.32,7,3
40.08,21.18,2.41,3.72,0.19,45.15,405.14,24.06,69.59,33.04,16.01,9,0
116.82,46.23,6.32,7.42,0.48,71.99,77.15,26.79,66.88,31.52,1.62,5,1
24.25,24.3,0.8,4.11,-0.26,28.44,323.32,33.64,90.8,21.92,9.98,3,0
171.0,118.72,18.61,8.32,1.76,85.46,55.21,19.23,84.17,23.69,2.17,7,2
116.55,54.66,11.86,6.63,0.47,62.87,64.17,18.37,75.58,39.59,3.09,6,1
3.36,26.85,2.32,4.32,-0.42,25.79,222.58,23.2,74.29,15.56,16.02,9,0
84.94,44.41,7.73,5.72,0.31,65.4,58.98,19.57,63.53,11.97,2.4,8,1
72.25,54.41,7.34,5.97,0.79,68.82,70.2,25.27,79.81,29.59,4.89,5,1
181.83,93.8,13.05,10.6,2.44,75.47,63.88,32.58,93.76,31.6,2.32,7,2
164.8,117.88,13.94,9.3,1.38,88.27,26.75,22.42,76.65,15.48,1.86,7,2
180.6,128.59,19.09,8.79,1.34,81.98,35.91,28.81,90.62,7.9,1.97,9,2
71.43,45.94,7.96,7.89,0.59,65.21,94.45,20.26,89.74,39.23,1.54,9,1
420.06,170.79,22.65,11.34,3.08,92.98,33.15,28.6,60.2,11.52,1.36,6,3
47.65,28.11,0.21,4.63,-0.11,38.41,326.59,25.98,89.09,5.54,5.54,1,0
158.87,125.6,13.69,10.86,2.18,77.96,53.51,24.14,83.09,16.55,0.73,8,2
182.1,81.54,15.98,9.59,1.06,79.68,77.34,21.17,77.97,6.18,1.35,7,2
50.02,60.26,11.47,5.6,0.75,69.67,66.04,25.85,66.59,25.47,2.33,12,1
44.15,28.32,4.34,2.53,-0.25,35.22,107.42,23.95,70.97,25.93,15.32,2,0
437.78,231.43,24.79,12.0,3.48,96.77,23.23,34.73,80.95,35.71,1.47,9,3
307.86,235.68,42.41,13.51,2.59,97.32,9.51,25.04,66.81,11.45,0.15,6,3
99.27,40.17,6.17,7.14,0.77,74.49,126.1,29.94,70.43,8.69,4.83,3,1
134.55,105.82,13.32,10.12,1.8,84.53,31.79,18.71,71.27,24.59,0.92,9,2
45.75,34.71,1.85,1.28,0.22,55.53,441.9,26.16,66.21,21.71,17.37,4,0
161.56,108.01,18.89,10.86,1.64,77.59,68.94,33.9,93.25,9.02,1.31,9,2
54.42,52.98,9.71,6.01,0.43,64.22,95.76,31.31,86.26,20.99,3.16,12,1
4.78,26.35,3.24,1.13,-0.5,23.15,405.2,18.65,77.08,29.92,12.94,12,0
48.72,27.73,2.81,2.47,-0.46,34.77,299.57,20.94,77.79,25.51,6.59,6,0
23.13,24.17,1.7,2.19,-0.47,21.3,211.48,27.46,77.29,19.35,12.02,9,0
8.54,34.67,1.97,4.7,0.18,35.07,329.57,22.47,84.86,28.73,3.46,7,0
373.34,215.55,32.87,13.6,4.49,95.13,26.44,30.35,84.8,32.14,0.21,6,3
97.85,40.11,11.52,5.33,0.58,71.57,93.52,25.95,90.62,33.38,4.81,7,1
20.0,28.51,0.21,1.52,-0.42,43.41,197.15,28.08,86.65,16.63,5.83,11,0
426.49,202.35,28.86,12.14,3.32,94.46,20.81,34.05,71.76,24.62,1.3,6,3
153.96,122.63,18.94,10.93,2.43,79.88,45.3,22.21,90.88,17.63,0.72,8,2
274.87,248.93,35.82,11.73,3.37,94.63,20.63,20.87,87.7,27.69,0.2,7,3
10.09,30.08,3.55,2.16,-0.45,54.32,225.48,26.77,91.86,6.52,6.33,4,0
38.61,17.39,1.65,1.71,0.11,51.45,326.63,23.41,67.69,28.71,19.27,7,0
408.05,208.57,36.64,11.64,3.81,90.52,10.35,26.67,94.21,14.86,1.23,7,3
27.92,9.02,0.8,3.61,-0.24,43.61,273.3,20.54,76.26,28.82,19.73,2,0
18.02,32.53,3.06,4.12,0.08,39.87,116.49,18.83,81.13,33.01,12.93,10,0
192.7,124.38,12.86,9.31,1.2,89.82,39.98,31.25,92.22,31.44,1.67,8,2
32.49,33.88,1.56,3.31,0.08,35.94,126.53,33.01,88.86,8.03,6.9,4,0
369.15,179.97,43.45,11.83,3.16,94.11,31.79,21.48,87.93,30.85,1.4,6,3
10.26,7.58,0.63,2.24,0.21,51.0,394.1,22.58,91.06,9.81,16.55,2,0
399.55,207.71,23.21,12.87,2.61,96.51,21.86,18.89,78.7,15.54,1.08,6,3
49.13,34.61,2.9,1.45,-0.33,31.18,196.41,34.06,75.55,28.15,11.46,9,0
158.36,115.08,19.91,9.81,2.18,85.9,62.09,25.72,76.6,21.38,1.93,6,2
89.84,77.12,8.71,6.06,0.86,66.64,81.85,31.63,87.71,39.22,4.03,2,1
5.05,34.76,3.41,1.45,0.17,29.69,291.3,30.07,83.34,12.39,5.47,2,0
63.42,48.47,8.39,7.26,0.73,64.46,93.03,19.27,87.39,14.29,2.1,7,1
419.75,223.02,43.34,11.66,4.17,93.97,35.44,23.89,87.1,14.19,1.22,7,3
115.29,74.64,5.32,5.08,0.56,72.16,148.73,28.1,73.33,38.95,2.03,11,1
109.54,43.07,7.49,7.7,0.38,64.66,127.84,32.15,63.91,37.22,3.4,1,1
31.42,19.27,1.81,4.8,0.01,25.2,324.04,30.04,66.02,39.03,16.27,8,0
16.88,15.26,4.86,1.02,0.29,59.22,498.46,34.38,73.85,5.92,11.1,2,0
54.65,75.04,11.57,6.85,0.92,61.97,129.74,24.94,71.33,25.5,1.92,8,1
25.17,31.86,3.7,3.58,-0.38,41.88,134.98,25.03,61.39,14.59,9.42,7,0
27.82,34.26,4.18,4.71,-0.21,32.72,399.77,19.49,69.9,19.65,10.33,8,0
201.55,229.18,43.71,11.27,2.82,97.49,23.81,22.38,75.75,29.25,0.12,8,3
11.67,4.18,1.33,3.14,0.17,31.15,348.46,22.91,77.86,10.88,11.15,9,0
62.49,44.33,10.89,6.84,0.53,62.88,105.55,21.52,89.8,7.95,3.54,7,1
36.03,20.01,4.47,4.68,-0.46,52.83,115.08,27.22,65.18,31.12,9.24,4,0
142.13,107.96,15.67,10.99,2.42,83.98,28.28,24.18,90.56,10.97,1.02,6,2
79.24,70.41,6.22,6.02,0.46,65.39,73.04,31.57,87.53,17.76,3.53,5,1
16.56,20.02,0.07,4.62,-0.46,32.9,327.67,29.13,78.46,13.02,11.8,4,0
41.44,36.95,3.18,1.42,0.22,51.7,400.35,31.58,64.83,12.78,3.62,5,0
208.68,175.19,34.92,12.81,3.46,95.6,7.2,26.41,64.68,36.0,1.24,8,3
40.38,38.66,3.18,4.13,-0.07,44.99,495.23,19.13,93.5,32.76,10.45,5,0
174.9,107.07,15.35,8.22,1.01,82.93,45.05,27.23,92.78,11.86,2.09,9,2
65.87,64.08,9.88,5.27,0.65,63.95,122.44,33.17,75.08,11.93,2.16,2,1
66.59,68.04,7.43,6.37,0.69,70.29,73.87,30.27,68.19,39.12,4.43,3,1
37.21,8.22,3.94,3.41,-0.41,36.58,445.41,25.92,76.83,37.15,18.69,11,0
393.46,183.36,29.6,11.31,4.13,94.99,27.06,22.46,76.06,14.31,0.24,7,3
234.38,177.52,22.84,13.77,4.25,88.35,28.1,27.44,78.54,13.46,1.24,6,3
34.6,1.16,3.09,1.56,0.26,57.32,190.2,18.48,92.61,23.3,13.45,4,0
197.75,101.54,15.24,10.72,1.24,75.43,74.53,34.53,62.04,10.47,2.14,6,2
19.2,17.78,0.71,1.41,-0.07,23.41,221.18,34.4,85.13,39.74,15.66,2,0
48.48,29.39,3.5,4.41,-0.41,48.24,301.48,26.64,81.71,21.72,17.1,10,0
175.07,102.47,13.33,9.29,1.21,88.35,40.75,18.43,82.6,27.29,0.81,7,2
33.52,25.7,4.66,4.37,0.02,33.66,411.83,34.75,68.66,7.79,12.78,1,0
34.5,27.6,4.65,2.99,-0.32,21.78,266.26,30.94,72.4,38.22,8.13,5,0
284.44,217.33,25.57,11.78,3.52,89.16,10.87,18.61,84.65,22.22,0.47,6,3
406.97,158.0,41.78,11.82,2.66,93.54,27.88,23.42,94.75,28.74,0.23,8,3
245.15,144.23,26.88,13.5,3.09,85.74,6.84,33.84,70.01,19.95,0.7,6,3
15.75,31.66,4.58,2.44,-0.25,27.81,371.4,34.79,71.4,18.79,8.49,12,0
4.75,2.77,2.52,3.57,-0.24,47.61,124.41,31.88,94.49,37.78,17.57,11,0
33.6,18.38,4.96,1.91,-0.25,59.37,432.7,27.43,89.51,21.83,10.99,6,0
258.82,219.45,30.87,12.96,2.91,91.12,39.3,28.82,80.15,24.78,0.37,8,3
10.9,0.61,2.91,1.42,0.2,40.93,379.88,27.53,92.99,7.9,9.98,11,0
117.32,51.38,10.33,6.72,0.79,66.27,77.92,24.37,67.8,34.37,3.41,4,1
114.83,72.6,7.26,7.95,0.8,60.94,53.52,30.37,66.43,22.9,2.09,6,1
10.6,21.28,0.88,3.54,-0.27,51.66,423.24,21.07,82.64,39.75,10.88,2,0
32.33,11.33,2.96,2.43,0.11,22.42,467.18,20.7,89.42,35.42,5.92,10,0
45.08,17.17,4.07,2.56,0.18,45.47,156.42,21.25,74.42,10.96,14.04,11,0
405.21,170.96,21.75,11.17,2.74,92.55,37.51,32.33,75.61,29.8,0.8,8,3
329.11,190.61,30.86,13.08,3.4,86.67,35.81,19.26,78.53,27.66,0.7,6,3
8.84,34.6,2.81,4.8,-0.44,31.81,177.42,24.51,65.5,27.5,12.42,6,0
54.61,65.8,11.89,7.64,0.71,73.41,61.63,25.29,71.78,5.01,3.09,4,1
432.28,177.61,33.19,11.63,4.49,97.75,27.73,30.16,80.76,6.87,1.23,7,3
43.85,7.24,3.99,2.83,-0.24,26.33,167.05,27.36,64.27,8.94,14.25,3,0
40.17,37.17,2.03,4.62,-0.24,39.06,190.41,34.64,81.12,17.52,13.89,9,0
88.18,42.49,8.59,7.42,0.62,60.78,128.63,22.4,65.76,16.56,2.2,4,1
48.99,14.74,3.48,3.85,0.23,55.4,212.69,24.69,78.39,24.41,13.94,2,0
17.49,28.33,1.84,3.22,-0.42,52.2,247.96,30.33,67.34,35.96,14.03,2,0
57.93,46.88,8.83,5.49,0.34,64.76,72.03,19.74,86.31,36.72,3.3,12,1
63.07,57.02,8.85,7.04,0.73,65.91,76.53,29.8,82.59,29.06,2.09,8,1
337.34,206.6,37.8,11.96,3.9,91.85,28.54,21.13,81.47,6.82,1.27,6,3
66.18,56.12,7.61,7.96,0.9,65.82,141.39,29.35,93.83,18.66,2.7,3,1
6.75,23.87,1.4,3.46,-0.43,24.62,314.46,22.62,88.95,11.55,11.7,10,0
54.06,61.79,5.58,7.48,0.74,68.35,63.35,26.38,82.16,11.41,2.51,12,1
195.02,134.74,19.57,8.73,1.2,79.53,73.71,32.61,63.85,38.16,2.44,7,2
91.48,41.44,8.38,7.58,0.64,68.28,70.19,24.1,93.48,39.78,4.28,10,1
37.64,14.63,3.63,2.82,-0.06,41.73,490.34,21.53,91.91,11.12,9.24,9,0
4.95,30.32,2.98,2.1,-0.3,59.02,445.0,20.18,86.43,12.51,16.77,8,0
19.92,19.78,3.15,3.02,-0.07,20.96,201.45,34.78,70.34,36.38,8.28,9,0
308.08,213.19,33.28,11.16,4.41,95.3,10.22,30.53,76.53,26.4,1.47,6,3
181.52,96.9,12.11,8.35,2.32,87.55,37.71,31.48,92.82,32.27,1.07,8,2
100.34,62.51,11.82,7.07,0.93,70.49,123.51,23.16,87.4,15.38,2.52,5,1
110.66,62.87,11.35,7.83,0.6,65.66,143.63,19.97,61.48,24.76,3.86,12,1
154.09,93.35,15.17,10.68,1.22,82.7,33.99,32.67,90.81,13.28,1.66,9,2
43.11,29.71,2.07,2.89,-0.17,57.2,237.41,33.47,82.07,25.29,19.38,8,0
295.9,186.68,37.87,12.81,3.1,90.34,12.62,20.22,73.01,5.9,1.45,6,3
20.09,29.7,4.24,2.84,-0.02,53.8,425.42,31.86,80.16,5.16,14.18,1,0
134.92,94.13,18.34,8.28,1.66,75.35,40.81,19.53,91.09,36.83,1.9,6,2
195.91,112.31,19.44,10.18,1.4,88.93,60.05,29.56,74.05,9.0,1.33,8,2
105.16,67.87,6.35,5.16,0.93,74.18,122.69,22.59,78.99,39.73,4.03,5,1
40.9,33.29,2.54,1.03,-0.27,44.68,492.47,22.42,82.19,23.9,13.74,3,0
59.9,57.48,5.77,5.66,0.72,74.65,94.92,27.17,77.44,7.26,3.91,3,1
49.3,4.03,2.12,2.23,0.22,54.77,195.08,28.66,71.77,28.52,4.38,1,0
24.53,17.54,3.8,2.68,0.25,56.1,448.86,32.52,87.36,8.62,4.21,5,0
23.75,15.54,1.71,1.09,-0.21,55.58,376.16,28.05,91.23,29.5,5.47,2,0
6.38,30.17,2.36,1.6,-0.29,57.91,246.85,23.18,79.01,5.72,18.43,1,0
64.92,77.56,5.05,7.32,0.74,65.6,55.05,24.56,92.77,23.97,3.7,3,1
25.41,27.83,4.29,2.3,-0.32,48.45,423.8,19.64,92.92,18.92,8.93,7,0
2.26,26.26,2.68,1.33,-0.47,59.59,112.01,26.58,64.1,10.92,10.56,3,0
52.2,69.06,10.85,6.25,0.84,62.62,82.23,34.77,77.94,37.7,4.91,1,1
39.7,37.64,3.12,3.97,0.14,53.8,258.02,24.83,83.58,20.76,3.87,7,0
20.14,0.1,2.56,1.77,0.19,24.17,100.57,20.64,85.83,37.2,10.67,6,0
117.7,56.71,11.89,7.0,0.74,62.49,138.19,20.76,60.44,24.59,3.0,1,1
42.56,6.62,3.66,3.1,0.28,42.11,110.01,20.47,87.95,34.98,13.27,8,0
42.21,37.2,0.35,1.84,0.04,34.35,201.67,23.48,89.7,9.78,8.02,6,0
184.24,122.97,13.63,8.74,2.49,76.55,30.84,23.57,67.36,22.42,0.76,7,2
378.16,181.67,36.05,12.71,3.55,93.38,23.82,33.43,94.76,29.83,1.02,9,3
31.32,28.76,0.71,1.56,0.07,37.27,455.68,18.72,82.75,28.95,8.3,9,0
87.9,40.74,5.43,7.66,0.91,65.36,139.11,31.7,74.96,8.97,3.58,8,1
17.88,0.04,4.02,4.56,0.28,48.77,319.52,34.99,80.64,28.84,7.58,6,0
102.63,45.6,7.44,6.17,0.66,73.94,137.43,20.94,72.52,15.18,1.97,8,1
166.55,122.55,18.88,10.96,1.37,77.71,47.72,31.46,90.93,29.01,0.57,6,2
309.25,173.35,26.77,11.07,3.54,97.85,33.53,28.56,76.85,39.67,1.36,7,3
16.84,13.95,0.99,4.71,-0.36,55.31,261.97,21.37,77.65,28.42,7.58,3,0
66.35,56.38,10.46,7.31,0.46,73.83,109.26,26.53,81.18,24.6,2.83,9,1
66.55,64.91,5.81,5.38,0.35,70.4,99.41,32.95,85.91,21.16,3.66,4,1
140.26,94.94,16.72,8.21,1.04,78.92,52.28,32.39,77.17,6.3,2.32,7,2
8.45,18.67,0.5,2.34,-0.2,38.62,286.65,32.45,72.44,13.04,7.37,3,0
332.98,154.94,22.48,11.63,4.35,90.38,18.84,20.5,77.07,9.55,0.54,8,3
65.19,44.91,8.63,6.64,0.53,69.46,56.87,27.29,62.16,35.83,2.01,11,1
105.38,58.72,8.97,7.37,0.69,65.37,58.58,32.81,93.95,37.43,4.05,11,1
5.41,16.84,3.64,1.43,-0.34,25.9,418.78,29.67,72.83,31.45,4.07,4,0
329.19,197.48,35.01,11.8,3.27,92.19,37.97,23.66,60.37,39.36,1.0,7,3
85.28,59.02,9.84,5.59,0.99,69.68,86.57,21.68,82.18,5.99,3.6,5,1
183.93,110.51,13.86,10.54,2.09,89.71,29.34,21.6,87.74,11.54,0.95,6,2
8.72,23.56,1.27,2.04,-0.11,46.11,148.52,22.2,94.08,18.9,5.98,8,0
105.78,53.64,10.64,6.02,0.34,68.31,108.79,30.34,92.12,36.79,4.77,8,1
259.96,234.86,35.55,13.45,3.8,90.51,12.98,27.1,94.66,30.83,0.2,7,3
111.11,74.54,7.6,5.63,0.84,66.5,69.2,21.37,60.9,5.71,4.67,10,1
10.52,11.61,3.93,1.64,-0.46,35.76,266.56,32.06,63.43,29.64,10.67,11,0
161.19,89.68,12.67,8.06,1.25,88.36,34.49,19.79,67.78,23.17,1.21,8,2
14.68,32.37,4.05,4.47,0.23,40.45,300.61,29.05,84.57,32.85,16.57,12,0
117.05,69.91,10.95,6.06,0.69,69.23,82.16,22.02,65.02,18.09,3.5,4,1
179.71,88.73,19.02,8.81,2.47,80.74,30.67,25.48,62.43,25.24,1.2,7,2
110.49,44.39,7.23,5.53,0.59,61.67,94.1,21.8,82.48,38.28,2.74,7,1
309.94,170.62,39.96,11.98,3.1,88.02,9.54,24.04,83.59,7.19,0.46,6,3
22.48,32.23,0.81,2.17,0.04,32.62,417.0,30.97,62.39,5.44,5.22,9,0
17.82,25.59,0.17,3.76,-0.08,31.54,425.86,34.85,88.57,29.78,7.93,5,0
129.19,80.23,16.02,9.75,1.87,75.82,38.84,21.68,90.54,8.05,1.5,7,2
313.97,222.37,36.68,13.97,3.93,87.13,38.44,19.01,83.01,35.91,1.03,7,3
92.91,58.73,10.67,7.3,0.65,72.82,125.11,34.26,69.33,14.37,4.23,10,1
90.34,59.37,10.92,6.93,0.86,71.8,69.1,21.39,80.42,28.71,3.78,5,1
27.66,20.82,4.97,1.81,-0.29,24.54,467.02,31.98,91.6,23.37,16.22,12,0
158.03,139.67,19.84,10.65,1.86,80.97,41.86,22.24,85.16,26.13,0.52,9,2
112.57,74.63,8.07,6.14,0.95,70.73,142.82,28.36,64.05,15.2,4.29,10,1
133.67,102.34,16.8,9.45,1.3,77.11,27.39,18.54,94.2,11.95,2.23,6,2
114.36,59.88,11.95,7.55,0.45,73.96,61.64,24.47,90.73,35.38,4.36,6,1
90.96,79.54,9.11,5.67,0.71,72.29,135.74,33.1,71.72,22.76,4.3,7,1
32.31,1.39,4.44,3.57,0.01,56.09,303.34,32.72,85.98,38.21,9.98,6,0
52.63,59.69,11.29,5.57,0.99,72.12,120.98,27.98,85.22,19.77,3.87,4,1
109.41,49.19,10.72,5.7,0.77,66.46,61.47,21.7,66.18,17.54,4.0,5,1
122.79,133.7,18.88,9.37,1.59,79.09,48.6,32.49,61.24,16.52,0.59,9,2
21.8,3.46,1.54,4.6,-0.04,49.71,329.55,28.11,86.44,9.84,6.3,3,0
69.03,55.97,9.19,6.96,0.41,74.66,104.48,33.19,62.61,36.77,1.97,4,1
81.61,57.4,5.78,5.42,0.87,73.29,73.47,18.91,81.29,30.04,1.9,1,1
169.3,82.69,16.98,8.93,1.55,86.55,68.66,34.1,74.23,32.01,1.3,7,2
26.32,4.49,0.01,3.55,-0.09,43.74,417.5,20.97,72.63,36.71,13.99,8,0
37.51,21.39,1.66,2.75,0.27,35.4,141.39,29.02,60.42,16.63,10.88,4,0
108.26,58.37,9.76,6.96,0.33,62.75,139.35,31.27,92.24,15.72,4.79,2,1
113.49,62.66,10.6,7.94,0.79,68.6,53.75,27.61,87.9,20.33,2.81,7,1
5.66,33.71,1.29,2.14,0.27,35.16,103.83,20.03,63.6,7.71,7.83,12,0
123.21,112.8,12.71,10.99,2.35,75.32,71.52,24.01,85.18,20.47,2.34,8,2
22.32,4.91,0.19,2.28,-0.28,36.28,484.79,27.4,92.96,37.24,11.88,10,0
37.94,22.44,1.5,2.6,0.05,56.24,152.29,22.31,88.05,7.46,12.71,8,0
93.68,57.56,8.41,7.88,0.81,61.66,71.21,30.35,92.03,15.64,4.91,10,1
187.51,120.38,14.44,8.11,2.4,83.79,37.89,32.1,89.28,33.51,0.8,8,2
